{"type":"list_page","items":[{"date":1638309000,"epoch_div":27305150,"totals":{"load_avg":2.798828125,"cpu_usage":100,"mem_used":8437788672,"mem_free":7112716288,"tcp_conns":78,"disk_usage_root":6.12,"disk_read_sec":208996,"disk_write_sec":8686,"disk_iops_sec":2,"io_wait":0,"open_files":0,"os_bytes_in_sec":0,"os_bytes_out_sec":0,"total_procs":432},"count":1},{"date":1638309060,"epoch_div":27305151,"totals":{"load_avg":4.5634765625,"cpu_usage":100,"mem_used":8445968384,"mem_free":6443970560,"tcp_conns":128,"disk_usage_root":6.12,"disk_read_sec":74612527,"disk_write_sec":73867055,"disk_iops_sec":1044,"io_wait":0,"open_files":0,"os_bytes_in_sec":0,"os_bytes_out_sec":0,"total_procs":431},"count":1},{"date":1638309120,"epoch_div":27305152,"totals":{"load_avg":3.736328125,"cpu_usage":100,"mem_used":8464973824,"mem_free":6483484672,"tcp_conns":131,"disk_usage_root":6.12,"disk_read_sec":11969740,"disk_write_sec":10413124,"disk_iops_sec":439,"io_wait":0,"open_files":0,"os_bytes_in_sec":77089,"os_bytes_out_sec":13622,"total_procs":449},"count":1},{"date":1638309180,"epoch_div":27305153,"totals":{"load_avg":2.90869140625,"cpu_usage":100,"mem_used":8448598016,"mem_free":6464696320,"tcp_conns":140,"disk_usage_root":6.12,"disk_read_sec":47108096,"disk_write_sec":49022429,"disk_iops_sec":668,"io_wait":0,"open_files":0,"os_bytes_in_sec":105401,"os_bytes_out_sec":36488,"total_procs":454},"count":1},{"date":1638309240,"epoch_div":27305154,"totals":{"load_avg":5.11181640625,"cpu_usage":100,"mem_used":8496517120,"mem_free":6523629568,"tcp_conns":157,"disk_usage_root":6.12,"disk_read_sec":25934916,"disk_write_sec":15569510,"disk_iops_sec":461,"io_wait":0,"open_files":0,"os_bytes_in_sec":9956,"os_bytes_out_sec":13984,"total_procs":450},"count":1},{"date":1638309300,"epoch_div":27305155,"totals":{"load_avg":3.0341796875,"cpu_usage":100,"mem_used":8038473728,"mem_free":6557818880,"tcp_conns":144,"disk_usage_root":6.12,"disk_read_sec":19028241,"disk_write_sec":24378436,"disk_iops_sec":279,"io_wait":0,"open_files":0,"os_bytes_in_sec":22456,"os_bytes_out_sec":5865,"total_procs":452},"count":1},{"date":1638309360,"epoch_div":27305156,"totals":{"load_avg":3.4130859375,"cpu_usage":100,"mem_used":8177553408,"mem_free":6401822720,"tcp_conns":154,"disk_usage_root":6.12,"disk_read_sec":11818638,"disk_write_sec":7715386,"disk_iops_sec":273,"io_wait":0,"open_files":0,"os_bytes_in_sec":8763,"os_bytes_out_sec":13197,"total_procs":453},"count":1},{"date":1638309420,"epoch_div":27305157,"totals":{"load_avg":3.08349609375,"cpu_usage":100,"mem_used":8306286592,"mem_free":6350733312,"tcp_conns":158,"disk_usage_root":6.12,"disk_read_sec":7712697,"disk_write_sec":3955535,"disk_iops_sec":140,"io_wait":0,"open_files":0,"os_bytes_in_sec":11185,"os_bytes_out_sec":18673,"total_procs":453},"count":1},{"date":1638309480,"epoch_div":27305158,"totals":{"load_avg":2.4912109375,"cpu_usage":100,"mem_used":7482073088,"mem_free":6446186496,"tcp_conns":147,"disk_usage_root":6.12,"disk_read_sec":6035422,"disk_write_sec":16813945,"disk_iops_sec":181,"io_wait":0,"open_files":0,"os_bytes_in_sec":8535,"os_bytes_out_sec":12020,"total_procs":456},"count":1},{"date":1638309540,"epoch_div":27305159,"totals":{"load_avg":3.6171875,"cpu_usage":100,"mem_used":8107880448,"mem_free":6836977664,"tcp_conns":140,"disk_usage_root":6.12,"disk_read_sec":77497344,"disk_write_sec":56764620,"disk_iops_sec":686,"io_wait":0,"open_files":0,"os_bytes_in_sec":126289,"os_bytes_out_sec":12470,"total_procs":443},"count":1}]}