{"type":"list_page","items":[{"date":1638397020,"epoch_div":27306617,"totals":{"load_avg":5.0546875,"cpu_usage":100,"mem_used":8545964032,"mem_free":6746619904,"tcp_conns":120,"disk_usage_root":6.12,"disk_read_sec":1741692,"disk_write_sec":319002,"disk_iops_sec":11,"io_wait":0,"open_files":0,"os_bytes_in_sec":196,"os_bytes_out_sec":435,"total_procs":411},"count":1},{"date":1638397080,"epoch_div":27306618,"totals":{"load_avg":6.2685546875,"cpu_usage":100,"mem_used":6114463744,"mem_free":7010885632,"tcp_conns":145,"disk_usage_root":6.12,"disk_read_sec":127699579,"disk_write_sec":149850253,"disk_iops_sec":1830,"io_wait":0,"open_files":0,"os_bytes_in_sec":112309,"os_bytes_out_sec":28063,"total_procs":402},"count":1},{"date":1638397140,"epoch_div":27306619,"totals":{"load_avg":4.1376953125,"cpu_usage":100,"mem_used":7442071552,"mem_free":6780088320,"tcp_conns":129,"disk_usage_root":6.12,"disk_read_sec":21049753,"disk_write_sec":1074926,"disk_iops_sec":170,"io_wait":0,"open_files":0,"os_bytes_in_sec":12374,"os_bytes_out_sec":4662,"total_procs":401},"count":1},{"date":1638397200,"epoch_div":27306620,"totals":{"load_avg":4.09423828125,"cpu_usage":100,"mem_used":7732142080,"mem_free":6789246976,"tcp_conns":122,"disk_usage_root":6.12,"disk_read_sec":51599086,"disk_write_sec":46628044,"disk_iops_sec":430,"io_wait":0,"open_files":0,"os_bytes_in_sec":1290,"os_bytes_out_sec":1978,"total_procs":397},"count":1},{"date":1638397260,"epoch_div":27306621,"totals":{"load_avg":2.87060546875,"cpu_usage":100,"mem_used":7986327552,"mem_free":6765539328,"tcp_conns":109,"disk_usage_root":6.12,"disk_read_sec":3256729,"disk_write_sec":104243,"disk_iops_sec":47,"io_wait":0,"open_files":0,"os_bytes_in_sec":1124,"os_bytes_out_sec":3433,"total_procs":395},"count":1},{"date":1638397320,"epoch_div":27306622,"totals":{"load_avg":2.26318359375,"cpu_usage":100,"mem_used":8157257728,"mem_free":6690009088,"tcp_conns":103,"disk_usage_root":6.12,"disk_read_sec":1531562,"disk_write_sec":121651,"disk_iops_sec":26,"io_wait":0,"open_files":0,"os_bytes_in_sec":998,"os_bytes_out_sec":2191,"total_procs":395},"count":1},{"date":1638397380,"epoch_div":27306623,"totals":{"load_avg":2.3466796875,"cpu_usage":100,"mem_used":6849122304,"mem_free":6557892608,"tcp_conns":101,"disk_usage_root":6.12,"disk_read_sec":10702431,"disk_write_sec":31579535,"disk_iops_sec":275,"io_wait":0,"open_files":0,"os_bytes_in_sec":727,"os_bytes_out_sec":1388,"total_procs":398},"count":1},{"date":1638397440,"epoch_div":27306624,"totals":{"load_avg":2.85693359375,"cpu_usage":100,"mem_used":7120609280,"mem_free":6549426176,"tcp_conns":100,"disk_usage_root":6.12,"disk_read_sec":4276087,"disk_write_sec":93115,"disk_iops_sec":43,"io_wait":0,"open_files":0,"os_bytes_in_sec":543,"os_bytes_out_sec":1712,"total_procs":396},"count":1},{"date":1638397500,"epoch_div":27306625,"totals":{"load_avg":3.03076171875,"cpu_usage":100,"mem_used":7199129600,"mem_free":6550425600,"tcp_conns":99,"disk_usage_root":6.12,"disk_read_sec":1070667,"disk_write_sec":85680,"disk_iops_sec":18,"io_wait":0,"open_files":0,"os_bytes_in_sec":326,"os_bytes_out_sec":544,"total_procs":396},"count":1},{"date":1638397560,"epoch_div":27306626,"totals":{"load_avg":2.63037109375,"cpu_usage":100,"mem_used":7416508416,"mem_free":6494515200,"tcp_conns":97,"disk_usage_root":6.12,"disk_read_sec":4354184,"disk_write_sec":861525,"disk_iops_sec":63,"io_wait":0,"open_files":0,"os_bytes_in_sec":1193,"os_bytes_out_sec":1542,"total_procs":397},"count":1},{"date":1638397620,"epoch_div":27306627,"totals":{"load_avg":2.4609375,"cpu_usage":100,"mem_used":7510908928,"mem_free":6481678336,"tcp_conns":97,"disk_usage_root":6.12,"disk_read_sec":1265390,"disk_write_sec":120354,"disk_iops_sec":24,"io_wait":0,"open_files":0,"os_bytes_in_sec":699,"os_bytes_out_sec":1370,"total_procs":396},"count":1},{"date":1638397680,"epoch_div":27306628,"totals":{"load_avg":2.32958984375,"cpu_usage":100,"mem_used":8488628224,"mem_free":6409654272,"tcp_conns":107,"disk_usage_root":6.12,"disk_read_sec":15375291,"disk_write_sec":237363,"disk_iops_sec":188,"io_wait":0,"open_files":0,"os_bytes_in_sec":10388,"os_bytes_out_sec":4917,"total_procs":404},"count":1},{"date":1638397740,"epoch_div":27306629,"totals":{"load_avg":1.9521484375,"cpu_usage":100,"mem_used":8567939072,"mem_free":6474305536,"tcp_conns":104,"disk_usage_root":6.12,"disk_read_sec":1410525,"disk_write_sec":471313,"disk_iops_sec":38,"io_wait":0,"open_files":0,"os_bytes_in_sec":2635,"os_bytes_out_sec":1192,"total_procs":403},"count":1},{"date":1638397800,"epoch_div":27306630,"totals":{"load_avg":1.7373046875,"cpu_usage":100,"mem_used":8570974208,"mem_free":6573760512,"tcp_conns":105,"disk_usage_root":6.12,"disk_read_sec":10756096,"disk_write_sec":9522714,"disk_iops_sec":108,"io_wait":0,"open_files":0,"os_bytes_in_sec":1173,"os_bytes_out_sec":1553,"total_procs":400},"count":1},{"date":1638397860,"epoch_div":27306631,"totals":{"load_avg":1.6787109375,"cpu_usage":100,"mem_used":8547639296,"mem_free":6772441088,"tcp_conns":104,"disk_usage_root":6.12,"disk_read_sec":5486155,"disk_write_sec":120596,"disk_iops_sec":53,"io_wait":0,"open_files":0,"os_bytes_in_sec":2038,"os_bytes_out_sec":1157,"total_procs":399},"count":1},{"date":1638397920,"epoch_div":27306632,"totals":{"load_avg":2.14599609375,"cpu_usage":100,"mem_used":7354822656,"mem_free":6800281600,"tcp_conns":109,"disk_usage_root":6.12,"disk_read_sec":20361079,"disk_write_sec":38854178,"disk_iops_sec":309,"io_wait":0,"open_files":0,"os_bytes_in_sec":21799,"os_bytes_out_sec":3402,"total_procs":402},"count":1},{"date":1638397980,"epoch_div":27306633,"totals":{"load_avg":2.7353515625,"cpu_usage":100,"mem_used":8468930560,"mem_free":6882480128,"tcp_conns":110,"disk_usage_root":6.12,"disk_read_sec":25178248,"disk_write_sec":4875468,"disk_iops_sec":257,"io_wait":0,"open_files":0,"os_bytes_in_sec":13173,"os_bytes_out_sec":3049,"total_procs":401},"count":1},{"date":1638398040,"epoch_div":27306634,"totals":{"load_avg":2.06494140625,"cpu_usage":100,"mem_used":6641201152,"mem_free":6672138240,"tcp_conns":108,"disk_usage_root":6.12,"disk_read_sec":8435165,"disk_write_sec":39038225,"disk_iops_sec":222,"io_wait":0,"open_files":0,"os_bytes_in_sec":3609,"os_bytes_out_sec":4295,"total_procs":399},"count":1},{"date":1638398100,"epoch_div":27306635,"totals":{"load_avg":2.32470703125,"cpu_usage":100,"mem_used":7574831104,"mem_free":6715170816,"tcp_conns":105,"disk_usage_root":6.12,"disk_read_sec":15475507,"disk_write_sec":205414,"disk_iops_sec":96,"io_wait":0,"open_files":0,"os_bytes_in_sec":3268,"os_bytes_out_sec":1961,"total_procs":399},"count":1},{"date":1638398160,"epoch_div":27306636,"totals":{"load_avg":2.103515625,"cpu_usage":100,"mem_used":7823355904,"mem_free":6550474752,"tcp_conns":106,"disk_usage_root":6.12,"disk_read_sec":1810500,"disk_write_sec":158378,"disk_iops_sec":33,"io_wait":0,"open_files":0,"os_bytes_in_sec":1308,"os_bytes_out_sec":1909,"total_procs":402},"count":1},{"date":1638398220,"epoch_div":27306637,"totals":{"load_avg":2.7255859375,"cpu_usage":100,"mem_used":8160452608,"mem_free":6342352896,"tcp_conns":107,"disk_usage_root":6.12,"disk_read_sec":23019246,"disk_write_sec":22421162,"disk_iops_sec":412,"io_wait":0,"open_files":0,"os_bytes_in_sec":23161,"os_bytes_out_sec":3375,"total_procs":418},"count":1},{"date":1638398280,"epoch_div":27306638,"totals":{"load_avg":2.0341796875,"cpu_usage":100,"mem_used":8264429568,"mem_free":6388613120,"tcp_conns":107,"disk_usage_root":6.12,"disk_read_sec":4174233,"disk_write_sec":219886,"disk_iops_sec":51,"io_wait":0,"open_files":0,"os_bytes_in_sec":17034,"os_bytes_out_sec":2139,"total_procs":419},"count":1},{"date":1638398340,"epoch_div":27306639,"totals":{"load_avg":2.9267578125,"cpu_usage":100,"mem_used":8508162048,"mem_free":6213582848,"tcp_conns":119,"disk_usage_root":6.12,"disk_read_sec":25595289,"disk_write_sec":26957209,"disk_iops_sec":344,"io_wait":0,"open_files":0,"os_bytes_in_sec":40644,"os_bytes_out_sec":9624,"total_procs":424},"count":1},{"date":1638398400,"epoch_div":27306640,"totals":{"load_avg":2.849609375,"cpu_usage":100,"mem_used":7313600512,"mem_free":6516559872,"tcp_conns":120,"disk_usage_root":6.12,"disk_read_sec":36704051,"disk_write_sec":48670037,"disk_iops_sec":451,"io_wait":0,"open_files":0,"os_bytes_in_sec":77771,"os_bytes_out_sec":14436,"total_procs":425},"count":1},{"date":1638398460,"epoch_div":27306641,"totals":{"load_avg":2.1337890625,"cpu_usage":100,"mem_used":7681683456,"mem_free":6307422208,"tcp_conns":112,"disk_usage_root":6.12,"disk_read_sec":4699119,"disk_write_sec":230920,"disk_iops_sec":56,"io_wait":0,"open_files":0,"os_bytes_in_sec":3413,"os_bytes_out_sec":4753,"total_procs":419},"count":1},{"date":1638398520,"epoch_div":27306642,"totals":{"load_avg":2.220703125,"cpu_usage":100,"mem_used":7825408000,"mem_free":6286008320,"tcp_conns":108,"disk_usage_root":6.12,"disk_read_sec":2124782,"disk_write_sec":103024,"disk_iops_sec":26,"io_wait":0,"open_files":0,"os_bytes_in_sec":673,"os_bytes_out_sec":1248,"total_procs":418},"count":1},{"date":1638398580,"epoch_div":27306643,"totals":{"load_avg":2.00634765625,"cpu_usage":100,"mem_used":8356319232,"mem_free":6104326144,"tcp_conns":107,"disk_usage_root":6.12,"disk_read_sec":13734775,"disk_write_sec":10287035,"disk_iops_sec":200,"io_wait":0,"open_files":0,"os_bytes_in_sec":72957,"os_bytes_out_sec":4018,"total_procs":429},"count":1},{"date":1638398640,"epoch_div":27306644,"totals":{"load_avg":2.95654296875,"cpu_usage":100,"mem_used":8501940224,"mem_free":6104039424,"tcp_conns":106,"disk_usage_root":6.12,"disk_read_sec":2459579,"disk_write_sec":172578,"disk_iops_sec":43,"io_wait":0,"open_files":0,"os_bytes_in_sec":756,"os_bytes_out_sec":1428,"total_procs":419},"count":1},{"date":1638398700,"epoch_div":27306645,"totals":{"load_avg":2.51318359375,"cpu_usage":100,"mem_used":8539209728,"mem_free":6116225024,"tcp_conns":101,"disk_usage_root":6.12,"disk_read_sec":594124,"disk_write_sec":138922,"disk_iops_sec":21,"io_wait":0,"open_files":0,"os_bytes_in_sec":598,"os_bytes_out_sec":1348,"total_procs":418},"count":1},{"date":1638398760,"epoch_div":27306646,"totals":{"load_avg":2.3271484375,"cpu_usage":100,"mem_used":8553754624,"mem_free":6051782656,"tcp_conns":103,"disk_usage_root":6.12,"disk_read_sec":6863257,"disk_write_sec":7636104,"disk_iops_sec":137,"io_wait":0,"open_files":0,"os_bytes_in_sec":8806,"os_bytes_out_sec":2452,"total_procs":419},"count":1},{"date":1638398820,"epoch_div":27306647,"totals":{"load_avg":2.1806640625,"cpu_usage":100,"mem_used":8389861376,"mem_free":6065332224,"tcp_conns":102,"disk_usage_root":6.12,"disk_read_sec":6385527,"disk_write_sec":10899729,"disk_iops_sec":100,"io_wait":0,"open_files":0,"os_bytes_in_sec":1296,"os_bytes_out_sec":1651,"total_procs":420},"count":1},{"date":1638398880,"epoch_div":27306648,"totals":{"load_avg":1.87548828125,"cpu_usage":100,"mem_used":8546820096,"mem_free":6089474048,"tcp_conns":100,"disk_usage_root":6.12,"disk_read_sec":4464708,"disk_write_sec":2194909,"disk_iops_sec":78,"io_wait":0,"open_files":0,"os_bytes_in_sec":1519,"os_bytes_out_sec":1791,"total_procs":419},"count":1},{"date":1638398940,"epoch_div":27306649,"totals":{"load_avg":1.4619140625,"cpu_usage":100,"mem_used":8567640064,"mem_free":6041088000,"tcp_conns":99,"disk_usage_root":6.12,"disk_read_sec":6498099,"disk_write_sec":3829828,"disk_iops_sec":136,"io_wait":0,"open_files":0,"os_bytes_in_sec":687,"os_bytes_out_sec":1462,"total_procs":420},"count":1},{"date":1638399000,"epoch_div":27306650,"totals":{"load_avg":1.89013671875,"cpu_usage":100,"mem_used":8558899200,"mem_free":6034448384,"tcp_conns":99,"disk_usage_root":6.12,"disk_read_sec":1588974,"disk_write_sec":148684,"disk_iops_sec":37,"io_wait":0,"open_files":0,"os_bytes_in_sec":921,"os_bytes_out_sec":1260,"total_procs":421},"count":1},{"date":1638399060,"epoch_div":27306651,"totals":{"load_avg":2.10107421875,"cpu_usage":100,"mem_used":8467566592,"mem_free":6148112384,"tcp_conns":99,"disk_usage_root":6.12,"disk_read_sec":5600324,"disk_write_sec":5321454,"disk_iops_sec":121,"io_wait":0,"open_files":0,"os_bytes_in_sec":505,"os_bytes_out_sec":857,"total_procs":424},"count":1},{"date":1638399120,"epoch_div":27306652,"totals":{"load_avg":2.359375,"cpu_usage":100,"mem_used":8559071232,"mem_free":5990957056,"tcp_conns":98,"disk_usage_root":6.12,"disk_read_sec":1379191,"disk_write_sec":136669,"disk_iops_sec":31,"io_wait":0,"open_files":0,"os_bytes_in_sec":1186,"os_bytes_out_sec":2230,"total_procs":425},"count":1},{"date":1638399180,"epoch_div":27306653,"totals":{"load_avg":1.8525390625,"cpu_usage":100,"mem_used":8501248000,"mem_free":6116020224,"tcp_conns":99,"disk_usage_root":6.12,"disk_read_sec":3553280,"disk_write_sec":2965504,"disk_iops_sec":125,"io_wait":0,"open_files":0,"os_bytes_in_sec":6246,"os_bytes_out_sec":2343,"total_procs":425},"count":1},{"date":1638399240,"epoch_div":27306654,"totals":{"load_avg":1.86181640625,"cpu_usage":100,"mem_used":8515940352,"mem_free":6182834176,"tcp_conns":99,"disk_usage_root":6.12,"disk_read_sec":2134698,"disk_write_sec":1551086,"disk_iops_sec":41,"io_wait":0,"open_files":0,"os_bytes_in_sec":506,"os_bytes_out_sec":744,"total_procs":425},"count":1},{"date":1638399300,"epoch_div":27306655,"totals":{"load_avg":2.1591796875,"cpu_usage":100,"mem_used":8554029056,"mem_free":6035066880,"tcp_conns":98,"disk_usage_root":6.12,"disk_read_sec":719803,"disk_write_sec":96870,"disk_iops_sec":24,"io_wait":0,"open_files":0,"os_bytes_in_sec":338,"os_bytes_out_sec":714,"total_procs":426},"count":1},{"date":1638399360,"epoch_div":27306656,"totals":{"load_avg":2.0712890625,"cpu_usage":100,"mem_used":8446078976,"mem_free":6048141312,"tcp_conns":98,"disk_usage_root":6.12,"disk_read_sec":586410,"disk_write_sec":2082611,"disk_iops_sec":29,"io_wait":0,"open_files":0,"os_bytes_in_sec":487,"os_bytes_out_sec":688,"total_procs":425},"count":1},{"date":1638399420,"epoch_div":27306657,"totals":{"load_avg":2.27001953125,"cpu_usage":100,"mem_used":8548319232,"mem_free":6032662528,"tcp_conns":98,"disk_usage_root":6.12,"disk_read_sec":3176721,"disk_write_sec":1728989,"disk_iops_sec":77,"io_wait":0,"open_files":0,"os_bytes_in_sec":2084,"os_bytes_out_sec":1274,"total_procs":424},"count":1},{"date":1638399480,"epoch_div":27306658,"totals":{"load_avg":2.69482421875,"cpu_usage":100,"mem_used":8359157760,"mem_free":6019067904,"tcp_conns":100,"disk_usage_root":6.12,"disk_read_sec":3189350,"disk_write_sec":4259089,"disk_iops_sec":103,"io_wait":0,"open_files":0,"os_bytes_in_sec":840,"os_bytes_out_sec":1089,"total_procs":426},"count":1},{"date":1638399540,"epoch_div":27306659,"totals":{"load_avg":2.40576171875,"cpu_usage":100,"mem_used":8524517376,"mem_free":6139043840,"tcp_conns":103,"disk_usage_root":6.12,"disk_read_sec":4082254,"disk_write_sec":1417354,"disk_iops_sec":76,"io_wait":0,"open_files":0,"os_bytes_in_sec":2473,"os_bytes_out_sec":1060,"total_procs":430},"count":1}]}