{"type":"list_page","items":[{"groups":{"main":{"totals":{"load_avg":2.7685546875,"cpu_usage":100,"mem_used":8524034048,"mem_free":6310952960,"tcp_conns":83,"disk_usage_root":6.12,"disk_read_sec":650786,"disk_write_sec":1733973,"disk_iops_sec":34,"io_wait":0,"open_files":0,"os_bytes_in_sec":2003,"os_bytes_out_sec":1293,"total_procs":528},"count":1}},"date":1638200760,"epoch_div":27303346},{"groups":{"main":{"totals":{"load_avg":2.4013671875,"cpu_usage":100,"mem_used":8528949248,"mem_free":6310043648,"tcp_conns":82,"disk_usage_root":6.12,"disk_read_sec":134963,"disk_write_sec":91613,"disk_iops_sec":18,"io_wait":0,"open_files":0,"os_bytes_in_sec":760,"os_bytes_out_sec":611,"total_procs":525},"count":1}},"date":1638200820,"epoch_div":27303347},{"groups":{"main":{"totals":{"load_avg":2.40869140625,"cpu_usage":100,"mem_used":8546226176,"mem_free":6297595904,"tcp_conns":82,"disk_usage_root":6.12,"disk_read_sec":271932,"disk_write_sec":112119,"disk_iops_sec":18,"io_wait":0,"open_files":0,"os_bytes_in_sec":789,"os_bytes_out_sec":664,"total_procs":528},"count":1}},"date":1638200880,"epoch_div":27303348},{"groups":{"main":{"totals":{"load_avg":2.0263671875,"cpu_usage":100,"mem_used":8553426944,"mem_free":6303330304,"tcp_conns":84,"disk_usage_root":6.12,"disk_read_sec":174449,"disk_write_sec":79838,"disk_iops_sec":15,"io_wait":0,"open_files":0,"os_bytes_in_sec":481,"os_bytes_out_sec":656,"total_procs":525},"count":1}},"date":1638200940,"epoch_div":27303349},{"groups":{"main":{"totals":{"load_avg":2.04443359375,"cpu_usage":100,"mem_used":8565755904,"mem_free":6304645120,"tcp_conns":83,"disk_usage_root":6.12,"disk_read_sec":155170,"disk_write_sec":100829,"disk_iops_sec":16,"io_wait":0,"open_files":0,"os_bytes_in_sec":656,"os_bytes_out_sec":773,"total_procs":525},"count":1}},"date":1638201000,"epoch_div":27303350},{"groups":{"main":{"totals":{"load_avg":2.3125,"cpu_usage":100,"mem_used":8569643008,"mem_free":6305038336,"tcp_conns":83,"disk_usage_root":6.12,"disk_read_sec":100178,"disk_write_sec":84280,"disk_iops_sec":17,"io_wait":0,"open_files":0,"os_bytes_in_sec":678,"os_bytes_out_sec":622,"total_procs":527},"count":1}},"date":1638201060,"epoch_div":27303351},{"groups":{"main":{"totals":{"load_avg":1.99072265625,"cpu_usage":100,"mem_used":8462544896,"mem_free":6333407232,"tcp_conns":83,"disk_usage_root":6.12,"disk_read_sec":476747,"disk_write_sec":1091281,"disk_iops_sec":57,"io_wait":0,"open_files":0,"os_bytes_in_sec":888,"os_bytes_out_sec":603,"total_procs":525},"count":1}},"date":1638201120,"epoch_div":27303352},{"groups":{"main":{"totals":{"load_avg":2.6611328125,"cpu_usage":100,"mem_used":8524873728,"mem_free":6300262400,"tcp_conns":85,"disk_usage_root":6.12,"disk_read_sec":176401,"disk_write_sec":132232,"disk_iops_sec":20,"io_wait":0,"open_files":0,"os_bytes_in_sec":9981,"os_bytes_out_sec":2370,"total_procs":525},"count":1}},"date":1638201180,"epoch_div":27303353},{"groups":{"main":{"totals":{"load_avg":2.80859375,"cpu_usage":100,"mem_used":8553820160,"mem_free":6296379392,"tcp_conns":85,"disk_usage_root":6.12,"disk_read_sec":465851,"disk_write_sec":104174,"disk_iops_sec":17,"io_wait":0,"open_files":0,"os_bytes_in_sec":523,"os_bytes_out_sec":774,"total_procs":525},"count":1}},"date":1638201240,"epoch_div":27303354},{"groups":{"main":{"totals":{"load_avg":2.42236328125,"cpu_usage":100,"mem_used":8559583232,"mem_free":6310047744,"tcp_conns":83,"disk_usage_root":6.12,"disk_read_sec":242551,"disk_write_sec":115302,"disk_iops_sec":44,"io_wait":0,"open_files":0,"os_bytes_in_sec":669,"os_bytes_out_sec":863,"total_procs":527},"count":1}},"date":1638201300,"epoch_div":27303355},{"groups":{"main":{"totals":{"load_avg":2.34033203125,"cpu_usage":100,"mem_used":8553009152,"mem_free":6312439808,"tcp_conns":87,"disk_usage_root":6.12,"disk_read_sec":208349,"disk_write_sec":202137,"disk_iops_sec":41,"io_wait":0,"open_files":0,"os_bytes_in_sec":3090,"os_bytes_out_sec":1182,"total_procs":525},"count":1}},"date":1638201360,"epoch_div":27303356},{"groups":{"main":{"totals":{"load_avg":3.81982421875,"cpu_usage":100,"mem_used":8566501376,"mem_free":6307405824,"tcp_conns":87,"disk_usage_root":6.12,"disk_read_sec":179609,"disk_write_sec":403182,"disk_iops_sec":21,"io_wait":0,"open_files":0,"os_bytes_in_sec":723,"os_bytes_out_sec":700,"total_procs":525},"count":1}},"date":1638201420,"epoch_div":27303357},{"groups":{"main":{"totals":{"load_avg":3.244140625,"cpu_usage":100,"mem_used":8565321728,"mem_free":6317342720,"tcp_conns":83,"disk_usage_root":6.12,"disk_read_sec":349798,"disk_write_sec":88268,"disk_iops_sec":32,"io_wait":0,"open_files":0,"os_bytes_in_sec":339,"os_bytes_out_sec":364,"total_procs":525},"count":1}},"date":1638201480,"epoch_div":27303358},{"groups":{"main":{"totals":{"load_avg":2.73095703125,"cpu_usage":100,"mem_used":8568426496,"mem_free":6312636416,"tcp_conns":83,"disk_usage_root":6.12,"disk_read_sec":58572,"disk_write_sec":87654,"disk_iops_sec":15,"io_wait":0,"open_files":0,"os_bytes_in_sec":343,"os_bytes_out_sec":309,"total_procs":525},"count":1}},"date":1638201540,"epoch_div":27303359},{"groups":{"main":{"totals":{"load_avg":3.11181640625,"cpu_usage":100,"mem_used":8570580992,"mem_free":6319149056,"tcp_conns":82,"disk_usage_root":6.12,"disk_read_sec":314572,"disk_write_sec":134485,"disk_iops_sec":31,"io_wait":0,"open_files":0,"os_bytes_in_sec":913,"os_bytes_out_sec":905,"total_procs":527},"count":1}},"date":1638201600,"epoch_div":27303360},{"groups":{"main":{"totals":{"load_avg":3.595703125,"cpu_usage":100,"mem_used":8566906880,"mem_free":6319079424,"tcp_conns":83,"disk_usage_root":6.12,"disk_read_sec":174626,"disk_write_sec":513092,"disk_iops_sec":27,"io_wait":0,"open_files":0,"os_bytes_in_sec":727,"os_bytes_out_sec":758,"total_procs":528},"count":1}},"date":1638201660,"epoch_div":27303361},{"groups":{"main":{"totals":{"load_avg":2.53857421875,"cpu_usage":100,"mem_used":8452902912,"mem_free":6325583872,"tcp_conns":83,"disk_usage_root":6.12,"disk_read_sec":418952,"disk_write_sec":1881634,"disk_iops_sec":53,"io_wait":0,"open_files":0,"os_bytes_in_sec":1144,"os_bytes_out_sec":870,"total_procs":527},"count":1}},"date":1638201720,"epoch_div":27303362},{"groups":{"main":{"totals":{"load_avg":2.43017578125,"cpu_usage":100,"mem_used":8473354240,"mem_free":6321610752,"tcp_conns":82,"disk_usage_root":6.12,"disk_read_sec":180838,"disk_write_sec":95027,"disk_iops_sec":15,"io_wait":0,"open_files":0,"os_bytes_in_sec":459,"os_bytes_out_sec":614,"total_procs":528},"count":1}},"date":1638201780,"epoch_div":27303363},{"groups":{"main":{"totals":{"load_avg":2.50439453125,"cpu_usage":100,"mem_used":8466616320,"mem_free":6329372672,"tcp_conns":84,"disk_usage_root":6.12,"disk_read_sec":107259,"disk_write_sec":70048,"disk_iops_sec":13,"io_wait":0,"open_files":0,"os_bytes_in_sec":565,"os_bytes_out_sec":754,"total_procs":525},"count":1}},"date":1638201840,"epoch_div":27303364},{"groups":{"main":{"totals":{"load_avg":2.064453125,"cpu_usage":100,"mem_used":8472399872,"mem_free":6326030336,"tcp_conns":82,"disk_usage_root":6.12,"disk_read_sec":100385,"disk_write_sec":95416,"disk_iops_sec":14,"io_wait":0,"open_files":0,"os_bytes_in_sec":355,"os_bytes_out_sec":452,"total_procs":525},"count":1}},"date":1638201900,"epoch_div":27303365},{"groups":{"main":{"totals":{"load_avg":1.97998046875,"cpu_usage":100,"mem_used":8491544576,"mem_free":6308270080,"tcp_conns":84,"disk_usage_root":6.12,"disk_read_sec":102331,"disk_write_sec":89497,"disk_iops_sec":14,"io_wait":0,"open_files":0,"os_bytes_in_sec":2717,"os_bytes_out_sec":1277,"total_procs":525},"count":1}},"date":1638201960,"epoch_div":27303366},{"groups":{"main":{"totals":{"load_avg":1.96923828125,"cpu_usage":100,"mem_used":8518795264,"mem_free":6300979200,"tcp_conns":84,"disk_usage_root":6.12,"disk_read_sec":108612,"disk_write_sec":99805,"disk_iops_sec":18,"io_wait":0,"open_files":0,"os_bytes_in_sec":563,"os_bytes_out_sec":569,"total_procs":525},"count":1}},"date":1638202020,"epoch_div":27303367},{"groups":{"main":{"totals":{"load_avg":3.27783203125,"cpu_usage":100,"mem_used":8542720000,"mem_free":6297067520,"tcp_conns":87,"disk_usage_root":6.12,"disk_read_sec":297233,"disk_write_sec":114414,"disk_iops_sec":17,"io_wait":0,"open_files":0,"os_bytes_in_sec":1035,"os_bytes_out_sec":2025,"total_procs":525},"count":1}},"date":1638202080,"epoch_div":27303368},{"groups":{"main":{"totals":{"load_avg":2.63525390625,"cpu_usage":100,"mem_used":8545361920,"mem_free":6296436736,"tcp_conns":86,"disk_usage_root":6.12,"disk_read_sec":73523,"disk_write_sec":88814,"disk_iops_sec":15,"io_wait":0,"open_files":0,"os_bytes_in_sec":442,"os_bytes_out_sec":1185,"total_procs":527},"count":1}},"date":1638202140,"epoch_div":27303369},{"groups":{"main":{"totals":{"load_avg":3.07275390625,"cpu_usage":100,"mem_used":8554586112,"mem_free":6296072192,"tcp_conns":84,"disk_usage_root":6.12,"disk_read_sec":150323,"disk_write_sec":93661,"disk_iops_sec":16,"io_wait":0,"open_files":0,"os_bytes_in_sec":775,"os_bytes_out_sec":927,"total_procs":527},"count":1}},"date":1638202200,"epoch_div":27303370},{"groups":{"main":{"totals":{"load_avg":3.05224609375,"cpu_usage":100,"mem_used":8563798016,"mem_free":6298304512,"tcp_conns":85,"disk_usage_root":6.12,"disk_read_sec":131481,"disk_write_sec":114619,"disk_iops_sec":17,"io_wait":0,"open_files":0,"os_bytes_in_sec":470,"os_bytes_out_sec":633,"total_procs":525},"count":1}},"date":1638202260,"epoch_div":27303371},{"groups":{"main":{"totals":{"load_avg":2.58544921875,"cpu_usage":100,"mem_used":8567652352,"mem_free":6286180352,"tcp_conns":83,"disk_usage_root":6.12,"disk_read_sec":835106,"disk_write_sec":1498385,"disk_iops_sec":69,"io_wait":0,"open_files":0,"os_bytes_in_sec":450,"os_bytes_out_sec":594,"total_procs":529},"count":1}},"date":1638203580,"epoch_div":27303393},{"groups":{"main":{"totals":{"load_avg":2.57568359375,"cpu_usage":100,"mem_used":8556847104,"mem_free":6259519488,"tcp_conns":87,"disk_usage_root":6.12,"disk_read_sec":187649,"disk_write_sec":204577,"disk_iops_sec":6,"io_wait":0,"open_files":0,"os_bytes_in_sec":438,"os_bytes_out_sec":371,"total_procs":536},"count":1}},"date":1638203640,"epoch_div":27303394},{"groups":{"main":{"totals":{"load_avg":1.859375,"cpu_usage":100,"mem_used":8553725952,"mem_free":6250700800,"tcp_conns":84,"disk_usage_root":6.12,"disk_read_sec":3951762,"disk_write_sec":3141144,"disk_iops_sec":169,"io_wait":0,"open_files":0,"os_bytes_in_sec":5696,"os_bytes_out_sec":14376,"total_procs":526},"count":1}},"date":1638204600,"epoch_div":27303410},{"groups":{"main":{"totals":{"load_avg":1.95458984375,"cpu_usage":100,"mem_used":8528666624,"mem_free":6183284736,"tcp_conns":86,"disk_usage_root":6.12,"disk_read_sec":239502,"disk_write_sec":338332,"disk_iops_sec":6,"io_wait":0,"open_files":0,"os_bytes_in_sec":58,"os_bytes_out_sec":90,"total_procs":527},"count":1}},"date":1638204660,"epoch_div":27303411},{"groups":{"main":{"totals":{"load_avg":2.3271484375,"cpu_usage":100,"mem_used":8518201344,"mem_free":6195937280,"tcp_conns":90,"disk_usage_root":6.12,"disk_read_sec":11362660,"disk_write_sec":8268221,"disk_iops_sec":304,"io_wait":0,"open_files":0,"os_bytes_in_sec":5812,"os_bytes_out_sec":13725,"total_procs":531},"count":1}},"date":1638205440,"epoch_div":27303424},{"groups":{"main":{"totals":{"load_avg":2.18994140625,"cpu_usage":100,"mem_used":8456654848,"mem_free":6421356544,"tcp_conns":90,"disk_usage_root":6.12,"disk_read_sec":577739,"disk_write_sec":101661,"disk_iops_sec":15,"io_wait":0,"open_files":0,"os_bytes_in_sec":470,"os_bytes_out_sec":153,"total_procs":534},"count":1}},"date":1638205500,"epoch_div":27303425},{"groups":{"main":{"totals":{"load_avg":1.76806640625,"cpu_usage":100,"mem_used":8409120768,"mem_free":6580383744,"tcp_conns":89,"disk_usage_root":6.12,"disk_read_sec":27714653,"disk_write_sec":11749562,"disk_iops_sec":1022,"io_wait":0,"open_files":0,"os_bytes_in_sec":4720,"os_bytes_out_sec":11099,"total_procs":535},"count":1}},"date":1638205560,"epoch_div":27303426},{"groups":{"main":{"totals":{"load_avg":2.24267578125,"cpu_usage":100,"mem_used":8478031872,"mem_free":6458499072,"tcp_conns":111,"disk_usage_root":6.12,"disk_read_sec":30980232,"disk_write_sec":10992435,"disk_iops_sec":803,"io_wait":0,"open_files":0,"os_bytes_in_sec":43510,"os_bytes_out_sec":16609,"total_procs":540},"count":1}},"date":1638205620,"epoch_div":27303427},{"groups":{"main":{"totals":{"load_avg":3.87451171875,"cpu_usage":100,"mem_used":8347729920,"mem_free":6344556544,"tcp_conns":139,"disk_usage_root":6.12,"disk_read_sec":13288311,"disk_write_sec":10828663,"disk_iops_sec":522,"io_wait":0,"open_files":0,"os_bytes_in_sec":212190,"os_bytes_out_sec":28530,"total_procs":530},"count":1}},"date":1638205680,"epoch_div":27303428},{"groups":{"main":{"totals":{"load_avg":2.5615234375,"cpu_usage":100,"mem_used":8562245632,"mem_free":6361493504,"tcp_conns":133,"disk_usage_root":6.12,"disk_read_sec":3857182,"disk_write_sec":472775,"disk_iops_sec":115,"io_wait":0,"open_files":0,"os_bytes_in_sec":33726,"os_bytes_out_sec":6990,"total_procs":532},"count":1}},"date":1638205740,"epoch_div":27303429},{"groups":{"main":{"totals":{"load_avg":5.1025390625,"cpu_usage":100,"mem_used":8420147200,"mem_free":6181879808,"tcp_conns":132,"disk_usage_root":6.12,"disk_read_sec":15907386,"disk_write_sec":18406416,"disk_iops_sec":480,"io_wait":0,"open_files":0,"os_bytes_in_sec":129207,"os_bytes_out_sec":39579,"total_procs":540},"count":1}},"date":1638205800,"epoch_div":27303430},{"groups":{"main":{"totals":{"load_avg":3.3828125,"cpu_usage":100,"mem_used":8564817920,"mem_free":6174248960,"tcp_conns":128,"disk_usage_root":6.12,"disk_read_sec":1861358,"disk_write_sec":236817,"disk_iops_sec":64,"io_wait":0,"open_files":0,"os_bytes_in_sec":9004,"os_bytes_out_sec":12357,"total_procs":533},"count":1}},"date":1638205860,"epoch_div":27303431},{"groups":{"main":{"totals":{"load_avg":2.4248046875,"cpu_usage":100,"mem_used":8561442816,"mem_free":6215950336,"tcp_conns":117,"disk_usage_root":6.12,"disk_read_sec":673792,"disk_write_sec":120627,"disk_iops_sec":35,"io_wait":0,"open_files":0,"os_bytes_in_sec":7094,"os_bytes_out_sec":3459,"total_procs":531},"count":1}},"date":1638205920,"epoch_div":27303432},{"groups":{"main":{"totals":{"load_avg":2.65087890625,"cpu_usage":100,"mem_used":8531701760,"mem_free":6259986432,"tcp_conns":109,"disk_usage_root":6.12,"disk_read_sec":4634214,"disk_write_sec":5149218,"disk_iops_sec":107,"io_wait":0,"open_files":0,"os_bytes_in_sec":3158,"os_bytes_out_sec":8250,"total_procs":531},"count":1}},"date":1638205980,"epoch_div":27303433},{"groups":{"main":{"totals":{"load_avg":2.79541015625,"cpu_usage":100,"mem_used":8561397760,"mem_free":6715310080,"tcp_conns":98,"disk_usage_root":6.12,"disk_read_sec":19288610,"disk_write_sec":5404945,"disk_iops_sec":136,"io_wait":0,"open_files":0,"os_bytes_in_sec":1720,"os_bytes_out_sec":5350,"total_procs":531},"count":1}},"date":1638206040,"epoch_div":27303434},{"groups":{"main":{"totals":{"load_avg":2.6845703125,"cpu_usage":100,"mem_used":8567046144,"mem_free":6692126720,"tcp_conns":91,"disk_usage_root":6.12,"disk_read_sec":364817,"disk_write_sec":114414,"disk_iops_sec":35,"io_wait":0,"open_files":0,"os_bytes_in_sec":975,"os_bytes_out_sec":2740,"total_procs":527},"count":1}},"date":1638206100,"epoch_div":27303435},{"groups":{"main":{"totals":{"load_avg":2.24609375,"cpu_usage":100,"mem_used":8268648448,"mem_free":6765158400,"tcp_conns":89,"disk_usage_root":6.12,"disk_read_sec":10006391,"disk_write_sec":15387374,"disk_iops_sec":131,"io_wait":0,"open_files":0,"os_bytes_in_sec":1256,"os_bytes_out_sec":2810,"total_procs":528},"count":1}},"date":1638206160,"epoch_div":27303436},{"groups":{"main":{"totals":{"load_avg":2.822265625,"cpu_usage":100,"mem_used":8525209600,"mem_free":6436290560,"tcp_conns":117,"disk_usage_root":6.12,"disk_read_sec":14356684,"disk_write_sec":16343176,"disk_iops_sec":248,"io_wait":0,"open_files":0,"os_bytes_in_sec":57195,"os_bytes_out_sec":13837,"total_procs":529},"count":1}},"date":1638206220,"epoch_div":27303437},{"groups":{"main":{"totals":{"load_avg":2.73876953125,"cpu_usage":100,"mem_used":8568053760,"mem_free":6426484736,"tcp_conns":106,"disk_usage_root":6.12,"disk_read_sec":1824904,"disk_write_sec":202615,"disk_iops_sec":37,"io_wait":0,"open_files":0,"os_bytes_in_sec":906,"os_bytes_out_sec":2184,"total_procs":529},"count":1}},"date":1638206280,"epoch_div":27303438},{"groups":{"main":{"totals":{"load_avg":2.19873046875,"cpu_usage":100,"mem_used":8562606080,"mem_free":6397796352,"tcp_conns":103,"disk_usage_root":6.12,"disk_read_sec":533640,"disk_write_sec":1110493,"disk_iops_sec":32,"io_wait":0,"open_files":0,"os_bytes_in_sec":850,"os_bytes_out_sec":1630,"total_procs":528},"count":1}},"date":1638206340,"epoch_div":27303439},{"groups":{"main":{"totals":{"load_avg":2.58251953125,"cpu_usage":100,"mem_used":8367407104,"mem_free":6455566336,"tcp_conns":101,"disk_usage_root":6.12,"disk_read_sec":3728315,"disk_write_sec":5616844,"disk_iops_sec":60,"io_wait":0,"open_files":0,"os_bytes_in_sec":873,"os_bytes_out_sec":1995,"total_procs":529},"count":1}},"date":1638206400,"epoch_div":27303440},{"groups":{"main":{"totals":{"load_avg":3.208984375,"cpu_usage":100,"mem_used":8452755456,"mem_free":6420946944,"tcp_conns":98,"disk_usage_root":6.12,"disk_read_sec":750455,"disk_write_sec":120354,"disk_iops_sec":26,"io_wait":0,"open_files":0,"os_bytes_in_sec":1025,"os_bytes_out_sec":2787,"total_procs":529},"count":1}},"date":1638206460,"epoch_div":27303441},{"groups":{"main":{"totals":{"load_avg":2.6279296875,"cpu_usage":100,"mem_used":8533352448,"mem_free":6376595456,"tcp_conns":99,"disk_usage_root":6.12,"disk_read_sec":701457,"disk_write_sec":438410,"disk_iops_sec":30,"io_wait":0,"open_files":0,"os_bytes_in_sec":984,"os_bytes_out_sec":1449,"total_procs":529},"count":1}},"date":1638206520,"epoch_div":27303442},{"groups":{"main":{"totals":{"load_avg":2.29736328125,"cpu_usage":100,"mem_used":8398811136,"mem_free":6356262912,"tcp_conns":94,"disk_usage_root":6.12,"disk_read_sec":699543,"disk_write_sec":3461388,"disk_iops_sec":75,"io_wait":0,"open_files":0,"os_bytes_in_sec":950,"os_bytes_out_sec":2226,"total_procs":528},"count":1}},"date":1638206580,"epoch_div":27303443},{"groups":{"main":{"totals":{"load_avg":2.59521484375,"cpu_usage":100,"mem_used":8371335168,"mem_free":6389440512,"tcp_conns":89,"disk_usage_root":6.12,"disk_read_sec":282555,"disk_write_sec":108885,"disk_iops_sec":20,"io_wait":0,"open_files":0,"os_bytes_in_sec":685,"os_bytes_out_sec":906,"total_procs":529},"count":1}},"date":1638206640,"epoch_div":27303444},{"groups":{"main":{"totals":{"load_avg":2.224609375,"cpu_usage":100,"mem_used":8488124416,"mem_free":6346579968,"tcp_conns":88,"disk_usage_root":6.12,"disk_read_sec":1219242,"disk_write_sec":91204,"disk_iops_sec":21,"io_wait":0,"open_files":0,"os_bytes_in_sec":683,"os_bytes_out_sec":1727,"total_procs":528},"count":1}},"date":1638206700,"epoch_div":27303445},{"groups":{"main":{"totals":{"load_avg":2.01708984375,"cpu_usage":100,"mem_used":8550735872,"mem_free":6323650560,"tcp_conns":87,"disk_usage_root":6.12,"disk_read_sec":456294,"disk_write_sec":114824,"disk_iops_sec":22,"io_wait":0,"open_files":0,"os_bytes_in_sec":1329,"os_bytes_out_sec":1423,"total_procs":530},"count":1}},"date":1638206760,"epoch_div":27303446},{"groups":{"main":{"totals":{"load_avg":2.37060546875,"cpu_usage":100,"mem_used":8558919680,"mem_free":6276636672,"tcp_conns":90,"disk_usage_root":6.12,"disk_read_sec":1230779,"disk_write_sec":1005021,"disk_iops_sec":41,"io_wait":0,"open_files":0,"os_bytes_in_sec":1747,"os_bytes_out_sec":2446,"total_procs":530},"count":1}},"date":1638206820,"epoch_div":27303447},{"groups":{"main":{"totals":{"load_avg":2.1796875,"cpu_usage":100,"mem_used":8541368320,"mem_free":6288175104,"tcp_conns":95,"disk_usage_root":6.12,"disk_read_sec":2092646,"disk_write_sec":2529143,"disk_iops_sec":79,"io_wait":0,"open_files":0,"os_bytes_in_sec":11774,"os_bytes_out_sec":2080,"total_procs":529},"count":1}},"date":1638206880,"epoch_div":27303448},{"groups":{"main":{"totals":{"load_avg":2.69384765625,"cpu_usage":100,"mem_used":8570413056,"mem_free":6313500672,"tcp_conns":86,"disk_usage_root":6.12,"disk_read_sec":1357141,"disk_write_sec":343722,"disk_iops_sec":32,"io_wait":0,"open_files":0,"os_bytes_in_sec":678,"os_bytes_out_sec":1692,"total_procs":529},"count":1}},"date":1638206940,"epoch_div":27303449},{"groups":{"main":{"totals":{"load_avg":3.05078125,"cpu_usage":100,"mem_used":8566345728,"mem_free":6322860032,"tcp_conns":85,"disk_usage_root":6.12,"disk_read_sec":356016,"disk_write_sec":102802,"disk_iops_sec":49,"io_wait":0,"open_files":0,"os_bytes_in_sec":728,"os_bytes_out_sec":2223,"total_procs":528},"count":1}},"date":1638207000,"epoch_div":27303450},{"groups":{"main":{"totals":{"load_avg":2.14208984375,"cpu_usage":100,"mem_used":8563912704,"mem_free":6328426496,"tcp_conns":83,"disk_usage_root":6.12,"disk_read_sec":461181,"disk_write_sec":119061,"disk_iops_sec":45,"io_wait":0,"open_files":0,"os_bytes_in_sec":886,"os_bytes_out_sec":1310,"total_procs":529},"count":1}},"date":1638207060,"epoch_div":27303451},{"groups":{"main":{"totals":{"load_avg":2.43603515625,"cpu_usage":100,"mem_used":8569245696,"mem_free":6342176768,"tcp_conns":84,"disk_usage_root":6.12,"disk_read_sec":244599,"disk_write_sec":272861,"disk_iops_sec":26,"io_wait":0,"open_files":0,"os_bytes_in_sec":2802,"os_bytes_out_sec":6302,"total_procs":529},"count":1}},"date":1638207120,"epoch_div":27303452},{"groups":{"main":{"totals":{"load_avg":2.65869140625,"cpu_usage":100,"mem_used":8543657984,"mem_free":6283235328,"tcp_conns":85,"disk_usage_root":6.12,"disk_read_sec":491452,"disk_write_sec":1718574,"disk_iops_sec":55,"io_wait":0,"open_files":0,"os_bytes_in_sec":521,"os_bytes_out_sec":918,"total_procs":528},"count":1}},"date":1638207180,"epoch_div":27303453},{"groups":{"main":{"totals":{"load_avg":3.02392578125,"cpu_usage":100,"mem_used":8511139840,"mem_free":6306181120,"tcp_conns":84,"disk_usage_root":6.12,"disk_read_sec":500406,"disk_write_sec":97887,"disk_iops_sec":24,"io_wait":0,"open_files":0,"os_bytes_in_sec":684,"os_bytes_out_sec":1720,"total_procs":528},"count":1}},"date":1638207240,"epoch_div":27303454},{"groups":{"main":{"totals":{"load_avg":3.0400390625,"cpu_usage":100,"mem_used":8529670144,"mem_free":6303408128,"tcp_conns":84,"disk_usage_root":6.12,"disk_read_sec":229580,"disk_write_sec":101102,"disk_iops_sec":19,"io_wait":0,"open_files":0,"os_bytes_in_sec":456,"os_bytes_out_sec":1002,"total_procs":528},"count":1}},"date":1638207300,"epoch_div":27303455},{"groups":{"main":{"totals":{"load_avg":2.5947265625,"cpu_usage":100,"mem_used":8554098688,"mem_free":6302384128,"tcp_conns":84,"disk_usage_root":6.12,"disk_read_sec":350549,"disk_write_sec":153804,"disk_iops_sec":27,"io_wait":0,"open_files":0,"os_bytes_in_sec":5729,"os_bytes_out_sec":3747,"total_procs":530},"count":1}},"date":1638207360,"epoch_div":27303456},{"groups":{"main":{"totals":{"load_avg":2.24072265625,"cpu_usage":100,"mem_used":8430972928,"mem_free":6249734144,"tcp_conns":87,"disk_usage_root":6.12,"disk_read_sec":1639492,"disk_write_sec":4715997,"disk_iops_sec":67,"io_wait":0,"open_files":0,"os_bytes_in_sec":3814,"os_bytes_out_sec":2165,"total_procs":530},"count":1}},"date":1638207420,"epoch_div":27303457},{"groups":{"main":{"totals":{"load_avg":2.998046875,"cpu_usage":100,"mem_used":8457129984,"mem_free":6259433472,"tcp_conns":89,"disk_usage_root":6.12,"disk_read_sec":184797,"disk_write_sec":106018,"disk_iops_sec":20,"io_wait":0,"open_files":0,"os_bytes_in_sec":914,"os_bytes_out_sec":1782,"total_procs":528},"count":1}},"date":1638207480,"epoch_div":27303458},{"groups":{"main":{"totals":{"load_avg":2.44970703125,"cpu_usage":100,"mem_used":8477032448,"mem_free":6254559232,"tcp_conns":88,"disk_usage_root":6.12,"disk_read_sec":205346,"disk_write_sec":106564,"disk_iops_sec":19,"io_wait":0,"open_files":0,"os_bytes_in_sec":490,"os_bytes_out_sec":791,"total_procs":529},"count":1}},"date":1638207540,"epoch_div":27303459},{"groups":{"main":{"totals":{"load_avg":1.9619140625,"cpu_usage":100,"mem_used":8544456704,"mem_free":6245441536,"tcp_conns":88,"disk_usage_root":6.12,"disk_read_sec":903782,"disk_write_sec":89838,"disk_iops_sec":47,"io_wait":0,"open_files":0,"os_bytes_in_sec":573,"os_bytes_out_sec":1414,"total_procs":529},"count":1}},"date":1638207600,"epoch_div":27303460},{"groups":{"main":{"totals":{"load_avg":1.9384765625,"cpu_usage":100,"mem_used":8570195968,"mem_free":6234607616,"tcp_conns":85,"disk_usage_root":6.12,"disk_read_sec":219067,"disk_write_sec":109090,"disk_iops_sec":26,"io_wait":0,"open_files":0,"os_bytes_in_sec":1654,"os_bytes_out_sec":2479,"total_procs":529},"count":1}},"date":1638207660,"epoch_div":27303461},{"groups":{"main":{"totals":{"load_avg":2.56396484375,"cpu_usage":100,"mem_used":8562794496,"mem_free":6242119680,"tcp_conns":85,"disk_usage_root":6.12,"disk_read_sec":216473,"disk_write_sec":155170,"disk_iops_sec":25,"io_wait":0,"open_files":0,"os_bytes_in_sec":1240,"os_bytes_out_sec":962,"total_procs":529},"count":1}},"date":1638207720,"epoch_div":27303462},{"groups":{"main":{"totals":{"load_avg":2.87890625,"cpu_usage":100,"mem_used":8553611264,"mem_free":6315868160,"tcp_conns":88,"disk_usage_root":6.12,"disk_read_sec":5417933,"disk_write_sec":5455200,"disk_iops_sec":163,"io_wait":0,"open_files":0,"os_bytes_in_sec":2529,"os_bytes_out_sec":2947,"total_procs":532},"count":1}},"date":1638207780,"epoch_div":27303463},{"groups":{"main":{"totals":{"load_avg":3.564453125,"cpu_usage":100,"mem_used":8551899136,"mem_free":6352220160,"tcp_conns":86,"disk_usage_root":6.12,"disk_read_sec":4270392,"disk_write_sec":1639024,"disk_iops_sec":61,"io_wait":0,"open_files":0,"os_bytes_in_sec":476,"os_bytes_out_sec":696,"total_procs":529},"count":1}},"date":1638207840,"epoch_div":27303464},{"groups":{"main":{"totals":{"load_avg":2.5400390625,"cpu_usage":100,"mem_used":8448172032,"mem_free":6338564096,"tcp_conns":91,"disk_usage_root":6.12,"disk_read_sec":345702,"disk_write_sec":2118178,"disk_iops_sec":35,"io_wait":0,"open_files":0,"os_bytes_in_sec":2019,"os_bytes_out_sec":2178,"total_procs":530},"count":1}},"date":1638207900,"epoch_div":27303465},{"groups":{"main":{"totals":{"load_avg":1.98095703125,"cpu_usage":100,"mem_used":8505511936,"mem_free":6314782720,"tcp_conns":92,"disk_usage_root":6.12,"disk_read_sec":252859,"disk_write_sec":100693,"disk_iops_sec":21,"io_wait":0,"open_files":0,"os_bytes_in_sec":792,"os_bytes_out_sec":1214,"total_procs":532},"count":1}},"date":1638207960,"epoch_div":27303466},{"groups":{"main":{"totals":{"load_avg":2.05224609375,"cpu_usage":100,"mem_used":8530182144,"mem_free":6284558336,"tcp_conns":92,"disk_usage_root":6.12,"disk_read_sec":267264,"disk_write_sec":264465,"disk_iops_sec":43,"io_wait":0,"open_files":0,"os_bytes_in_sec":820,"os_bytes_out_sec":1821,"total_procs":530},"count":1}},"date":1638208020,"epoch_div":27303467},{"groups":{"main":{"totals":{"load_avg":1.8935546875,"cpu_usage":100,"mem_used":8553824256,"mem_free":6281207808,"tcp_conns":90,"disk_usage_root":6.12,"disk_read_sec":128750,"disk_write_sec":116121,"disk_iops_sec":20,"io_wait":0,"open_files":0,"os_bytes_in_sec":571,"os_bytes_out_sec":871,"total_procs":529},"count":1}},"date":1638208080,"epoch_div":27303468},{"groups":{"main":{"totals":{"load_avg":2.21875,"cpu_usage":100,"mem_used":8569012224,"mem_free":6281895936,"tcp_conns":92,"disk_usage_root":6.12,"disk_read_sec":862958,"disk_write_sec":130321,"disk_iops_sec":49,"io_wait":0,"open_files":0,"os_bytes_in_sec":5597,"os_bytes_out_sec":2051,"total_procs":531},"count":1}},"date":1638208140,"epoch_div":27303469},{"groups":{"main":{"totals":{"load_avg":2.9658203125,"cpu_usage":100,"mem_used":8462618624,"mem_free":6417993728,"tcp_conns":85,"disk_usage_root":6.12,"disk_read_sec":483532,"disk_write_sec":201454,"disk_iops_sec":35,"io_wait":0,"open_files":0,"os_bytes_in_sec":826,"os_bytes_out_sec":1284,"total_procs":529},"count":1}},"date":1638208200,"epoch_div":27303470},{"groups":{"main":{"totals":{"load_avg":3.541015625,"cpu_usage":100,"mem_used":8473522176,"mem_free":6196027392,"tcp_conns":110,"disk_usage_root":6.12,"disk_read_sec":7713382,"disk_write_sec":9356356,"disk_iops_sec":255,"io_wait":0,"open_files":0,"os_bytes_in_sec":22411,"os_bytes_out_sec":15061,"total_procs":533},"count":1}},"date":1638208260,"epoch_div":27303471},{"groups":{"main":{"totals":{"load_avg":2.818359375,"cpu_usage":100,"mem_used":8554954752,"mem_free":6152560640,"tcp_conns":100,"disk_usage_root":6.12,"disk_read_sec":510702,"disk_write_sec":290269,"disk_iops_sec":32,"io_wait":0,"open_files":0,"os_bytes_in_sec":737,"os_bytes_out_sec":1245,"total_procs":529},"count":1}},"date":1638208320,"epoch_div":27303472},{"groups":{"main":{"totals":{"load_avg":2.892578125,"cpu_usage":100,"mem_used":8558596096,"mem_free":6167003136,"tcp_conns":99,"disk_usage_root":6.12,"disk_read_sec":538388,"disk_write_sec":480507,"disk_iops_sec":65,"io_wait":0,"open_files":0,"os_bytes_in_sec":748,"os_bytes_out_sec":1609,"total_procs":529},"count":1}},"date":1638208380,"epoch_div":27303473},{"groups":{"main":{"totals":{"load_avg":2.23681640625,"cpu_usage":100,"mem_used":8537047040,"mem_free":6166433792,"tcp_conns":96,"disk_usage_root":6.12,"disk_read_sec":390508,"disk_write_sec":108578,"disk_iops_sec":22,"io_wait":0,"open_files":0,"os_bytes_in_sec":513,"os_bytes_out_sec":763,"total_procs":529},"count":1}},"date":1638208440,"epoch_div":27303474},{"groups":{"main":{"totals":{"load_avg":2.7763671875,"cpu_usage":100,"mem_used":8570155008,"mem_free":6167621632,"tcp_conns":93,"disk_usage_root":6.12,"disk_read_sec":687104,"disk_write_sec":102126,"disk_iops_sec":30,"io_wait":0,"open_files":0,"os_bytes_in_sec":890,"os_bytes_out_sec":1742,"total_procs":529},"count":1}},"date":1638208500,"epoch_div":27303475},{"groups":{"main":{"totals":{"load_avg":2.71337890625,"cpu_usage":100,"mem_used":8547319808,"mem_free":6135582720,"tcp_conns":93,"disk_usage_root":6.12,"disk_read_sec":2543957,"disk_write_sec":4143035,"disk_iops_sec":66,"io_wait":0,"open_files":0,"os_bytes_in_sec":1584,"os_bytes_out_sec":1967,"total_procs":531},"count":1}},"date":1638208560,"epoch_div":27303476},{"groups":{"main":{"totals":{"load_avg":2.830078125,"cpu_usage":100,"mem_used":8536846336,"mem_free":6198456320,"tcp_conns":93,"disk_usage_root":6.12,"disk_read_sec":3646190,"disk_write_sec":2465655,"disk_iops_sec":66,"io_wait":0,"open_files":0,"os_bytes_in_sec":3396,"os_bytes_out_sec":4768,"total_procs":531},"count":1}},"date":1638208620,"epoch_div":27303477},{"groups":{"main":{"totals":{"load_avg":2.17236328125,"cpu_usage":100,"mem_used":8562622464,"mem_free":6169243648,"tcp_conns":90,"disk_usage_root":6.12,"disk_read_sec":1430254,"disk_write_sec":830737,"disk_iops_sec":30,"io_wait":0,"open_files":0,"os_bytes_in_sec":1107,"os_bytes_out_sec":4123,"total_procs":530},"count":1}},"date":1638208680,"epoch_div":27303478},{"groups":{"main":{"totals":{"load_avg":2.23828125,"cpu_usage":100,"mem_used":8496930816,"mem_free":6197338112,"tcp_conns":89,"disk_usage_root":6.12,"disk_read_sec":1666736,"disk_write_sec":2807707,"disk_iops_sec":46,"io_wait":0,"open_files":0,"os_bytes_in_sec":1273,"os_bytes_out_sec":3612,"total_procs":529},"count":1}},"date":1638208740,"epoch_div":27303479},{"groups":{"main":{"totals":{"load_avg":1.84423828125,"cpu_usage":100,"mem_used":8543285248,"mem_free":6179487744,"tcp_conns":87,"disk_usage_root":6.12,"disk_read_sec":984337,"disk_write_sec":413491,"disk_iops_sec":30,"io_wait":0,"open_files":0,"os_bytes_in_sec":1485,"os_bytes_out_sec":3116,"total_procs":529},"count":1}},"date":1638208800,"epoch_div":27303480},{"groups":{"main":{"totals":{"load_avg":2.56005859375,"cpu_usage":100,"mem_used":8512045056,"mem_free":6163869696,"tcp_conns":85,"disk_usage_root":6.12,"disk_read_sec":890359,"disk_write_sec":2127629,"disk_iops_sec":42,"io_wait":0,"open_files":0,"os_bytes_in_sec":1429,"os_bytes_out_sec":15348,"total_procs":530},"count":1}},"date":1638208860,"epoch_div":27303481},{"groups":{"main":{"totals":{"load_avg":2.62060546875,"cpu_usage":100,"mem_used":8525004800,"mem_free":6142590976,"tcp_conns":89,"disk_usage_root":6.12,"disk_read_sec":1329152,"disk_write_sec":1822583,"disk_iops_sec":42,"io_wait":0,"open_files":0,"os_bytes_in_sec":2796,"os_bytes_out_sec":35020,"total_procs":531},"count":1}},"date":1638208920,"epoch_div":27303482},{"groups":{"main":{"totals":{"load_avg":3.43212890625,"cpu_usage":100,"mem_used":8455917568,"mem_free":6367653888,"tcp_conns":104,"disk_usage_root":6.12,"disk_read_sec":12345139,"disk_write_sec":11481770,"disk_iops_sec":393,"io_wait":0,"open_files":0,"os_bytes_in_sec":243264,"os_bytes_out_sec":21192,"total_procs":536},"count":1}},"date":1638208980,"epoch_div":27303483},{"groups":{"main":{"totals":{"load_avg":2.7021484375,"cpu_usage":100,"mem_used":8277929984,"mem_free":6382817280,"tcp_conns":137,"disk_usage_root":6.12,"disk_read_sec":12356061,"disk_write_sec":10006323,"disk_iops_sec":314,"io_wait":0,"open_files":0,"os_bytes_in_sec":257948,"os_bytes_out_sec":25852,"total_procs":541},"count":1}},"date":1638209040,"epoch_div":27303484},{"groups":{"main":{"totals":{"load_avg":2.6240234375,"cpu_usage":100,"mem_used":8482971648,"mem_free":6378315776,"tcp_conns":121,"disk_usage_root":6.12,"disk_read_sec":3077870,"disk_write_sec":2095308,"disk_iops_sec":60,"io_wait":0,"open_files":0,"os_bytes_in_sec":38616,"os_bytes_out_sec":6326,"total_procs":533},"count":1}},"date":1638209100,"epoch_div":27303485},{"groups":{"main":{"totals":{"load_avg":2.482421875,"cpu_usage":100,"mem_used":8543916032,"mem_free":6508916736,"tcp_conns":119,"disk_usage_root":6.12,"disk_read_sec":17007820,"disk_write_sec":12904994,"disk_iops_sec":207,"io_wait":0,"open_files":0,"os_bytes_in_sec":8405,"os_bytes_out_sec":11311,"total_procs":535},"count":1}},"date":1638209160,"epoch_div":27303486},{"groups":{"main":{"totals":{"load_avg":2.3447265625,"cpu_usage":100,"mem_used":8544894976,"mem_free":6388457472,"tcp_conns":119,"disk_usage_root":6.12,"disk_read_sec":8506709,"disk_write_sec":9010722,"disk_iops_sec":138,"io_wait":0,"open_files":0,"os_bytes_in_sec":5697,"os_bytes_out_sec":15387,"total_procs":535},"count":1}},"date":1638209220,"epoch_div":27303487},{"groups":{"main":{"totals":{"load_avg":2.09619140625,"cpu_usage":100,"mem_used":8478367744,"mem_free":6375714816,"tcp_conns":111,"disk_usage_root":6.12,"disk_read_sec":5048046,"disk_write_sec":6044194,"disk_iops_sec":97,"io_wait":0,"open_files":0,"os_bytes_in_sec":2325,"os_bytes_out_sec":4018,"total_procs":535},"count":1}},"date":1638209280,"epoch_div":27303488},{"groups":{"main":{"totals":{"load_avg":2.01611328125,"cpu_usage":100,"mem_used":8434900992,"mem_free":6210019328,"tcp_conns":106,"disk_usage_root":6.12,"disk_read_sec":6420889,"disk_write_sec":8815001,"disk_iops_sec":164,"io_wait":0,"open_files":0,"os_bytes_in_sec":18886,"os_bytes_out_sec":9629,"total_procs":541},"count":1}},"date":1638209340,"epoch_div":27303489},{"groups":{"main":{"totals":{"load_avg":2.8955078125,"cpu_usage":100,"mem_used":8564264960,"mem_free":6134038528,"tcp_conns":104,"disk_usage_root":6.12,"disk_read_sec":2246724,"disk_write_sec":3390395,"disk_iops_sec":87,"io_wait":0,"open_files":0,"os_bytes_in_sec":18098,"os_bytes_out_sec":23188,"total_procs":536},"count":1}},"date":1638209400,"epoch_div":27303490},{"groups":{"main":{"totals":{"load_avg":2.98974609375,"cpu_usage":100,"mem_used":8569757696,"mem_free":6215905280,"tcp_conns":97,"disk_usage_root":6.12,"disk_read_sec":2731008,"disk_write_sec":2336972,"disk_iops_sec":123,"io_wait":0,"open_files":0,"os_bytes_in_sec":10532,"os_bytes_out_sec":7369,"total_procs":536},"count":1}},"date":1638209460,"epoch_div":27303491},{"groups":{"main":{"totals":{"load_avg":2.0771484375,"cpu_usage":100,"mem_used":8564162560,"mem_free":6190034944,"tcp_conns":96,"disk_usage_root":6.12,"disk_read_sec":2002534,"disk_write_sec":2534536,"disk_iops_sec":116,"io_wait":0,"open_files":0,"os_bytes_in_sec":12104,"os_bytes_out_sec":10819,"total_procs":535},"count":1}},"date":1638209520,"epoch_div":27303492},{"groups":{"main":{"totals":{"load_avg":2.40283203125,"cpu_usage":100,"mem_used":8558071808,"mem_free":6160744448,"tcp_conns":98,"disk_usage_root":6.12,"disk_read_sec":4995345,"disk_write_sec":5859874,"disk_iops_sec":112,"io_wait":0,"open_files":0,"os_bytes_in_sec":2686,"os_bytes_out_sec":6116,"total_procs":535},"count":1}},"date":1638209580,"epoch_div":27303493}]}