{"type":"list_page","items":[{"date":1637633460,"epoch_div":27293891,"totals":{"load_avg":6.56201171875,"cpu_usage":100,"mem_used":8390483968,"mem_free":6283329536,"tcp_conns":80,"disk_usage_root":6.12,"disk_read_sec":0,"disk_write_sec":0,"disk_iops_sec":0,"io_wait":0,"open_files":0,"os_bytes_in_sec":0,"os_bytes_out_sec":0,"total_procs":439},"count":1},{"date":1637633520,"epoch_div":27293892,"totals":{"load_avg":5.86376953125,"cpu_usage":100,"mem_used":8381595648,"mem_free":6378876928,"tcp_conns":75,"disk_usage_root":6.12,"disk_read_sec":185765,"disk_write_sec":673189,"disk_iops_sec":133,"io_wait":0,"open_files":0,"os_bytes_in_sec":2691,"os_bytes_out_sec":3497,"total_procs":439},"count":1},{"date":1637635860,"epoch_div":27293931,"totals":{"load_avg":4.0791015625,"cpu_usage":100,"mem_used":8457084928,"mem_free":6364889088,"tcp_conns":81,"disk_usage_root":6.12,"disk_read_sec":5152,"disk_write_sec":3436,"disk_iops_sec":0,"io_wait":0,"open_files":0,"os_bytes_in_sec":270,"os_bytes_out_sec":206,"total_procs":442},"count":1},{"date":1637635980,"epoch_div":27293933,"totals":{"load_avg":3.208984375,"cpu_usage":100,"mem_used":8450850816,"mem_free":6557376512,"tcp_conns":80,"disk_usage_root":6.12,"disk_read_sec":54406,"disk_write_sec":62598,"disk_iops_sec":13,"io_wait":0,"open_files":0,"os_bytes_in_sec":1536,"os_bytes_out_sec":3084,"total_procs":440},"count":1},{"date":1637636040,"epoch_div":27293934,"totals":{"load_avg":3.55712890625,"cpu_usage":100,"mem_used":8449474560,"mem_free":6526201856,"tcp_conns":111,"disk_usage_root":6.12,"disk_read_sec":748982,"disk_write_sec":1318765,"disk_iops_sec":152,"io_wait":0,"open_files":0,"os_bytes_in_sec":91468,"os_bytes_out_sec":36383,"total_procs":442},"count":1},{"date":1637636100,"epoch_div":27293935,"totals":{"load_avg":2.39208984375,"cpu_usage":100,"mem_used":8425074688,"mem_free":6482116608,"tcp_conns":111,"disk_usage_root":6.12,"disk_read_sec":425779,"disk_write_sec":497664,"disk_iops_sec":110,"io_wait":0,"open_files":0,"os_bytes_in_sec":67405,"os_bytes_out_sec":11003,"total_procs":445},"count":1},{"date":1637636160,"epoch_div":27293936,"totals":{"load_avg":2.5556640625,"cpu_usage":100,"mem_used":8566534144,"mem_free":6548590592,"tcp_conns":110,"disk_usage_root":6.12,"disk_read_sec":243507,"disk_write_sec":119057,"disk_iops_sec":38,"io_wait":0,"open_files":0,"os_bytes_in_sec":1303,"os_bytes_out_sec":2652,"total_procs":442},"count":1},{"date":1637636220,"epoch_div":27293937,"totals":{"load_avg":2.560546875,"cpu_usage":100,"mem_used":8473776128,"mem_free":6462861312,"tcp_conns":109,"disk_usage_root":6.12,"disk_read_sec":308838,"disk_write_sec":166912,"disk_iops_sec":42,"io_wait":0,"open_files":0,"os_bytes_in_sec":8466,"os_bytes_out_sec":11185,"total_procs":443},"count":1},{"date":1637636280,"epoch_div":27293938,"totals":{"load_avg":2.2294921875,"cpu_usage":100,"mem_used":8496648192,"mem_free":6453223424,"tcp_conns":100,"disk_usage_root":6.12,"disk_read_sec":19182,"disk_write_sec":60347,"disk_iops_sec":11,"io_wait":0,"open_files":0,"os_bytes_in_sec":330,"os_bytes_out_sec":874,"total_procs":441},"count":1},{"date":1637636340,"epoch_div":27293939,"totals":{"load_avg":2.4130859375,"cpu_usage":100,"mem_used":8500801536,"mem_free":6451220480,"tcp_conns":91,"disk_usage_root":6.12,"disk_read_sec":1228,"disk_write_sec":70382,"disk_iops_sec":12,"io_wait":0,"open_files":0,"os_bytes_in_sec":1092,"os_bytes_out_sec":2679,"total_procs":441},"count":1}]}