{"type":"list_page","items":[{"groups":{"main":{"totals":{"load_avg":1.974609375,"cpu_usage":100,"mem_used":8561827840,"mem_free":6525227008,"tcp_conns":61,"disk_usage_root":6.12,"disk_read_sec":44014,"disk_write_sec":85182,"disk_iops_sec":16,"io_wait":0,"open_files":0,"os_bytes_in_sec":396,"os_bytes_out_sec":725,"total_procs":510},"count":1}},"date":1637032980,"epoch_div":27283883},{"groups":{"main":{"totals":{"load_avg":2.75927734375,"cpu_usage":100,"mem_used":8572182528,"mem_free":6520221696,"tcp_conns":61,"disk_usage_root":6.12,"disk_read_sec":100318,"disk_write_sec":72855,"disk_iops_sec":15,"io_wait":0,"open_files":0,"os_bytes_in_sec":348,"os_bytes_out_sec":522,"total_procs":512},"count":1}},"date":1637033040,"epoch_div":27283884},{"groups":{"main":{"totals":{"load_avg":2.38330078125,"cpu_usage":100,"mem_used":8561790976,"mem_free":6516559872,"tcp_conns":61,"disk_usage_root":6.12,"disk_read_sec":52838,"disk_write_sec":88951,"disk_iops_sec":18,"io_wait":0,"open_files":0,"os_bytes_in_sec":417,"os_bytes_out_sec":556,"total_procs":510},"count":1}},"date":1637033100,"epoch_div":27283885},{"groups":{"main":{"totals":{"load_avg":2.03955078125,"cpu_usage":100,"mem_used":8566562816,"mem_free":6514184192,"tcp_conns":59,"disk_usage_root":6.12,"disk_read_sec":12424,"disk_write_sec":100352,"disk_iops_sec":17,"io_wait":0,"open_files":0,"os_bytes_in_sec":312,"os_bytes_out_sec":650,"total_procs":510},"count":1}},"date":1637033160,"epoch_div":27283886},{"groups":{"main":{"totals":{"load_avg":1.98095703125,"cpu_usage":100,"mem_used":8556072960,"mem_free":6523678720,"tcp_conns":62,"disk_usage_root":6.12,"disk_read_sec":321877,"disk_write_sec":718301,"disk_iops_sec":40,"io_wait":0,"open_files":0,"os_bytes_in_sec":689,"os_bytes_out_sec":952,"total_procs":511},"count":1}},"date":1637033220,"epoch_div":27283887},{"groups":{"main":{"totals":{"load_avg":2.29541015625,"cpu_usage":100,"mem_used":8532078592,"mem_free":6542508032,"tcp_conns":60,"disk_usage_root":6.12,"disk_read_sec":304561,"disk_write_sec":96013,"disk_iops_sec":38,"io_wait":0,"open_files":0,"os_bytes_in_sec":608,"os_bytes_out_sec":561,"total_procs":511},"count":1}},"date":1637033280,"epoch_div":27283888},{"groups":{"main":{"totals":{"load_avg":2.46533203125,"cpu_usage":100,"mem_used":8541065216,"mem_free":6531497984,"tcp_conns":60,"disk_usage_root":6.12,"disk_read_sec":83800,"disk_write_sec":88500,"disk_iops_sec":24,"io_wait":0,"open_files":0,"os_bytes_in_sec":453,"os_bytes_out_sec":571,"total_procs":513},"count":1}},"date":1637033340,"epoch_div":27283889},{"groups":{"main":{"totals":{"load_avg":2.74462890625,"cpu_usage":100,"mem_used":8552189952,"mem_free":6519828480,"tcp_conns":60,"disk_usage_root":6.12,"disk_read_sec":19046,"disk_write_sec":98235,"disk_iops_sec":17,"io_wait":0,"open_files":0,"os_bytes_in_sec":319,"os_bytes_out_sec":692,"total_procs":512},"count":1}},"date":1637033400,"epoch_div":27283890},{"groups":{"main":{"totals":{"load_avg":2.052734375,"cpu_usage":100,"mem_used":8546385920,"mem_free":6518239232,"tcp_conns":59,"disk_usage_root":6.12,"disk_read_sec":28398,"disk_write_sec":82466,"disk_iops_sec":16,"io_wait":0,"open_files":0,"os_bytes_in_sec":415,"os_bytes_out_sec":685,"total_procs":510},"count":1}},"date":1637033460,"epoch_div":27283891},{"groups":{"main":{"totals":{"load_avg":2.6962890625,"cpu_usage":100,"mem_used":8544940032,"mem_free":6514925568,"tcp_conns":61,"disk_usage_root":6.12,"disk_read_sec":131822,"disk_write_sec":106291,"disk_iops_sec":23,"io_wait":0,"open_files":0,"os_bytes_in_sec":468,"os_bytes_out_sec":550,"total_procs":510},"count":1}},"date":1637033520,"epoch_div":27283892},{"groups":{"main":{"totals":{"load_avg":2.42626953125,"cpu_usage":100,"mem_used":8545107968,"mem_free":6529847296,"tcp_conns":61,"disk_usage_root":6.12,"disk_read_sec":33115,"disk_write_sec":65883,"disk_iops_sec":14,"io_wait":0,"open_files":0,"os_bytes_in_sec":426,"os_bytes_out_sec":704,"total_procs":510},"count":1}},"date":1637033580,"epoch_div":27283893},{"groups":{"main":{"totals":{"load_avg":2.09619140625,"cpu_usage":100,"mem_used":8534609920,"mem_free":6513655808,"tcp_conns":61,"disk_usage_root":6.12,"disk_read_sec":23501,"disk_write_sec":96558,"disk_iops_sec":14,"io_wait":0,"open_files":0,"os_bytes_in_sec":274,"os_bytes_out_sec":423,"total_procs":510},"count":1}},"date":1637033640,"epoch_div":27283894},{"groups":{"main":{"totals":{"load_avg":2.3876953125,"cpu_usage":100,"mem_used":8470376448,"mem_free":6562803712,"tcp_conns":68,"disk_usage_root":6.12,"disk_read_sec":2185966,"disk_write_sec":1178146,"disk_iops_sec":154,"io_wait":0,"open_files":0,"os_bytes_in_sec":284963,"os_bytes_out_sec":13543,"total_procs":513},"count":1}},"date":1637033700,"epoch_div":27283895},{"groups":{"main":{"totals":{"load_avg":4.212890625,"cpu_usage":100,"mem_used":8493256704,"mem_free":6609854464,"tcp_conns":66,"disk_usage_root":6.12,"disk_read_sec":30446,"disk_write_sec":97484,"disk_iops_sec":18,"io_wait":0,"open_files":0,"os_bytes_in_sec":631,"os_bytes_out_sec":1183,"total_procs":511},"count":1}},"date":1637033760,"epoch_div":27283896},{"groups":{"main":{"totals":{"load_avg":4.8564453125,"cpu_usage":100,"mem_used":8536571904,"mem_free":6565826560,"tcp_conns":73,"disk_usage_root":6.12,"disk_read_sec":1742438,"disk_write_sec":191351,"disk_iops_sec":114,"io_wait":0,"open_files":0,"os_bytes_in_sec":7538,"os_bytes_out_sec":6095,"total_procs":513},"count":1}},"date":1637033820,"epoch_div":27283897},{"groups":{"main":{"totals":{"load_avg":4.06591796875,"cpu_usage":100,"mem_used":8566595584,"mem_free":6593077248,"tcp_conns":71,"disk_usage_root":6.12,"disk_read_sec":925013,"disk_write_sec":297096,"disk_iops_sec":111,"io_wait":0,"open_files":0,"os_bytes_in_sec":14272,"os_bytes_out_sec":7558,"total_procs":516},"count":1}},"date":1637033880,"epoch_div":27283898},{"groups":{"main":{"totals":{"load_avg":4.97412109375,"cpu_usage":100,"mem_used":8569724928,"mem_free":6632288256,"tcp_conns":71,"disk_usage_root":6.12,"disk_read_sec":194108,"disk_write_sec":204175,"disk_iops_sec":53,"io_wait":0,"open_files":0,"os_bytes_in_sec":11829,"os_bytes_out_sec":7691,"total_procs":514},"count":1}},"date":1637033940,"epoch_div":27283899},{"groups":{"main":{"totals":{"load_avg":3.47607421875,"cpu_usage":100,"mem_used":8465592320,"mem_free":6652399616,"tcp_conns":88,"disk_usage_root":6.12,"disk_read_sec":366728,"disk_write_sec":3179520,"disk_iops_sec":74,"io_wait":0,"open_files":0,"os_bytes_in_sec":5702,"os_bytes_out_sec":6396,"total_procs":514},"count":1}},"date":1637034000,"epoch_div":27283900},{"groups":{"main":{"totals":{"load_avg":3.625,"cpu_usage":100,"mem_used":8564752384,"mem_free":6612799488,"tcp_conns":91,"disk_usage_root":6.12,"disk_read_sec":2043904,"disk_write_sec":1251361,"disk_iops_sec":130,"io_wait":0,"open_files":0,"os_bytes_in_sec":37200,"os_bytes_out_sec":16452,"total_procs":516},"count":1}},"date":1637034060,"epoch_div":27283901},{"groups":{"main":{"totals":{"load_avg":3.67431640625,"cpu_usage":100,"mem_used":8519245824,"mem_free":6577504256,"tcp_conns":93,"disk_usage_root":6.12,"disk_read_sec":2032640,"disk_write_sec":191146,"disk_iops_sec":113,"io_wait":0,"open_files":0,"os_bytes_in_sec":2755,"os_bytes_out_sec":4483,"total_procs":519},"count":1}},"date":1637034120,"epoch_div":27283902},{"groups":{"main":{"totals":{"load_avg":2.90283203125,"cpu_usage":100,"mem_used":8302419968,"mem_free":6703886336,"tcp_conns":92,"disk_usage_root":6.12,"disk_read_sec":574668,"disk_write_sec":323106,"disk_iops_sec":65,"io_wait":0,"open_files":0,"os_bytes_in_sec":4198,"os_bytes_out_sec":5881,"total_procs":514},"count":1}},"date":1637034180,"epoch_div":27283903},{"groups":{"main":{"totals":{"load_avg":3.11328125,"cpu_usage":100,"mem_used":8566427648,"mem_free":6552154112,"tcp_conns":92,"disk_usage_root":6.12,"disk_read_sec":498414,"disk_write_sec":603409,"disk_iops_sec":60,"io_wait":0,"open_files":0,"os_bytes_in_sec":2515,"os_bytes_out_sec":5928,"total_procs":520},"count":1}},"date":1637034240,"epoch_div":27283904},{"groups":{"main":{"totals":{"load_avg":3.38330078125,"cpu_usage":100,"mem_used":8523915264,"mem_free":6599524352,"tcp_conns":89,"disk_usage_root":6.12,"disk_read_sec":1821764,"disk_write_sec":593578,"disk_iops_sec":123,"io_wait":0,"open_files":0,"os_bytes_in_sec":12809,"os_bytes_out_sec":9186,"total_procs":517},"count":1}},"date":1637034300,"epoch_div":27283905},{"groups":{"main":{"totals":{"load_avg":2.546875,"cpu_usage":100,"mem_used":8203411456,"mem_free":6750298112,"tcp_conns":83,"disk_usage_root":6.12,"disk_read_sec":243097,"disk_write_sec":216951,"disk_iops_sec":47,"io_wait":0,"open_files":0,"os_bytes_in_sec":2815,"os_bytes_out_sec":2801,"total_procs":510},"count":1}},"date":1637034360,"epoch_div":27283906},{"groups":{"main":{"totals":{"load_avg":1.9697265625,"cpu_usage":100,"mem_used":8363003904,"mem_free":6642122752,"tcp_conns":84,"disk_usage_root":6.12,"disk_read_sec":68590,"disk_write_sec":152593,"disk_iops_sec":23,"io_wait":0,"open_files":0,"os_bytes_in_sec":2330,"os_bytes_out_sec":4636,"total_procs":510},"count":1}},"date":1637034420,"epoch_div":27283907},{"groups":{"main":{"totals":{"load_avg":2.02392578125,"cpu_usage":100,"mem_used":8491270144,"mem_free":6561185792,"tcp_conns":79,"disk_usage_root":6.12,"disk_read_sec":314914,"disk_write_sec":553574,"disk_iops_sec":46,"io_wait":0,"open_files":0,"os_bytes_in_sec":4912,"os_bytes_out_sec":4404,"total_procs":514},"count":1}},"date":1637034480,"epoch_div":27283908},{"groups":{"main":{"totals":{"load_avg":2.662109375,"cpu_usage":100,"mem_used":8363585536,"mem_free":6632046592,"tcp_conns":79,"disk_usage_root":6.12,"disk_read_sec":34379,"disk_write_sec":654218,"disk_iops_sec":28,"io_wait":0,"open_files":0,"os_bytes_in_sec":1236,"os_bytes_out_sec":3184,"total_procs":511},"count":1}},"date":1637034540,"epoch_div":27283909},{"groups":{"main":{"totals":{"load_avg":2.38720703125,"cpu_usage":100,"mem_used":8305115136,"mem_free":6566637568,"tcp_conns":84,"disk_usage_root":6.12,"disk_read_sec":1567948,"disk_write_sec":280098,"disk_iops_sec":93,"io_wait":0,"open_files":0,"os_bytes_in_sec":65304,"os_bytes_out_sec":10334,"total_procs":511},"count":1}},"date":1637034600,"epoch_div":27283910},{"groups":{"main":{"totals":{"load_avg":2.65576171875,"cpu_usage":100,"mem_used":8509849600,"mem_free":6458908672,"tcp_conns":89,"disk_usage_root":6.12,"disk_read_sec":1746397,"disk_write_sec":264465,"disk_iops_sec":108,"io_wait":0,"open_files":0,"os_bytes_in_sec":13035,"os_bytes_out_sec":9255,"total_procs":511},"count":1}},"date":1637034660,"epoch_div":27283911},{"groups":{"main":{"totals":{"load_avg":4.78369140625,"cpu_usage":100,"mem_used":8538136576,"mem_free":6493966336,"tcp_conns":89,"disk_usage_root":6.12,"disk_read_sec":3344384,"disk_write_sec":319010,"disk_iops_sec":186,"io_wait":0,"open_files":0,"os_bytes_in_sec":22103,"os_bytes_out_sec":11405,"total_procs":513},"count":1}},"date":1637034720,"epoch_div":27283912},{"groups":{"main":{"totals":{"load_avg":3.02001953125,"cpu_usage":100,"mem_used":8458203136,"mem_free":6592925696,"tcp_conns":87,"disk_usage_root":6.12,"disk_read_sec":5180620,"disk_write_sec":309589,"disk_iops_sec":266,"io_wait":0,"open_files":0,"os_bytes_in_sec":17763,"os_bytes_out_sec":8604,"total_procs":518},"count":1}},"date":1637034780,"epoch_div":27283913},{"groups":{"main":{"totals":{"load_avg":2.916015625,"cpu_usage":100,"mem_used":8188801024,"mem_free":6700634112,"tcp_conns":89,"disk_usage_root":6.12,"disk_read_sec":2745344,"disk_write_sec":2601164,"disk_iops_sec":164,"io_wait":0,"open_files":0,"os_bytes_in_sec":60677,"os_bytes_out_sec":2918,"total_procs":519},"count":1}},"date":1637034840,"epoch_div":27283914},{"groups":{"main":{"totals":{"load_avg":3.798828125,"cpu_usage":100,"mem_used":8401457152,"mem_free":6652772352,"tcp_conns":85,"disk_usage_root":6.12,"disk_read_sec":932013,"disk_write_sec":351492,"disk_iops_sec":77,"io_wait":0,"open_files":0,"os_bytes_in_sec":93768,"os_bytes_out_sec":6942,"total_procs":514},"count":1}},"date":1637034900,"epoch_div":27283915},{"groups":{"main":{"totals":{"load_avg":2.78466796875,"cpu_usage":100,"mem_used":8433475584,"mem_free":6620643328,"tcp_conns":76,"disk_usage_root":6.12,"disk_read_sec":66006,"disk_write_sec":131609,"disk_iops_sec":26,"io_wait":0,"open_files":0,"os_bytes_in_sec":641,"os_bytes_out_sec":813,"total_procs":512},"count":1}},"date":1637034960,"epoch_div":27283916},{"groups":{"main":{"totals":{"load_avg":2.71875,"cpu_usage":100,"mem_used":8567197696,"mem_free":6491521024,"tcp_conns":77,"disk_usage_root":6.12,"disk_read_sec":324676,"disk_write_sec":861320,"disk_iops_sec":59,"io_wait":0,"open_files":0,"os_bytes_in_sec":8438,"os_bytes_out_sec":6464,"total_procs":516},"count":1}},"date":1637035020,"epoch_div":27283917},{"groups":{"main":{"totals":{"load_avg":2.39501953125,"cpu_usage":100,"mem_used":8555974656,"mem_free":6551666688,"tcp_conns":76,"disk_usage_root":6.12,"disk_read_sec":438886,"disk_write_sec":1741755,"disk_iops_sec":97,"io_wait":0,"open_files":0,"os_bytes_in_sec":9660,"os_bytes_out_sec":8514,"total_procs":516},"count":1}},"date":1637035080,"epoch_div":27283918},{"groups":{"main":{"totals":{"load_avg":4.92578125,"cpu_usage":100,"mem_used":8564350976,"mem_free":6531276800,"tcp_conns":77,"disk_usage_root":6.12,"disk_read_sec":232038,"disk_write_sec":838519,"disk_iops_sec":75,"io_wait":0,"open_files":0,"os_bytes_in_sec":16668,"os_bytes_out_sec":17722,"total_procs":514},"count":1}},"date":1637035140,"epoch_div":27283919},{"groups":{"main":{"totals":{"load_avg":3.92431640625,"cpu_usage":100,"mem_used":8463675392,"mem_free":6559334400,"tcp_conns":80,"disk_usage_root":6.12,"disk_read_sec":2059741,"disk_write_sec":317235,"disk_iops_sec":124,"io_wait":0,"open_files":0,"os_bytes_in_sec":14168,"os_bytes_out_sec":12177,"total_procs":515},"count":1}},"date":1637035200,"epoch_div":27283920},{"groups":{"main":{"totals":{"load_avg":4.35205078125,"cpu_usage":100,"mem_used":8544833536,"mem_free":6539309056,"tcp_conns":84,"disk_usage_root":6.12,"disk_read_sec":801587,"disk_write_sec":1036288,"disk_iops_sec":98,"io_wait":0,"open_files":0,"os_bytes_in_sec":33956,"os_bytes_out_sec":18356,"total_procs":513},"count":1}},"date":1637035260,"epoch_div":27283921},{"groups":{"main":{"totals":{"load_avg":4.01171875,"cpu_usage":100,"mem_used":8310722560,"mem_free":6468202496,"tcp_conns":83,"disk_usage_root":6.12,"disk_read_sec":103492,"disk_write_sec":4645137,"disk_iops_sec":45,"io_wait":0,"open_files":0,"os_bytes_in_sec":1208,"os_bytes_out_sec":1683,"total_procs":512},"count":1}},"date":1637035320,"epoch_div":27283922},{"groups":{"main":{"totals":{"load_avg":2.69677734375,"cpu_usage":100,"mem_used":8354078720,"mem_free":6431801344,"tcp_conns":81,"disk_usage_root":6.12,"disk_read_sec":250203,"disk_write_sec":90042,"disk_iops_sec":17,"io_wait":0,"open_files":0,"os_bytes_in_sec":823,"os_bytes_out_sec":1555,"total_procs":511},"count":1}},"date":1637035380,"epoch_div":27283923},{"groups":{"main":{"totals":{"load_avg":2.69921875,"cpu_usage":100,"mem_used":8423362560,"mem_free":6447599616,"tcp_conns":79,"disk_usage_root":6.12,"disk_read_sec":117306,"disk_write_sec":93335,"disk_iops_sec":17,"io_wait":0,"open_files":0,"os_bytes_in_sec":358,"os_bytes_out_sec":482,"total_procs":511},"count":1}},"date":1637035440,"epoch_div":27283924},{"groups":{"main":{"totals":{"load_avg":2.8427734375,"cpu_usage":100,"mem_used":8478711808,"mem_free":6427037696,"tcp_conns":79,"disk_usage_root":6.12,"disk_read_sec":68198,"disk_write_sec":111411,"disk_iops_sec":21,"io_wait":0,"open_files":0,"os_bytes_in_sec":751,"os_bytes_out_sec":1373,"total_procs":511},"count":1}},"date":1637035500,"epoch_div":27283925},{"groups":{"main":{"totals":{"load_avg":2.51025390625,"cpu_usage":100,"mem_used":8569126912,"mem_free":6409510912,"tcp_conns":85,"disk_usage_root":6.12,"disk_read_sec":1046459,"disk_write_sec":228761,"disk_iops_sec":66,"io_wait":0,"open_files":0,"os_bytes_in_sec":17211,"os_bytes_out_sec":10532,"total_procs":510},"count":1}},"date":1637035560,"epoch_div":27283926},{"groups":{"main":{"totals":{"load_avg":4.4091796875,"cpu_usage":100,"mem_used":8567611392,"mem_free":6465474560,"tcp_conns":89,"disk_usage_root":6.12,"disk_read_sec":2170470,"disk_write_sec":292864,"disk_iops_sec":133,"io_wait":0,"open_files":0,"os_bytes_in_sec":26981,"os_bytes_out_sec":5897,"total_procs":515},"count":1}},"date":1637035620,"epoch_div":27283927},{"groups":{"main":{"totals":{"load_avg":3.1552734375,"cpu_usage":100,"mem_used":8555913216,"mem_free":6554054656,"tcp_conns":90,"disk_usage_root":6.12,"disk_read_sec":1996936,"disk_write_sec":312797,"disk_iops_sec":112,"io_wait":0,"open_files":0,"os_bytes_in_sec":5626,"os_bytes_out_sec":5895,"total_procs":513},"count":1}},"date":1637035680,"epoch_div":27283928},{"groups":{"main":{"totals":{"load_avg":2.3837890625,"cpu_usage":100,"mem_used":8570028032,"mem_free":6599475200,"tcp_conns":92,"disk_usage_root":6.12,"disk_read_sec":284945,"disk_write_sec":1059635,"disk_iops_sec":43,"io_wait":0,"open_files":0,"os_bytes_in_sec":1334,"os_bytes_out_sec":2505,"total_procs":513},"count":1}},"date":1637035740,"epoch_div":27283929},{"groups":{"main":{"totals":{"load_avg":2.64453125,"cpu_usage":100,"mem_used":8566194176,"mem_free":6593806336,"tcp_conns":91,"disk_usage_root":6.12,"disk_read_sec":133501,"disk_write_sec":161687,"disk_iops_sec":33,"io_wait":0,"open_files":0,"os_bytes_in_sec":3343,"os_bytes_out_sec":4422,"total_procs":515},"count":1}},"date":1637035800,"epoch_div":27283930},{"groups":{"main":{"totals":{"load_avg":2.5439453125,"cpu_usage":100,"mem_used":8559788032,"mem_free":6676754432,"tcp_conns":95,"disk_usage_root":6.12,"disk_read_sec":2137856,"disk_write_sec":777728,"disk_iops_sec":155,"io_wait":0,"open_files":0,"os_bytes_in_sec":9211,"os_bytes_out_sec":4040,"total_procs":520},"count":1}},"date":1637035860,"epoch_div":27283931},{"groups":{"main":{"totals":{"load_avg":2.8984375,"cpu_usage":100,"mem_used":8565977088,"mem_free":6728331264,"tcp_conns":93,"disk_usage_root":6.12,"disk_read_sec":621370,"disk_write_sec":935397,"disk_iops_sec":67,"io_wait":0,"open_files":0,"os_bytes_in_sec":1155,"os_bytes_out_sec":1643,"total_procs":518},"count":1}},"date":1637035920,"epoch_div":27283932},{"groups":{"main":{"totals":{"load_avg":2.876953125,"cpu_usage":100,"mem_used":8569880576,"mem_free":6730653696,"tcp_conns":91,"disk_usage_root":6.12,"disk_read_sec":147387,"disk_write_sec":149504,"disk_iops_sec":41,"io_wait":0,"open_files":0,"os_bytes_in_sec":744,"os_bytes_out_sec":1922,"total_procs":516},"count":1}},"date":1637035980,"epoch_div":27283933},{"groups":{"main":{"totals":{"load_avg":1.93408203125,"cpu_usage":100,"mem_used":8471928832,"mem_free":6601687040,"tcp_conns":89,"disk_usage_root":6.12,"disk_read_sec":179473,"disk_write_sec":468445,"disk_iops_sec":37,"io_wait":0,"open_files":0,"os_bytes_in_sec":1053,"os_bytes_out_sec":2295,"total_procs":517},"count":1}},"date":1637036040,"epoch_div":27283934},{"groups":{"main":{"totals":{"load_avg":3.60595703125,"cpu_usage":100,"mem_used":8467451904,"mem_free":6539276288,"tcp_conns":86,"disk_usage_root":6.12,"disk_read_sec":1981235,"disk_write_sec":457932,"disk_iops_sec":85,"io_wait":0,"open_files":0,"os_bytes_in_sec":2431,"os_bytes_out_sec":2759,"total_procs":517},"count":1}},"date":1637036100,"epoch_div":27283935},{"groups":{"main":{"totals":{"load_avg":3.86572265625,"cpu_usage":100,"mem_used":8568123392,"mem_free":6604173312,"tcp_conns":85,"disk_usage_root":6.12,"disk_read_sec":2353425,"disk_write_sec":288153,"disk_iops_sec":139,"io_wait":0,"open_files":0,"os_bytes_in_sec":9827,"os_bytes_out_sec":6620,"total_procs":516},"count":1}},"date":1637036160,"epoch_div":27283936},{"groups":{"main":{"totals":{"load_avg":3.29736328125,"cpu_usage":100,"mem_used":8548302848,"mem_free":6715518976,"tcp_conns":84,"disk_usage_root":6.12,"disk_read_sec":4043434,"disk_write_sec":165273,"disk_iops_sec":122,"io_wait":0,"open_files":0,"os_bytes_in_sec":1764,"os_bytes_out_sec":2241,"total_procs":519},"count":1}},"date":1637036220,"epoch_div":27283937},{"groups":{"main":{"totals":{"load_avg":2.65869140625,"cpu_usage":100,"mem_used":8494886912,"mem_free":6708211712,"tcp_conns":81,"disk_usage_root":6.12,"disk_read_sec":1256925,"disk_write_sec":194286,"disk_iops_sec":99,"io_wait":0,"open_files":0,"os_bytes_in_sec":771,"os_bytes_out_sec":915,"total_procs":517},"count":1}},"date":1637036280,"epoch_div":27283938},{"groups":{"main":{"totals":{"load_avg":2.314453125,"cpu_usage":100,"mem_used":7828004864,"mem_free":6683246592,"tcp_conns":80,"disk_usage_root":6.12,"disk_read_sec":641570,"disk_write_sec":11436100,"disk_iops_sec":91,"io_wait":0,"open_files":0,"os_bytes_in_sec":8111,"os_bytes_out_sec":5091,"total_procs":517},"count":1}},"date":1637036340,"epoch_div":27283939},{"groups":{"main":{"totals":{"load_avg":1.9765625,"cpu_usage":100,"mem_used":8132370432,"mem_free":6386384896,"tcp_conns":95,"disk_usage_root":6.12,"disk_read_sec":3978717,"disk_write_sec":843571,"disk_iops_sec":97,"io_wait":0,"open_files":0,"os_bytes_in_sec":670,"os_bytes_out_sec":1267,"total_procs":517},"count":1}},"date":1637036400,"epoch_div":27283940},{"groups":{"main":{"totals":{"load_avg":3.08251953125,"cpu_usage":100,"mem_used":8416452608,"mem_free":6283169792,"tcp_conns":97,"disk_usage_root":6.12,"disk_read_sec":2147874,"disk_write_sec":536302,"disk_iops_sec":104,"io_wait":0,"open_files":0,"os_bytes_in_sec":27351,"os_bytes_out_sec":4612,"total_procs":524},"count":1}},"date":1637036460,"epoch_div":27283941},{"groups":{"main":{"totals":{"load_avg":2.42138671875,"cpu_usage":100,"mem_used":8530169856,"mem_free":6267023360,"tcp_conns":95,"disk_usage_root":6.12,"disk_read_sec":1295428,"disk_write_sec":212650,"disk_iops_sec":106,"io_wait":0,"open_files":0,"os_bytes_in_sec":6665,"os_bytes_out_sec":1811,"total_procs":517},"count":1}},"date":1637036520,"epoch_div":27283942},{"groups":{"main":{"totals":{"load_avg":2.2666015625,"cpu_usage":100,"mem_used":8177381376,"mem_free":6466301952,"tcp_conns":95,"disk_usage_root":6.12,"disk_read_sec":4149521,"disk_write_sec":206097,"disk_iops_sec":104,"io_wait":0,"open_files":0,"os_bytes_in_sec":955,"os_bytes_out_sec":1636,"total_procs":516},"count":1}},"date":1637036580,"epoch_div":27283943},{"groups":{"main":{"totals":{"load_avg":2.6650390625,"cpu_usage":100,"mem_used":8288145408,"mem_free":6403268608,"tcp_conns":99,"disk_usage_root":6.12,"disk_read_sec":574054,"disk_write_sec":305425,"disk_iops_sec":60,"io_wait":0,"open_files":0,"os_bytes_in_sec":17098,"os_bytes_out_sec":12783,"total_procs":520},"count":1}},"date":1637036640,"epoch_div":27283944},{"groups":{"main":{"totals":{"load_avg":3.14794921875,"cpu_usage":100,"mem_used":8143400960,"mem_free":6415794176,"tcp_conns":149,"disk_usage_root":6.12,"disk_read_sec":2048833,"disk_write_sec":312545,"disk_iops_sec":151,"io_wait":0,"open_files":0,"os_bytes_in_sec":53488,"os_bytes_out_sec":15682,"total_procs":513},"count":1}},"date":1637036700,"epoch_div":27283945},{"groups":{"main":{"totals":{"load_avg":2.958984375,"cpu_usage":100,"mem_used":8327954432,"mem_free":6325555200,"tcp_conns":130,"disk_usage_root":6.12,"disk_read_sec":1601809,"disk_write_sec":234018,"disk_iops_sec":68,"io_wait":0,"open_files":0,"os_bytes_in_sec":2260,"os_bytes_out_sec":1593,"total_procs":515},"count":1}},"date":1637036760,"epoch_div":27283946},{"groups":{"main":{"totals":{"load_avg":2.7900390625,"cpu_usage":100,"mem_used":8445399040,"mem_free":6263656448,"tcp_conns":126,"disk_usage_root":6.12,"disk_read_sec":542014,"disk_write_sec":847872,"disk_iops_sec":48,"io_wait":0,"open_files":0,"os_bytes_in_sec":2469,"os_bytes_out_sec":1578,"total_procs":520},"count":1}},"date":1637036820,"epoch_div":27283947},{"groups":{"main":{"totals":{"load_avg":3.0712890625,"cpu_usage":100,"mem_used":8411729920,"mem_free":6301925376,"tcp_conns":123,"disk_usage_root":6.12,"disk_read_sec":459707,"disk_write_sec":216268,"disk_iops_sec":55,"io_wait":0,"open_files":0,"os_bytes_in_sec":1151,"os_bytes_out_sec":1120,"total_procs":512},"count":1}},"date":1637036880,"epoch_div":27283948},{"groups":{"main":{"totals":{"load_avg":2.9130859375,"cpu_usage":100,"mem_used":8564957184,"mem_free":6297825280,"tcp_conns":112,"disk_usage_root":6.12,"disk_read_sec":1628364,"disk_write_sec":233813,"disk_iops_sec":103,"io_wait":0,"open_files":0,"os_bytes_in_sec":1987,"os_bytes_out_sec":1627,"total_procs":517},"count":1}},"date":1637036940,"epoch_div":27283949},{"groups":{"main":{"totals":{"load_avg":2.69873046875,"cpu_usage":100,"mem_used":8539365376,"mem_free":6305509376,"tcp_conns":98,"disk_usage_root":6.12,"disk_read_sec":796467,"disk_write_sec":144588,"disk_iops_sec":53,"io_wait":0,"open_files":0,"os_bytes_in_sec":1105,"os_bytes_out_sec":1160,"total_procs":517},"count":1}},"date":1637037000,"epoch_div":27283950},{"groups":{"main":{"totals":{"load_avg":2.95849609375,"cpu_usage":100,"mem_used":8504332288,"mem_free":6417985536,"tcp_conns":86,"disk_usage_root":6.12,"disk_read_sec":9632494,"disk_write_sec":218999,"disk_iops_sec":558,"io_wait":0,"open_files":0,"os_bytes_in_sec":1617,"os_bytes_out_sec":1962,"total_procs":516},"count":1}},"date":1637037060,"epoch_div":27283951},{"groups":{"main":{"totals":{"load_avg":2.4091796875,"cpu_usage":100,"mem_used":8522506240,"mem_free":6374436864,"tcp_conns":85,"disk_usage_root":6.12,"disk_read_sec":67896,"disk_write_sec":144401,"disk_iops_sec":27,"io_wait":0,"open_files":0,"os_bytes_in_sec":564,"os_bytes_out_sec":673,"total_procs":514},"count":1}},"date":1637037120,"epoch_div":27283952},{"groups":{"main":{"totals":{"load_avg":2.177734375,"cpu_usage":100,"mem_used":8510115840,"mem_free":6392229888,"tcp_conns":83,"disk_usage_root":6.12,"disk_read_sec":5312,"disk_write_sec":75200,"disk_iops_sec":13,"io_wait":0,"open_files":0,"os_bytes_in_sec":319,"os_bytes_out_sec":497,"total_procs":512},"count":1}},"date":1637037180,"epoch_div":27283953},{"groups":{"main":{"totals":{"load_avg":2.544921875,"cpu_usage":100,"mem_used":8484806656,"mem_free":6364315648,"tcp_conns":78,"disk_usage_root":6.12,"disk_read_sec":1702426,"disk_write_sec":120508,"disk_iops_sec":74,"io_wait":0,"open_files":0,"os_bytes_in_sec":620,"os_bytes_out_sec":826,"total_procs":514},"count":1}},"date":1637037240,"epoch_div":27283954},{"groups":{"main":{"totals":{"load_avg":2.4755859375,"cpu_usage":100,"mem_used":8472416256,"mem_free":6351491072,"tcp_conns":74,"disk_usage_root":6.12,"disk_read_sec":30720,"disk_write_sec":143428,"disk_iops_sec":23,"io_wait":0,"open_files":0,"os_bytes_in_sec":445,"os_bytes_out_sec":561,"total_procs":512},"count":1}},"date":1637037300,"epoch_div":27283955},{"groups":{"main":{"totals":{"load_avg":2.76220703125,"cpu_usage":100,"mem_used":8511168512,"mem_free":6380359680,"tcp_conns":73,"disk_usage_root":6.12,"disk_read_sec":22186,"disk_write_sec":105676,"disk_iops_sec":18,"io_wait":0,"open_files":0,"os_bytes_in_sec":312,"os_bytes_out_sec":402,"total_procs":514},"count":1}},"date":1637037360,"epoch_div":27283956},{"groups":{"main":{"totals":{"load_avg":2.5908203125,"cpu_usage":100,"mem_used":8507125760,"mem_free":6316720128,"tcp_conns":73,"disk_usage_root":6.12,"disk_read_sec":9966,"disk_write_sec":70382,"disk_iops_sec":12,"io_wait":0,"open_files":0,"os_bytes_in_sec":310,"os_bytes_out_sec":400,"total_procs":513},"count":1}},"date":1637037420,"epoch_div":27283957},{"groups":{"main":{"totals":{"load_avg":2.61083984375,"cpu_usage":100,"mem_used":8567476224,"mem_free":6380539904,"tcp_conns":73,"disk_usage_root":6.12,"disk_read_sec":321672,"disk_write_sec":776533,"disk_iops_sec":51,"io_wait":0,"open_files":0,"os_bytes_in_sec":419,"os_bytes_out_sec":439,"total_procs":513},"count":1}},"date":1637037480,"epoch_div":27283958},{"groups":{"main":{"totals":{"load_avg":2.455078125,"cpu_usage":100,"mem_used":8537415680,"mem_free":6374940672,"tcp_conns":74,"disk_usage_root":6.12,"disk_read_sec":38044,"disk_write_sec":112535,"disk_iops_sec":21,"io_wait":0,"open_files":0,"os_bytes_in_sec":478,"os_bytes_out_sec":401,"total_procs":513},"count":1}},"date":1637037540,"epoch_div":27283959},{"groups":{"main":{"totals":{"load_avg":3.43408203125,"cpu_usage":100,"mem_used":8572690432,"mem_free":6398468096,"tcp_conns":72,"disk_usage_root":6.12,"disk_read_sec":49084,"disk_write_sec":119589,"disk_iops_sec":25,"io_wait":0,"open_files":0,"os_bytes_in_sec":382,"os_bytes_out_sec":794,"total_procs":515},"count":1}},"date":1637037600,"epoch_div":27283960},{"groups":{"main":{"totals":{"load_avg":2.51416015625,"cpu_usage":100,"mem_used":8561012736,"mem_free":6362578944,"tcp_conns":72,"disk_usage_root":6.12,"disk_read_sec":73113,"disk_write_sec":160221,"disk_iops_sec":27,"io_wait":0,"open_files":0,"os_bytes_in_sec":611,"os_bytes_out_sec":885,"total_procs":516},"count":1}},"date":1637037660,"epoch_div":27283961},{"groups":{"main":{"totals":{"load_avg":1.9990234375,"cpu_usage":100,"mem_used":8570658816,"mem_free":6359769088,"tcp_conns":74,"disk_usage_root":6.12,"disk_read_sec":115916,"disk_write_sec":148753,"disk_iops_sec":31,"io_wait":0,"open_files":0,"os_bytes_in_sec":857,"os_bytes_out_sec":901,"total_procs":516},"count":1}},"date":1637037720,"epoch_div":27283962},{"groups":{"main":{"totals":{"load_avg":2.1513671875,"cpu_usage":100,"mem_used":8516255744,"mem_free":6343856128,"tcp_conns":74,"disk_usage_root":6.12,"disk_read_sec":3801907,"disk_write_sec":140765,"disk_iops_sec":496,"io_wait":0,"open_files":0,"os_bytes_in_sec":1677,"os_bytes_out_sec":1354,"total_procs":515},"count":1}},"date":1637037780,"epoch_div":27283963},{"groups":{"main":{"totals":{"load_avg":2.69775390625,"cpu_usage":100,"mem_used":8548171776,"mem_free":6387740672,"tcp_conns":80,"disk_usage_root":6.12,"disk_read_sec":253269,"disk_write_sec":150664,"disk_iops_sec":39,"io_wait":0,"open_files":0,"os_bytes_in_sec":11657,"os_bytes_out_sec":1618,"total_procs":513},"count":1}},"date":1637037840,"epoch_div":27283964},{"groups":{"main":{"totals":{"load_avg":2.71923828125,"cpu_usage":100,"mem_used":8549634048,"mem_free":6381969408,"tcp_conns":77,"disk_usage_root":6.12,"disk_read_sec":381064,"disk_write_sec":1357482,"disk_iops_sec":45,"io_wait":0,"open_files":0,"os_bytes_in_sec":713,"os_bytes_out_sec":966,"total_procs":515},"count":1}},"date":1637037900,"epoch_div":27283965},{"groups":{"main":{"totals":{"load_avg":2.33203125,"cpu_usage":100,"mem_used":8547491840,"mem_free":6377500672,"tcp_conns":73,"disk_usage_root":6.12,"disk_read_sec":124723,"disk_write_sec":963925,"disk_iops_sec":37,"io_wait":0,"open_files":0,"os_bytes_in_sec":284,"os_bytes_out_sec":752,"total_procs":514},"count":1}},"date":1637037960,"epoch_div":27283966},{"groups":{"main":{"totals":{"load_avg":2.0146484375,"cpu_usage":100,"mem_used":8567574528,"mem_free":6392606720,"tcp_conns":74,"disk_usage_root":6.12,"disk_read_sec":759876,"disk_write_sec":1056631,"disk_iops_sec":82,"io_wait":0,"open_files":0,"os_bytes_in_sec":459,"os_bytes_out_sec":654,"total_procs":515},"count":1}},"date":1637038020,"epoch_div":27283967},{"groups":{"main":{"totals":{"load_avg":2.2578125,"cpu_usage":100,"mem_used":8537821184,"mem_free":6392365056,"tcp_conns":74,"disk_usage_root":6.12,"disk_read_sec":659114,"disk_write_sec":115029,"disk_iops_sec":69,"io_wait":0,"open_files":0,"os_bytes_in_sec":673,"os_bytes_out_sec":604,"total_procs":513},"count":1}},"date":1637038080,"epoch_div":27283968},{"groups":{"main":{"totals":{"load_avg":2.560546875,"cpu_usage":100,"mem_used":8484220928,"mem_free":6656458752,"tcp_conns":88,"disk_usage_root":6.12,"disk_read_sec":3484125,"disk_write_sec":297915,"disk_iops_sec":193,"io_wait":0,"open_files":0,"os_bytes_in_sec":80637,"os_bytes_out_sec":13701,"total_procs":520},"count":1}},"date":1637038140,"epoch_div":27283969},{"groups":{"main":{"totals":{"load_avg":2.2080078125,"cpu_usage":100,"mem_used":8508600320,"mem_free":6583767040,"tcp_conns":92,"disk_usage_root":6.12,"disk_read_sec":69290,"disk_write_sec":119534,"disk_iops_sec":24,"io_wait":0,"open_files":0,"os_bytes_in_sec":4880,"os_bytes_out_sec":6955,"total_procs":516},"count":1}},"date":1637038200,"epoch_div":27283970},{"groups":{"main":{"totals":{"load_avg":3.2548828125,"cpu_usage":100,"mem_used":8570658816,"mem_free":6600941568,"tcp_conns":91,"disk_usage_root":6.12,"disk_read_sec":147251,"disk_write_sec":90180,"disk_iops_sec":33,"io_wait":0,"open_files":0,"os_bytes_in_sec":313,"os_bytes_out_sec":816,"total_procs":516},"count":1}},"date":1637038260,"epoch_div":27283971},{"groups":{"main":{"totals":{"load_avg":2.603515625,"cpu_usage":100,"mem_used":8335941632,"mem_free":6794420224,"tcp_conns":94,"disk_usage_root":6.12,"disk_read_sec":353006,"disk_write_sec":124313,"disk_iops_sec":40,"io_wait":0,"open_files":0,"os_bytes_in_sec":1493,"os_bytes_out_sec":2525,"total_procs":515},"count":1}},"date":1637038320,"epoch_div":27283972},{"groups":{"main":{"totals":{"load_avg":3.45703125,"cpu_usage":100,"mem_used":8569253888,"mem_free":6630699008,"tcp_conns":100,"disk_usage_root":6.12,"disk_read_sec":1947921,"disk_write_sec":332936,"disk_iops_sec":144,"io_wait":0,"open_files":0,"os_bytes_in_sec":21799,"os_bytes_out_sec":9922,"total_procs":519},"count":1}},"date":1637038380,"epoch_div":27283973},{"groups":{"main":{"totals":{"load_avg":2.83544921875,"cpu_usage":100,"mem_used":8429613056,"mem_free":6728224768,"tcp_conns":95,"disk_usage_root":6.12,"disk_read_sec":316552,"disk_write_sec":220023,"disk_iops_sec":50,"io_wait":0,"open_files":0,"os_bytes_in_sec":5173,"os_bytes_out_sec":3248,"total_procs":516},"count":1}},"date":1637038440,"epoch_div":27283974},{"groups":{"main":{"totals":{"load_avg":2.83544921875,"cpu_usage":100,"mem_used":8494546944,"mem_free":6620577792,"tcp_conns":95,"disk_usage_root":6.12,"disk_read_sec":52770,"disk_write_sec":131345,"disk_iops_sec":22,"io_wait":0,"open_files":0,"os_bytes_in_sec":767,"os_bytes_out_sec":1506,"total_procs":514},"count":1}},"date":1637038500,"epoch_div":27283975},{"groups":{"main":{"totals":{"load_avg":2.9990234375,"cpu_usage":100,"mem_used":8484687872,"mem_free":6493020160,"tcp_conns":82,"disk_usage_root":6.12,"disk_read_sec":939690,"disk_write_sec":813329,"disk_iops_sec":60,"io_wait":0,"open_files":0,"os_bytes_in_sec":1320,"os_bytes_out_sec":5753,"total_procs":516},"count":1}},"date":1637038560,"epoch_div":27283976},{"groups":{"main":{"totals":{"load_avg":3.4560546875,"cpu_usage":100,"mem_used":8377450496,"mem_free":6539689984,"tcp_conns":87,"disk_usage_root":6.12,"disk_read_sec":1881975,"disk_write_sec":308087,"disk_iops_sec":116,"io_wait":0,"open_files":0,"os_bytes_in_sec":80367,"os_bytes_out_sec":14134,"total_procs":518},"count":1}},"date":1637038620,"epoch_div":27283977},{"groups":{"main":{"totals":{"load_avg":2.45849609375,"cpu_usage":100,"mem_used":8517779456,"mem_free":6499209216,"tcp_conns":100,"disk_usage_root":6.12,"disk_read_sec":2197845,"disk_write_sec":241868,"disk_iops_sec":133,"io_wait":0,"open_files":0,"os_bytes_in_sec":7447,"os_bytes_out_sec":8778,"total_procs":513},"count":1}},"date":1637038680,"epoch_div":27283978},{"groups":{"main":{"totals":{"load_avg":2.791015625,"cpu_usage":100,"mem_used":8428654592,"mem_free":6521659392,"tcp_conns":102,"disk_usage_root":6.12,"disk_read_sec":1367586,"disk_write_sec":234018,"disk_iops_sec":88,"io_wait":0,"open_files":0,"os_bytes_in_sec":41241,"os_bytes_out_sec":2336,"total_procs":511},"count":1}},"date":1637038740,"epoch_div":27283979},{"groups":{"main":{"totals":{"load_avg":3.30810546875,"cpu_usage":100,"mem_used":8553193472,"mem_free":6675189760,"tcp_conns":123,"disk_usage_root":6.12,"disk_read_sec":2583074,"disk_write_sec":648396,"disk_iops_sec":177,"io_wait":0,"open_files":0,"os_bytes_in_sec":159455,"os_bytes_out_sec":9513,"total_procs":527},"count":1}},"date":1637038800,"epoch_div":27283980},{"groups":{"main":{"totals":{"load_avg":2.62939453125,"cpu_usage":100,"mem_used":8000196608,"mem_free":6553731072,"tcp_conns":121,"disk_usage_root":6.12,"disk_read_sec":1981769,"disk_write_sec":8998009,"disk_iops_sec":134,"io_wait":0,"open_files":0,"os_bytes_in_sec":5898,"os_bytes_out_sec":4223,"total_procs":512},"count":1}},"date":1637038860,"epoch_div":27283981},{"groups":{"main":{"totals":{"load_avg":2.84130859375,"cpu_usage":100,"mem_used":8057946112,"mem_free":6467104768,"tcp_conns":113,"disk_usage_root":6.12,"disk_read_sec":81169,"disk_write_sec":143837,"disk_iops_sec":22,"io_wait":0,"open_files":0,"os_bytes_in_sec":866,"os_bytes_out_sec":1509,"total_procs":513},"count":1}},"date":1637038920,"epoch_div":27283982}]}