{"type":"list_page","items":[{"date":1636958400,"epoch_div":27282640,"totals":{"load_avg":2.27001953125,"cpu_usage":100,"mem_used":4925587456,"mem_free":7577452544,"tcp_conns":20,"disk_usage_root":6.12,"disk_read_sec":38111,"disk_write_sec":46723,"disk_iops_sec":0,"io_wait":0,"open_files":0,"os_bytes_in_sec":0,"os_bytes_out_sec":0,"total_procs":503},"count":1},{"date":1636958460,"epoch_div":27282641,"totals":{"load_avg":2.73583984375,"cpu_usage":100,"mem_used":5333123072,"mem_free":7178575872,"tcp_conns":38,"disk_usage_root":6.12,"disk_read_sec":10811164,"disk_write_sec":5191680,"disk_iops_sec":712,"io_wait":0,"open_files":0,"os_bytes_in_sec":0,"os_bytes_out_sec":0,"total_procs":508},"count":1},{"date":1636958520,"epoch_div":27282642,"totals":{"load_avg":2.59521484375,"cpu_usage":100,"mem_used":5627445248,"mem_free":7177719808,"tcp_conns":34,"disk_usage_root":6.12,"disk_read_sec":5247795,"disk_write_sec":4523690,"disk_iops_sec":146,"io_wait":0,"open_files":0,"os_bytes_in_sec":35709,"os_bytes_out_sec":10620,"total_procs":504},"count":1},{"date":1636958580,"epoch_div":27282643,"totals":{"load_avg":3.3564453125,"cpu_usage":100,"mem_used":6248919040,"mem_free":6831239168,"tcp_conns":47,"disk_usage_root":6.12,"disk_read_sec":1849548,"disk_write_sec":256273,"disk_iops_sec":64,"io_wait":0,"open_files":0,"os_bytes_in_sec":63965,"os_bytes_out_sec":7422,"total_procs":497},"count":1},{"date":1636958640,"epoch_div":27282644,"totals":{"load_avg":2.623046875,"cpu_usage":100,"mem_used":6224211968,"mem_free":6684667904,"tcp_conns":50,"disk_usage_root":6.12,"disk_read_sec":273271,"disk_write_sec":593578,"disk_iops_sec":53,"io_wait":0,"open_files":0,"os_bytes_in_sec":414765,"os_bytes_out_sec":7920,"total_procs":495},"count":1},{"date":1636958700,"epoch_div":27282645,"totals":{"load_avg":2.04833984375,"cpu_usage":100,"mem_used":6243569664,"mem_free":6696800256,"tcp_conns":50,"disk_usage_root":6.12,"disk_read_sec":55053,"disk_write_sec":96151,"disk_iops_sec":16,"io_wait":0,"open_files":0,"os_bytes_in_sec":820,"os_bytes_out_sec":1551,"total_procs":494},"count":1},{"date":1636958760,"epoch_div":27282646,"totals":{"load_avg":3.13037109375,"cpu_usage":100,"mem_used":6932414464,"mem_free":6439309312,"tcp_conns":55,"disk_usage_root":6.12,"disk_read_sec":2967688,"disk_write_sec":1665365,"disk_iops_sec":103,"io_wait":0,"open_files":0,"os_bytes_in_sec":384791,"os_bytes_out_sec":21916,"total_procs":499},"count":1},{"date":1636958820,"epoch_div":27282647,"totals":{"load_avg":2.90771484375,"cpu_usage":100,"mem_used":6841073664,"mem_free":6291824640,"tcp_conns":49,"disk_usage_root":6.12,"disk_read_sec":281079,"disk_write_sec":419672,"disk_iops_sec":64,"io_wait":0,"open_files":0,"os_bytes_in_sec":124344,"os_bytes_out_sec":8109,"total_procs":496},"count":1},{"date":1636958880,"epoch_div":27282648,"totals":{"load_avg":2.76171875,"cpu_usage":100,"mem_used":6922641408,"mem_free":6237081600,"tcp_conns":48,"disk_usage_root":6.12,"disk_read_sec":186914,"disk_write_sec":266103,"disk_iops_sec":26,"io_wait":0,"open_files":0,"os_bytes_in_sec":39006,"os_bytes_out_sec":2223,"total_procs":495},"count":1},{"date":1636958940,"epoch_div":27282649,"totals":{"load_avg":3.2880859375,"cpu_usage":100,"mem_used":7068499968,"mem_free":6366916608,"tcp_conns":48,"disk_usage_root":6.12,"disk_read_sec":132710,"disk_write_sec":209715,"disk_iops_sec":35,"io_wait":0,"open_files":0,"os_bytes_in_sec":6045,"os_bytes_out_sec":5705,"total_procs":496},"count":1},{"date":1636959000,"epoch_div":27282650,"totals":{"load_avg":2.88916015625,"cpu_usage":100,"mem_used":6950543360,"mem_free":6319562752,"tcp_conns":43,"disk_usage_root":6.12,"disk_read_sec":34201,"disk_write_sec":273339,"disk_iops_sec":35,"io_wait":0,"open_files":0,"os_bytes_in_sec":116262,"os_bytes_out_sec":6364,"total_procs":496},"count":1},{"date":1636959060,"epoch_div":27282651,"totals":{"load_avg":2.455078125,"cpu_usage":100,"mem_used":6947725312,"mem_free":6294454272,"tcp_conns":41,"disk_usage_root":6.12,"disk_read_sec":11400,"disk_write_sec":370824,"disk_iops_sec":36,"io_wait":0,"open_files":0,"os_bytes_in_sec":171482,"os_bytes_out_sec":4421,"total_procs":494},"count":1},{"date":1636959120,"epoch_div":27282652,"totals":{"load_avg":2.46142578125,"cpu_usage":100,"mem_used":7015321600,"mem_free":6259425280,"tcp_conns":39,"disk_usage_root":6.12,"disk_read_sec":169915,"disk_write_sec":132983,"disk_iops_sec":29,"io_wait":0,"open_files":0,"os_bytes_in_sec":1771,"os_bytes_out_sec":1862,"total_procs":497},"count":1},{"date":1636959180,"epoch_div":27282653,"totals":{"load_avg":2.1962890625,"cpu_usage":100,"mem_used":7173877760,"mem_free":6187794432,"tcp_conns":39,"disk_usage_root":6.12,"disk_read_sec":90385,"disk_write_sec":229034,"disk_iops_sec":34,"io_wait":0,"open_files":0,"os_bytes_in_sec":31770,"os_bytes_out_sec":60136,"total_procs":497},"count":1},{"date":1636959240,"epoch_div":27282654,"totals":{"load_avg":2.43701171875,"cpu_usage":100,"mem_used":7284781056,"mem_free":6260301824,"tcp_conns":39,"disk_usage_root":6.12,"disk_read_sec":92402,"disk_write_sec":377040,"disk_iops_sec":42,"io_wait":0,"open_files":0,"os_bytes_in_sec":147883,"os_bytes_out_sec":25228,"total_procs":495},"count":1},{"date":1636959300,"epoch_div":27282655,"totals":{"load_avg":2.1806640625,"cpu_usage":100,"mem_used":7220969472,"mem_free":6144663552,"tcp_conns":35,"disk_usage_root":6.12,"disk_read_sec":31197,"disk_write_sec":403524,"disk_iops_sec":34,"io_wait":0,"open_files":0,"os_bytes_in_sec":229890,"os_bytes_out_sec":3964,"total_procs":496},"count":1},{"date":1636959360,"epoch_div":27282656,"totals":{"load_avg":1.80029296875,"cpu_usage":100,"mem_used":7336345600,"mem_free":6095310848,"tcp_conns":41,"disk_usage_root":6.12,"disk_read_sec":506829,"disk_write_sec":802681,"disk_iops_sec":70,"io_wait":0,"open_files":0,"os_bytes_in_sec":106982,"os_bytes_out_sec":6631,"total_procs":497},"count":1},{"date":1636959420,"epoch_div":27282657,"totals":{"load_avg":1.35693359375,"cpu_usage":100,"mem_used":7320342528,"mem_free":6065086464,"tcp_conns":40,"disk_usage_root":6.12,"disk_read_sec":18636,"disk_write_sec":181179,"disk_iops_sec":26,"io_wait":0,"open_files":0,"os_bytes_in_sec":44702,"os_bytes_out_sec":3725,"total_procs":495},"count":1},{"date":1636959480,"epoch_div":27282658,"totals":{"load_avg":2.08251953125,"cpu_usage":100,"mem_used":7658688512,"mem_free":5849333760,"tcp_conns":50,"disk_usage_root":6.12,"disk_read_sec":2532761,"disk_write_sec":991846,"disk_iops_sec":211,"io_wait":0,"open_files":0,"os_bytes_in_sec":309300,"os_bytes_out_sec":9077,"total_procs":508},"count":1},{"date":1636959540,"epoch_div":27282659,"totals":{"load_avg":1.72314453125,"cpu_usage":100,"mem_used":7635337216,"mem_free":5868650496,"tcp_conns":45,"disk_usage_root":6.12,"disk_read_sec":24712,"disk_write_sec":155101,"disk_iops_sec":22,"io_wait":0,"open_files":0,"os_bytes_in_sec":96751,"os_bytes_out_sec":2420,"total_procs":500},"count":1}]}