{"type":"list_page","items":[{"date":1636743600,"epoch_div":27279060,"totals":{"load_avg":2.2626953125,"cpu_usage":100,"mem_used":8486899712,"mem_free":6385946624,"tcp_conns":21,"disk_usage_root":6.12,"disk_read_sec":955,"disk_write_sec":58299,"disk_iops_sec":10,"io_wait":0,"open_files":0,"os_bytes_in_sec":266,"os_bytes_out_sec":178,"total_procs":493},"count":1},{"date":1636743660,"epoch_div":27279061,"totals":{"load_avg":2.22265625,"cpu_usage":100,"mem_used":8495206400,"mem_free":6348537856,"tcp_conns":22,"disk_usage_root":6.12,"disk_read_sec":7577,"disk_write_sec":789777,"disk_iops_sec":16,"io_wait":0,"open_files":0,"os_bytes_in_sec":96,"os_bytes_out_sec":82,"total_procs":495},"count":1},{"date":1636743720,"epoch_div":27279062,"totals":{"load_avg":1.9990234375,"cpu_usage":100,"mem_used":8497606656,"mem_free":6342905856,"tcp_conns":22,"disk_usage_root":6.12,"disk_read_sec":41096,"disk_write_sec":61166,"disk_iops_sec":16,"io_wait":0,"open_files":0,"os_bytes_in_sec":141,"os_bytes_out_sec":137,"total_procs":494},"count":1},{"date":1636743780,"epoch_div":27279063,"totals":{"load_avg":2.6025390625,"cpu_usage":100,"mem_used":8495693824,"mem_free":6342078464,"tcp_conns":23,"disk_usage_root":6.12,"disk_read_sec":11673,"disk_write_sec":372121,"disk_iops_sec":15,"io_wait":0,"open_files":0,"os_bytes_in_sec":160,"os_bytes_out_sec":236,"total_procs":494},"count":1},{"date":1636743840,"epoch_div":27279064,"totals":{"load_avg":2.3583984375,"cpu_usage":100,"mem_used":8496533504,"mem_free":6337536000,"tcp_conns":21,"disk_usage_root":6.12,"disk_read_sec":8669,"disk_write_sec":77619,"disk_iops_sec":12,"io_wait":0,"open_files":0,"os_bytes_in_sec":956,"os_bytes_out_sec":149,"total_procs":494},"count":1},{"date":1636743900,"epoch_div":27279065,"totals":{"load_avg":2.97412109375,"cpu_usage":100,"mem_used":8495710208,"mem_free":6368448512,"tcp_conns":22,"disk_usage_root":6.12,"disk_read_sec":546,"disk_write_sec":62873,"disk_iops_sec":11,"io_wait":0,"open_files":0,"os_bytes_in_sec":203,"os_bytes_out_sec":142,"total_procs":494},"count":1},{"date":1636743960,"epoch_div":27279066,"totals":{"load_avg":2.24072265625,"cpu_usage":100,"mem_used":8564105216,"mem_free":6324117504,"tcp_conns":22,"disk_usage_root":6.12,"disk_read_sec":20753,"disk_write_sec":58982,"disk_iops_sec":13,"io_wait":0,"open_files":0,"os_bytes_in_sec":156,"os_bytes_out_sec":126,"total_procs":493},"count":1},{"date":1636744020,"epoch_div":27279067,"totals":{"load_avg":2.42822265625,"cpu_usage":100,"mem_used":8497217536,"mem_free":6359736320,"tcp_conns":20,"disk_usage_root":6.12,"disk_read_sec":26897,"disk_write_sec":54203,"disk_iops_sec":12,"io_wait":0,"open_files":0,"os_bytes_in_sec":160,"os_bytes_out_sec":90,"total_procs":494},"count":1},{"date":1636744080,"epoch_div":27279068,"totals":{"load_avg":2.3564453125,"cpu_usage":100,"mem_used":8498642944,"mem_free":6360825856,"tcp_conns":21,"disk_usage_root":6.12,"disk_read_sec":750,"disk_write_sec":59528,"disk_iops_sec":11,"io_wait":0,"open_files":0,"os_bytes_in_sec":320,"os_bytes_out_sec":193,"total_procs":494},"count":1},{"date":1636744140,"epoch_div":27279069,"totals":{"load_avg":2.5888671875,"cpu_usage":100,"mem_used":8496803840,"mem_free":6359265280,"tcp_conns":20,"disk_usage_root":6.12,"disk_read_sec":10171,"disk_write_sec":69085,"disk_iops_sec":14,"io_wait":0,"open_files":0,"os_bytes_in_sec":348,"os_bytes_out_sec":257,"total_procs":494},"count":1},{"date":1636744200,"epoch_div":27279070,"totals":{"load_avg":2.662109375,"cpu_usage":100,"mem_used":8496857088,"mem_free":6392508416,"tcp_conns":21,"disk_usage_root":6.12,"disk_read_sec":12424,"disk_write_sec":80964,"disk_iops_sec":13,"io_wait":0,"open_files":0,"os_bytes_in_sec":535,"os_bytes_out_sec":360,"total_procs":494},"count":1},{"date":1636744260,"epoch_div":27279071,"totals":{"load_avg":2.033203125,"cpu_usage":100,"mem_used":8497479680,"mem_free":6352781312,"tcp_conns":21,"disk_usage_root":6.12,"disk_read_sec":75394,"disk_write_sec":59704,"disk_iops_sec":13,"io_wait":0,"open_files":0,"os_bytes_in_sec":412,"os_bytes_out_sec":165,"total_procs":494},"count":1},{"date":1636744320,"epoch_div":27279072,"totals":{"load_avg":2.83349609375,"cpu_usage":100,"mem_used":8495263744,"mem_free":6357012480,"tcp_conns":21,"disk_usage_root":6.12,"disk_read_sec":0,"disk_write_sec":51502,"disk_iops_sec":9,"io_wait":0,"open_files":0,"os_bytes_in_sec":108,"os_bytes_out_sec":114,"total_procs":493},"count":1},{"date":1636744380,"epoch_div":27279073,"totals":{"load_avg":1.94091796875,"cpu_usage":100,"mem_used":8498868224,"mem_free":6357716992,"tcp_conns":21,"disk_usage_root":6.12,"disk_read_sec":341,"disk_write_sec":58914,"disk_iops_sec":10,"io_wait":0,"open_files":0,"os_bytes_in_sec":136,"os_bytes_out_sec":105,"total_procs":494},"count":1},{"date":1636744440,"epoch_div":27279074,"totals":{"load_avg":1.77490234375,"cpu_usage":100,"mem_used":8496164864,"mem_free":6356402176,"tcp_conns":19,"disk_usage_root":6.12,"disk_read_sec":136,"disk_write_sec":51404,"disk_iops_sec":9,"io_wait":0,"open_files":0,"os_bytes_in_sec":395,"os_bytes_out_sec":123,"total_procs":493},"count":1},{"date":1636744500,"epoch_div":27279075,"totals":{"load_avg":1.775390625,"cpu_usage":100,"mem_used":8499044352,"mem_free":6386851840,"tcp_conns":20,"disk_usage_root":6.12,"disk_read_sec":17134,"disk_write_sec":52974,"disk_iops_sec":10,"io_wait":0,"open_files":0,"os_bytes_in_sec":212,"os_bytes_out_sec":146,"total_procs":494},"count":1},{"date":1636744560,"epoch_div":27279076,"totals":{"load_avg":2.234375,"cpu_usage":100,"mem_used":8558510080,"mem_free":6323601408,"tcp_conns":20,"disk_usage_root":6.12,"disk_read_sec":264192,"disk_write_sec":73250,"disk_iops_sec":29,"io_wait":0,"open_files":0,"os_bytes_in_sec":106,"os_bytes_out_sec":116,"total_procs":494},"count":1},{"date":1636744620,"epoch_div":27279077,"totals":{"load_avg":2.3720703125,"cpu_usage":100,"mem_used":8485818368,"mem_free":6364106752,"tcp_conns":20,"disk_usage_root":6.12,"disk_read_sec":27511,"disk_write_sec":53794,"disk_iops_sec":12,"io_wait":0,"open_files":0,"os_bytes_in_sec":147,"os_bytes_out_sec":78,"total_procs":494},"count":1},{"date":1636744680,"epoch_div":27279078,"totals":{"load_avg":2.00048828125,"cpu_usage":100,"mem_used":8485523456,"mem_free":6364233728,"tcp_conns":21,"disk_usage_root":6.12,"disk_read_sec":5256,"disk_write_sec":61030,"disk_iops_sec":12,"io_wait":0,"open_files":0,"os_bytes_in_sec":412,"os_bytes_out_sec":190,"total_procs":494},"count":1},{"date":1636744740,"epoch_div":27279079,"totals":{"load_avg":2.07763671875,"cpu_usage":100,"mem_used":8503939072,"mem_free":6352232448,"tcp_conns":22,"disk_usage_root":6.12,"disk_read_sec":133461,"disk_write_sec":81442,"disk_iops_sec":28,"io_wait":0,"open_files":0,"os_bytes_in_sec":966,"os_bytes_out_sec":583,"total_procs":497},"count":1},{"date":1636744800,"epoch_div":27279080,"totals":{"load_avg":1.99560546875,"cpu_usage":100,"mem_used":8181104640,"mem_free":6546214912,"tcp_conns":23,"disk_usage_root":6.12,"disk_read_sec":406050,"disk_write_sec":1520571,"disk_iops_sec":26,"io_wait":0,"open_files":0,"os_bytes_in_sec":1207,"os_bytes_out_sec":469,"total_procs":499},"count":1},{"date":1636744860,"epoch_div":27279081,"totals":{"load_avg":2.2978515625,"cpu_usage":100,"mem_used":8173195264,"mem_free":6518337536,"tcp_conns":21,"disk_usage_root":6.12,"disk_read_sec":3549,"disk_write_sec":65945,"disk_iops_sec":12,"io_wait":0,"open_files":0,"os_bytes_in_sec":294,"os_bytes_out_sec":181,"total_procs":494},"count":1},{"date":1636744920,"epoch_div":27279082,"totals":{"load_avg":1.56689453125,"cpu_usage":100,"mem_used":8174690304,"mem_free":6521839616,"tcp_conns":21,"disk_usage_root":6.12,"disk_read_sec":12902,"disk_write_sec":78438,"disk_iops_sec":12,"io_wait":0,"open_files":0,"os_bytes_in_sec":5291,"os_bytes_out_sec":635,"total_procs":494},"count":1},{"date":1636744980,"epoch_div":27279083,"totals":{"load_avg":1.77392578125,"cpu_usage":100,"mem_used":8174227456,"mem_free":6521360384,"tcp_conns":21,"disk_usage_root":6.12,"disk_read_sec":750,"disk_write_sec":59801,"disk_iops_sec":10,"io_wait":0,"open_files":0,"os_bytes_in_sec":64,"os_bytes_out_sec":76,"total_procs":494},"count":1},{"date":1636745040,"epoch_div":27279084,"totals":{"load_avg":1.908203125,"cpu_usage":100,"mem_used":8173703168,"mem_free":6520684544,"tcp_conns":19,"disk_usage_root":6.12,"disk_read_sec":9352,"disk_write_sec":66150,"disk_iops_sec":14,"io_wait":0,"open_files":0,"os_bytes_in_sec":311,"os_bytes_out_sec":142,"total_procs":493},"count":1},{"date":1636745100,"epoch_div":27279085,"totals":{"load_avg":1.28857421875,"cpu_usage":100,"mem_used":8175820800,"mem_free":6552899584,"tcp_conns":21,"disk_usage_root":6.12,"disk_read_sec":750,"disk_write_sec":57890,"disk_iops_sec":10,"io_wait":0,"open_files":0,"os_bytes_in_sec":328,"os_bytes_out_sec":253,"total_procs":494},"count":1},{"date":1636745160,"epoch_div":27279086,"totals":{"load_avg":1.529296875,"cpu_usage":100,"mem_used":8252674048,"mem_free":6469378048,"tcp_conns":21,"disk_usage_root":6.12,"disk_read_sec":265216,"disk_write_sec":64170,"disk_iops_sec":29,"io_wait":0,"open_files":0,"os_bytes_in_sec":330,"os_bytes_out_sec":200,"total_procs":493},"count":1},{"date":1636745220,"epoch_div":27279087,"totals":{"load_avg":2.109375,"cpu_usage":100,"mem_used":8186327040,"mem_free":6505037824,"tcp_conns":20,"disk_usage_root":6.12,"disk_read_sec":2525,"disk_write_sec":56797,"disk_iops_sec":10,"io_wait":0,"open_files":0,"os_bytes_in_sec":74,"os_bytes_out_sec":81,"total_procs":494},"count":1},{"date":1636745280,"epoch_div":27279088,"totals":{"load_avg":1.7724609375,"cpu_usage":100,"mem_used":8187383808,"mem_free":6504792064,"tcp_conns":21,"disk_usage_root":6.12,"disk_read_sec":7236,"disk_write_sec":74137,"disk_iops_sec":11,"io_wait":0,"open_files":0,"os_bytes_in_sec":256,"os_bytes_out_sec":213,"total_procs":494},"count":1},{"date":1636745340,"epoch_div":27279089,"totals":{"load_avg":1.96142578125,"cpu_usage":100,"mem_used":8265252864,"mem_free":6475141120,"tcp_conns":20,"disk_usage_root":6.12,"disk_read_sec":22869,"disk_write_sec":120081,"disk_iops_sec":17,"io_wait":0,"open_files":0,"os_bytes_in_sec":705,"os_bytes_out_sec":469,"total_procs":500},"count":1},{"date":1636745400,"epoch_div":27279090,"totals":{"load_avg":1.90966796875,"cpu_usage":100,"mem_used":8256581632,"mem_free":6496817152,"tcp_conns":21,"disk_usage_root":6.12,"disk_read_sec":35020,"disk_write_sec":307950,"disk_iops_sec":29,"io_wait":0,"open_files":0,"os_bytes_in_sec":415,"os_bytes_out_sec":283,"total_procs":494},"count":1},{"date":1636745460,"epoch_div":27279091,"totals":{"load_avg":1.7197265625,"cpu_usage":100,"mem_used":8252305408,"mem_free":6461784064,"tcp_conns":21,"disk_usage_root":6.12,"disk_read_sec":3891,"disk_write_sec":65399,"disk_iops_sec":12,"io_wait":0,"open_files":0,"os_bytes_in_sec":181,"os_bytes_out_sec":80,"total_procs":494},"count":1},{"date":1636745520,"epoch_div":27279092,"totals":{"load_avg":2.5986328125,"cpu_usage":100,"mem_used":8250036224,"mem_free":6467981312,"tcp_conns":21,"disk_usage_root":6.12,"disk_read_sec":477,"disk_write_sec":52360,"disk_iops_sec":9,"io_wait":0,"open_files":0,"os_bytes_in_sec":102,"os_bytes_out_sec":109,"total_procs":493},"count":1},{"date":1636745580,"epoch_div":27279093,"totals":{"load_avg":1.69091796875,"cpu_usage":100,"mem_used":8292831232,"mem_free":6435504128,"tcp_conns":25,"disk_usage_root":6.12,"disk_read_sec":4651,"disk_write_sec":395923,"disk_iops_sec":15,"io_wait":0,"open_files":0,"os_bytes_in_sec":414,"os_bytes_out_sec":578,"total_procs":496},"count":1},{"date":1636745640,"epoch_div":27279094,"totals":{"load_avg":1.740234375,"cpu_usage":100,"mem_used":8290791424,"mem_free":6425935872,"tcp_conns":24,"disk_usage_root":6.12,"disk_read_sec":1549765,"disk_write_sec":86351,"disk_iops_sec":68,"io_wait":0,"open_files":0,"os_bytes_in_sec":1255,"os_bytes_out_sec":798,"total_procs":494},"count":1},{"date":1636745700,"epoch_div":27279095,"totals":{"load_avg":1.5869140625,"cpu_usage":100,"mem_used":8289562624,"mem_free":6462291968,"tcp_conns":25,"disk_usage_root":6.12,"disk_read_sec":9966,"disk_write_sec":77482,"disk_iops_sec":13,"io_wait":0,"open_files":0,"os_bytes_in_sec":175,"os_bytes_out_sec":167,"total_procs":494},"count":1},{"date":1636745760,"epoch_div":27279096,"totals":{"load_avg":1.83935546875,"cpu_usage":100,"mem_used":8361271296,"mem_free":6349930496,"tcp_conns":25,"disk_usage_root":6.12,"disk_read_sec":955,"disk_write_sec":57890,"disk_iops_sec":10,"io_wait":0,"open_files":0,"os_bytes_in_sec":184,"os_bytes_out_sec":125,"total_procs":493},"count":1},{"date":1636745820,"epoch_div":27279097,"totals":{"load_avg":2.16064453125,"cpu_usage":100,"mem_used":8293904384,"mem_free":6399803392,"tcp_conns":22,"disk_usage_root":6.12,"disk_read_sec":136,"disk_write_sec":54886,"disk_iops_sec":9,"io_wait":0,"open_files":0,"os_bytes_in_sec":82,"os_bytes_out_sec":107,"total_procs":494},"count":1},{"date":1636745880,"epoch_div":27279098,"totals":{"load_avg":1.63330078125,"cpu_usage":100,"mem_used":8296710144,"mem_free":6394019840,"tcp_conns":22,"disk_usage_root":6.12,"disk_read_sec":955,"disk_write_sec":61849,"disk_iops_sec":11,"io_wait":0,"open_files":0,"os_bytes_in_sec":347,"os_bytes_out_sec":202,"total_procs":494},"count":1},{"date":1636745940,"epoch_div":27279099,"totals":{"load_avg":1.8994140625,"cpu_usage":100,"mem_used":8290058240,"mem_free":6390476800,"tcp_conns":20,"disk_usage_root":6.12,"disk_read_sec":1433,"disk_write_sec":70656,"disk_iops_sec":13,"io_wait":0,"open_files":0,"os_bytes_in_sec":343,"os_bytes_out_sec":272,"total_procs":494},"count":1},{"date":1636746000,"epoch_div":27279100,"totals":{"load_avg":1.76318359375,"cpu_usage":100,"mem_used":8288235520,"mem_free":6461988864,"tcp_conns":21,"disk_usage_root":6.12,"disk_read_sec":16247,"disk_write_sec":58436,"disk_iops_sec":13,"io_wait":0,"open_files":0,"os_bytes_in_sec":382,"os_bytes_out_sec":325,"total_procs":493},"count":1},{"date":1636746060,"epoch_div":27279101,"totals":{"load_avg":2.1650390625,"cpu_usage":100,"mem_used":8290766848,"mem_free":6389022720,"tcp_conns":21,"disk_usage_root":6.12,"disk_read_sec":11059,"disk_write_sec":83217,"disk_iops_sec":13,"io_wait":0,"open_files":0,"os_bytes_in_sec":401,"os_bytes_out_sec":241,"total_procs":494},"count":1},{"date":1636746120,"epoch_div":27279102,"totals":{"load_avg":2.140625,"cpu_usage":100,"mem_used":8289570816,"mem_free":6397739008,"tcp_conns":21,"disk_usage_root":6.12,"disk_read_sec":546,"disk_write_sec":59050,"disk_iops_sec":11,"io_wait":0,"open_files":0,"os_bytes_in_sec":144,"os_bytes_out_sec":118,"total_procs":493},"count":1},{"date":1636746180,"epoch_div":27279103,"totals":{"load_avg":2.224609375,"cpu_usage":100,"mem_used":8293126144,"mem_free":6396403712,"tcp_conns":21,"disk_usage_root":6.12,"disk_read_sec":1911,"disk_write_sec":60142,"disk_iops_sec":11,"io_wait":0,"open_files":0,"os_bytes_in_sec":191,"os_bytes_out_sec":143,"total_procs":494},"count":1},{"date":1636746240,"epoch_div":27279104,"totals":{"load_avg":2.53173828125,"cpu_usage":100,"mem_used":8293289984,"mem_free":6388551680,"tcp_conns":19,"disk_usage_root":6.12,"disk_read_sec":1874,"disk_write_sec":56094,"disk_iops_sec":10,"io_wait":0,"open_files":0,"os_bytes_in_sec":346,"os_bytes_out_sec":140,"total_procs":494},"count":1},{"date":1636746300,"epoch_div":27279105,"totals":{"load_avg":2.3984375,"cpu_usage":100,"mem_used":8297889792,"mem_free":6455222272,"tcp_conns":20,"disk_usage_root":6.12,"disk_read_sec":537,"disk_write_sec":62245,"disk_iops_sec":10,"io_wait":0,"open_files":0,"os_bytes_in_sec":185,"os_bytes_out_sec":140,"total_procs":494},"count":1},{"date":1636746360,"epoch_div":27279106,"totals":{"load_avg":1.912109375,"cpu_usage":100,"mem_used":8363950080,"mem_free":6342467584,"tcp_conns":20,"disk_usage_root":6.12,"disk_read_sec":819,"disk_write_sec":58572,"disk_iops_sec":10,"io_wait":0,"open_files":0,"os_bytes_in_sec":163,"os_bytes_out_sec":121,"total_procs":493},"count":1},{"date":1636746420,"epoch_div":27279107,"totals":{"load_avg":1.28759765625,"cpu_usage":100,"mem_used":8300945408,"mem_free":6393118720,"tcp_conns":20,"disk_usage_root":6.12,"disk_read_sec":68,"disk_write_sec":56115,"disk_iops_sec":10,"io_wait":0,"open_files":0,"os_bytes_in_sec":85,"os_bytes_out_sec":67,"total_procs":494},"count":1},{"date":1636746480,"epoch_div":27279108,"totals":{"load_avg":1.50048828125,"cpu_usage":100,"mem_used":8300879872,"mem_free":6392762368,"tcp_conns":21,"disk_usage_root":6.12,"disk_read_sec":6758,"disk_write_sec":74615,"disk_iops_sec":12,"io_wait":0,"open_files":0,"os_bytes_in_sec":803,"os_bytes_out_sec":200,"total_procs":494},"count":1},{"date":1636746540,"epoch_div":27279109,"totals":{"load_avg":2.39990234375,"cpu_usage":100,"mem_used":8293699584,"mem_free":6393946112,"tcp_conns":20,"disk_usage_root":6.12,"disk_read_sec":3208,"disk_write_sec":72977,"disk_iops_sec":13,"io_wait":0,"open_files":0,"os_bytes_in_sec":432,"os_bytes_out_sec":288,"total_procs":494},"count":1},{"date":1636746600,"epoch_div":27279110,"totals":{"load_avg":2.34814453125,"cpu_usage":100,"mem_used":8295960576,"mem_free":6448099328,"tcp_conns":22,"disk_usage_root":6.12,"disk_read_sec":1024,"disk_write_sec":341879,"disk_iops_sec":11,"io_wait":0,"open_files":0,"os_bytes_in_sec":425,"os_bytes_out_sec":288,"total_procs":493},"count":1},{"date":1636746660,"epoch_div":27279111,"totals":{"load_avg":2.2783203125,"cpu_usage":100,"mem_used":8296845312,"mem_free":6380646400,"tcp_conns":21,"disk_usage_root":6.12,"disk_read_sec":67242,"disk_write_sec":64238,"disk_iops_sec":13,"io_wait":0,"open_files":0,"os_bytes_in_sec":218,"os_bytes_out_sec":94,"total_procs":494},"count":1},{"date":1636746720,"epoch_div":27279112,"totals":{"load_avg":1.57421875,"cpu_usage":100,"mem_used":8294043648,"mem_free":6390067200,"tcp_conns":21,"disk_usage_root":6.12,"disk_read_sec":3822,"disk_write_sec":52224,"disk_iops_sec":10,"io_wait":0,"open_files":0,"os_bytes_in_sec":109,"os_bytes_out_sec":112,"total_procs":493},"count":1},{"date":1636746780,"epoch_div":27279113,"totals":{"load_avg":1.615234375,"cpu_usage":100,"mem_used":8296910848,"mem_free":6390763520,"tcp_conns":21,"disk_usage_root":6.12,"disk_read_sec":3413,"disk_write_sec":63965,"disk_iops_sec":12,"io_wait":0,"open_files":0,"os_bytes_in_sec":225,"os_bytes_out_sec":171,"total_procs":494},"count":1},{"date":1636746840,"epoch_div":27279114,"totals":{"load_avg":1.419921875,"cpu_usage":100,"mem_used":8294993920,"mem_free":6392041472,"tcp_conns":19,"disk_usage_root":6.12,"disk_read_sec":23552,"disk_write_sec":98030,"disk_iops_sec":15,"io_wait":0,"open_files":0,"os_bytes_in_sec":5550,"os_bytes_out_sec":707,"total_procs":493},"count":1},{"date":1636746900,"epoch_div":27279115,"totals":{"load_avg":3.0771484375,"cpu_usage":100,"mem_used":8300167168,"mem_free":6447218688,"tcp_conns":20,"disk_usage_root":6.12,"disk_read_sec":1160,"disk_write_sec":57275,"disk_iops_sec":10,"io_wait":0,"open_files":0,"os_bytes_in_sec":179,"os_bytes_out_sec":151,"total_procs":494},"count":1},{"date":1636746960,"epoch_div":27279116,"totals":{"load_avg":2.50634765625,"cpu_usage":100,"mem_used":8366616576,"mem_free":6342197248,"tcp_conns":20,"disk_usage_root":6.12,"disk_read_sec":546,"disk_write_sec":59392,"disk_iops_sec":10,"io_wait":0,"open_files":0,"os_bytes_in_sec":173,"os_bytes_out_sec":113,"total_procs":493},"count":1},{"date":1636747020,"epoch_div":27279117,"totals":{"load_avg":2.60546875,"cpu_usage":100,"mem_used":8304189440,"mem_free":6386548736,"tcp_conns":20,"disk_usage_root":6.12,"disk_read_sec":38161,"disk_write_sec":61235,"disk_iops_sec":14,"io_wait":0,"open_files":0,"os_bytes_in_sec":109,"os_bytes_out_sec":83,"total_procs":494},"count":1},{"date":1636747080,"epoch_div":27279118,"totals":{"load_avg":1.732421875,"cpu_usage":100,"mem_used":8302989312,"mem_free":6383521792,"tcp_conns":21,"disk_usage_root":6.12,"disk_read_sec":1774,"disk_write_sec":71680,"disk_iops_sec":13,"io_wait":0,"open_files":0,"os_bytes_in_sec":274,"os_bytes_out_sec":197,"total_procs":494},"count":1},{"date":1636747140,"epoch_div":27279119,"totals":{"load_avg":1.6220703125,"cpu_usage":100,"mem_used":8302231552,"mem_free":6386114560,"tcp_conns":20,"disk_usage_root":6.12,"disk_read_sec":4437,"disk_write_sec":69836,"disk_iops_sec":13,"io_wait":0,"open_files":0,"os_bytes_in_sec":365,"os_bytes_out_sec":259,"total_procs":494},"count":1}]}