{"type":"list_page","items":[{"date":1639324860,"epoch_div":27322081,"totals":{"load_avg":1.86474609375,"cpu_usage":100,"mem_used":8549896192,"mem_free":6322135040,"tcp_conns":104,"disk_usage_root":8.83,"disk_read_sec":139479,"disk_write_sec":200050,"disk_iops_sec":3,"io_wait":0,"open_files":0,"os_bytes_in_sec":86,"os_bytes_out_sec":44,"total_procs":489},"count":1},{"date":1639324920,"epoch_div":27322082,"totals":{"load_avg":2.29345703125,"cpu_usage":100,"mem_used":8415006720,"mem_free":6047940608,"tcp_conns":98,"disk_usage_root":8.83,"disk_read_sec":11455066,"disk_write_sec":16583258,"disk_iops_sec":426,"io_wait":0,"open_files":0,"os_bytes_in_sec":4422,"os_bytes_out_sec":9020,"total_procs":492},"count":1},{"date":1639324980,"epoch_div":27322083,"totals":{"load_avg":1.9013671875,"cpu_usage":100,"mem_used":8460300288,"mem_free":6095794176,"tcp_conns":102,"disk_usage_root":8.83,"disk_read_sec":4594483,"disk_write_sec":4101051,"disk_iops_sec":116,"io_wait":0,"open_files":0,"os_bytes_in_sec":5009,"os_bytes_out_sec":3792,"total_procs":496},"count":1},{"date":1639325040,"epoch_div":27322084,"totals":{"load_avg":2.046875,"cpu_usage":100,"mem_used":8491814912,"mem_free":6073868288,"tcp_conns":99,"disk_usage_root":8.83,"disk_read_sec":2704540,"disk_write_sec":3393570,"disk_iops_sec":68,"io_wait":0,"open_files":0,"os_bytes_in_sec":2348,"os_bytes_out_sec":1451,"total_procs":488},"count":1},{"date":1639325100,"epoch_div":27322085,"totals":{"load_avg":2.3037109375,"cpu_usage":100,"mem_used":8305332224,"mem_free":6196305920,"tcp_conns":99,"disk_usage_root":8.83,"disk_read_sec":6702868,"disk_write_sec":3940419,"disk_iops_sec":216,"io_wait":0,"open_files":0,"os_bytes_in_sec":2475,"os_bytes_out_sec":1832,"total_procs":492},"count":1},{"date":1639325160,"epoch_div":27322086,"totals":{"load_avg":2.341796875,"cpu_usage":100,"mem_used":8408563712,"mem_free":6162165760,"tcp_conns":103,"disk_usage_root":8.83,"disk_read_sec":714683,"disk_write_sec":97143,"disk_iops_sec":21,"io_wait":0,"open_files":0,"os_bytes_in_sec":2755,"os_bytes_out_sec":2112,"total_procs":489},"count":1},{"date":1639325220,"epoch_div":27322087,"totals":{"load_avg":1.6318359375,"cpu_usage":100,"mem_used":8446177280,"mem_free":6165381120,"tcp_conns":100,"disk_usage_root":8.83,"disk_read_sec":385024,"disk_write_sec":94822,"disk_iops_sec":19,"io_wait":0,"open_files":0,"os_bytes_in_sec":2807,"os_bytes_out_sec":1955,"total_procs":489},"count":1},{"date":1639325280,"epoch_div":27322088,"totals":{"load_avg":1.912109375,"cpu_usage":100,"mem_used":8462278656,"mem_free":6164529152,"tcp_conns":98,"disk_usage_root":8.83,"disk_read_sec":198724,"disk_write_sec":203502,"disk_iops_sec":20,"io_wait":0,"open_files":0,"os_bytes_in_sec":1440,"os_bytes_out_sec":813,"total_procs":489},"count":1},{"date":1639325340,"epoch_div":27322089,"totals":{"load_avg":2.1396484375,"cpu_usage":100,"mem_used":8301187072,"mem_free":6152282112,"tcp_conns":96,"disk_usage_root":8.83,"disk_read_sec":2362572,"disk_write_sec":3137399,"disk_iops_sec":97,"io_wait":0,"open_files":0,"os_bytes_in_sec":3289,"os_bytes_out_sec":2160,"total_procs":493},"count":1},{"date":1639325400,"epoch_div":27322090,"totals":{"load_avg":2.48046875,"cpu_usage":100,"mem_used":8337289216,"mem_free":6137704448,"tcp_conns":100,"disk_usage_root":8.83,"disk_read_sec":1199989,"disk_write_sec":166269,"disk_iops_sec":64,"io_wait":0,"open_files":0,"os_bytes_in_sec":2148,"os_bytes_out_sec":1489,"total_procs":490},"count":1},{"date":1639325460,"epoch_div":27322091,"totals":{"load_avg":2.45849609375,"cpu_usage":100,"mem_used":8429580288,"mem_free":6080577536,"tcp_conns":99,"disk_usage_root":8.83,"disk_read_sec":305655,"disk_write_sec":90716,"disk_iops_sec":19,"io_wait":0,"open_files":0,"os_bytes_in_sec":2063,"os_bytes_out_sec":1439,"total_procs":488},"count":1},{"date":1639325520,"epoch_div":27322092,"totals":{"load_avg":3.14111328125,"cpu_usage":100,"mem_used":8421728256,"mem_free":6098087936,"tcp_conns":102,"disk_usage_root":8.83,"disk_read_sec":381883,"disk_write_sec":115575,"disk_iops_sec":22,"io_wait":0,"open_files":0,"os_bytes_in_sec":1568,"os_bytes_out_sec":1334,"total_procs":489},"count":1},{"date":1639325580,"epoch_div":27322093,"totals":{"load_avg":3.0341796875,"cpu_usage":100,"mem_used":8458338304,"mem_free":6086373376,"tcp_conns":103,"disk_usage_root":8.83,"disk_read_sec":3402683,"disk_write_sec":489676,"disk_iops_sec":125,"io_wait":0,"open_files":0,"os_bytes_in_sec":2294,"os_bytes_out_sec":1880,"total_procs":493},"count":1},{"date":1639325640,"epoch_div":27322094,"totals":{"load_avg":2.671875,"cpu_usage":100,"mem_used":8397291520,"mem_free":6122835968,"tcp_conns":102,"disk_usage_root":8.83,"disk_read_sec":238796,"disk_write_sec":87859,"disk_iops_sec":18,"io_wait":0,"open_files":0,"os_bytes_in_sec":1267,"os_bytes_out_sec":942,"total_procs":488},"count":1},{"date":1639325700,"epoch_div":27322095,"totals":{"load_avg":2.29736328125,"cpu_usage":100,"mem_used":8431144960,"mem_free":6112497664,"tcp_conns":102,"disk_usage_root":8.83,"disk_read_sec":132778,"disk_write_sec":106700,"disk_iops_sec":19,"io_wait":0,"open_files":0,"os_bytes_in_sec":3463,"os_bytes_out_sec":1925,"total_procs":488},"count":1},{"date":1639325760,"epoch_div":27322096,"totals":{"load_avg":2.94482421875,"cpu_usage":100,"mem_used":8438267904,"mem_free":6111301632,"tcp_conns":102,"disk_usage_root":8.83,"disk_read_sec":101983,"disk_write_sec":102400,"disk_iops_sec":15,"io_wait":0,"open_files":0,"os_bytes_in_sec":1145,"os_bytes_out_sec":693,"total_procs":487},"count":1},{"date":1639325820,"epoch_div":27322097,"totals":{"load_avg":2.78759765625,"cpu_usage":100,"mem_used":8476958720,"mem_free":6100803584,"tcp_conns":96,"disk_usage_root":8.83,"disk_read_sec":249453,"disk_write_sec":113747,"disk_iops_sec":24,"io_wait":0,"open_files":0,"os_bytes_in_sec":3383,"os_bytes_out_sec":2028,"total_procs":491},"count":1},{"date":1639325880,"epoch_div":27322098,"totals":{"load_avg":3.00390625,"cpu_usage":100,"mem_used":8386682880,"mem_free":6113660928,"tcp_conns":97,"disk_usage_root":8.83,"disk_read_sec":3255091,"disk_write_sec":1823607,"disk_iops_sec":145,"io_wait":0,"open_files":0,"os_bytes_in_sec":1064,"os_bytes_out_sec":794,"total_procs":493},"count":1},{"date":1639325940,"epoch_div":27322099,"totals":{"load_avg":3.1201171875,"cpu_usage":100,"mem_used":8323063808,"mem_free":6130196480,"tcp_conns":96,"disk_usage_root":8.83,"disk_read_sec":138916,"disk_write_sec":100247,"disk_iops_sec":17,"io_wait":0,"open_files":0,"os_bytes_in_sec":2504,"os_bytes_out_sec":1829,"total_procs":489},"count":1},{"date":1639326000,"epoch_div":27322100,"totals":{"load_avg":3.07666015625,"cpu_usage":100,"mem_used":8338423808,"mem_free":6120751104,"tcp_conns":97,"disk_usage_root":8.83,"disk_read_sec":322039,"disk_write_sec":188751,"disk_iops_sec":55,"io_wait":0,"open_files":0,"os_bytes_in_sec":894,"os_bytes_out_sec":769,"total_procs":488},"count":1},{"date":1639326060,"epoch_div":27322101,"totals":{"load_avg":2.8173828125,"cpu_usage":100,"mem_used":8358846464,"mem_free":6117859328,"tcp_conns":97,"disk_usage_root":8.83,"disk_read_sec":170803,"disk_write_sec":121309,"disk_iops_sec":21,"io_wait":0,"open_files":0,"os_bytes_in_sec":2564,"os_bytes_out_sec":1510,"total_procs":489},"count":1},{"date":1639326120,"epoch_div":27322102,"totals":{"load_avg":2.8076171875,"cpu_usage":100,"mem_used":8365162496,"mem_free":6121336832,"tcp_conns":97,"disk_usage_root":8.83,"disk_read_sec":79004,"disk_write_sec":112952,"disk_iops_sec":20,"io_wait":0,"open_files":0,"os_bytes_in_sec":688,"os_bytes_out_sec":699,"total_procs":489},"count":1},{"date":1639326180,"epoch_div":27322103,"totals":{"load_avg":4.73974609375,"cpu_usage":100,"mem_used":8505843712,"mem_free":6048555008,"tcp_conns":98,"disk_usage_root":8.83,"disk_read_sec":1956813,"disk_write_sec":193653,"disk_iops_sec":93,"io_wait":0,"open_files":0,"os_bytes_in_sec":2922,"os_bytes_out_sec":2078,"total_procs":493},"count":1},{"date":1639326240,"epoch_div":27322104,"totals":{"load_avg":3.46484375,"cpu_usage":100,"mem_used":8446205952,"mem_free":6084689920,"tcp_conns":97,"disk_usage_root":8.83,"disk_read_sec":227805,"disk_write_sec":198929,"disk_iops_sec":28,"io_wait":0,"open_files":0,"os_bytes_in_sec":2662,"os_bytes_out_sec":1672,"total_procs":490},"count":1},{"date":1639326300,"epoch_div":27322105,"totals":{"load_avg":2.55810546875,"cpu_usage":100,"mem_used":8444751872,"mem_free":6083653632,"tcp_conns":96,"disk_usage_root":8.83,"disk_read_sec":131959,"disk_write_sec":160768,"disk_iops_sec":20,"io_wait":0,"open_files":0,"os_bytes_in_sec":1200,"os_bytes_out_sec":864,"total_procs":489},"count":1},{"date":1639326360,"epoch_div":27322106,"totals":{"load_avg":2.9296875,"cpu_usage":100,"mem_used":8470343680,"mem_free":6086930432,"tcp_conns":97,"disk_usage_root":8.83,"disk_read_sec":317781,"disk_write_sec":94685,"disk_iops_sec":20,"io_wait":0,"open_files":0,"os_bytes_in_sec":2095,"os_bytes_out_sec":1399,"total_procs":489},"count":1},{"date":1639326420,"epoch_div":27322107,"totals":{"load_avg":2.72802734375,"cpu_usage":100,"mem_used":8470413312,"mem_free":6089527296,"tcp_conns":97,"disk_usage_root":8.83,"disk_read_sec":73181,"disk_write_sec":96802,"disk_iops_sec":16,"io_wait":0,"open_files":0,"os_bytes_in_sec":1705,"os_bytes_out_sec":888,"total_procs":488},"count":1},{"date":1639326480,"epoch_div":27322108,"totals":{"load_avg":2.69091796875,"cpu_usage":100,"mem_used":8365142016,"mem_free":6099808256,"tcp_conns":97,"disk_usage_root":8.83,"disk_read_sec":2829107,"disk_write_sec":2228087,"disk_iops_sec":123,"io_wait":0,"open_files":0,"os_bytes_in_sec":1525,"os_bytes_out_sec":1287,"total_procs":492},"count":1},{"date":1639326540,"epoch_div":27322109,"totals":{"load_avg":2.541015625,"cpu_usage":100,"mem_used":8514359296,"mem_free":6095114240,"tcp_conns":96,"disk_usage_root":8.83,"disk_read_sec":2449885,"disk_write_sec":550297,"disk_iops_sec":118,"io_wait":0,"open_files":0,"os_bytes_in_sec":3398,"os_bytes_out_sec":2023,"total_procs":490},"count":1},{"date":1639326600,"epoch_div":27322110,"totals":{"load_avg":2.81884765625,"cpu_usage":100,"mem_used":8524107776,"mem_free":6125776896,"tcp_conns":99,"disk_usage_root":8.83,"disk_read_sec":287266,"disk_write_sec":95095,"disk_iops_sec":35,"io_wait":0,"open_files":0,"os_bytes_in_sec":2077,"os_bytes_out_sec":1416,"total_procs":489},"count":1},{"date":1639326660,"epoch_div":27322111,"totals":{"load_avg":2.1787109375,"cpu_usage":100,"mem_used":8530247680,"mem_free":6102016000,"tcp_conns":96,"disk_usage_root":8.83,"disk_read_sec":129024,"disk_write_sec":102877,"disk_iops_sec":18,"io_wait":0,"open_files":0,"os_bytes_in_sec":2314,"os_bytes_out_sec":1385,"total_procs":488},"count":1},{"date":1639326720,"epoch_div":27322112,"totals":{"load_avg":2.6005859375,"cpu_usage":100,"mem_used":8530276352,"mem_free":6137438208,"tcp_conns":100,"disk_usage_root":8.83,"disk_read_sec":1185450,"disk_write_sec":1103121,"disk_iops_sec":78,"io_wait":0,"open_files":0,"os_bytes_in_sec":3825,"os_bytes_out_sec":3586,"total_procs":491},"count":1},{"date":1639326780,"epoch_div":27322113,"totals":{"load_avg":2.5869140625,"cpu_usage":100,"mem_used":8422440960,"mem_free":6078980096,"tcp_conns":98,"disk_usage_root":8.83,"disk_read_sec":2780091,"disk_write_sec":2883310,"disk_iops_sec":99,"io_wait":0,"open_files":0,"os_bytes_in_sec":3329,"os_bytes_out_sec":5126,"total_procs":492},"count":1},{"date":1639326840,"epoch_div":27322114,"totals":{"load_avg":2.32861328125,"cpu_usage":100,"mem_used":8380411904,"mem_free":6104924160,"tcp_conns":97,"disk_usage_root":8.83,"disk_read_sec":397173,"disk_write_sec":106773,"disk_iops_sec":19,"io_wait":0,"open_files":0,"os_bytes_in_sec":3142,"os_bytes_out_sec":1838,"total_procs":489},"count":1},{"date":1639326960,"epoch_div":27322116,"totals":{"load_avg":2.60888671875,"cpu_usage":100,"mem_used":8563523584,"mem_free":6236966912,"tcp_conns":97,"disk_usage_root":8.83,"disk_read_sec":1383121,"disk_write_sec":1215473,"disk_iops_sec":37,"io_wait":0,"open_files":0,"os_bytes_in_sec":1158,"os_bytes_out_sec":789,"total_procs":490},"count":1},{"date":1639327020,"epoch_div":27322117,"totals":{"load_avg":2.22802734375,"cpu_usage":100,"mem_used":8104665088,"mem_free":6369869824,"tcp_conns":97,"disk_usage_root":8.83,"disk_read_sec":5796575,"disk_write_sec":2993545,"disk_iops_sec":234,"io_wait":0,"open_files":0,"os_bytes_in_sec":269,"os_bytes_out_sec":735,"total_procs":493},"count":1},{"date":1639327080,"epoch_div":27322118,"totals":{"load_avg":2.10693359375,"cpu_usage":100,"mem_used":8299360256,"mem_free":6297661440,"tcp_conns":97,"disk_usage_root":8.83,"disk_read_sec":2928844,"disk_write_sec":505582,"disk_iops_sec":101,"io_wait":0,"open_files":0,"os_bytes_in_sec":2047,"os_bytes_out_sec":3223,"total_procs":494},"count":1}]}