{"type":"list_page","items":[{"date":1637038800,"epoch_div":13641990,"totals":{"load_avg":5.9375,"cpu_usage":200,"mem_used":16553390080,"mem_free":13228920832,"tcp_conns":244,"disk_usage_root":12.24,"disk_read_sec":4564843,"disk_write_sec":9646405,"disk_iops_sec":311,"io_wait":0,"open_files":0,"os_bytes_in_sec":165353,"os_bytes_out_sec":13736,"total_procs":1039},"count":2},{"date":1637038920,"epoch_div":13641991,"totals":{"load_avg":5.38916015625,"cpu_usage":200,"mem_used":16542801920,"mem_free":12771733504,"tcp_conns":224,"disk_usage_root":12.24,"disk_read_sec":205190,"disk_write_sec":275781,"disk_iops_sec":46,"io_wait":0,"open_files":0,"os_bytes_in_sec":1247,"os_bytes_out_sec":2627,"total_procs":1025},"count":2},{"date":1637039040,"epoch_div":13641992,"totals":{"load_avg":4.53857421875,"cpu_usage":200,"mem_used":16062664704,"mem_free":12893626368,"tcp_conns":195,"disk_usage_root":12.24,"disk_read_sec":1492718,"disk_write_sec":377992,"disk_iops_sec":116,"io_wait":0,"open_files":0,"os_bytes_in_sec":9689,"os_bytes_out_sec":8455,"total_procs":1023},"count":2},{"date":1637039160,"epoch_div":13641993,"totals":{"load_avg":5.5712890625,"cpu_usage":200,"mem_used":17081360384,"mem_free":12475990016,"tcp_conns":210,"disk_usage_root":12.24,"disk_read_sec":547975,"disk_write_sec":644914,"disk_iops_sec":107,"io_wait":0,"open_files":0,"os_bytes_in_sec":103924,"os_bytes_out_sec":49411,"total_procs":1026},"count":2},{"date":1637039280,"epoch_div":13641994,"totals":{"load_avg":5.39453125,"cpu_usage":200,"mem_used":17046638592,"mem_free":12262973440,"tcp_conns":107,"disk_usage_root":12.24,"disk_read_sec":1908715,"disk_write_sec":278190,"disk_iops_sec":90,"io_wait":0,"open_files":0,"os_bytes_in_sec":7036,"os_bytes_out_sec":10453,"total_procs":1013},"count":2},{"date":1637039400,"epoch_div":13641995,"totals":{"load_avg":4.61181640625,"cpu_usage":200,"mem_used":17116651520,"mem_free":12045000704,"tcp_conns":107,"disk_usage_root":12.24,"disk_read_sec":691267,"disk_write_sec":1500022,"disk_iops_sec":79,"io_wait":0,"open_files":0,"os_bytes_in_sec":2104,"os_bytes_out_sec":3686,"total_procs":1016},"count":2},{"date":1637039520,"epoch_div":13641996,"totals":{"load_avg":3.92138671875,"cpu_usage":200,"mem_used":17070854144,"mem_free":12089880576,"tcp_conns":82,"disk_usage_root":12.24,"disk_read_sec":139605,"disk_write_sec":264601,"disk_iops_sec":48,"io_wait":0,"open_files":0,"os_bytes_in_sec":2333,"os_bytes_out_sec":3834,"total_procs":1011},"count":2},{"date":1637039640,"epoch_div":13641997,"totals":{"load_avg":5.345703125,"cpu_usage":200,"mem_used":16901607424,"mem_free":12283559936,"tcp_conns":92,"disk_usage_root":12.24,"disk_read_sec":2355063,"disk_write_sec":1394755,"disk_iops_sec":183,"io_wait":0,"open_files":0,"os_bytes_in_sec":18193,"os_bytes_out_sec":19106,"total_procs":1019},"count":2},{"date":1637039760,"epoch_div":13641998,"totals":{"load_avg":4.85498046875,"cpu_usage":200,"mem_used":16789258240,"mem_free":12302761984,"tcp_conns":82,"disk_usage_root":12.24,"disk_read_sec":201795,"disk_write_sec":562175,"disk_iops_sec":53,"io_wait":0,"open_files":0,"os_bytes_in_sec":2794,"os_bytes_out_sec":5101,"total_procs":1013},"count":2},{"date":1637039880,"epoch_div":13641999,"totals":{"load_avg":4.79541015625,"cpu_usage":200,"mem_used":16804855808,"mem_free":12338950144,"tcp_conns":81,"disk_usage_root":12.24,"disk_read_sec":1717383,"disk_write_sec":486809,"disk_iops_sec":143,"io_wait":0,"open_files":0,"os_bytes_in_sec":38916,"os_bytes_out_sec":9130,"total_procs":1020},"count":2},{"date":1637040000,"epoch_div":13642000,"totals":{"load_avg":5.7509765625,"cpu_usage":200,"mem_used":16855441408,"mem_free":12294307840,"tcp_conns":81,"disk_usage_root":12.24,"disk_read_sec":1386608,"disk_write_sec":165328,"disk_iops_sec":74,"io_wait":0,"open_files":0,"os_bytes_in_sec":1568,"os_bytes_out_sec":2186,"total_procs":1013},"count":2},{"date":1637040120,"epoch_div":13642001,"totals":{"load_avg":5.12548828125,"cpu_usage":200,"mem_used":16877404160,"mem_free":12145283072,"tcp_conns":85,"disk_usage_root":12.24,"disk_read_sec":21380,"disk_write_sec":174508,"disk_iops_sec":29,"io_wait":0,"open_files":0,"os_bytes_in_sec":4035,"os_bytes_out_sec":3668,"total_procs":1012},"count":2},{"date":1637040240,"epoch_div":13642002,"totals":{"load_avg":4.322265625,"cpu_usage":200,"mem_used":16891949056,"mem_free":12127821824,"tcp_conns":81,"disk_usage_root":12.24,"disk_read_sec":36044,"disk_write_sec":1455445,"disk_iops_sec":41,"io_wait":0,"open_files":0,"os_bytes_in_sec":11158,"os_bytes_out_sec":4434,"total_procs":1016},"count":2},{"date":1637040360,"epoch_div":13642003,"totals":{"load_avg":5.25927734375,"cpu_usage":200,"mem_used":17012113408,"mem_free":12195602432,"tcp_conns":76,"disk_usage_root":12.24,"disk_read_sec":1247109,"disk_write_sec":219961,"disk_iops_sec":93,"io_wait":0,"open_files":0,"os_bytes_in_sec":4359,"os_bytes_out_sec":3786,"total_procs":1012},"count":2},{"date":1637040480,"epoch_div":13642004,"totals":{"load_avg":6.52294921875,"cpu_usage":200,"mem_used":16987013120,"mem_free":12219949056,"tcp_conns":70,"disk_usage_root":12.24,"disk_read_sec":1921309,"disk_write_sec":357660,"disk_iops_sec":159,"io_wait":0,"open_files":0,"os_bytes_in_sec":5020,"os_bytes_out_sec":4475,"total_procs":1013},"count":2},{"date":1637040600,"epoch_div":13642005,"totals":{"load_avg":6.12744140625,"cpu_usage":200,"mem_used":16987430912,"mem_free":12260409344,"tcp_conns":66,"disk_usage_root":12.24,"disk_read_sec":1465491,"disk_write_sec":240428,"disk_iops_sec":114,"io_wait":0,"open_files":0,"os_bytes_in_sec":4147,"os_bytes_out_sec":3862,"total_procs":1013},"count":2},{"date":1637040720,"epoch_div":13642006,"totals":{"load_avg":5.6494140625,"cpu_usage":200,"mem_used":17002024960,"mem_free":12218228736,"tcp_conns":68,"disk_usage_root":12.24,"disk_read_sec":109416,"disk_write_sec":180938,"disk_iops_sec":36,"io_wait":0,"open_files":0,"os_bytes_in_sec":4296,"os_bytes_out_sec":3954,"total_procs":1012},"count":2},{"date":1637040840,"epoch_div":13642007,"totals":{"load_avg":4.92138671875,"cpu_usage":200,"mem_used":17019629568,"mem_free":12162818048,"tcp_conns":70,"disk_usage_root":12.24,"disk_read_sec":49865,"disk_write_sec":806979,"disk_iops_sec":36,"io_wait":0,"open_files":0,"os_bytes_in_sec":3641,"os_bytes_out_sec":3390,"total_procs":1012},"count":2},{"date":1637040960,"epoch_div":13642008,"totals":{"load_avg":5.1201171875,"cpu_usage":200,"mem_used":17005551616,"mem_free":12232933376,"tcp_conns":69,"disk_usage_root":12.24,"disk_read_sec":61917,"disk_write_sec":1397281,"disk_iops_sec":39,"io_wait":0,"open_files":0,"os_bytes_in_sec":3384,"os_bytes_out_sec":3121,"total_procs":1012},"count":2},{"date":1637041080,"epoch_div":13642009,"totals":{"load_avg":6.62939453125,"cpu_usage":200,"mem_used":17026072576,"mem_free":12322615296,"tcp_conns":66,"disk_usage_root":12.24,"disk_read_sec":337360,"disk_write_sec":146862,"disk_iops_sec":52,"io_wait":0,"open_files":0,"os_bytes_in_sec":3637,"os_bytes_out_sec":3327,"total_procs":1011},"count":2},{"date":1637041200,"epoch_div":13642010,"totals":{"load_avg":6.6923828125,"cpu_usage":200,"mem_used":17061355520,"mem_free":12370591744,"tcp_conns":69,"disk_usage_root":12.24,"disk_read_sec":203396,"disk_write_sec":181573,"disk_iops_sec":43,"io_wait":0,"open_files":0,"os_bytes_in_sec":4103,"os_bytes_out_sec":3906,"total_procs":1011},"count":2},{"date":1637041320,"epoch_div":13642011,"totals":{"load_avg":8.37451171875,"cpu_usage":200,"mem_used":17072103424,"mem_free":12339617792,"tcp_conns":73,"disk_usage_root":12.24,"disk_read_sec":61012,"disk_write_sec":232223,"disk_iops_sec":42,"io_wait":0,"open_files":0,"os_bytes_in_sec":4713,"os_bytes_out_sec":4138,"total_procs":1011},"count":2},{"date":1637041440,"epoch_div":13642012,"totals":{"load_avg":5.65625,"cpu_usage":200,"mem_used":16922542080,"mem_free":12340137984,"tcp_conns":97,"disk_usage_root":12.24,"disk_read_sec":3956189,"disk_write_sec":1149474,"disk_iops_sec":265,"io_wait":0,"open_files":0,"os_bytes_in_sec":35916,"os_bytes_out_sec":11562,"total_procs":1023},"count":2},{"date":1637041560,"epoch_div":13642013,"totals":{"load_avg":6.4482421875,"cpu_usage":200,"mem_used":16847675392,"mem_free":12325048320,"tcp_conns":92,"disk_usage_root":12.24,"disk_read_sec":70792,"disk_write_sec":200088,"disk_iops_sec":37,"io_wait":0,"open_files":0,"os_bytes_in_sec":4365,"os_bytes_out_sec":3926,"total_procs":1014},"count":2},{"date":1637041680,"epoch_div":13642014,"totals":{"load_avg":5.22802734375,"cpu_usage":200,"mem_used":16855945216,"mem_free":12355543040,"tcp_conns":84,"disk_usage_root":12.24,"disk_read_sec":273158,"disk_write_sec":160065,"disk_iops_sec":46,"io_wait":0,"open_files":0,"os_bytes_in_sec":4355,"os_bytes_out_sec":3898,"total_procs":1016},"count":2},{"date":1637041800,"epoch_div":13642015,"totals":{"load_avg":5.7998046875,"cpu_usage":200,"mem_used":16841666560,"mem_free":12361256960,"tcp_conns":76,"disk_usage_root":12.24,"disk_read_sec":65125,"disk_write_sec":152234,"disk_iops_sec":31,"io_wait":0,"open_files":0,"os_bytes_in_sec":4103,"os_bytes_out_sec":3665,"total_procs":1013},"count":2},{"date":1637041920,"epoch_div":13642016,"totals":{"load_avg":6.7392578125,"cpu_usage":200,"mem_used":16836542464,"mem_free":12388458496,"tcp_conns":74,"disk_usage_root":12.24,"disk_read_sec":25382,"disk_write_sec":169720,"disk_iops_sec":26,"io_wait":0,"open_files":0,"os_bytes_in_sec":4221,"os_bytes_out_sec":3791,"total_procs":1012},"count":2},{"date":1637042040,"epoch_div":13642017,"totals":{"load_avg":4.2734375,"cpu_usage":100,"mem_used":8420036608,"mem_free":6193512448,"tcp_conns":35,"disk_usage_root":6.12,"disk_read_sec":204,"disk_write_sec":68198,"disk_iops_sec":12,"io_wait":0,"open_files":0,"os_bytes_in_sec":1992,"os_bytes_out_sec":1823,"total_procs":506},"count":1},{"date":1637042640,"epoch_div":13642022,"totals":{"load_avg":3.0595703125,"cpu_usage":100,"mem_used":8565579776,"mem_free":6007980032,"tcp_conns":31,"disk_usage_root":6.12,"disk_read_sec":67623,"disk_write_sec":12930,"disk_iops_sec":3,"io_wait":0,"open_files":0,"os_bytes_in_sec":807,"os_bytes_out_sec":3226,"total_procs":507},"count":1},{"date":1637042760,"epoch_div":13642023,"totals":{"load_avg":7.146484375,"cpu_usage":200,"mem_used":16978681856,"mem_free":13047619584,"tcp_conns":82,"disk_usage_root":12.24,"disk_read_sec":2855027,"disk_write_sec":558649,"disk_iops_sec":173,"io_wait":0,"open_files":0,"os_bytes_in_sec":20187,"os_bytes_out_sec":44267,"total_procs":1016},"count":2},{"date":1637042880,"epoch_div":13642024,"totals":{"load_avg":7.44384765625,"cpu_usage":200,"mem_used":17010417664,"mem_free":12925353984,"tcp_conns":91,"disk_usage_root":12.24,"disk_read_sec":2562457,"disk_write_sec":398677,"disk_iops_sec":163,"io_wait":0,"open_files":0,"os_bytes_in_sec":326644,"os_bytes_out_sec":17945,"total_procs":1016},"count":2},{"date":1637043000,"epoch_div":13642025,"totals":{"load_avg":6.64453125,"cpu_usage":200,"mem_used":17004912640,"mem_free":12704694272,"tcp_conns":91,"disk_usage_root":12.24,"disk_read_sec":301806,"disk_write_sec":533503,"disk_iops_sec":46,"io_wait":0,"open_files":0,"os_bytes_in_sec":43610,"os_bytes_out_sec":8208,"total_procs":1016},"count":2},{"date":1637043120,"epoch_div":13642026,"totals":{"load_avg":6.81640625,"cpu_usage":200,"mem_used":16944521216,"mem_free":12605059072,"tcp_conns":84,"disk_usage_root":12.24,"disk_read_sec":328908,"disk_write_sec":1256516,"disk_iops_sec":64,"io_wait":0,"open_files":0,"os_bytes_in_sec":4625,"os_bytes_out_sec":7877,"total_procs":1014},"count":2},{"date":1637043240,"epoch_div":13642027,"totals":{"load_avg":6.91845703125,"cpu_usage":200,"mem_used":17013903360,"mem_free":12627202048,"tcp_conns":78,"disk_usage_root":12.24,"disk_read_sec":77973,"disk_write_sec":517228,"disk_iops_sec":42,"io_wait":0,"open_files":0,"os_bytes_in_sec":4969,"os_bytes_out_sec":8334,"total_procs":1014},"count":2},{"date":1637043360,"epoch_div":13642028,"totals":{"load_avg":9.7607421875,"cpu_usage":200,"mem_used":17032695808,"mem_free":12732837888,"tcp_conns":124,"disk_usage_root":12.24,"disk_read_sec":4007321,"disk_write_sec":759602,"disk_iops_sec":248,"io_wait":0,"open_files":0,"os_bytes_in_sec":62428,"os_bytes_out_sec":108720,"total_procs":1016},"count":2},{"date":1637043480,"epoch_div":13642029,"totals":{"load_avg":7.7333984375,"cpu_usage":200,"mem_used":16700776448,"mem_free":12686159872,"tcp_conns":115,"disk_usage_root":12.24,"disk_read_sec":868761,"disk_write_sec":413831,"disk_iops_sec":107,"io_wait":0,"open_files":0,"os_bytes_in_sec":43443,"os_bytes_out_sec":15943,"total_procs":1012},"count":2},{"date":1637043600,"epoch_div":13642030,"totals":{"load_avg":7.4619140625,"cpu_usage":200,"mem_used":16758558720,"mem_free":12620316672,"tcp_conns":100,"disk_usage_root":12.24,"disk_read_sec":189802,"disk_write_sec":699019,"disk_iops_sec":54,"io_wait":0,"open_files":0,"os_bytes_in_sec":713,"os_bytes_out_sec":1456,"total_procs":1004},"count":2},{"date":1637043720,"epoch_div":13642031,"totals":{"load_avg":6.20947265625,"cpu_usage":200,"mem_used":16792129536,"mem_free":12584902656,"tcp_conns":87,"disk_usage_root":12.24,"disk_read_sec":30105,"disk_write_sec":155374,"disk_iops_sec":27,"io_wait":0,"open_files":0,"os_bytes_in_sec":964,"os_bytes_out_sec":1084,"total_procs":1004},"count":2},{"date":1637043840,"epoch_div":13642032,"totals":{"load_avg":6.6962890625,"cpu_usage":200,"mem_used":16888950784,"mem_free":12539527168,"tcp_conns":74,"disk_usage_root":12.24,"disk_read_sec":36180,"disk_write_sec":449058,"disk_iops_sec":26,"io_wait":0,"open_files":0,"os_bytes_in_sec":744,"os_bytes_out_sec":1368,"total_procs":1009},"count":2},{"date":1637043960,"epoch_div":13642033,"totals":{"load_avg":7.3896484375,"cpu_usage":200,"mem_used":16943755264,"mem_free":12449624064,"tcp_conns":69,"disk_usage_root":12.24,"disk_read_sec":212240,"disk_write_sec":148547,"disk_iops_sec":43,"io_wait":0,"open_files":0,"os_bytes_in_sec":931,"os_bytes_out_sec":1331,"total_procs":1006},"count":2},{"date":1637044080,"epoch_div":13642034,"totals":{"load_avg":2.79833984375,"cpu_usage":100,"mem_used":8570437632,"mem_free":6106271744,"tcp_conns":29,"disk_usage_root":6.12,"disk_read_sec":248558,"disk_write_sec":83899,"disk_iops_sec":29,"io_wait":0,"open_files":0,"os_bytes_in_sec":2640,"os_bytes_out_sec":3786,"total_procs":502},"count":1},{"date":1637045880,"epoch_div":13642049,"totals":{"load_avg":3.0625,"cpu_usage":100,"mem_used":8549593088,"mem_free":6199377920,"tcp_conns":37,"disk_usage_root":6.12,"disk_read_sec":28520,"disk_write_sec":29176,"disk_iops_sec":2,"io_wait":0,"open_files":0,"os_bytes_in_sec":280,"os_bytes_out_sec":53,"total_procs":506},"count":1},{"date":1637049120,"epoch_div":13642076,"totals":{"load_avg":6.01416015625,"cpu_usage":200,"mem_used":17013936128,"mem_free":12373217280,"tcp_conns":70,"disk_usage_root":12.24,"disk_read_sec":685874,"disk_write_sec":303902,"disk_iops_sec":70,"io_wait":0,"open_files":0,"os_bytes_in_sec":3424,"os_bytes_out_sec":7768,"total_procs":1007},"count":2},{"date":1637050200,"epoch_div":13642085,"totals":{"load_avg":3.09765625,"cpu_usage":100,"mem_used":8540098560,"mem_free":6155182080,"tcp_conns":34,"disk_usage_root":6.12,"disk_read_sec":8943,"disk_write_sec":5916,"disk_iops_sec":1,"io_wait":0,"open_files":0,"os_bytes_in_sec":28,"os_bytes_out_sec":34,"total_procs":505},"count":1},{"date":1637052480,"epoch_div":13642104,"totals":{"load_avg":6.814453125,"cpu_usage":200,"mem_used":17127202816,"mem_free":12296953856,"tcp_conns":77,"disk_usage_root":12.24,"disk_read_sec":494117,"disk_write_sec":237472,"disk_iops_sec":51,"io_wait":0,"open_files":0,"os_bytes_in_sec":3119,"os_bytes_out_sec":5622,"total_procs":1006},"count":2},{"date":1637054880,"epoch_div":13642124,"totals":{"load_avg":3.43310546875,"cpu_usage":100,"mem_used":8571277312,"mem_free":6140354560,"tcp_conns":36,"disk_usage_root":6.12,"disk_read_sec":0,"disk_write_sec":0,"disk_iops_sec":0,"io_wait":0,"open_files":0,"os_bytes_in_sec":0,"os_bytes_out_sec":0,"total_procs":503},"count":1},{"date":1637055000,"epoch_div":13642125,"totals":{"load_avg":2.6494140625,"cpu_usage":100,"mem_used":8569438208,"mem_free":6154915840,"tcp_conns":34,"disk_usage_root":6.12,"disk_read_sec":1288089,"disk_write_sec":808857,"disk_iops_sec":114,"io_wait":0,"open_files":0,"os_bytes_in_sec":9626,"os_bytes_out_sec":4163,"total_procs":502},"count":1},{"date":1637058120,"epoch_div":13642151,"totals":{"load_avg":2.849609375,"cpu_usage":100,"mem_used":8557174784,"mem_free":6220668928,"tcp_conns":36,"disk_usage_root":6.12,"disk_read_sec":47234,"disk_write_sec":43632,"disk_iops_sec":1,"io_wait":0,"open_files":0,"os_bytes_in_sec":153,"os_bytes_out_sec":79,"total_procs":503},"count":1},{"date":1637058240,"epoch_div":13642152,"totals":{"load_avg":3.6484375,"cpu_usage":100,"mem_used":8567271424,"mem_free":6179590144,"tcp_conns":37,"disk_usage_root":6.12,"disk_read_sec":20323712,"disk_write_sec":6679808,"disk_iops_sec":233,"io_wait":0,"open_files":0,"os_bytes_in_sec":14258,"os_bytes_out_sec":18620,"total_procs":504},"count":1},{"date":1637061000,"epoch_div":13642175,"totals":{"load_avg":5.35205078125,"cpu_usage":100,"mem_used":8552579072,"mem_free":6184390656,"tcp_conns":40,"disk_usage_root":6.12,"disk_read_sec":15458,"disk_write_sec":2757,"disk_iops_sec":1,"io_wait":0,"open_files":0,"os_bytes_in_sec":177,"os_bytes_out_sec":85,"total_procs":504},"count":1},{"date":1637064240,"epoch_div":13642202,"totals":{"load_avg":3.4765625,"cpu_usage":100,"mem_used":8559894528,"mem_free":6175141888,"tcp_conns":39,"disk_usage_root":6.12,"disk_read_sec":13509,"disk_write_sec":3497,"disk_iops_sec":1,"io_wait":0,"open_files":0,"os_bytes_in_sec":367,"os_bytes_out_sec":137,"total_procs":503},"count":1},{"date":1637064360,"epoch_div":13642203,"totals":{"load_avg":3.74951171875,"cpu_usage":100,"mem_used":8465682432,"mem_free":6230405120,"tcp_conns":34,"disk_usage_root":6.12,"disk_read_sec":207621,"disk_write_sec":184411,"disk_iops_sec":39,"io_wait":0,"open_files":0,"os_bytes_in_sec":3432,"os_bytes_out_sec":5466,"total_procs":503},"count":1},{"date":1637067480,"epoch_div":13642229,"totals":{"load_avg":3.3203125,"cpu_usage":100,"mem_used":8496132096,"mem_free":6251687936,"tcp_conns":39,"disk_usage_root":6.12,"disk_read_sec":8180,"disk_write_sec":1998,"disk_iops_sec":0,"io_wait":0,"open_files":0,"os_bytes_in_sec":132,"os_bytes_out_sec":27,"total_procs":502},"count":1},{"date":1637067600,"epoch_div":13642230,"totals":{"load_avg":2.62451171875,"cpu_usage":100,"mem_used":8498978816,"mem_free":6213767168,"tcp_conns":38,"disk_usage_root":6.12,"disk_read_sec":100185,"disk_write_sec":148563,"disk_iops_sec":26,"io_wait":0,"open_files":0,"os_bytes_in_sec":3126,"os_bytes_out_sec":7225,"total_procs":503},"count":1},{"date":1637070720,"epoch_div":13642256,"totals":{"load_avg":2.35986328125,"cpu_usage":100,"mem_used":8535461888,"mem_free":6230269952,"tcp_conns":41,"disk_usage_root":6.12,"disk_read_sec":6547,"disk_write_sec":2016,"disk_iops_sec":0,"io_wait":0,"open_files":0,"os_bytes_in_sec":222,"os_bytes_out_sec":51,"total_procs":503},"count":1},{"date":1637070840,"epoch_div":13642257,"totals":{"load_avg":1.85546875,"cpu_usage":100,"mem_used":8516788224,"mem_free":6220713984,"tcp_conns":35,"disk_usage_root":6.12,"disk_read_sec":205506,"disk_write_sec":198302,"disk_iops_sec":39,"io_wait":0,"open_files":0,"os_bytes_in_sec":4212,"os_bytes_out_sec":10124,"total_procs":503},"count":1},{"date":1637073960,"epoch_div":13642283,"totals":{"load_avg":2.37353515625,"cpu_usage":100,"mem_used":8565780480,"mem_free":6286614528,"tcp_conns":46,"disk_usage_root":6.12,"disk_read_sec":8893,"disk_write_sec":4034,"disk_iops_sec":0,"io_wait":0,"open_files":0,"os_bytes_in_sec":866,"os_bytes_out_sec":61,"total_procs":503},"count":1},{"date":1637074080,"epoch_div":13642284,"totals":{"load_avg":2.4189453125,"cpu_usage":100,"mem_used":8562520064,"mem_free":6188236800,"tcp_conns":40,"disk_usage_root":6.12,"disk_read_sec":357717,"disk_write_sec":1434185,"disk_iops_sec":72,"io_wait":0,"open_files":0,"os_bytes_in_sec":395668,"os_bytes_out_sec":14825,"total_procs":503},"count":1},{"date":1637077200,"epoch_div":13642310,"totals":{"load_avg":2.55712890625,"cpu_usage":100,"mem_used":8563961856,"mem_free":6215671808,"tcp_conns":42,"disk_usage_root":6.12,"disk_read_sec":12337,"disk_write_sec":2380,"disk_iops_sec":0,"io_wait":0,"open_files":0,"os_bytes_in_sec":142,"os_bytes_out_sec":85,"total_procs":503},"count":1},{"date":1637077320,"epoch_div":13642311,"totals":{"load_avg":2.2373046875,"cpu_usage":100,"mem_used":8553889792,"mem_free":6202355712,"tcp_conns":39,"disk_usage_root":6.12,"disk_read_sec":3323717,"disk_write_sec":2136622,"disk_iops_sec":352,"io_wait":0,"open_files":0,"os_bytes_in_sec":6485,"os_bytes_out_sec":8302,"total_procs":514},"count":1},{"date":1637077440,"epoch_div":13642312,"totals":{"load_avg":3.68212890625,"cpu_usage":100,"mem_used":8569581568,"mem_free":6196535296,"tcp_conns":40,"disk_usage_root":6.12,"disk_read_sec":83087,"disk_write_sec":119333,"disk_iops_sec":11,"io_wait":0,"open_files":0,"os_bytes_in_sec":13919,"os_bytes_out_sec":1714,"total_procs":515},"count":1},{"date":1637077560,"epoch_div":13642313,"totals":{"load_avg":5.77783203125,"cpu_usage":200,"mem_used":17057157120,"mem_free":12422221824,"tcp_conns":83,"disk_usage_root":12.24,"disk_read_sec":272412,"disk_write_sec":190393,"disk_iops_sec":56,"io_wait":0,"open_files":0,"os_bytes_in_sec":3182,"os_bytes_out_sec":5432,"total_procs":1004},"count":2},{"date":1637077680,"epoch_div":13642314,"totals":{"load_avg":6.51220703125,"cpu_usage":200,"mem_used":17070800896,"mem_free":12433879040,"tcp_conns":78,"disk_usage_root":12.24,"disk_read_sec":71025,"disk_write_sec":181109,"disk_iops_sec":31,"io_wait":0,"open_files":0,"os_bytes_in_sec":761,"os_bytes_out_sec":1220,"total_procs":1004},"count":2},{"date":1637077800,"epoch_div":13642315,"totals":{"load_avg":5.6259765625,"cpu_usage":200,"mem_used":17072279552,"mem_free":12389597184,"tcp_conns":74,"disk_usage_root":12.24,"disk_read_sec":67383,"disk_write_sec":2756353,"disk_iops_sec":45,"io_wait":0,"open_files":0,"os_bytes_in_sec":326,"os_bytes_out_sec":754,"total_procs":1006},"count":2},{"date":1637077920,"epoch_div":13642316,"totals":{"load_avg":8.353515625,"cpu_usage":200,"mem_used":17047277568,"mem_free":12385501184,"tcp_conns":63,"disk_usage_root":12.24,"disk_read_sec":96747,"disk_write_sec":1631351,"disk_iops_sec":41,"io_wait":0,"open_files":0,"os_bytes_in_sec":626,"os_bytes_out_sec":979,"total_procs":1006},"count":2},{"date":1637078040,"epoch_div":13642317,"totals":{"load_avg":6.2060546875,"cpu_usage":200,"mem_used":16955822080,"mem_free":12426227712,"tcp_conns":62,"disk_usage_root":12.24,"disk_read_sec":210746,"disk_write_sec":807603,"disk_iops_sec":49,"io_wait":0,"open_files":0,"os_bytes_in_sec":662,"os_bytes_out_sec":892,"total_procs":1008},"count":2},{"date":1637078160,"epoch_div":13642318,"totals":{"load_avg":4.64599609375,"cpu_usage":200,"mem_used":16947474432,"mem_free":12416876544,"tcp_conns":61,"disk_usage_root":12.24,"disk_read_sec":14856,"disk_write_sec":746916,"disk_iops_sec":27,"io_wait":0,"open_files":0,"os_bytes_in_sec":298,"os_bytes_out_sec":721,"total_procs":1005},"count":2},{"date":1637078280,"epoch_div":13642319,"totals":{"load_avg":4.89892578125,"cpu_usage":200,"mem_used":17122660352,"mem_free":12951330816,"tcp_conns":109,"disk_usage_root":12.24,"disk_read_sec":7879607,"disk_write_sec":1632478,"disk_iops_sec":531,"io_wait":0,"open_files":0,"os_bytes_in_sec":114558,"os_bytes_out_sec":27970,"total_procs":1022},"count":2},{"date":1637078400,"epoch_div":13642320,"totals":{"load_avg":11.18994140625,"cpu_usage":200,"mem_used":17027366912,"mem_free":13129506816,"tcp_conns":187,"disk_usage_root":12.24,"disk_read_sec":6811511,"disk_write_sec":4835941,"disk_iops_sec":494,"io_wait":0,"open_files":0,"os_bytes_in_sec":228009,"os_bytes_out_sec":42136,"total_procs":1041},"count":2},{"date":1637078520,"epoch_div":13642321,"totals":{"load_avg":6.78173828125,"cpu_usage":200,"mem_used":16381153280,"mem_free":13209636864,"tcp_conns":196,"disk_usage_root":12.24,"disk_read_sec":2075033,"disk_write_sec":619587,"disk_iops_sec":176,"io_wait":0,"open_files":0,"os_bytes_in_sec":75077,"os_bytes_out_sec":18483,"total_procs":1021},"count":2},{"date":1637078640,"epoch_div":13642322,"totals":{"load_avg":6.41259765625,"cpu_usage":200,"mem_used":16507674624,"mem_free":13017411584,"tcp_conns":245,"disk_usage_root":12.24,"disk_read_sec":5701563,"disk_write_sec":4892603,"disk_iops_sec":420,"io_wait":0,"open_files":0,"os_bytes_in_sec":142702,"os_bytes_out_sec":36078,"total_procs":1029},"count":2},{"date":1637078760,"epoch_div":13642323,"totals":{"load_avg":5.1474609375,"cpu_usage":200,"mem_used":16372330496,"mem_free":12937244672,"tcp_conns":213,"disk_usage_root":12.24,"disk_read_sec":161278,"disk_write_sec":307620,"disk_iops_sec":47,"io_wait":0,"open_files":0,"os_bytes_in_sec":3024,"os_bytes_out_sec":5684,"total_procs":1016},"count":2},{"date":1637078880,"epoch_div":13642324,"totals":{"load_avg":5.67138671875,"cpu_usage":200,"mem_used":16444866560,"mem_free":12870508544,"tcp_conns":154,"disk_usage_root":12.24,"disk_read_sec":181110,"disk_write_sec":210192,"disk_iops_sec":32,"io_wait":0,"open_files":0,"os_bytes_in_sec":1042,"os_bytes_out_sec":1601,"total_procs":1018},"count":2},{"date":1637079000,"epoch_div":13642325,"totals":{"load_avg":4.37060546875,"cpu_usage":200,"mem_used":16496672768,"mem_free":12873150464,"tcp_conns":117,"disk_usage_root":12.24,"disk_read_sec":313479,"disk_write_sec":164454,"disk_iops_sec":46,"io_wait":0,"open_files":0,"os_bytes_in_sec":819,"os_bytes_out_sec":1454,"total_procs":1015},"count":2},{"date":1637079120,"epoch_div":13642326,"totals":{"load_avg":6.326171875,"cpu_usage":200,"mem_used":16601305088,"mem_free":12812283904,"tcp_conns":94,"disk_usage_root":12.24,"disk_read_sec":151278,"disk_write_sec":182954,"disk_iops_sec":37,"io_wait":0,"open_files":0,"os_bytes_in_sec":760,"os_bytes_out_sec":906,"total_procs":1016},"count":2},{"date":1637079240,"epoch_div":13642327,"totals":{"load_avg":5.71435546875,"cpu_usage":200,"mem_used":16697720832,"mem_free":12731899904,"tcp_conns":70,"disk_usage_root":12.24,"disk_read_sec":215176,"disk_write_sec":168549,"disk_iops_sec":41,"io_wait":0,"open_files":0,"os_bytes_in_sec":780,"os_bytes_out_sec":1236,"total_procs":1016},"count":2},{"date":1637079360,"epoch_div":13642328,"totals":{"load_avg":3.1552734375,"cpu_usage":100,"mem_used":8565116928,"mem_free":6323736576,"tcp_conns":27,"disk_usage_root":6.12,"disk_read_sec":441344,"disk_write_sec":214220,"disk_iops_sec":53,"io_wait":0,"open_files":0,"os_bytes_in_sec":3559,"os_bytes_out_sec":3981,"total_procs":516},"count":1},{"date":1637080080,"epoch_div":13642334,"totals":{"load_avg":3.142578125,"cpu_usage":100,"mem_used":8567762944,"mem_free":6388858880,"tcp_conns":34,"disk_usage_root":6.12,"disk_read_sec":19466,"disk_write_sec":8604,"disk_iops_sec":2,"io_wait":0,"open_files":0,"os_bytes_in_sec":670,"os_bytes_out_sec":94,"total_procs":517},"count":1},{"date":1637080320,"epoch_div":13642336,"totals":{"load_avg":4.94482421875,"cpu_usage":200,"mem_used":16944275456,"mem_free":12832792576,"tcp_conns":76,"disk_usage_root":12.24,"disk_read_sec":10786285,"disk_write_sec":29609710,"disk_iops_sec":414,"io_wait":0,"open_files":0,"os_bytes_in_sec":223786,"os_bytes_out_sec":18270,"total_procs":1041},"count":2},{"date":1637080440,"epoch_div":13642337,"totals":{"load_avg":4.373046875,"cpu_usage":200,"mem_used":16888594432,"mem_free":12624306176,"tcp_conns":74,"disk_usage_root":12.24,"disk_read_sec":14110582,"disk_write_sec":1239858,"disk_iops_sec":729,"io_wait":0,"open_files":0,"os_bytes_in_sec":23370,"os_bytes_out_sec":4481,"total_procs":1037},"count":2},{"date":1637080560,"epoch_div":13642338,"totals":{"load_avg":5.1103515625,"cpu_usage":200,"mem_used":16928104448,"mem_free":12627312640,"tcp_conns":65,"disk_usage_root":12.24,"disk_read_sec":18227,"disk_write_sec":198655,"disk_iops_sec":35,"io_wait":0,"open_files":0,"os_bytes_in_sec":634,"os_bytes_out_sec":905,"total_procs":1019},"count":2},{"date":1637080680,"epoch_div":13642339,"totals":{"load_avg":5.00732421875,"cpu_usage":200,"mem_used":16932003840,"mem_free":12592680960,"tcp_conns":61,"disk_usage_root":12.24,"disk_read_sec":101897,"disk_write_sec":160765,"disk_iops_sec":31,"io_wait":0,"open_files":0,"os_bytes_in_sec":520,"os_bytes_out_sec":914,"total_procs":1016},"count":2},{"date":1637080800,"epoch_div":13642340,"totals":{"load_avg":7.08251953125,"cpu_usage":200,"mem_used":17009676288,"mem_free":12753125376,"tcp_conns":62,"disk_usage_root":12.24,"disk_read_sec":350090,"disk_write_sec":237599,"disk_iops_sec":53,"io_wait":0,"open_files":0,"os_bytes_in_sec":1209,"os_bytes_out_sec":1685,"total_procs":1016},"count":2},{"date":1637080920,"epoch_div":13642341,"totals":{"load_avg":6.1845703125,"cpu_usage":200,"mem_used":17010294784,"mem_free":12637429760,"tcp_conns":101,"disk_usage_root":12.24,"disk_read_sec":4567312,"disk_write_sec":2106641,"disk_iops_sec":298,"io_wait":0,"open_files":0,"os_bytes_in_sec":86350,"os_bytes_out_sec":9348,"total_procs":1027},"count":2},{"date":1637081040,"epoch_div":13642342,"totals":{"load_avg":5.17919921875,"cpu_usage":200,"mem_used":17025871872,"mem_free":12715139072,"tcp_conns":107,"disk_usage_root":12.24,"disk_read_sec":2452479,"disk_write_sec":570504,"disk_iops_sec":180,"io_wait":0,"open_files":0,"os_bytes_in_sec":100541,"os_bytes_out_sec":9703,"total_procs":1026},"count":2},{"date":1637081160,"epoch_div":13642343,"totals":{"load_avg":5.63671875,"cpu_usage":200,"mem_used":17065070592,"mem_free":12836573184,"tcp_conns":102,"disk_usage_root":12.24,"disk_read_sec":2403464,"disk_write_sec":1388884,"disk_iops_sec":163,"io_wait":0,"open_files":0,"os_bytes_in_sec":6749,"os_bytes_out_sec":4735,"total_procs":1036},"count":2},{"date":1637081280,"epoch_div":13642344,"totals":{"load_avg":4.48291015625,"cpu_usage":200,"mem_used":17116778496,"mem_free":12875108352,"tcp_conns":88,"disk_usage_root":12.24,"disk_read_sec":127416,"disk_write_sec":169580,"disk_iops_sec":43,"io_wait":0,"open_files":0,"os_bytes_in_sec":908,"os_bytes_out_sec":1572,"total_procs":1028},"count":2},{"date":1637081400,"epoch_div":13642345,"totals":{"load_avg":4.2392578125,"cpu_usage":200,"mem_used":17038438400,"mem_free":12885291008,"tcp_conns":77,"disk_usage_root":12.24,"disk_read_sec":298229,"disk_write_sec":184364,"disk_iops_sec":57,"io_wait":0,"open_files":0,"os_bytes_in_sec":1119,"os_bytes_out_sec":1544,"total_procs":1026},"count":2},{"date":1637081520,"epoch_div":13642346,"totals":{"load_avg":5.55126953125,"cpu_usage":200,"mem_used":17042464768,"mem_free":12876902400,"tcp_conns":79,"disk_usage_root":12.24,"disk_read_sec":181656,"disk_write_sec":187664,"disk_iops_sec":38,"io_wait":0,"open_files":0,"os_bytes_in_sec":1065,"os_bytes_out_sec":1482,"total_procs":1025},"count":2},{"date":1637081640,"epoch_div":13642347,"totals":{"load_avg":8.85986328125,"cpu_usage":200,"mem_used":17096810496,"mem_free":12837412864,"tcp_conns":76,"disk_usage_root":12.24,"disk_read_sec":130593,"disk_write_sec":157900,"disk_iops_sec":35,"io_wait":0,"open_files":0,"os_bytes_in_sec":1799,"os_bytes_out_sec":1251,"total_procs":1024},"count":2},{"date":1637081760,"epoch_div":13642348,"totals":{"load_avg":6.02734375,"cpu_usage":200,"mem_used":17094762496,"mem_free":12700000256,"tcp_conns":69,"disk_usage_root":12.24,"disk_read_sec":233540,"disk_write_sec":197836,"disk_iops_sec":50,"io_wait":0,"open_files":0,"os_bytes_in_sec":3131,"os_bytes_out_sec":4678,"total_procs":1026},"count":2},{"date":1637082240,"epoch_div":13642352,"totals":{"load_avg":2.369140625,"cpu_usage":100,"mem_used":8510345216,"mem_free":6537289728,"tcp_conns":41,"disk_usage_root":6.12,"disk_read_sec":55620,"disk_write_sec":15587,"disk_iops_sec":5,"io_wait":0,"open_files":0,"os_bytes_in_sec":738,"os_bytes_out_sec":154,"total_procs":515},"count":1},{"date":1637082360,"epoch_div":13642353,"totals":{"load_avg":5.0966796875,"cpu_usage":200,"mem_used":17033162752,"mem_free":13167403008,"tcp_conns":106,"disk_usage_root":12.24,"disk_read_sec":11946114,"disk_write_sec":14610339,"disk_iops_sec":405,"io_wait":0,"open_files":0,"os_bytes_in_sec":192610,"os_bytes_out_sec":57296,"total_procs":1037},"count":2},{"date":1637082480,"epoch_div":13642354,"totals":{"load_avg":4.9228515625,"cpu_usage":200,"mem_used":16840376320,"mem_free":13381111808,"tcp_conns":136,"disk_usage_root":12.24,"disk_read_sec":4638787,"disk_write_sec":471927,"disk_iops_sec":241,"io_wait":0,"open_files":0,"os_bytes_in_sec":28862,"os_bytes_out_sec":14069,"total_procs":1031},"count":2},{"date":1637082600,"epoch_div":13642355,"totals":{"load_avg":5.50390625,"cpu_usage":200,"mem_used":16429981696,"mem_free":13585457152,"tcp_conns":119,"disk_usage_root":12.24,"disk_read_sec":353620,"disk_write_sec":395331,"disk_iops_sec":70,"io_wait":0,"open_files":0,"os_bytes_in_sec":10235,"os_bytes_out_sec":6143,"total_procs":1028},"count":2},{"date":1637082720,"epoch_div":13642356,"totals":{"load_avg":5.9462890625,"cpu_usage":200,"mem_used":17113608192,"mem_free":13143093248,"tcp_conns":206,"disk_usage_root":12.24,"disk_read_sec":2240835,"disk_write_sec":750735,"disk_iops_sec":196,"io_wait":0,"open_files":0,"os_bytes_in_sec":119606,"os_bytes_out_sec":32336,"total_procs":1029},"count":2},{"date":1637082840,"epoch_div":13642357,"totals":{"load_avg":5.0771484375,"cpu_usage":200,"mem_used":16952119296,"mem_free":13138407424,"tcp_conns":203,"disk_usage_root":12.24,"disk_read_sec":1887094,"disk_write_sec":357512,"disk_iops_sec":127,"io_wait":0,"open_files":0,"os_bytes_in_sec":26348,"os_bytes_out_sec":9612,"total_procs":1034},"count":2},{"date":1637082960,"epoch_div":13642358,"totals":{"load_avg":5.697265625,"cpu_usage":200,"mem_used":16967122944,"mem_free":13156032512,"tcp_conns":184,"disk_usage_root":12.24,"disk_read_sec":7663752,"disk_write_sec":873335,"disk_iops_sec":441,"io_wait":0,"open_files":0,"os_bytes_in_sec":245977,"os_bytes_out_sec":18475,"total_procs":1029},"count":2},{"date":1637083080,"epoch_div":13642359,"totals":{"load_avg":4.5830078125,"cpu_usage":200,"mem_used":17105272832,"mem_free":13123317760,"tcp_conns":121,"disk_usage_root":12.24,"disk_read_sec":505240,"disk_write_sec":284467,"disk_iops_sec":75,"io_wait":0,"open_files":0,"os_bytes_in_sec":1792,"os_bytes_out_sec":2873,"total_procs":1026},"count":2},{"date":1637083200,"epoch_div":13642360,"totals":{"load_avg":5.185546875,"cpu_usage":200,"mem_used":16859811840,"mem_free":13310767104,"tcp_conns":101,"disk_usage_root":12.24,"disk_read_sec":5353540,"disk_write_sec":507971,"disk_iops_sec":276,"io_wait":0,"open_files":0,"os_bytes_in_sec":44131,"os_bytes_out_sec":12961,"total_procs":1029},"count":2}]}