{"type":"list_page","items":[{"date":1637100000,"epoch_div":27285000,"totals":{"load_avg":1.970703125,"cpu_usage":100,"mem_used":8570998784,"mem_free":6544777216,"tcp_conns":66,"disk_usage_root":6.12,"disk_read_sec":268590,"disk_write_sec":84740,"disk_iops_sec":25,"io_wait":0,"open_files":0,"os_bytes_in_sec":422,"os_bytes_out_sec":438,"total_procs":426},"count":1},{"date":1637100060,"epoch_div":27285001,"totals":{"load_avg":2.15380859375,"cpu_usage":100,"mem_used":8570376192,"mem_free":6566346752,"tcp_conns":66,"disk_usage_root":6.12,"disk_read_sec":68174,"disk_write_sec":89834,"disk_iops_sec":16,"io_wait":0,"open_files":0,"os_bytes_in_sec":324,"os_bytes_out_sec":407,"total_procs":424},"count":1},{"date":1637100120,"epoch_div":27285002,"totals":{"load_avg":3.0263671875,"cpu_usage":100,"mem_used":8550821888,"mem_free":6629302272,"tcp_conns":59,"disk_usage_root":6.12,"disk_read_sec":297710,"disk_write_sec":124040,"disk_iops_sec":39,"io_wait":0,"open_files":0,"os_bytes_in_sec":304,"os_bytes_out_sec":526,"total_procs":426},"count":1},{"date":1637100180,"epoch_div":27285003,"totals":{"load_avg":2.322265625,"cpu_usage":100,"mem_used":8566767616,"mem_free":6599585792,"tcp_conns":60,"disk_usage_root":6.12,"disk_read_sec":54135,"disk_write_sec":98099,"disk_iops_sec":19,"io_wait":0,"open_files":0,"os_bytes_in_sec":316,"os_bytes_out_sec":372,"total_procs":425},"count":1},{"date":1637100240,"epoch_div":27285004,"totals":{"load_avg":2.70263671875,"cpu_usage":100,"mem_used":8550752256,"mem_free":6652047360,"tcp_conns":63,"disk_usage_root":6.12,"disk_read_sec":263236,"disk_write_sec":196198,"disk_iops_sec":46,"io_wait":0,"open_files":0,"os_bytes_in_sec":3027,"os_bytes_out_sec":1632,"total_procs":427},"count":1},{"date":1637100300,"epoch_div":27285005,"totals":{"load_avg":3.29248046875,"cpu_usage":100,"mem_used":8548786176,"mem_free":6841233408,"tcp_conns":68,"disk_usage_root":6.12,"disk_read_sec":5182600,"disk_write_sec":407620,"disk_iops_sec":274,"io_wait":0,"open_files":0,"os_bytes_in_sec":25797,"os_bytes_out_sec":6157,"total_procs":430},"count":1},{"date":1637100360,"epoch_div":27285006,"totals":{"load_avg":3.30224609375,"cpu_usage":100,"mem_used":8463966208,"mem_free":6822572032,"tcp_conns":106,"disk_usage_root":6.12,"disk_read_sec":4886664,"disk_write_sec":381747,"disk_iops_sec":223,"io_wait":0,"open_files":0,"os_bytes_in_sec":60870,"os_bytes_out_sec":12446,"total_procs":435},"count":1},{"date":1637100420,"epoch_div":27285007,"totals":{"load_avg":2.7998046875,"cpu_usage":100,"mem_used":8517582848,"mem_free":6781616128,"tcp_conns":93,"disk_usage_root":6.12,"disk_read_sec":2906180,"disk_write_sec":248217,"disk_iops_sec":153,"io_wait":0,"open_files":0,"os_bytes_in_sec":4824,"os_bytes_out_sec":3129,"total_procs":431},"count":1},{"date":1637100480,"epoch_div":27285008,"totals":{"load_avg":2.82177734375,"cpu_usage":100,"mem_used":8128159744,"mem_free":6628204544,"tcp_conns":179,"disk_usage_root":6.12,"disk_read_sec":4250707,"disk_write_sec":10008005,"disk_iops_sec":230,"io_wait":0,"open_files":0,"os_bytes_in_sec":72870,"os_bytes_out_sec":23318,"total_procs":429},"count":1},{"date":1637100540,"epoch_div":27285009,"totals":{"load_avg":4.62109375,"cpu_usage":100,"mem_used":8566214656,"mem_free":6336663552,"tcp_conns":210,"disk_usage_root":6.12,"disk_read_sec":2806593,"disk_write_sec":804273,"disk_iops_sec":158,"io_wait":0,"open_files":0,"os_bytes_in_sec":19638,"os_bytes_out_sec":27891,"total_procs":428},"count":1},{"date":1637100600,"epoch_div":27285010,"totals":{"load_avg":3.12548828125,"cpu_usage":100,"mem_used":8570490880,"mem_free":6408339456,"tcp_conns":162,"disk_usage_root":6.12,"disk_read_sec":599859,"disk_write_sec":186368,"disk_iops_sec":45,"io_wait":0,"open_files":0,"os_bytes_in_sec":2609,"os_bytes_out_sec":2097,"total_procs":430},"count":1},{"date":1637100660,"epoch_div":27285011,"totals":{"load_avg":2.4765625,"cpu_usage":100,"mem_used":8554934272,"mem_free":6332776448,"tcp_conns":163,"disk_usage_root":6.12,"disk_read_sec":2983594,"disk_write_sec":4297864,"disk_iops_sec":150,"io_wait":0,"open_files":0,"os_bytes_in_sec":26754,"os_bytes_out_sec":4993,"total_procs":435},"count":1},{"date":1637100720,"epoch_div":27285012,"totals":{"load_avg":1.9775390625,"cpu_usage":100,"mem_used":8566861824,"mem_free":6427762688,"tcp_conns":143,"disk_usage_root":6.12,"disk_read_sec":794487,"disk_write_sec":146978,"disk_iops_sec":40,"io_wait":0,"open_files":0,"os_bytes_in_sec":591,"os_bytes_out_sec":991,"total_procs":431},"count":1},{"date":1637100780,"epoch_div":27285013,"totals":{"load_avg":1.93603515625,"cpu_usage":100,"mem_used":8570658816,"mem_free":6656192512,"tcp_conns":139,"disk_usage_root":6.12,"disk_read_sec":3533141,"disk_write_sec":583884,"disk_iops_sec":91,"io_wait":0,"open_files":0,"os_bytes_in_sec":1990,"os_bytes_out_sec":2045,"total_procs":438},"count":1},{"date":1637100840,"epoch_div":27285014,"totals":{"load_avg":2.4140625,"cpu_usage":100,"mem_used":8562794496,"mem_free":6545002496,"tcp_conns":98,"disk_usage_root":6.12,"disk_read_sec":1018811,"disk_write_sec":201932,"disk_iops_sec":44,"io_wait":0,"open_files":0,"os_bytes_in_sec":782,"os_bytes_out_sec":1003,"total_procs":431},"count":1},{"date":1637100900,"epoch_div":27285015,"totals":{"load_avg":2.65771484375,"cpu_usage":100,"mem_used":8563363840,"mem_free":6643261440,"tcp_conns":79,"disk_usage_root":6.12,"disk_read_sec":475136,"disk_write_sec":126698,"disk_iops_sec":54,"io_wait":0,"open_files":0,"os_bytes_in_sec":826,"os_bytes_out_sec":920,"total_procs":432},"count":1},{"date":1637100960,"epoch_div":27285016,"totals":{"load_avg":2.849609375,"cpu_usage":100,"mem_used":8524582912,"mem_free":6588944384,"tcp_conns":79,"disk_usage_root":6.12,"disk_read_sec":382338,"disk_write_sec":162967,"disk_iops_sec":42,"io_wait":0,"open_files":0,"os_bytes_in_sec":982,"os_bytes_out_sec":1020,"total_procs":431},"count":1},{"date":1637101020,"epoch_div":27285017,"totals":{"load_avg":2.5126953125,"cpu_usage":100,"mem_used":8554512384,"mem_free":6627139584,"tcp_conns":75,"disk_usage_root":6.12,"disk_read_sec":570845,"disk_write_sec":138444,"disk_iops_sec":38,"io_wait":0,"open_files":0,"os_bytes_in_sec":429,"os_bytes_out_sec":624,"total_procs":433},"count":1},{"date":1637101080,"epoch_div":27285018,"totals":{"load_avg":1.98583984375,"cpu_usage":100,"mem_used":8561332224,"mem_free":6331191296,"tcp_conns":70,"disk_usage_root":6.12,"disk_read_sec":2988578,"disk_write_sec":7466871,"disk_iops_sec":159,"io_wait":0,"open_files":0,"os_bytes_in_sec":17507,"os_bytes_out_sec":4144,"total_procs":437},"count":1},{"date":1637101140,"epoch_div":27285019,"totals":{"load_avg":2.9951171875,"cpu_usage":100,"mem_used":8414707712,"mem_free":6428188672,"tcp_conns":98,"disk_usage_root":6.12,"disk_read_sec":4199150,"disk_write_sec":2345233,"disk_iops_sec":190,"io_wait":0,"open_files":0,"os_bytes_in_sec":33024,"os_bytes_out_sec":8980,"total_procs":436},"count":1},{"date":1637101200,"epoch_div":27285020,"totals":{"load_avg":3.16064453125,"cpu_usage":100,"mem_used":8567091200,"mem_free":6412095488,"tcp_conns":88,"disk_usage_root":6.12,"disk_read_sec":1256652,"disk_write_sec":236680,"disk_iops_sec":52,"io_wait":0,"open_files":0,"os_bytes_in_sec":2174,"os_bytes_out_sec":1651,"total_procs":433},"count":1},{"date":1637101260,"epoch_div":27285021,"totals":{"load_avg":2.48876953125,"cpu_usage":100,"mem_used":8524656640,"mem_free":6407651328,"tcp_conns":83,"disk_usage_root":6.12,"disk_read_sec":789367,"disk_write_sec":257843,"disk_iops_sec":47,"io_wait":0,"open_files":0,"os_bytes_in_sec":1343,"os_bytes_out_sec":1553,"total_procs":433},"count":1},{"date":1637101320,"epoch_div":27285022,"totals":{"load_avg":2.21533203125,"cpu_usage":100,"mem_used":8517005312,"mem_free":6319583232,"tcp_conns":80,"disk_usage_root":6.12,"disk_read_sec":996556,"disk_write_sec":3010082,"disk_iops_sec":57,"io_wait":0,"open_files":0,"os_bytes_in_sec":7816,"os_bytes_out_sec":1881,"total_procs":436},"count":1},{"date":1637101380,"epoch_div":27285023,"totals":{"load_avg":1.76953125,"cpu_usage":100,"mem_used":8558546944,"mem_free":6374739968,"tcp_conns":78,"disk_usage_root":6.12,"disk_read_sec":4637354,"disk_write_sec":4419310,"disk_iops_sec":136,"io_wait":0,"open_files":0,"os_bytes_in_sec":1563,"os_bytes_out_sec":1419,"total_procs":437},"count":1},{"date":1637101440,"epoch_div":27285024,"totals":{"load_avg":1.85791015625,"cpu_usage":100,"mem_used":8541581312,"mem_free":6337814528,"tcp_conns":71,"disk_usage_root":6.12,"disk_read_sec":753664,"disk_write_sec":892859,"disk_iops_sec":41,"io_wait":0,"open_files":0,"os_bytes_in_sec":487,"os_bytes_out_sec":800,"total_procs":436},"count":1},{"date":1637101500,"epoch_div":27285025,"totals":{"load_avg":2.22265625,"cpu_usage":100,"mem_used":8549507072,"mem_free":6341074944,"tcp_conns":71,"disk_usage_root":6.12,"disk_read_sec":1451212,"disk_write_sec":2296081,"disk_iops_sec":75,"io_wait":0,"open_files":0,"os_bytes_in_sec":1925,"os_bytes_out_sec":1464,"total_procs":436},"count":1},{"date":1637101560,"epoch_div":27285026,"totals":{"load_avg":2.04736328125,"cpu_usage":100,"mem_used":8547418112,"mem_free":6320492544,"tcp_conns":64,"disk_usage_root":6.12,"disk_read_sec":752025,"disk_write_sec":387481,"disk_iops_sec":32,"io_wait":0,"open_files":0,"os_bytes_in_sec":327,"os_bytes_out_sec":438,"total_procs":433},"count":1},{"date":1637101620,"epoch_div":27285027,"totals":{"load_avg":1.92138671875,"cpu_usage":100,"mem_used":8554725376,"mem_free":6286143488,"tcp_conns":67,"disk_usage_root":6.12,"disk_read_sec":781038,"disk_write_sec":1311129,"disk_iops_sec":44,"io_wait":0,"open_files":0,"os_bytes_in_sec":1290,"os_bytes_out_sec":1080,"total_procs":435},"count":1},{"date":1637101680,"epoch_div":27285028,"totals":{"load_avg":2.212890625,"cpu_usage":100,"mem_used":8553234432,"mem_free":6294863872,"tcp_conns":69,"disk_usage_root":6.12,"disk_read_sec":821384,"disk_write_sec":579106,"disk_iops_sec":46,"io_wait":0,"open_files":0,"os_bytes_in_sec":18765,"os_bytes_out_sec":1899,"total_procs":437},"count":1},{"date":1637101740,"epoch_div":27285029,"totals":{"load_avg":2.486328125,"cpu_usage":100,"mem_used":8533553152,"mem_free":6303920128,"tcp_conns":72,"disk_usage_root":6.12,"disk_read_sec":3515118,"disk_write_sec":4495496,"disk_iops_sec":81,"io_wait":0,"open_files":0,"os_bytes_in_sec":18867,"os_bytes_out_sec":2809,"total_procs":435},"count":1},{"date":1637101800,"epoch_div":27285030,"totals":{"load_avg":2.62939453125,"cpu_usage":100,"mem_used":8568901632,"mem_free":6294351872,"tcp_conns":66,"disk_usage_root":6.12,"disk_read_sec":263532,"disk_write_sec":120519,"disk_iops_sec":21,"io_wait":0,"open_files":0,"os_bytes_in_sec":673,"os_bytes_out_sec":926,"total_procs":434},"count":1},{"date":1637101860,"epoch_div":27285031,"totals":{"load_avg":3.056640625,"cpu_usage":100,"mem_used":8565788672,"mem_free":6287376384,"tcp_conns":68,"disk_usage_root":6.12,"disk_read_sec":869359,"disk_write_sec":1609795,"disk_iops_sec":38,"io_wait":0,"open_files":0,"os_bytes_in_sec":1057,"os_bytes_out_sec":1085,"total_procs":433},"count":1},{"date":1637101920,"epoch_div":27285032,"totals":{"load_avg":2.76708984375,"cpu_usage":100,"mem_used":8549187584,"mem_free":6330875904,"tcp_conns":70,"disk_usage_root":6.12,"disk_read_sec":1286075,"disk_write_sec":663620,"disk_iops_sec":47,"io_wait":0,"open_files":0,"os_bytes_in_sec":3954,"os_bytes_out_sec":1765,"total_procs":433},"count":1},{"date":1637101980,"epoch_div":27285033,"totals":{"load_avg":3.30322265625,"cpu_usage":100,"mem_used":8518725632,"mem_free":6330130432,"tcp_conns":64,"disk_usage_root":6.12,"disk_read_sec":1060864,"disk_write_sec":1346423,"disk_iops_sec":52,"io_wait":0,"open_files":0,"os_bytes_in_sec":5537,"os_bytes_out_sec":2110,"total_procs":434},"count":1},{"date":1637102040,"epoch_div":27285034,"totals":{"load_avg":2.42529296875,"cpu_usage":100,"mem_used":8551604224,"mem_free":6339399680,"tcp_conns":64,"disk_usage_root":6.12,"disk_read_sec":343381,"disk_write_sec":478617,"disk_iops_sec":36,"io_wait":0,"open_files":0,"os_bytes_in_sec":1749,"os_bytes_out_sec":2981,"total_procs":434},"count":1},{"date":1637102100,"epoch_div":27285035,"totals":{"load_avg":2.0859375,"cpu_usage":100,"mem_used":8159703040,"mem_free":6248247296,"tcp_conns":66,"disk_usage_root":6.12,"disk_read_sec":4358144,"disk_write_sec":8708369,"disk_iops_sec":220,"io_wait":0,"open_files":0,"os_bytes_in_sec":39861,"os_bytes_out_sec":3396,"total_procs":439},"count":1},{"date":1637102160,"epoch_div":27285036,"totals":{"load_avg":2.23388671875,"cpu_usage":100,"mem_used":8308920320,"mem_free":6218989568,"tcp_conns":65,"disk_usage_root":6.12,"disk_read_sec":1087283,"disk_write_sec":193399,"disk_iops_sec":33,"io_wait":0,"open_files":0,"os_bytes_in_sec":876,"os_bytes_out_sec":1003,"total_procs":435},"count":1},{"date":1637102220,"epoch_div":27285037,"totals":{"load_avg":2.27978515625,"cpu_usage":100,"mem_used":8543178752,"mem_free":6158385152,"tcp_conns":64,"disk_usage_root":6.12,"disk_read_sec":2398276,"disk_write_sec":316825,"disk_iops_sec":67,"io_wait":0,"open_files":0,"os_bytes_in_sec":1415,"os_bytes_out_sec":1387,"total_procs":436},"count":1},{"date":1637102280,"epoch_div":27285038,"totals":{"load_avg":2.31298828125,"cpu_usage":100,"mem_used":8570990592,"mem_free":6265405440,"tcp_conns":67,"disk_usage_root":6.12,"disk_read_sec":1554636,"disk_write_sec":813397,"disk_iops_sec":53,"io_wait":0,"open_files":0,"os_bytes_in_sec":580,"os_bytes_out_sec":639,"total_procs":438},"count":1},{"date":1637102340,"epoch_div":27285039,"totals":{"load_avg":2.279296875,"cpu_usage":100,"mem_used":8561520640,"mem_free":6311632896,"tcp_conns":67,"disk_usage_root":6.12,"disk_read_sec":655428,"disk_write_sec":572074,"disk_iops_sec":56,"io_wait":0,"open_files":0,"os_bytes_in_sec":827,"os_bytes_out_sec":704,"total_procs":435},"count":1},{"date":1637102400,"epoch_div":27285040,"totals":{"load_avg":1.6728515625,"cpu_usage":100,"mem_used":8385085440,"mem_free":6300762112,"tcp_conns":65,"disk_usage_root":6.12,"disk_read_sec":1737523,"disk_write_sec":4620424,"disk_iops_sec":59,"io_wait":0,"open_files":0,"os_bytes_in_sec":1126,"os_bytes_out_sec":1022,"total_procs":434},"count":1},{"date":1637102460,"epoch_div":27285041,"totals":{"load_avg":1.712890625,"cpu_usage":100,"mem_used":8425840640,"mem_free":6226018304,"tcp_conns":68,"disk_usage_root":6.12,"disk_read_sec":699050,"disk_write_sec":166570,"disk_iops_sec":30,"io_wait":0,"open_files":0,"os_bytes_in_sec":621,"os_bytes_out_sec":866,"total_procs":434},"count":1},{"date":1637102520,"epoch_div":27285042,"totals":{"load_avg":2.37548828125,"cpu_usage":100,"mem_used":8439300096,"mem_free":6231052288,"tcp_conns":64,"disk_usage_root":6.12,"disk_read_sec":126771,"disk_write_sec":99532,"disk_iops_sec":17,"io_wait":0,"open_files":0,"os_bytes_in_sec":139,"os_bytes_out_sec":319,"total_procs":433},"count":1},{"date":1637102580,"epoch_div":27285043,"totals":{"load_avg":2.431640625,"cpu_usage":100,"mem_used":8571248640,"mem_free":6221832192,"tcp_conns":62,"disk_usage_root":6.12,"disk_read_sec":573440,"disk_write_sec":411989,"disk_iops_sec":27,"io_wait":0,"open_files":0,"os_bytes_in_sec":860,"os_bytes_out_sec":924,"total_procs":435},"count":1},{"date":1637102640,"epoch_div":27285044,"totals":{"load_avg":2.56982421875,"cpu_usage":100,"mem_used":8516251648,"mem_free":6243815424,"tcp_conns":61,"disk_usage_root":6.12,"disk_read_sec":334066,"disk_write_sec":111633,"disk_iops_sec":26,"io_wait":0,"open_files":0,"os_bytes_in_sec":116,"os_bytes_out_sec":232,"total_procs":433},"count":1},{"date":1637102700,"epoch_div":27285045,"totals":{"load_avg":2.94580078125,"cpu_usage":100,"mem_used":8505806848,"mem_free":6271348736,"tcp_conns":60,"disk_usage_root":6.12,"disk_read_sec":702766,"disk_write_sec":140204,"disk_iops_sec":49,"io_wait":0,"open_files":0,"os_bytes_in_sec":420,"os_bytes_out_sec":587,"total_procs":433},"count":1},{"date":1637102760,"epoch_div":27285046,"totals":{"load_avg":2.7353515625,"cpu_usage":100,"mem_used":8442699776,"mem_free":6450245632,"tcp_conns":65,"disk_usage_root":6.12,"disk_read_sec":1876582,"disk_write_sec":196266,"disk_iops_sec":62,"io_wait":0,"open_files":0,"os_bytes_in_sec":1517,"os_bytes_out_sec":1282,"total_procs":435},"count":1},{"date":1637102820,"epoch_div":27285047,"totals":{"load_avg":2.6318359375,"cpu_usage":100,"mem_used":8102445056,"mem_free":6393057280,"tcp_conns":65,"disk_usage_root":6.12,"disk_read_sec":843844,"disk_write_sec":7530837,"disk_iops_sec":63,"io_wait":0,"open_files":0,"os_bytes_in_sec":1483,"os_bytes_out_sec":1296,"total_procs":435},"count":1},{"date":1637102880,"epoch_div":27285048,"totals":{"load_avg":3.52197265625,"cpu_usage":100,"mem_used":8160378880,"mem_free":6351810560,"tcp_conns":65,"disk_usage_root":6.12,"disk_read_sec":5050777,"disk_write_sec":137284,"disk_iops_sec":58,"io_wait":0,"open_files":0,"os_bytes_in_sec":687,"os_bytes_out_sec":843,"total_procs":435},"count":1},{"date":1637102940,"epoch_div":27285049,"totals":{"load_avg":2.58447265625,"cpu_usage":100,"mem_used":8351592448,"mem_free":6225760256,"tcp_conns":64,"disk_usage_root":6.12,"disk_read_sec":6002073,"disk_write_sec":174489,"disk_iops_sec":68,"io_wait":0,"open_files":0,"os_bytes_in_sec":795,"os_bytes_out_sec":831,"total_procs":436},"count":1},{"date":1637103000,"epoch_div":27285050,"totals":{"load_avg":2.04052734375,"cpu_usage":100,"mem_used":8521859072,"mem_free":6289141760,"tcp_conns":65,"disk_usage_root":6.12,"disk_read_sec":2841941,"disk_write_sec":117282,"disk_iops_sec":44,"io_wait":0,"open_files":0,"os_bytes_in_sec":570,"os_bytes_out_sec":759,"total_procs":434},"count":1},{"date":1637103060,"epoch_div":27285051,"totals":{"load_avg":9.19970703125,"cpu_usage":100,"mem_used":8150093824,"mem_free":6356037632,"tcp_conns":200,"disk_usage_root":6.12,"disk_read_sec":13946463,"disk_write_sec":18890266,"disk_iops_sec":451,"io_wait":0,"open_files":0,"os_bytes_in_sec":79417,"os_bytes_out_sec":55685,"total_procs":440},"count":1,"alerts":{"load_avg_high":true}},{"date":1637103120,"epoch_div":27285052,"totals":{"load_avg":5.4677734375,"cpu_usage":100,"mem_used":8514162688,"mem_free":6127259648,"tcp_conns":141,"disk_usage_root":6.12,"disk_read_sec":4375938,"disk_write_sec":284235,"disk_iops_sec":135,"io_wait":0,"open_files":0,"os_bytes_in_sec":3718,"os_bytes_out_sec":4030,"total_procs":436},"count":1},{"date":1637103180,"epoch_div":27285053,"totals":{"load_avg":3.24951171875,"cpu_usage":100,"mem_used":8557973504,"mem_free":6284349440,"tcp_conns":129,"disk_usage_root":6.12,"disk_read_sec":2044040,"disk_write_sec":204049,"disk_iops_sec":65,"io_wait":0,"open_files":0,"os_bytes_in_sec":6539,"os_bytes_out_sec":1521,"total_procs":437},"count":1},{"date":1637103240,"epoch_div":27285054,"totals":{"load_avg":2.8671875,"cpu_usage":100,"mem_used":8565280768,"mem_free":6289993728,"tcp_conns":125,"disk_usage_root":6.12,"disk_read_sec":592691,"disk_write_sec":134280,"disk_iops_sec":39,"io_wait":0,"open_files":0,"os_bytes_in_sec":610,"os_bytes_out_sec":914,"total_procs":439},"count":1},{"date":1637103300,"epoch_div":27285055,"totals":{"load_avg":2.7822265625,"cpu_usage":100,"mem_used":8523378688,"mem_free":6344146944,"tcp_conns":114,"disk_usage_root":6.12,"disk_read_sec":6776900,"disk_write_sec":163566,"disk_iops_sec":127,"io_wait":0,"open_files":0,"os_bytes_in_sec":1120,"os_bytes_out_sec":1352,"total_procs":440},"count":1},{"date":1637103360,"epoch_div":27285056,"totals":{"load_avg":2.73681640625,"cpu_usage":100,"mem_used":8564916224,"mem_free":6421864448,"tcp_conns":89,"disk_usage_root":6.12,"disk_read_sec":4582195,"disk_write_sec":323242,"disk_iops_sec":105,"io_wait":0,"open_files":0,"os_bytes_in_sec":589,"os_bytes_out_sec":1118,"total_procs":441},"count":1},{"date":1637103420,"epoch_div":27285057,"totals":{"load_avg":2.18310546875,"cpu_usage":100,"mem_used":8465285120,"mem_free":6642823168,"tcp_conns":71,"disk_usage_root":6.12,"disk_read_sec":3454293,"disk_write_sec":355669,"disk_iops_sec":117,"io_wait":0,"open_files":0,"os_bytes_in_sec":357,"os_bytes_out_sec":604,"total_procs":437},"count":1},{"date":1637103480,"epoch_div":27285058,"totals":{"load_avg":2.54736328125,"cpu_usage":100,"mem_used":8570945536,"mem_free":6652133376,"tcp_conns":70,"disk_usage_root":6.12,"disk_read_sec":1245115,"disk_write_sec":188962,"disk_iops_sec":47,"io_wait":0,"open_files":0,"os_bytes_in_sec":520,"os_bytes_out_sec":695,"total_procs":442},"count":1},{"date":1637103540,"epoch_div":27285059,"totals":{"load_avg":1.9365234375,"cpu_usage":100,"mem_used":7967879168,"mem_free":6570172416,"tcp_conns":72,"disk_usage_root":6.12,"disk_read_sec":5821849,"disk_write_sec":8373179,"disk_iops_sec":126,"io_wait":0,"open_files":0,"os_bytes_in_sec":798,"os_bytes_out_sec":812,"total_procs":444},"count":1}]}