{"type":"list_page","items":[{"date":1637205660,"epoch_div":27286761,"totals":{"load_avg":2.484375,"cpu_usage":100,"mem_used":8522424320,"mem_free":6309318656,"tcp_conns":55,"disk_usage_root":6.12,"disk_read_sec":31593,"disk_write_sec":8390,"disk_iops_sec":1,"io_wait":0,"open_files":0,"os_bytes_in_sec":185,"os_bytes_out_sec":111,"total_procs":418},"count":1},{"date":1637205720,"epoch_div":27286762,"totals":{"load_avg":2.3359375,"cpu_usage":100,"mem_used":8521383936,"mem_free":6309421056,"tcp_conns":51,"disk_usage_root":6.12,"disk_read_sec":487739,"disk_write_sec":330515,"disk_iops_sec":69,"io_wait":0,"open_files":0,"os_bytes_in_sec":91,"os_bytes_out_sec":1382,"total_procs":418},"count":1},{"date":1637207520,"epoch_div":27286792,"totals":{"load_avg":2.31787109375,"cpu_usage":100,"mem_used":8545878016,"mem_free":6543740928,"tcp_conns":57,"disk_usage_root":6.12,"disk_read_sec":34028,"disk_write_sec":28782,"disk_iops_sec":1,"io_wait":0,"open_files":0,"os_bytes_in_sec":290,"os_bytes_out_sec":221,"total_procs":420},"count":1},{"date":1637207580,"epoch_div":27286793,"totals":{"load_avg":3.52734375,"cpu_usage":100,"mem_used":8336535552,"mem_free":6771052544,"tcp_conns":56,"disk_usage_root":6.12,"disk_read_sec":8559616,"disk_write_sec":1053952,"disk_iops_sec":300,"io_wait":0,"open_files":0,"os_bytes_in_sec":11020,"os_bytes_out_sec":11392,"total_procs":422},"count":1},{"date":1637207640,"epoch_div":27286794,"totals":{"load_avg":2.5712890625,"cpu_usage":100,"mem_used":8567791616,"mem_free":6680190976,"tcp_conns":54,"disk_usage_root":6.12,"disk_read_sec":1816507,"disk_write_sec":309725,"disk_iops_sec":85,"io_wait":0,"open_files":0,"os_bytes_in_sec":15692,"os_bytes_out_sec":9901,"total_procs":422},"count":1},{"date":1637207700,"epoch_div":27286795,"totals":{"load_avg":3.064453125,"cpu_usage":100,"mem_used":8570871808,"mem_free":6712778752,"tcp_conns":62,"disk_usage_root":6.12,"disk_read_sec":5027020,"disk_write_sec":1432780,"disk_iops_sec":143,"io_wait":0,"open_files":0,"os_bytes_in_sec":12833,"os_bytes_out_sec":7558,"total_procs":421},"count":1},{"date":1637207760,"epoch_div":27286796,"totals":{"load_avg":2.494140625,"cpu_usage":100,"mem_used":8570179584,"mem_free":6911926272,"tcp_conns":60,"disk_usage_root":6.12,"disk_read_sec":12551782,"disk_write_sec":4995276,"disk_iops_sec":163,"io_wait":0,"open_files":0,"os_bytes_in_sec":2816,"os_bytes_out_sec":3163,"total_procs":420},"count":1},{"date":1637207820,"epoch_div":27286797,"totals":{"load_avg":3.13720703125,"cpu_usage":100,"mem_used":8439177216,"mem_free":6849880064,"tcp_conns":60,"disk_usage_root":6.12,"disk_read_sec":1125239,"disk_write_sec":4672102,"disk_iops_sec":60,"io_wait":0,"open_files":0,"os_bytes_in_sec":2975,"os_bytes_out_sec":1758,"total_procs":422},"count":1},{"date":1637207880,"epoch_div":27286798,"totals":{"load_avg":2.83544921875,"cpu_usage":100,"mem_used":8518696960,"mem_free":6792392704,"tcp_conns":56,"disk_usage_root":6.12,"disk_read_sec":558305,"disk_write_sec":227779,"disk_iops_sec":65,"io_wait":0,"open_files":0,"os_bytes_in_sec":2525,"os_bytes_out_sec":1592,"total_procs":420},"count":1},{"date":1637207940,"epoch_div":27286799,"totals":{"load_avg":3.4833984375,"cpu_usage":100,"mem_used":8567087104,"mem_free":6905942016,"tcp_conns":56,"disk_usage_root":6.12,"disk_read_sec":2838863,"disk_write_sec":185125,"disk_iops_sec":57,"io_wait":0,"open_files":0,"os_bytes_in_sec":2863,"os_bytes_out_sec":1886,"total_procs":425},"count":1}]}