{"type":"list_page","items":[{"date":1637272800,"epoch_div":27287880,"totals":{"load_avg":3.22021484375,"cpu_usage":100,"mem_used":8464818176,"mem_free":6353051648,"tcp_conns":49,"disk_usage_root":6.12,"disk_read_sec":864802,"disk_write_sec":131003,"disk_iops_sec":31,"io_wait":0,"open_files":0,"os_bytes_in_sec":7965,"os_bytes_out_sec":1244,"total_procs":362},"count":1},{"date":1637272860,"epoch_div":27287881,"totals":{"load_avg":3.0439453125,"cpu_usage":100,"mem_used":8517373952,"mem_free":6493196288,"tcp_conns":49,"disk_usage_root":6.12,"disk_read_sec":48059,"disk_write_sec":89838,"disk_iops_sec":17,"io_wait":0,"open_files":0,"os_bytes_in_sec":699,"os_bytes_out_sec":569,"total_procs":359},"count":1},{"date":1637272920,"epoch_div":27287882,"totals":{"load_avg":2.23095703125,"cpu_usage":100,"mem_used":8486375424,"mem_free":6320844800,"tcp_conns":51,"disk_usage_root":6.12,"disk_read_sec":773939,"disk_write_sec":259345,"disk_iops_sec":59,"io_wait":0,"open_files":0,"os_bytes_in_sec":5670,"os_bytes_out_sec":3948,"total_procs":362},"count":1},{"date":1637272980,"epoch_div":27287883,"totals":{"load_avg":2.283203125,"cpu_usage":100,"mem_used":8570683392,"mem_free":6332256256,"tcp_conns":48,"disk_usage_root":6.12,"disk_read_sec":134144,"disk_write_sec":118306,"disk_iops_sec":22,"io_wait":0,"open_files":0,"os_bytes_in_sec":610,"os_bytes_out_sec":810,"total_procs":362},"count":1},{"date":1637273040,"epoch_div":27287884,"totals":{"load_avg":1.97216796875,"cpu_usage":100,"mem_used":8568786944,"mem_free":6329483264,"tcp_conns":47,"disk_usage_root":6.12,"disk_read_sec":135031,"disk_write_sec":87790,"disk_iops_sec":22,"io_wait":0,"open_files":0,"os_bytes_in_sec":389,"os_bytes_out_sec":374,"total_procs":359},"count":1},{"date":1637273100,"epoch_div":27287885,"totals":{"load_avg":2.5048828125,"cpu_usage":100,"mem_used":8572375040,"mem_free":6319468544,"tcp_conns":46,"disk_usage_root":6.12,"disk_read_sec":104274,"disk_write_sec":153634,"disk_iops_sec":39,"io_wait":0,"open_files":0,"os_bytes_in_sec":303,"os_bytes_out_sec":481,"total_procs":360},"count":1},{"date":1637273160,"epoch_div":27287886,"totals":{"load_avg":2.359375,"cpu_usage":100,"mem_used":8571260928,"mem_free":6319448064,"tcp_conns":46,"disk_usage_root":6.12,"disk_read_sec":247975,"disk_write_sec":121671,"disk_iops_sec":33,"io_wait":0,"open_files":0,"os_bytes_in_sec":655,"os_bytes_out_sec":569,"total_procs":363},"count":1},{"date":1637273220,"epoch_div":27287887,"totals":{"load_avg":1.85595703125,"cpu_usage":100,"mem_used":8565563392,"mem_free":6345453568,"tcp_conns":46,"disk_usage_root":6.12,"disk_read_sec":149913,"disk_write_sec":87790,"disk_iops_sec":30,"io_wait":0,"open_files":0,"os_bytes_in_sec":284,"os_bytes_out_sec":404,"total_procs":363},"count":1},{"date":1637273280,"epoch_div":27287888,"totals":{"load_avg":2.17431640625,"cpu_usage":100,"mem_used":8568905728,"mem_free":6344986624,"tcp_conns":44,"disk_usage_root":6.12,"disk_read_sec":139264,"disk_write_sec":81646,"disk_iops_sec":25,"io_wait":0,"open_files":0,"os_bytes_in_sec":282,"os_bytes_out_sec":509,"total_procs":363},"count":1},{"date":1637273340,"epoch_div":27287889,"totals":{"load_avg":2.28515625,"cpu_usage":100,"mem_used":8567283712,"mem_free":6300012544,"tcp_conns":45,"disk_usage_root":6.12,"disk_read_sec":52974,"disk_write_sec":88064,"disk_iops_sec":16,"io_wait":0,"open_files":0,"os_bytes_in_sec":344,"os_bytes_out_sec":310,"total_procs":361},"count":1},{"date":1637273400,"epoch_div":27287890,"totals":{"load_avg":2.216796875,"cpu_usage":100,"mem_used":8571420672,"mem_free":6342225920,"tcp_conns":45,"disk_usage_root":6.12,"disk_read_sec":65467,"disk_write_sec":72635,"disk_iops_sec":14,"io_wait":0,"open_files":0,"os_bytes_in_sec":160,"os_bytes_out_sec":277,"total_procs":361},"count":1},{"date":1637273460,"epoch_div":27287891,"totals":{"load_avg":2.87548828125,"cpu_usage":100,"mem_used":8535056384,"mem_free":6322397184,"tcp_conns":45,"disk_usage_root":6.12,"disk_read_sec":152029,"disk_write_sec":399974,"disk_iops_sec":22,"io_wait":0,"open_files":0,"os_bytes_in_sec":434,"os_bytes_out_sec":593,"total_procs":366},"count":1},{"date":1637273520,"epoch_div":27287892,"totals":{"load_avg":2.6171875,"cpu_usage":100,"mem_used":8514863104,"mem_free":6459396096,"tcp_conns":48,"disk_usage_root":6.12,"disk_read_sec":2094489,"disk_write_sec":943172,"disk_iops_sec":119,"io_wait":0,"open_files":0,"os_bytes_in_sec":42636,"os_bytes_out_sec":1409,"total_procs":376},"count":1},{"date":1637273580,"epoch_div":27287893,"totals":{"load_avg":2.29248046875,"cpu_usage":100,"mem_used":8477675520,"mem_free":6410379264,"tcp_conns":44,"disk_usage_root":6.12,"disk_read_sec":67447,"disk_write_sec":72430,"disk_iops_sec":17,"io_wait":0,"open_files":0,"os_bytes_in_sec":298,"os_bytes_out_sec":295,"total_procs":361},"count":1},{"date":1637273640,"epoch_div":27287894,"totals":{"load_avg":2.48681640625,"cpu_usage":100,"mem_used":8489807872,"mem_free":6384603136,"tcp_conns":45,"disk_usage_root":6.12,"disk_read_sec":6734,"disk_write_sec":75533,"disk_iops_sec":12,"io_wait":0,"open_files":0,"os_bytes_in_sec":259,"os_bytes_out_sec":396,"total_procs":361},"count":1},{"date":1637273700,"epoch_div":27287895,"totals":{"load_avg":2.43359375,"cpu_usage":100,"mem_used":8500080640,"mem_free":6401163264,"tcp_conns":45,"disk_usage_root":6.12,"disk_read_sec":15108,"disk_write_sec":71444,"disk_iops_sec":13,"io_wait":0,"open_files":0,"os_bytes_in_sec":207,"os_bytes_out_sec":314,"total_procs":363},"count":1},{"date":1637273760,"epoch_div":27287896,"totals":{"load_avg":2.8369140625,"cpu_usage":100,"mem_used":8525877248,"mem_free":6461263872,"tcp_conns":45,"disk_usage_root":6.12,"disk_read_sec":288972,"disk_write_sec":242346,"disk_iops_sec":23,"io_wait":0,"open_files":0,"os_bytes_in_sec":322,"os_bytes_out_sec":310,"total_procs":363},"count":1},{"date":1637273820,"epoch_div":27287897,"totals":{"load_avg":3.7431640625,"cpu_usage":100,"mem_used":8541343744,"mem_free":6403383296,"tcp_conns":45,"disk_usage_root":6.12,"disk_read_sec":161655,"disk_write_sec":102195,"disk_iops_sec":19,"io_wait":0,"open_files":0,"os_bytes_in_sec":7490,"os_bytes_out_sec":1232,"total_procs":362},"count":1},{"date":1637273880,"epoch_div":27287898,"totals":{"load_avg":3,"cpu_usage":100,"mem_used":8547729408,"mem_free":6393798656,"tcp_conns":44,"disk_usage_root":6.12,"disk_read_sec":44986,"disk_write_sec":69632,"disk_iops_sec":12,"io_wait":0,"open_files":0,"os_bytes_in_sec":115,"os_bytes_out_sec":264,"total_procs":361},"count":1},{"date":1637273940,"epoch_div":27287899,"totals":{"load_avg":2.9423828125,"cpu_usage":100,"mem_used":8569610240,"mem_free":6519103488,"tcp_conns":45,"disk_usage_root":6.12,"disk_read_sec":159206,"disk_write_sec":103272,"disk_iops_sec":22,"io_wait":0,"open_files":0,"os_bytes_in_sec":342,"os_bytes_out_sec":333,"total_procs":362},"count":1},{"date":1637274000,"epoch_div":27287900,"totals":{"load_avg":2.716796875,"cpu_usage":100,"mem_used":8536141824,"mem_free":6538067968,"tcp_conns":46,"disk_usage_root":6.12,"disk_read_sec":183500,"disk_write_sec":184934,"disk_iops_sec":19,"io_wait":0,"open_files":0,"os_bytes_in_sec":187,"os_bytes_out_sec":331,"total_procs":361},"count":1},{"date":1637274060,"epoch_div":27287901,"totals":{"load_avg":2.41748046875,"cpu_usage":100,"mem_used":8437645312,"mem_free":6397022208,"tcp_conns":56,"disk_usage_root":6.12,"disk_read_sec":5635959,"disk_write_sec":7216332,"disk_iops_sec":269,"io_wait":0,"open_files":0,"os_bytes_in_sec":332037,"os_bytes_out_sec":19245,"total_procs":369},"count":1},{"date":1637274120,"epoch_div":27287902,"totals":{"load_avg":2.50634765625,"cpu_usage":100,"mem_used":8543240192,"mem_free":6404788224,"tcp_conns":55,"disk_usage_root":6.12,"disk_read_sec":1256243,"disk_write_sec":267810,"disk_iops_sec":81,"io_wait":0,"open_files":0,"os_bytes_in_sec":42249,"os_bytes_out_sec":5068,"total_procs":366},"count":1},{"date":1637274180,"epoch_div":27287903,"totals":{"load_avg":2.88037109375,"cpu_usage":100,"mem_used":8525455360,"mem_free":6363570176,"tcp_conns":84,"disk_usage_root":6.12,"disk_read_sec":10499481,"disk_write_sec":8236305,"disk_iops_sec":406,"io_wait":0,"open_files":0,"os_bytes_in_sec":102062,"os_bytes_out_sec":19495,"total_procs":383},"count":1},{"date":1637274240,"epoch_div":27287904,"totals":{"load_avg":4.28955078125,"cpu_usage":100,"mem_used":8519778304,"mem_free":6362066944,"tcp_conns":73,"disk_usage_root":6.12,"disk_read_sec":288017,"disk_write_sec":151483,"disk_iops_sec":22,"io_wait":0,"open_files":0,"os_bytes_in_sec":41092,"os_bytes_out_sec":1358,"total_procs":376},"count":1},{"date":1637274300,"epoch_div":27287905,"totals":{"load_avg":3.8935546875,"cpu_usage":100,"mem_used":8541954048,"mem_free":6400487424,"tcp_conns":74,"disk_usage_root":6.12,"disk_read_sec":1285597,"disk_write_sec":1941299,"disk_iops_sec":56,"io_wait":0,"open_files":0,"os_bytes_in_sec":4656,"os_bytes_out_sec":5661,"total_procs":377},"count":1},{"date":1637274360,"epoch_div":27287906,"totals":{"load_avg":2.990234375,"cpu_usage":100,"mem_used":8552456192,"mem_free":6305484800,"tcp_conns":72,"disk_usage_root":6.12,"disk_read_sec":1376529,"disk_write_sec":827665,"disk_iops_sec":46,"io_wait":0,"open_files":0,"os_bytes_in_sec":1727,"os_bytes_out_sec":3823,"total_procs":377},"count":1},{"date":1637274420,"epoch_div":27287907,"totals":{"load_avg":2.72900390625,"cpu_usage":100,"mem_used":8569114624,"mem_free":6593957888,"tcp_conns":69,"disk_usage_root":6.12,"disk_read_sec":5756108,"disk_write_sec":2065681,"disk_iops_sec":94,"io_wait":0,"open_files":0,"os_bytes_in_sec":12665,"os_bytes_out_sec":12624,"total_procs":378},"count":1},{"date":1637274480,"epoch_div":27287908,"totals":{"load_avg":2.5859375,"cpu_usage":100,"mem_used":8532832256,"mem_free":6655197184,"tcp_conns":59,"disk_usage_root":6.12,"disk_read_sec":394171,"disk_write_sec":372531,"disk_iops_sec":56,"io_wait":0,"open_files":0,"os_bytes_in_sec":3768,"os_bytes_out_sec":4311,"total_procs":376},"count":1},{"date":1637274540,"epoch_div":27287909,"totals":{"load_avg":2.2548828125,"cpu_usage":100,"mem_used":8547495936,"mem_free":6644097024,"tcp_conns":57,"disk_usage_root":6.12,"disk_read_sec":177834,"disk_write_sec":136601,"disk_iops_sec":29,"io_wait":0,"open_files":0,"os_bytes_in_sec":1969,"os_bytes_out_sec":3517,"total_procs":375},"count":1},{"date":1637274600,"epoch_div":27287910,"totals":{"load_avg":2.23193359375,"cpu_usage":100,"mem_used":8409735168,"mem_free":6705012736,"tcp_conns":63,"disk_usage_root":6.12,"disk_read_sec":4179831,"disk_write_sec":5415458,"disk_iops_sec":296,"io_wait":0,"open_files":0,"os_bytes_in_sec":67426,"os_bytes_out_sec":10832,"total_procs":396},"count":1},{"date":1637274660,"epoch_div":27287911,"totals":{"load_avg":2.3154296875,"cpu_usage":100,"mem_used":8533630976,"mem_free":6622380032,"tcp_conns":52,"disk_usage_root":6.12,"disk_read_sec":378402,"disk_write_sec":427485,"disk_iops_sec":81,"io_wait":0,"open_files":0,"os_bytes_in_sec":13461,"os_bytes_out_sec":5313,"total_procs":393},"count":1},{"date":1637274720,"epoch_div":27287912,"totals":{"load_avg":1.89013671875,"cpu_usage":100,"mem_used":8570470400,"mem_free":6561210368,"tcp_conns":52,"disk_usage_root":6.12,"disk_read_sec":1544533,"disk_write_sec":396424,"disk_iops_sec":127,"io_wait":0,"open_files":0,"os_bytes_in_sec":5799,"os_bytes_out_sec":6133,"total_procs":394},"count":1},{"date":1637274780,"epoch_div":27287913,"totals":{"load_avg":2.4599609375,"cpu_usage":100,"mem_used":8569851904,"mem_free":6632325120,"tcp_conns":48,"disk_usage_root":6.12,"disk_read_sec":712704,"disk_write_sec":536439,"disk_iops_sec":109,"io_wait":0,"open_files":0,"os_bytes_in_sec":7639,"os_bytes_out_sec":6760,"total_procs":393},"count":1},{"date":1637274840,"epoch_div":27287914,"totals":{"load_avg":2.6025390625,"cpu_usage":100,"mem_used":8534564864,"mem_free":6600318976,"tcp_conns":54,"disk_usage_root":6.12,"disk_read_sec":523537,"disk_write_sec":470766,"disk_iops_sec":96,"io_wait":0,"open_files":0,"os_bytes_in_sec":7564,"os_bytes_out_sec":8674,"total_procs":395},"count":1},{"date":1637274900,"epoch_div":27287915,"totals":{"load_avg":3.27978515625,"cpu_usage":100,"mem_used":8554106880,"mem_free":6565871616,"tcp_conns":53,"disk_usage_root":6.12,"disk_read_sec":605525,"disk_write_sec":668262,"disk_iops_sec":117,"io_wait":0,"open_files":0,"os_bytes_in_sec":108711,"os_bytes_out_sec":9935,"total_procs":394},"count":1},{"date":1637274960,"epoch_div":27287916,"totals":{"load_avg":2.94287109375,"cpu_usage":100,"mem_used":8568836096,"mem_free":6659756032,"tcp_conns":52,"disk_usage_root":6.12,"disk_read_sec":445508,"disk_write_sec":327611,"disk_iops_sec":56,"io_wait":0,"open_files":0,"os_bytes_in_sec":40216,"os_bytes_out_sec":5122,"total_procs":394},"count":1},{"date":1637275020,"epoch_div":27287917,"totals":{"load_avg":2.01708984375,"cpu_usage":100,"mem_used":8564019200,"mem_free":6632849408,"tcp_conns":50,"disk_usage_root":6.12,"disk_read_sec":272179,"disk_write_sec":547908,"disk_iops_sec":101,"io_wait":0,"open_files":0,"os_bytes_in_sec":5999,"os_bytes_out_sec":5060,"total_procs":391},"count":1},{"date":1637275080,"epoch_div":27287918,"totals":{"load_avg":2.39453125,"cpu_usage":100,"mem_used":8561487872,"mem_free":6649389056,"tcp_conns":50,"disk_usage_root":6.12,"disk_read_sec":680277,"disk_write_sec":333004,"disk_iops_sec":92,"io_wait":0,"open_files":0,"os_bytes_in_sec":7684,"os_bytes_out_sec":21631,"total_procs":400},"count":1},{"date":1637275140,"epoch_div":27287919,"totals":{"load_avg":2.60693359375,"cpu_usage":100,"mem_used":8570503168,"mem_free":6706380800,"tcp_conns":50,"disk_usage_root":6.12,"disk_read_sec":316074,"disk_write_sec":427485,"disk_iops_sec":67,"io_wait":0,"open_files":0,"os_bytes_in_sec":17862,"os_bytes_out_sec":16987,"total_procs":397},"count":1},{"date":1637275200,"epoch_div":27287920,"totals":{"load_avg":2.80078125,"cpu_usage":100,"mem_used":8293457920,"mem_free":6660628480,"tcp_conns":54,"disk_usage_root":6.12,"disk_read_sec":1954201,"disk_write_sec":4829661,"disk_iops_sec":166,"io_wait":0,"open_files":0,"os_bytes_in_sec":64085,"os_bytes_out_sec":10955,"total_procs":399},"count":1},{"date":1637275260,"epoch_div":27287921,"totals":{"load_avg":2.99267578125,"cpu_usage":100,"mem_used":8487788544,"mem_free":6488104960,"tcp_conns":76,"disk_usage_root":6.12,"disk_read_sec":4328038,"disk_write_sec":9132032,"disk_iops_sec":166,"io_wait":0,"open_files":0,"os_bytes_in_sec":4059882,"os_bytes_out_sec":23276,"total_procs":403},"count":1},{"date":1637275320,"epoch_div":27287922,"totals":{"load_avg":2.4462890625,"cpu_usage":100,"mem_used":7930470400,"mem_free":6648795136,"tcp_conns":75,"disk_usage_root":6.12,"disk_read_sec":18293828,"disk_write_sec":36839560,"disk_iops_sec":302,"io_wait":0,"open_files":0,"os_bytes_in_sec":871918,"os_bytes_out_sec":4462,"total_procs":400},"count":1},{"date":1637275380,"epoch_div":27287923,"totals":{"load_avg":1.53857421875,"cpu_usage":100,"mem_used":8231854080,"mem_free":6532276224,"tcp_conns":71,"disk_usage_root":6.12,"disk_read_sec":1385881,"disk_write_sec":174557,"disk_iops_sec":37,"io_wait":0,"open_files":0,"os_bytes_in_sec":735,"os_bytes_out_sec":1236,"total_procs":400},"count":1},{"date":1637275440,"epoch_div":27287924,"totals":{"load_avg":2.18603515625,"cpu_usage":100,"mem_used":8313626624,"mem_free":6532173824,"tcp_conns":74,"disk_usage_root":6.12,"disk_read_sec":694203,"disk_write_sec":124177,"disk_iops_sec":32,"io_wait":0,"open_files":0,"os_bytes_in_sec":651,"os_bytes_out_sec":1012,"total_procs":401},"count":1},{"date":1637275500,"epoch_div":27287925,"totals":{"load_avg":1.91845703125,"cpu_usage":100,"mem_used":8343048192,"mem_free":6552453120,"tcp_conns":73,"disk_usage_root":6.12,"disk_read_sec":332458,"disk_write_sec":133256,"disk_iops_sec":22,"io_wait":0,"open_files":0,"os_bytes_in_sec":741,"os_bytes_out_sec":1291,"total_procs":401},"count":1},{"date":1637275560,"epoch_div":27287926,"totals":{"load_avg":2.63623046875,"cpu_usage":100,"mem_used":8438960128,"mem_free":6519889920,"tcp_conns":71,"disk_usage_root":6.12,"disk_read_sec":244189,"disk_write_sec":131276,"disk_iops_sec":24,"io_wait":0,"open_files":0,"os_bytes_in_sec":1103,"os_bytes_out_sec":1960,"total_procs":401},"count":1},{"date":1637275620,"epoch_div":27287927,"totals":{"load_avg":2.7587890625,"cpu_usage":100,"mem_used":8567721984,"mem_free":6770118656,"tcp_conns":81,"disk_usage_root":6.12,"disk_read_sec":9361681,"disk_write_sec":485444,"disk_iops_sec":284,"io_wait":0,"open_files":0,"os_bytes_in_sec":23157,"os_bytes_out_sec":9592,"total_procs":412},"count":1},{"date":1637275680,"epoch_div":27287928,"totals":{"load_avg":2.23046875,"cpu_usage":100,"mem_used":8306774016,"mem_free":6637182976,"tcp_conns":85,"disk_usage_root":6.12,"disk_read_sec":1389168,"disk_write_sec":7809475,"disk_iops_sec":125,"io_wait":0,"open_files":0,"os_bytes_in_sec":24830,"os_bytes_out_sec":12998,"total_procs":411},"count":1},{"date":1637275740,"epoch_div":27287929,"totals":{"load_avg":1.87939453125,"cpu_usage":100,"mem_used":8462299136,"mem_free":6474424320,"tcp_conns":87,"disk_usage_root":6.12,"disk_read_sec":5561360,"disk_write_sec":427259,"disk_iops_sec":248,"io_wait":0,"open_files":0,"os_bytes_in_sec":26318,"os_bytes_out_sec":10849,"total_procs":411},"count":1},{"date":1637275800,"epoch_div":27287930,"totals":{"load_avg":2.1416015625,"cpu_usage":100,"mem_used":8518402048,"mem_free":6467932160,"tcp_conns":78,"disk_usage_root":6.12,"disk_read_sec":348228,"disk_write_sec":148411,"disk_iops_sec":34,"io_wait":0,"open_files":0,"os_bytes_in_sec":2448,"os_bytes_out_sec":4584,"total_procs":412},"count":1},{"date":1637275860,"epoch_div":27287931,"totals":{"load_avg":2.1923828125,"cpu_usage":100,"mem_used":8557944832,"mem_free":6509236224,"tcp_conns":76,"disk_usage_root":6.12,"disk_read_sec":1151385,"disk_write_sec":289382,"disk_iops_sec":71,"io_wait":0,"open_files":0,"os_bytes_in_sec":25899,"os_bytes_out_sec":5065,"total_procs":409},"count":1},{"date":1637275920,"epoch_div":27287932,"totals":{"load_avg":2.7314453125,"cpu_usage":100,"mem_used":8546414592,"mem_free":6604378112,"tcp_conns":80,"disk_usage_root":6.12,"disk_read_sec":1876445,"disk_write_sec":206779,"disk_iops_sec":130,"io_wait":0,"open_files":0,"os_bytes_in_sec":2978,"os_bytes_out_sec":3539,"total_procs":409},"count":1},{"date":1637275980,"epoch_div":27287933,"totals":{"load_avg":2.7568359375,"cpu_usage":100,"mem_used":8478531584,"mem_free":6681395200,"tcp_conns":80,"disk_usage_root":6.12,"disk_read_sec":2054348,"disk_write_sec":328021,"disk_iops_sec":102,"io_wait":0,"open_files":0,"os_bytes_in_sec":13221,"os_bytes_out_sec":8328,"total_procs":413},"count":1},{"date":1637276040,"epoch_div":27287934,"totals":{"load_avg":2.841796875,"cpu_usage":100,"mem_used":8546578432,"mem_free":6888194048,"tcp_conns":83,"disk_usage_root":6.12,"disk_read_sec":7521075,"disk_write_sec":341538,"disk_iops_sec":199,"io_wait":0,"open_files":0,"os_bytes_in_sec":30347,"os_bytes_out_sec":9258,"total_procs":413},"count":1},{"date":1637276100,"epoch_div":27287935,"totals":{"load_avg":2.7451171875,"cpu_usage":100,"mem_used":8571592704,"mem_free":6825078784,"tcp_conns":79,"disk_usage_root":6.12,"disk_read_sec":148684,"disk_write_sec":162952,"disk_iops_sec":32,"io_wait":0,"open_files":0,"os_bytes_in_sec":854,"os_bytes_out_sec":4052,"total_procs":410},"count":1},{"date":1637276160,"epoch_div":27287936,"totals":{"load_avg":3.05419921875,"cpu_usage":100,"mem_used":8396038144,"mem_free":6797172736,"tcp_conns":74,"disk_usage_root":6.12,"disk_read_sec":429806,"disk_write_sec":711338,"disk_iops_sec":32,"io_wait":0,"open_files":0,"os_bytes_in_sec":1526,"os_bytes_out_sec":2483,"total_procs":411},"count":1},{"date":1637276220,"epoch_div":27287937,"totals":{"load_avg":2.810546875,"cpu_usage":100,"mem_used":8569249792,"mem_free":6737170432,"tcp_conns":75,"disk_usage_root":6.12,"disk_read_sec":391304,"disk_write_sec":125678,"disk_iops_sec":36,"io_wait":0,"open_files":0,"os_bytes_in_sec":1041,"os_bytes_out_sec":2551,"total_procs":412},"count":1},{"date":1637276280,"epoch_div":27287938,"totals":{"load_avg":1.9462890625,"cpu_usage":100,"mem_used":8566738944,"mem_free":6741934080,"tcp_conns":72,"disk_usage_root":6.12,"disk_read_sec":64102,"disk_write_sec":101034,"disk_iops_sec":20,"io_wait":0,"open_files":0,"os_bytes_in_sec":850,"os_bytes_out_sec":3786,"total_procs":409},"count":1},{"date":1637276340,"epoch_div":27287939,"totals":{"load_avg":2.57958984375,"cpu_usage":100,"mem_used":8570015744,"mem_free":6740713472,"tcp_conns":71,"disk_usage_root":6.12,"disk_read_sec":164659,"disk_write_sec":143018,"disk_iops_sec":36,"io_wait":0,"open_files":0,"os_bytes_in_sec":905,"os_bytes_out_sec":4503,"total_procs":410},"count":1}]}