{"type":"list_page","items":[{"date":1638011340,"epoch_div":27300189,"totals":{"load_avg":2.07568359375,"cpu_usage":100,"mem_used":8511950848,"mem_free":6171168768,"tcp_conns":89,"disk_usage_root":6.12,"disk_read_sec":10138,"disk_write_sec":9850,"disk_iops_sec":2,"io_wait":0,"open_files":0,"os_bytes_in_sec":238,"os_bytes_out_sec":205,"total_procs":477},"count":1},{"date":1638011400,"epoch_div":27300190,"totals":{"load_avg":2.7900390625,"cpu_usage":100,"mem_used":8562356224,"mem_free":6251323392,"tcp_conns":91,"disk_usage_root":6.12,"disk_read_sec":50943317,"disk_write_sec":7375530,"disk_iops_sec":1039,"io_wait":0,"open_files":0,"os_bytes_in_sec":204653,"os_bytes_out_sec":20425,"total_procs":476},"count":1}]}