{"type":"list_page","items":[{"date":1637953200,"epoch_div":27299220,"totals":{"load_avg":4.1181640625,"cpu_usage":100,"mem_used":8343379968,"mem_free":6649466880,"tcp_conns":172,"disk_usage_root":6.12,"disk_read_sec":2040546,"disk_write_sec":978876,"disk_iops_sec":265,"io_wait":0,"open_files":0,"os_bytes_in_sec":19929,"os_bytes_out_sec":27831,"total_procs":475},"count":1},{"date":1637953260,"epoch_div":27299221,"totals":{"load_avg":5.56689453125,"cpu_usage":100,"mem_used":8518885376,"mem_free":6643019776,"tcp_conns":155,"disk_usage_root":6.12,"disk_read_sec":3182114,"disk_write_sec":571118,"disk_iops_sec":270,"io_wait":0,"open_files":0,"os_bytes_in_sec":21508,"os_bytes_out_sec":13639,"total_procs":477},"count":1},{"date":1637953320,"epoch_div":27299222,"totals":{"load_avg":12.091796875,"cpu_usage":100,"mem_used":8506548224,"mem_free":6707761152,"tcp_conns":190,"disk_usage_root":6.12,"disk_read_sec":12733371,"disk_write_sec":1415099,"disk_iops_sec":847,"io_wait":0,"open_files":0,"os_bytes_in_sec":101745,"os_bytes_out_sec":76854,"total_procs":491},"count":1,"alerts":{"load_avg_high":true}},{"date":1637953380,"epoch_div":27299223,"totals":{"load_avg":7.7685546875,"cpu_usage":100,"mem_used":8463376384,"mem_free":6755258368,"tcp_conns":169,"disk_usage_root":6.12,"disk_read_sec":6140791,"disk_write_sec":757760,"disk_iops_sec":266,"io_wait":0,"open_files":0,"os_bytes_in_sec":75687,"os_bytes_out_sec":14345,"total_procs":480},"count":1},{"date":1637953440,"epoch_div":27299224,"totals":{"load_avg":5.6787109375,"cpu_usage":100,"mem_used":8566468608,"mem_free":6753157120,"tcp_conns":179,"disk_usage_root":6.12,"disk_read_sec":327816,"disk_write_sec":456226,"disk_iops_sec":96,"io_wait":0,"open_files":0,"os_bytes_in_sec":40258,"os_bytes_out_sec":27193,"total_procs":479},"count":1},{"date":1637953500,"epoch_div":27299225,"totals":{"load_avg":4.55029296875,"cpu_usage":100,"mem_used":8562851840,"mem_free":6713278464,"tcp_conns":157,"disk_usage_root":6.12,"disk_read_sec":90521,"disk_write_sec":127590,"disk_iops_sec":30,"io_wait":0,"open_files":0,"os_bytes_in_sec":8081,"os_bytes_out_sec":2107,"total_procs":476},"count":1},{"date":1637953560,"epoch_div":27299226,"totals":{"load_avg":3.9267578125,"cpu_usage":100,"mem_used":8473796608,"mem_free":6710571008,"tcp_conns":144,"disk_usage_root":6.12,"disk_read_sec":4037684,"disk_write_sec":1952056,"disk_iops_sec":204,"io_wait":0,"open_files":0,"os_bytes_in_sec":88770,"os_bytes_out_sec":6696,"total_procs":481},"count":1},{"date":1637953620,"epoch_div":27299227,"totals":{"load_avg":3.791015625,"cpu_usage":100,"mem_used":8398053376,"mem_free":6727344128,"tcp_conns":118,"disk_usage_root":6.12,"disk_read_sec":2082679,"disk_write_sec":279142,"disk_iops_sec":119,"io_wait":0,"open_files":0,"os_bytes_in_sec":22674,"os_bytes_out_sec":3832,"total_procs":479},"count":1},{"date":1637953680,"epoch_div":27299228,"totals":{"load_avg":5.888671875,"cpu_usage":100,"mem_used":8315031552,"mem_free":6761070592,"tcp_conns":113,"disk_usage_root":6.12,"disk_read_sec":2185048,"disk_write_sec":358635,"disk_iops_sec":141,"io_wait":0,"open_files":0,"os_bytes_in_sec":30665,"os_bytes_out_sec":6213,"total_procs":479},"count":1},{"date":1637953740,"epoch_div":27299229,"totals":{"load_avg":4.7666015625,"cpu_usage":100,"mem_used":8515993600,"mem_free":6699327488,"tcp_conns":105,"disk_usage_root":6.12,"disk_read_sec":1490466,"disk_write_sec":276343,"disk_iops_sec":120,"io_wait":0,"open_files":0,"os_bytes_in_sec":26620,"os_bytes_out_sec":4074,"total_procs":478},"count":1},{"date":1637953800,"epoch_div":27299230,"totals":{"load_avg":4.54150390625,"cpu_usage":100,"mem_used":8536977408,"mem_free":6614732800,"tcp_conns":105,"disk_usage_root":6.12,"disk_read_sec":4302165,"disk_write_sec":3426713,"disk_iops_sec":281,"io_wait":0,"open_files":0,"os_bytes_in_sec":34527,"os_bytes_out_sec":7190,"total_procs":478},"count":1},{"date":1637953860,"epoch_div":27299231,"totals":{"load_avg":4.81640625,"cpu_usage":100,"mem_used":8568664064,"mem_free":6561722368,"tcp_conns":163,"disk_usage_root":6.12,"disk_read_sec":5101568,"disk_write_sec":4402926,"disk_iops_sec":429,"io_wait":0,"open_files":0,"os_bytes_in_sec":88352,"os_bytes_out_sec":53066,"total_procs":492},"count":1},{"date":1637953920,"epoch_div":27299232,"totals":{"load_avg":4.5439453125,"cpu_usage":100,"mem_used":8482177024,"mem_free":6574108672,"tcp_conns":136,"disk_usage_root":6.12,"disk_read_sec":300032,"disk_write_sec":254156,"disk_iops_sec":45,"io_wait":0,"open_files":0,"os_bytes_in_sec":3847,"os_bytes_out_sec":5425,"total_procs":479},"count":1},{"date":1637953980,"epoch_div":27299233,"totals":{"load_avg":4.076171875,"cpu_usage":100,"mem_used":8453390336,"mem_free":6579384320,"tcp_conns":127,"disk_usage_root":6.12,"disk_read_sec":1988676,"disk_write_sec":379357,"disk_iops_sec":117,"io_wait":0,"open_files":0,"os_bytes_in_sec":55959,"os_bytes_out_sec":4964,"total_procs":477},"count":1},{"date":1637954040,"epoch_div":27299234,"totals":{"load_avg":4.03515625,"cpu_usage":100,"mem_used":8354164736,"mem_free":6555914240,"tcp_conns":127,"disk_usage_root":6.12,"disk_read_sec":1870969,"disk_write_sec":586283,"disk_iops_sec":168,"io_wait":0,"open_files":0,"os_bytes_in_sec":15421,"os_bytes_out_sec":19452,"total_procs":480},"count":1},{"date":1637954100,"epoch_div":27299235,"totals":{"load_avg":4.7236328125,"cpu_usage":100,"mem_used":8444076032,"mem_free":6526943232,"tcp_conns":133,"disk_usage_root":6.12,"disk_read_sec":219102,"disk_write_sec":938856,"disk_iops_sec":178,"io_wait":0,"open_files":0,"os_bytes_in_sec":16738,"os_bytes_out_sec":55752,"total_procs":482},"count":1},{"date":1637954160,"epoch_div":27299236,"totals":{"load_avg":5.4912109375,"cpu_usage":100,"mem_used":8488189952,"mem_free":6508802048,"tcp_conns":117,"disk_usage_root":6.12,"disk_read_sec":1890372,"disk_write_sec":1074858,"disk_iops_sec":276,"io_wait":0,"open_files":0,"os_bytes_in_sec":28422,"os_bytes_out_sec":41260,"total_procs":483},"count":1},{"date":1637954220,"epoch_div":27299237,"totals":{"load_avg":4.9599609375,"cpu_usage":100,"mem_used":8563511296,"mem_free":6466994176,"tcp_conns":126,"disk_usage_root":6.12,"disk_read_sec":2347349,"disk_write_sec":994918,"disk_iops_sec":234,"io_wait":0,"open_files":0,"os_bytes_in_sec":7262,"os_bytes_out_sec":16085,"total_procs":479},"count":1},{"date":1637954280,"epoch_div":27299238,"totals":{"load_avg":4.43115234375,"cpu_usage":100,"mem_used":8160141312,"mem_free":6609256448,"tcp_conns":114,"disk_usage_root":6.12,"disk_read_sec":4087876,"disk_write_sec":509815,"disk_iops_sec":230,"io_wait":0,"open_files":0,"os_bytes_in_sec":25215,"os_bytes_out_sec":7556,"total_procs":478},"count":1},{"date":1637954340,"epoch_div":27299239,"totals":{"load_avg":3.82861328125,"cpu_usage":100,"mem_used":8231206912,"mem_free":6580580352,"tcp_conns":109,"disk_usage_root":6.12,"disk_read_sec":47854,"disk_write_sec":95709,"disk_iops_sec":17,"io_wait":0,"open_files":0,"os_bytes_in_sec":1069,"os_bytes_out_sec":1209,"total_procs":475},"count":1},{"date":1637954400,"epoch_div":27299240,"totals":{"load_avg":3.7919921875,"cpu_usage":100,"mem_used":8456695808,"mem_free":6536220672,"tcp_conns":132,"disk_usage_root":6.12,"disk_read_sec":2542387,"disk_write_sec":240503,"disk_iops_sec":152,"io_wait":0,"open_files":0,"os_bytes_in_sec":33157,"os_bytes_out_sec":27890,"total_procs":487},"count":1},{"date":1637954460,"epoch_div":27299241,"totals":{"load_avg":4.77685546875,"cpu_usage":100,"mem_used":8404115456,"mem_free":6405410816,"tcp_conns":153,"disk_usage_root":6.12,"disk_read_sec":7581696,"disk_write_sec":5050709,"disk_iops_sec":471,"io_wait":0,"open_files":0,"os_bytes_in_sec":61661,"os_bytes_out_sec":213980,"total_procs":481},"count":1},{"date":1637954520,"epoch_div":27299242,"totals":{"load_avg":4.72314453125,"cpu_usage":100,"mem_used":8226840576,"mem_free":6456713216,"tcp_conns":195,"disk_usage_root":6.12,"disk_read_sec":3825386,"disk_write_sec":3195713,"disk_iops_sec":275,"io_wait":0,"open_files":0,"os_bytes_in_sec":107477,"os_bytes_out_sec":102904,"total_procs":481},"count":1},{"date":1637954580,"epoch_div":27299243,"totals":{"load_avg":9.78955078125,"cpu_usage":100,"mem_used":8523960320,"mem_free":6288633856,"tcp_conns":216,"disk_usage_root":6.12,"disk_read_sec":2593909,"disk_write_sec":754469,"disk_iops_sec":240,"io_wait":0,"open_files":0,"os_bytes_in_sec":57908,"os_bytes_out_sec":307990,"total_procs":480},"count":1,"alerts":{"load_avg_high":true}},{"date":1637954640,"epoch_div":27299244,"totals":{"load_avg":7.56494140625,"cpu_usage":100,"mem_used":8550993920,"mem_free":6336962560,"tcp_conns":204,"disk_usage_root":6.12,"disk_read_sec":2232593,"disk_write_sec":814284,"disk_iops_sec":186,"io_wait":0,"open_files":0,"os_bytes_in_sec":29409,"os_bytes_out_sec":303555,"total_procs":480},"count":1},{"date":1637954700,"epoch_div":27299245,"totals":{"load_avg":5.9150390625,"cpu_usage":100,"mem_used":8425885696,"mem_free":6158147584,"tcp_conns":197,"disk_usage_root":6.12,"disk_read_sec":4109721,"disk_write_sec":8955562,"disk_iops_sec":273,"io_wait":0,"open_files":0,"os_bytes_in_sec":15271,"os_bytes_out_sec":140879,"total_procs":482},"count":1},{"date":1637954760,"epoch_div":27299246,"totals":{"load_avg":5.98388671875,"cpu_usage":100,"mem_used":8464523264,"mem_free":6138269696,"tcp_conns":169,"disk_usage_root":6.12,"disk_read_sec":2506888,"disk_write_sec":326997,"disk_iops_sec":160,"io_wait":0,"open_files":0,"os_bytes_in_sec":9791,"os_bytes_out_sec":44009,"total_procs":479},"count":1},{"date":1637954820,"epoch_div":27299247,"totals":{"load_avg":4.32080078125,"cpu_usage":100,"mem_used":8568918016,"mem_free":6139236352,"tcp_conns":138,"disk_usage_root":6.12,"disk_read_sec":313070,"disk_write_sec":135645,"disk_iops_sec":31,"io_wait":0,"open_files":0,"os_bytes_in_sec":9009,"os_bytes_out_sec":2048,"total_procs":478},"count":1},{"date":1637954880,"epoch_div":27299248,"totals":{"load_avg":4.529296875,"cpu_usage":100,"mem_used":8567910400,"mem_free":6134214656,"tcp_conns":118,"disk_usage_root":6.12,"disk_read_sec":130457,"disk_write_sec":92228,"disk_iops_sec":21,"io_wait":0,"open_files":0,"os_bytes_in_sec":775,"os_bytes_out_sec":1038,"total_procs":477},"count":1},{"date":1637954940,"epoch_div":27299249,"totals":{"load_avg":3.85791015625,"cpu_usage":100,"mem_used":8570142720,"mem_free":6129627136,"tcp_conns":107,"disk_usage_root":6.12,"disk_read_sec":123153,"disk_write_sec":96802,"disk_iops_sec":23,"io_wait":0,"open_files":0,"os_bytes_in_sec":642,"os_bytes_out_sec":827,"total_procs":478},"count":1},{"date":1637955000,"epoch_div":27299250,"totals":{"load_avg":3.41455078125,"cpu_usage":100,"mem_used":8572653568,"mem_free":6120902656,"tcp_conns":99,"disk_usage_root":6.12,"disk_read_sec":76574,"disk_write_sec":84002,"disk_iops_sec":17,"io_wait":0,"open_files":0,"os_bytes_in_sec":323,"os_bytes_out_sec":597,"total_procs":477},"count":1},{"date":1637955060,"epoch_div":27299251,"totals":{"load_avg":3.224609375,"cpu_usage":100,"mem_used":8570990592,"mem_free":6125178880,"tcp_conns":93,"disk_usage_root":6.12,"disk_read_sec":178008,"disk_write_sec":85747,"disk_iops_sec":22,"io_wait":0,"open_files":0,"os_bytes_in_sec":421,"os_bytes_out_sec":715,"total_procs":477},"count":1},{"date":1637955120,"epoch_div":27299252,"totals":{"load_avg":3.9013671875,"cpu_usage":100,"mem_used":8572280832,"mem_free":6120263680,"tcp_conns":83,"disk_usage_root":6.12,"disk_read_sec":179746,"disk_write_sec":90316,"disk_iops_sec":29,"io_wait":0,"open_files":0,"os_bytes_in_sec":719,"os_bytes_out_sec":1524,"total_procs":479},"count":1},{"date":1637955180,"epoch_div":27299253,"totals":{"load_avg":4.31640625,"cpu_usage":100,"mem_used":8568037376,"mem_free":6124888064,"tcp_conns":82,"disk_usage_root":6.12,"disk_read_sec":101239,"disk_write_sec":102673,"disk_iops_sec":22,"io_wait":0,"open_files":0,"os_bytes_in_sec":420,"os_bytes_out_sec":609,"total_procs":477},"count":1},{"date":1637955240,"epoch_div":27299254,"totals":{"load_avg":3.5986328125,"cpu_usage":100,"mem_used":8571256832,"mem_free":6116896768,"tcp_conns":82,"disk_usage_root":6.12,"disk_read_sec":94485,"disk_write_sec":99206,"disk_iops_sec":20,"io_wait":0,"open_files":0,"os_bytes_in_sec":261,"os_bytes_out_sec":575,"total_procs":477},"count":1},{"date":1637955300,"epoch_div":27299255,"totals":{"load_avg":3.97412109375,"cpu_usage":100,"mem_used":8506277888,"mem_free":6133284864,"tcp_conns":82,"disk_usage_root":6.12,"disk_read_sec":550744,"disk_write_sec":991634,"disk_iops_sec":29,"io_wait":0,"open_files":0,"os_bytes_in_sec":1056,"os_bytes_out_sec":794,"total_procs":479},"count":1},{"date":1637955780,"epoch_div":27299263,"totals":{"load_avg":4.5595703125,"cpu_usage":100,"mem_used":8571965440,"mem_free":6223982592,"tcp_conns":77,"disk_usage_root":6.12,"disk_read_sec":263729,"disk_write_sec":30075,"disk_iops_sec":9,"io_wait":0,"open_files":0,"os_bytes_in_sec":511,"os_bytes_out_sec":942,"total_procs":488},"count":1},{"date":1637955840,"epoch_div":27299264,"totals":{"load_avg":5.37744140625,"cpu_usage":100,"mem_used":8376864768,"mem_free":6628102144,"tcp_conns":88,"disk_usage_root":6.12,"disk_read_sec":6538146,"disk_write_sec":382138,"disk_iops_sec":167,"io_wait":0,"open_files":0,"os_bytes_in_sec":7009,"os_bytes_out_sec":28239,"total_procs":481},"count":1},{"date":1637955900,"epoch_div":27299265,"totals":{"load_avg":4.80908203125,"cpu_usage":100,"mem_used":8557793280,"mem_free":6224379904,"tcp_conns":122,"disk_usage_root":6.12,"disk_read_sec":5906295,"disk_write_sec":8911940,"disk_iops_sec":316,"io_wait":0,"open_files":0,"os_bytes_in_sec":55799,"os_bytes_out_sec":61594,"total_procs":490},"count":1},{"date":1637955960,"epoch_div":27299266,"totals":{"load_avg":4.4111328125,"cpu_usage":100,"mem_used":8446414848,"mem_free":6255415296,"tcp_conns":116,"disk_usage_root":6.12,"disk_read_sec":445303,"disk_write_sec":159061,"disk_iops_sec":32,"io_wait":0,"open_files":0,"os_bytes_in_sec":14475,"os_bytes_out_sec":4508,"total_procs":485},"count":1},{"date":1637956020,"epoch_div":27299267,"totals":{"load_avg":4.0078125,"cpu_usage":100,"mem_used":8533868544,"mem_free":6201126912,"tcp_conns":112,"disk_usage_root":6.12,"disk_read_sec":165068,"disk_write_sec":110318,"disk_iops_sec":19,"io_wait":0,"open_files":0,"os_bytes_in_sec":481,"os_bytes_out_sec":851,"total_procs":486},"count":1},{"date":1637956080,"epoch_div":27299268,"totals":{"load_avg":3.61865234375,"cpu_usage":100,"mem_used":8535965696,"mem_free":6200528896,"tcp_conns":111,"disk_usage_root":6.12,"disk_read_sec":84787,"disk_write_sec":385570,"disk_iops_sec":15,"io_wait":0,"open_files":0,"os_bytes_in_sec":365,"os_bytes_out_sec":626,"total_procs":484},"count":1},{"date":1637956140,"epoch_div":27299269,"totals":{"load_avg":3.37939453125,"cpu_usage":100,"mem_used":8545431552,"mem_free":6195838976,"tcp_conns":103,"disk_usage_root":6.12,"disk_read_sec":71159,"disk_write_sec":79143,"disk_iops_sec":14,"io_wait":0,"open_files":0,"os_bytes_in_sec":349,"os_bytes_out_sec":791,"total_procs":484},"count":1},{"date":1637956200,"epoch_div":27299270,"totals":{"load_avg":2.94873046875,"cpu_usage":100,"mem_used":8559136768,"mem_free":6188707840,"tcp_conns":93,"disk_usage_root":6.12,"disk_read_sec":125405,"disk_write_sec":99054,"disk_iops_sec":17,"io_wait":0,"open_files":0,"os_bytes_in_sec":273,"os_bytes_out_sec":617,"total_procs":484},"count":1},{"date":1637956260,"epoch_div":27299271,"totals":{"load_avg":3.2158203125,"cpu_usage":100,"mem_used":8571068416,"mem_free":6186422272,"tcp_conns":88,"disk_usage_root":6.12,"disk_read_sec":509314,"disk_write_sec":113479,"disk_iops_sec":29,"io_wait":0,"open_files":0,"os_bytes_in_sec":641,"os_bytes_out_sec":825,"total_procs":486},"count":1},{"date":1637956320,"epoch_div":27299272,"totals":{"load_avg":3.3349609375,"cpu_usage":100,"mem_used":8550707200,"mem_free":6195396608,"tcp_conns":86,"disk_usage_root":6.12,"disk_read_sec":80486,"disk_write_sec":227805,"disk_iops_sec":36,"io_wait":0,"open_files":0,"os_bytes_in_sec":908,"os_bytes_out_sec":1216,"total_procs":483},"count":1},{"date":1637956380,"epoch_div":27299273,"totals":{"load_avg":3.39111328125,"cpu_usage":100,"mem_used":8563695616,"mem_free":6192525312,"tcp_conns":85,"disk_usage_root":6.12,"disk_read_sec":79143,"disk_write_sec":93236,"disk_iops_sec":14,"io_wait":0,"open_files":0,"os_bytes_in_sec":1029,"os_bytes_out_sec":1437,"total_procs":483},"count":1},{"date":1637956440,"epoch_div":27299274,"totals":{"load_avg":4.166015625,"cpu_usage":100,"mem_used":8566329344,"mem_free":6185062400,"tcp_conns":82,"disk_usage_root":6.12,"disk_read_sec":100654,"disk_write_sec":86486,"disk_iops_sec":18,"io_wait":0,"open_files":0,"os_bytes_in_sec":539,"os_bytes_out_sec":655,"total_procs":483},"count":1},{"date":1637956500,"epoch_div":27299275,"totals":{"load_avg":4.06494140625,"cpu_usage":100,"mem_used":8568795136,"mem_free":6185533440,"tcp_conns":83,"disk_usage_root":6.12,"disk_read_sec":127112,"disk_write_sec":99054,"disk_iops_sec":18,"io_wait":0,"open_files":0,"os_bytes_in_sec":1200,"os_bytes_out_sec":1505,"total_procs":483},"count":1}]}