{"type":"list_page","items":[{"date":1637960400,"epoch_div":27299340,"totals":{"load_avg":7.998046875,"cpu_usage":100,"mem_used":8428896256,"mem_free":6414598144,"tcp_conns":189,"disk_usage_root":6.12,"disk_read_sec":4015035,"disk_write_sec":505446,"disk_iops_sec":229,"io_wait":0,"open_files":0,"os_bytes_in_sec":52180,"os_bytes_out_sec":21335,"total_procs":494},"count":1},{"date":1637960460,"epoch_div":27299341,"totals":{"load_avg":6.72119140625,"cpu_usage":100,"mem_used":8548245504,"mem_free":6407753728,"tcp_conns":176,"disk_usage_root":6.12,"disk_read_sec":3344002,"disk_write_sec":573856,"disk_iops_sec":237,"io_wait":0,"open_files":0,"os_bytes_in_sec":58186,"os_bytes_out_sec":30650,"total_procs":502},"count":1},{"date":1637960520,"epoch_div":27299342,"totals":{"load_avg":5.115234375,"cpu_usage":100,"mem_used":8568147968,"mem_free":6500167680,"tcp_conns":158,"disk_usage_root":6.12,"disk_read_sec":4568987,"disk_write_sec":668990,"disk_iops_sec":98,"io_wait":0,"open_files":0,"os_bytes_in_sec":53292,"os_bytes_out_sec":11695,"total_procs":496},"count":1},{"date":1637960580,"epoch_div":27299343,"totals":{"load_avg":4.84130859375,"cpu_usage":100,"mem_used":8421957632,"mem_free":6433697792,"tcp_conns":131,"disk_usage_root":6.12,"disk_read_sec":4423884,"disk_write_sec":5078289,"disk_iops_sec":315,"io_wait":0,"open_files":0,"os_bytes_in_sec":62057,"os_bytes_out_sec":20639,"total_procs":502},"count":1},{"date":1637960640,"epoch_div":27299344,"totals":{"load_avg":4.20751953125,"cpu_usage":100,"mem_used":8442064896,"mem_free":6402928640,"tcp_conns":118,"disk_usage_root":6.12,"disk_read_sec":266649,"disk_write_sec":102058,"disk_iops_sec":20,"io_wait":0,"open_files":0,"os_bytes_in_sec":873,"os_bytes_out_sec":1108,"total_procs":490},"count":1},{"date":1637960700,"epoch_div":27299345,"totals":{"load_avg":5.05712890625,"cpu_usage":100,"mem_used":8565571584,"mem_free":6391140352,"tcp_conns":109,"disk_usage_root":6.12,"disk_read_sec":604637,"disk_write_sec":77619,"disk_iops_sec":21,"io_wait":0,"open_files":0,"os_bytes_in_sec":698,"os_bytes_out_sec":591,"total_procs":491},"count":1},{"date":1637960760,"epoch_div":27299346,"totals":{"load_avg":4.595703125,"cpu_usage":100,"mem_used":8564166656,"mem_free":6390448128,"tcp_conns":106,"disk_usage_root":6.12,"disk_read_sec":94344,"disk_write_sec":88064,"disk_iops_sec":18,"io_wait":0,"open_files":0,"os_bytes_in_sec":1192,"os_bytes_out_sec":865,"total_procs":490},"count":1},{"date":1637960820,"epoch_div":27299347,"totals":{"load_avg":3.9423828125,"cpu_usage":100,"mem_used":8533434368,"mem_free":6403260416,"tcp_conns":99,"disk_usage_root":6.12,"disk_read_sec":1047825,"disk_write_sec":113049,"disk_iops_sec":61,"io_wait":0,"open_files":0,"os_bytes_in_sec":1046,"os_bytes_out_sec":1112,"total_procs":492},"count":1},{"date":1637960880,"epoch_div":27299348,"totals":{"load_avg":3.24462890625,"cpu_usage":100,"mem_used":8571199488,"mem_free":6410936320,"tcp_conns":96,"disk_usage_root":6.12,"disk_read_sec":499780,"disk_write_sec":146022,"disk_iops_sec":35,"io_wait":0,"open_files":0,"os_bytes_in_sec":1315,"os_bytes_out_sec":1146,"total_procs":493},"count":1},{"date":1637960940,"epoch_div":27299349,"totals":{"load_avg":3.50390625,"cpu_usage":100,"mem_used":8571609088,"mem_free":6423044096,"tcp_conns":95,"disk_usage_root":6.12,"disk_read_sec":554939,"disk_write_sec":412057,"disk_iops_sec":46,"io_wait":0,"open_files":0,"os_bytes_in_sec":348,"os_bytes_out_sec":430,"total_procs":490},"count":1},{"date":1637961000,"epoch_div":27299350,"totals":{"load_avg":3.78515625,"cpu_usage":100,"mem_used":8571285504,"mem_free":6421839872,"tcp_conns":86,"disk_usage_root":6.12,"disk_read_sec":257297,"disk_write_sec":75571,"disk_iops_sec":21,"io_wait":0,"open_files":0,"os_bytes_in_sec":547,"os_bytes_out_sec":763,"total_procs":490},"count":1},{"date":1637961060,"epoch_div":27299351,"totals":{"load_avg":3.876953125,"cpu_usage":100,"mem_used":8569126912,"mem_free":6425792512,"tcp_conns":86,"disk_usage_root":6.12,"disk_read_sec":218112,"disk_write_sec":83694,"disk_iops_sec":25,"io_wait":0,"open_files":0,"os_bytes_in_sec":392,"os_bytes_out_sec":498,"total_procs":491},"count":1},{"date":1637961120,"epoch_div":27299352,"totals":{"load_avg":4.17431640625,"cpu_usage":100,"mem_used":8566804480,"mem_free":6430343168,"tcp_conns":84,"disk_usage_root":6.12,"disk_read_sec":262629,"disk_write_sec":79490,"disk_iops_sec":51,"io_wait":0,"open_files":0,"os_bytes_in_sec":637,"os_bytes_out_sec":751,"total_procs":490},"count":1},{"date":1637961180,"epoch_div":27299353,"totals":{"load_avg":4.75146484375,"cpu_usage":100,"mem_used":8571707392,"mem_free":6432890880,"tcp_conns":83,"disk_usage_root":6.12,"disk_read_sec":193049,"disk_write_sec":78898,"disk_iops_sec":22,"io_wait":0,"open_files":0,"os_bytes_in_sec":425,"os_bytes_out_sec":1061,"total_procs":490},"count":1},{"date":1637962980,"epoch_div":27299383,"totals":{"load_avg":6.5517578125,"cpu_usage":100,"mem_used":8505372672,"mem_free":6449799168,"tcp_conns":85,"disk_usage_root":6.12,"disk_read_sec":353441,"disk_write_sec":396367,"disk_iops_sec":5,"io_wait":0,"open_files":0,"os_bytes_in_sec":368,"os_bytes_out_sec":288,"total_procs":498},"count":1},{"date":1637963040,"epoch_div":27299384,"totals":{"load_avg":5.45068359375,"cpu_usage":100,"mem_used":8542769152,"mem_free":6357303296,"tcp_conns":83,"disk_usage_root":6.12,"disk_read_sec":1734912,"disk_write_sec":472320,"disk_iops_sec":85,"io_wait":0,"open_files":0,"os_bytes_in_sec":5932,"os_bytes_out_sec":11427,"total_procs":497},"count":1}]}