{"type":"list_page","items":[{"date":1637420700,"epoch_div":27290345,"totals":{"load_avg":5.43310546875,"cpu_usage":100,"mem_used":3569221632,"mem_free":8077926400,"tcp_conns":73,"disk_usage_root":6.12,"disk_read_sec":286940,"disk_write_sec":230735,"disk_iops_sec":5,"io_wait":0,"open_files":0,"os_bytes_in_sec":19,"os_bytes_out_sec":11,"total_procs":418},"count":1},{"date":1637423940,"epoch_div":27290399,"totals":{"load_avg":4.67724609375,"cpu_usage":100,"mem_used":3665502208,"mem_free":8035667968,"tcp_conns":75,"disk_usage_root":6.12,"disk_read_sec":321034,"disk_write_sec":234344,"disk_iops_sec":6,"io_wait":0,"open_files":0,"os_bytes_in_sec":222,"os_bytes_out_sec":37,"total_procs":417},"count":1}]}