{"type":"list_page","items":[{"date":1638230400,"epoch_div":27303840,"totals":{"load_avg":2.23046875,"cpu_usage":100,"mem_used":8322060288,"mem_free":6447538176,"tcp_conns":115,"disk_usage_root":6.12,"disk_read_sec":17143287,"disk_write_sec":377873,"disk_iops_sec":143,"io_wait":0,"open_files":0,"os_bytes_in_sec":10935,"os_bytes_out_sec":12884,"total_procs":550},"count":1},{"date":1638230460,"epoch_div":27303841,"totals":{"load_avg":2.1884765625,"cpu_usage":100,"mem_used":8563163136,"mem_free":6379880448,"tcp_conns":112,"disk_usage_root":6.12,"disk_read_sec":4597826,"disk_write_sec":206649,"disk_iops_sec":132,"io_wait":0,"open_files":0,"os_bytes_in_sec":8101,"os_bytes_out_sec":2338,"total_procs":548},"count":1},{"date":1638230520,"epoch_div":27303842,"totals":{"load_avg":1.970703125,"cpu_usage":100,"mem_used":8567472128,"mem_free":6509453312,"tcp_conns":100,"disk_usage_root":6.12,"disk_read_sec":8229419,"disk_write_sec":5206849,"disk_iops_sec":134,"io_wait":0,"open_files":0,"os_bytes_in_sec":960,"os_bytes_out_sec":2362,"total_procs":549},"count":1},{"date":1638230580,"epoch_div":27303843,"totals":{"load_avg":1.6943359375,"cpu_usage":100,"mem_used":8566956032,"mem_free":6563274752,"tcp_conns":101,"disk_usage_root":6.12,"disk_read_sec":1917132,"disk_write_sec":131549,"disk_iops_sec":43,"io_wait":0,"open_files":0,"os_bytes_in_sec":1568,"os_bytes_out_sec":1971,"total_procs":545},"count":1},{"date":1638230640,"epoch_div":27303844,"totals":{"load_avg":2.27490234375,"cpu_usage":100,"mem_used":7918714880,"mem_free":6495506432,"tcp_conns":101,"disk_usage_root":6.12,"disk_read_sec":21388561,"disk_write_sec":32892654,"disk_iops_sec":327,"io_wait":0,"open_files":0,"os_bytes_in_sec":8551,"os_bytes_out_sec":6715,"total_procs":550},"count":1},{"date":1638230700,"epoch_div":27303845,"totals":{"load_avg":3.00390625,"cpu_usage":100,"mem_used":8550240256,"mem_free":6516363264,"tcp_conns":102,"disk_usage_root":6.12,"disk_read_sec":14915174,"disk_write_sec":4322713,"disk_iops_sec":124,"io_wait":0,"open_files":0,"os_bytes_in_sec":6616,"os_bytes_out_sec":10927,"total_procs":548},"count":1},{"date":1638230760,"epoch_div":27303846,"totals":{"load_avg":2.4306640625,"cpu_usage":100,"mem_used":7091965952,"mem_free":6872817664,"tcp_conns":105,"disk_usage_root":6.12,"disk_read_sec":23234178,"disk_write_sec":39725854,"disk_iops_sec":322,"io_wait":0,"open_files":0,"os_bytes_in_sec":3136,"os_bytes_out_sec":4385,"total_procs":548},"count":1},{"date":1638230820,"epoch_div":27303847,"totals":{"load_avg":2.1552734375,"cpu_usage":100,"mem_used":7880212480,"mem_free":6673276928,"tcp_conns":99,"disk_usage_root":6.12,"disk_read_sec":9538082,"disk_write_sec":172646,"disk_iops_sec":69,"io_wait":0,"open_files":0,"os_bytes_in_sec":1824,"os_bytes_out_sec":2483,"total_procs":546},"count":1},{"date":1638230880,"epoch_div":27303848,"totals":{"load_avg":1.90673828125,"cpu_usage":100,"mem_used":8133054464,"mem_free":6546423808,"tcp_conns":100,"disk_usage_root":6.12,"disk_read_sec":2492825,"disk_write_sec":157900,"disk_iops_sec":39,"io_wait":0,"open_files":0,"os_bytes_in_sec":1545,"os_bytes_out_sec":3458,"total_procs":547},"count":1},{"date":1638230940,"epoch_div":27303849,"totals":{"load_avg":2.236328125,"cpu_usage":100,"mem_used":7612182528,"mem_free":6445465600,"tcp_conns":102,"disk_usage_root":6.12,"disk_read_sec":13922908,"disk_write_sec":23081430,"disk_iops_sec":221,"io_wait":0,"open_files":0,"os_bytes_in_sec":5063,"os_bytes_out_sec":4616,"total_procs":547},"count":1},{"date":1638231000,"epoch_div":27303850,"totals":{"load_avg":2.59765625,"cpu_usage":100,"mem_used":8238690304,"mem_free":6289342464,"tcp_conns":100,"disk_usage_root":6.12,"disk_read_sec":7758711,"disk_write_sec":189713,"disk_iops_sec":62,"io_wait":0,"open_files":0,"os_bytes_in_sec":1851,"os_bytes_out_sec":3079,"total_procs":548},"count":1},{"date":1638231060,"epoch_div":27303851,"totals":{"load_avg":2.4892578125,"cpu_usage":100,"mem_used":8378605568,"mem_free":6348955648,"tcp_conns":98,"disk_usage_root":6.12,"disk_read_sec":6609783,"disk_write_sec":4693333,"disk_iops_sec":84,"io_wait":0,"open_files":0,"os_bytes_in_sec":9184,"os_bytes_out_sec":2871,"total_procs":549},"count":1},{"date":1638231120,"epoch_div":27303852,"totals":{"load_avg":2.8681640625,"cpu_usage":100,"mem_used":8478949376,"mem_free":6330699776,"tcp_conns":102,"disk_usage_root":6.12,"disk_read_sec":34079470,"disk_write_sec":33636761,"disk_iops_sec":362,"io_wait":0,"open_files":0,"os_bytes_in_sec":11982,"os_bytes_out_sec":9525,"total_procs":548},"count":1},{"date":1638231180,"epoch_div":27303853,"totals":{"load_avg":2.67724609375,"cpu_usage":100,"mem_used":8386617344,"mem_free":6256939008,"tcp_conns":102,"disk_usage_root":6.12,"disk_read_sec":4847684,"disk_write_sec":7415876,"disk_iops_sec":194,"io_wait":0,"open_files":0,"os_bytes_in_sec":3888,"os_bytes_out_sec":4093,"total_procs":543},"count":1},{"date":1638231240,"epoch_div":27303854,"totals":{"load_avg":2.29736328125,"cpu_usage":100,"mem_used":8445775872,"mem_free":6208630784,"tcp_conns":101,"disk_usage_root":6.12,"disk_read_sec":12225331,"disk_write_sec":12675891,"disk_iops_sec":143,"io_wait":0,"open_files":0,"os_bytes_in_sec":3325,"os_bytes_out_sec":3956,"total_procs":547},"count":1},{"date":1638231300,"epoch_div":27303855,"totals":{"load_avg":2.64404296875,"cpu_usage":100,"mem_used":8307752960,"mem_free":6248513536,"tcp_conns":100,"disk_usage_root":6.12,"disk_read_sec":12329233,"disk_write_sec":9805141,"disk_iops_sec":193,"io_wait":0,"open_files":0,"os_bytes_in_sec":29194,"os_bytes_out_sec":5348,"total_procs":546},"count":1},{"date":1638231360,"epoch_div":27303856,"totals":{"load_avg":1.880859375,"cpu_usage":100,"mem_used":8452145152,"mem_free":6257508352,"tcp_conns":99,"disk_usage_root":6.12,"disk_read_sec":5975654,"disk_write_sec":4182903,"disk_iops_sec":95,"io_wait":0,"open_files":0,"os_bytes_in_sec":1053,"os_bytes_out_sec":2301,"total_procs":543},"count":1},{"date":1638231420,"epoch_div":27303857,"totals":{"load_avg":2.22607421875,"cpu_usage":100,"mem_used":8306331648,"mem_free":6180806656,"tcp_conns":98,"disk_usage_root":6.12,"disk_read_sec":5151197,"disk_write_sec":7106833,"disk_iops_sec":130,"io_wait":0,"open_files":0,"os_bytes_in_sec":2022,"os_bytes_out_sec":3024,"total_procs":545},"count":1},{"date":1638231480,"epoch_div":27303858,"totals":{"load_avg":2.80224609375,"cpu_usage":100,"mem_used":8211034112,"mem_free":6938398720,"tcp_conns":100,"disk_usage_root":6.12,"disk_read_sec":29821405,"disk_write_sec":18047180,"disk_iops_sec":352,"io_wait":0,"open_files":0,"os_bytes_in_sec":1087,"os_bytes_out_sec":2499,"total_procs":550},"count":1},{"date":1638231540,"epoch_div":27303859,"totals":{"load_avg":2.84765625,"cpu_usage":100,"mem_used":8413413376,"mem_free":6087049216,"tcp_conns":152,"disk_usage_root":6.12,"disk_read_sec":35078417,"disk_write_sec":49732949,"disk_iops_sec":470,"io_wait":0,"open_files":0,"os_bytes_in_sec":39255,"os_bytes_out_sec":14224,"total_procs":570},"count":1},{"date":1638231600,"epoch_div":27303860,"totals":{"load_avg":2.23974609375,"cpu_usage":100,"mem_used":8490098688,"mem_free":6287183872,"tcp_conns":135,"disk_usage_root":6.12,"disk_read_sec":11165696,"disk_write_sec":916480,"disk_iops_sec":161,"io_wait":0,"open_files":0,"os_bytes_in_sec":17241,"os_bytes_out_sec":5250,"total_procs":551},"count":1},{"date":1638231660,"epoch_div":27303861,"totals":{"load_avg":2.4453125,"cpu_usage":100,"mem_used":6872915968,"mem_free":6732406784,"tcp_conns":132,"disk_usage_root":6.12,"disk_read_sec":26105309,"disk_write_sec":46047914,"disk_iops_sec":404,"io_wait":0,"open_files":0,"os_bytes_in_sec":31347,"os_bytes_out_sec":11446,"total_procs":558},"count":1},{"date":1638231720,"epoch_div":27303862,"totals":{"load_avg":3.40234375,"cpu_usage":100,"mem_used":7470698496,"mem_free":6302941184,"tcp_conns":167,"disk_usage_root":6.12,"disk_read_sec":23025143,"disk_write_sec":22957594,"disk_iops_sec":294,"io_wait":0,"open_files":0,"os_bytes_in_sec":126554,"os_bytes_out_sec":11475,"total_procs":555},"count":1},{"date":1638231780,"epoch_div":27303863,"totals":{"load_avg":2.52197265625,"cpu_usage":100,"mem_used":8557535232,"mem_free":6137077760,"tcp_conns":144,"disk_usage_root":6.12,"disk_read_sec":20824131,"disk_write_sec":5198361,"disk_iops_sec":212,"io_wait":0,"open_files":0,"os_bytes_in_sec":1038,"os_bytes_out_sec":1636,"total_procs":556},"count":1},{"date":1638231840,"epoch_div":27303864,"totals":{"load_avg":2.25439453125,"cpu_usage":100,"mem_used":8568967168,"mem_free":6214754304,"tcp_conns":127,"disk_usage_root":6.12,"disk_read_sec":8546304,"disk_write_sec":6434611,"disk_iops_sec":124,"io_wait":0,"open_files":0,"os_bytes_in_sec":37786,"os_bytes_out_sec":3233,"total_procs":552},"count":1},{"date":1638231900,"epoch_div":27303865,"totals":{"load_avg":2.60205078125,"cpu_usage":100,"mem_used":8162177024,"mem_free":6215012352,"tcp_conns":129,"disk_usage_root":6.12,"disk_read_sec":31544934,"disk_write_sec":38245171,"disk_iops_sec":548,"io_wait":0,"open_files":0,"os_bytes_in_sec":456775,"os_bytes_out_sec":9360,"total_procs":561},"count":1},{"date":1638231960,"epoch_div":27303866,"totals":{"load_avg":2.80908203125,"cpu_usage":100,"mem_used":7821115392,"mem_free":6476247040,"tcp_conns":105,"disk_usage_root":6.12,"disk_read_sec":43900996,"disk_write_sec":48447351,"disk_iops_sec":803,"io_wait":0,"open_files":0,"os_bytes_in_sec":46995,"os_bytes_out_sec":3881,"total_procs":558},"count":1},{"date":1638232020,"epoch_div":27303867,"totals":{"load_avg":3.42333984375,"cpu_usage":100,"mem_used":8568164352,"mem_free":6324346880,"tcp_conns":109,"disk_usage_root":6.12,"disk_read_sec":27022609,"disk_write_sec":17623995,"disk_iops_sec":255,"io_wait":0,"open_files":0,"os_bytes_in_sec":9382,"os_bytes_out_sec":9745,"total_procs":556},"count":1},{"date":1638232080,"epoch_div":27303868,"totals":{"load_avg":2.6865234375,"cpu_usage":100,"mem_used":8569434112,"mem_free":6467837952,"tcp_conns":103,"disk_usage_root":6.12,"disk_read_sec":4235599,"disk_write_sec":241798,"disk_iops_sec":65,"io_wait":0,"open_files":0,"os_bytes_in_sec":2551,"os_bytes_out_sec":2482,"total_procs":552},"count":1},{"date":1638232140,"epoch_div":27303869,"totals":{"load_avg":1.85888671875,"cpu_usage":100,"mem_used":7045287936,"mem_free":6601277440,"tcp_conns":99,"disk_usage_root":6.12,"disk_read_sec":13143859,"disk_write_sec":32788138,"disk_iops_sec":236,"io_wait":0,"open_files":0,"os_bytes_in_sec":3284,"os_bytes_out_sec":3606,"total_procs":555},"count":1},{"date":1638232200,"epoch_div":27303870,"totals":{"load_avg":3.32373046875,"cpu_usage":100,"mem_used":8437440512,"mem_free":6409195520,"tcp_conns":97,"disk_usage_root":6.12,"disk_read_sec":18307314,"disk_write_sec":699166,"disk_iops_sec":160,"io_wait":0,"open_files":0,"os_bytes_in_sec":7460,"os_bytes_out_sec":6494,"total_procs":554},"count":1},{"date":1638232260,"epoch_div":27303871,"totals":{"load_avg":2.373046875,"cpu_usage":100,"mem_used":7382392832,"mem_free":6494552064,"tcp_conns":103,"disk_usage_root":6.12,"disk_read_sec":10804428,"disk_write_sec":26132275,"disk_iops_sec":196,"io_wait":0,"open_files":0,"os_bytes_in_sec":12069,"os_bytes_out_sec":5701,"total_procs":553},"count":1},{"date":1638232320,"epoch_div":27303872,"totals":{"load_avg":2.86669921875,"cpu_usage":100,"mem_used":8202854400,"mem_free":6392197120,"tcp_conns":100,"disk_usage_root":6.12,"disk_read_sec":11545463,"disk_write_sec":589687,"disk_iops_sec":92,"io_wait":0,"open_files":0,"os_bytes_in_sec":7349,"os_bytes_out_sec":6282,"total_procs":554},"count":1},{"date":1638232380,"epoch_div":27303873,"totals":{"load_avg":3.49462890625,"cpu_usage":100,"mem_used":6265745408,"mem_free":7064494080,"tcp_conns":103,"disk_usage_root":6.12,"disk_read_sec":28527913,"disk_write_sec":44400243,"disk_iops_sec":348,"io_wait":0,"open_files":0,"os_bytes_in_sec":3563,"os_bytes_out_sec":4712,"total_procs":554},"count":1},{"date":1638232440,"epoch_div":27303874,"totals":{"load_avg":2.83203125,"cpu_usage":100,"mem_used":8568762368,"mem_free":6751408128,"tcp_conns":100,"disk_usage_root":6.12,"disk_read_sec":31449158,"disk_write_sec":743706,"disk_iops_sec":224,"io_wait":0,"open_files":0,"os_bytes_in_sec":15471,"os_bytes_out_sec":4575,"total_procs":551},"count":1},{"date":1638232500,"epoch_div":27303875,"totals":{"load_avg":4.17041015625,"cpu_usage":100,"mem_used":7610228736,"mem_free":6647685120,"tcp_conns":98,"disk_usage_root":6.12,"disk_read_sec":23713422,"disk_write_sec":40817445,"disk_iops_sec":300,"io_wait":0,"open_files":0,"os_bytes_in_sec":1443,"os_bytes_out_sec":2003,"total_procs":550},"count":1},{"date":1638232560,"epoch_div":27303876,"totals":{"load_avg":3.1416015625,"cpu_usage":100,"mem_used":8331907072,"mem_free":6566375424,"tcp_conns":96,"disk_usage_root":6.12,"disk_read_sec":13068424,"disk_write_sec":202478,"disk_iops_sec":86,"io_wait":0,"open_files":0,"os_bytes_in_sec":1808,"os_bytes_out_sec":5684,"total_procs":547},"count":1},{"date":1638232620,"epoch_div":27303877,"totals":{"load_avg":3.20751953125,"cpu_usage":100,"mem_used":8548720640,"mem_free":6173310976,"tcp_conns":115,"disk_usage_root":6.12,"disk_read_sec":21395213,"disk_write_sec":26000366,"disk_iops_sec":283,"io_wait":0,"open_files":0,"os_bytes_in_sec":33000,"os_bytes_out_sec":18440,"total_procs":551},"count":1},{"date":1638232680,"epoch_div":27303878,"totals":{"load_avg":3.2919921875,"cpu_usage":100,"mem_used":8515702784,"mem_free":6152863744,"tcp_conns":115,"disk_usage_root":6.12,"disk_read_sec":4656605,"disk_write_sec":4275541,"disk_iops_sec":110,"io_wait":0,"open_files":0,"os_bytes_in_sec":11436,"os_bytes_out_sec":4927,"total_procs":551},"count":1},{"date":1638232740,"epoch_div":27303879,"totals":{"load_avg":2.20166015625,"cpu_usage":100,"mem_used":8544157696,"mem_free":6173356032,"tcp_conns":114,"disk_usage_root":6.12,"disk_read_sec":7152086,"disk_write_sec":5834651,"disk_iops_sec":94,"io_wait":0,"open_files":0,"os_bytes_in_sec":2858,"os_bytes_out_sec":2791,"total_procs":548},"count":1},{"date":1638232800,"epoch_div":27303880,"totals":{"load_avg":2.59521484375,"cpu_usage":100,"mem_used":7940255744,"mem_free":6551408640,"tcp_conns":118,"disk_usage_root":6.12,"disk_read_sec":52730793,"disk_write_sec":56162199,"disk_iops_sec":660,"io_wait":0,"open_files":0,"os_bytes_in_sec":331295,"os_bytes_out_sec":15993,"total_procs":550},"count":1},{"date":1638232860,"epoch_div":27303881,"totals":{"load_avg":2.8173828125,"cpu_usage":100,"mem_used":7283404800,"mem_free":6380728320,"tcp_conns":107,"disk_usage_root":6.12,"disk_read_sec":20409548,"disk_write_sec":31418299,"disk_iops_sec":338,"io_wait":0,"open_files":0,"os_bytes_in_sec":59595,"os_bytes_out_sec":4709,"total_procs":549},"count":1},{"date":1638232920,"epoch_div":27303882,"totals":{"load_avg":2.3251953125,"cpu_usage":100,"mem_used":7830228992,"mem_free":6315831296,"tcp_conns":105,"disk_usage_root":6.12,"disk_read_sec":7492949,"disk_write_sec":560196,"disk_iops_sec":91,"io_wait":0,"open_files":0,"os_bytes_in_sec":49480,"os_bytes_out_sec":3251,"total_procs":547},"count":1},{"date":1638232980,"epoch_div":27303883,"totals":{"load_avg":2.642578125,"cpu_usage":100,"mem_used":8205824000,"mem_free":6036602880,"tcp_conns":96,"disk_usage_root":6.12,"disk_read_sec":12526660,"disk_write_sec":12798088,"disk_iops_sec":163,"io_wait":0,"open_files":0,"os_bytes_in_sec":104538,"os_bytes_out_sec":4701,"total_procs":548},"count":1},{"date":1638233040,"epoch_div":27303884,"totals":{"load_avg":2.736328125,"cpu_usage":100,"mem_used":8558899200,"mem_free":6457212928,"tcp_conns":88,"disk_usage_root":6.12,"disk_read_sec":12425420,"disk_write_sec":292249,"disk_iops_sec":111,"io_wait":0,"open_files":0,"os_bytes_in_sec":61881,"os_bytes_out_sec":4163,"total_procs":549},"count":1},{"date":1638233100,"epoch_div":27303885,"totals":{"load_avg":2.36572265625,"cpu_usage":100,"mem_used":7644336128,"mem_free":6428389376,"tcp_conns":90,"disk_usage_root":6.12,"disk_read_sec":12083616,"disk_write_sec":27865226,"disk_iops_sec":275,"io_wait":0,"open_files":0,"os_bytes_in_sec":186286,"os_bytes_out_sec":5672,"total_procs":547},"count":1},{"date":1638233160,"epoch_div":27303886,"totals":{"load_avg":3.09912109375,"cpu_usage":100,"mem_used":8569413632,"mem_free":6654615552,"tcp_conns":91,"disk_usage_root":6.12,"disk_read_sec":19874396,"disk_write_sec":1755371,"disk_iops_sec":137,"io_wait":0,"open_files":0,"os_bytes_in_sec":120794,"os_bytes_out_sec":5916,"total_procs":547},"count":1},{"date":1638233220,"epoch_div":27303887,"totals":{"load_avg":3.501953125,"cpu_usage":100,"mem_used":8517312512,"mem_free":6511460352,"tcp_conns":90,"disk_usage_root":6.12,"disk_read_sec":4030600,"disk_write_sec":5629747,"disk_iops_sec":88,"io_wait":0,"open_files":0,"os_bytes_in_sec":39989,"os_bytes_out_sec":2517,"total_procs":548},"count":1},{"date":1638233280,"epoch_div":27303888,"totals":{"load_avg":2.78759765625,"cpu_usage":100,"mem_used":8005521408,"mem_free":6421196800,"tcp_conns":89,"disk_usage_root":6.12,"disk_read_sec":19243895,"disk_write_sec":30702114,"disk_iops_sec":210,"io_wait":0,"open_files":0,"os_bytes_in_sec":1050,"os_bytes_out_sec":2461,"total_procs":547},"count":1},{"date":1638233340,"epoch_div":27303889,"totals":{"load_avg":2.365234375,"cpu_usage":100,"mem_used":8248000512,"mem_free":6334750720,"tcp_conns":86,"disk_usage_root":6.12,"disk_read_sec":3156992,"disk_write_sec":119057,"disk_iops_sec":32,"io_wait":0,"open_files":0,"os_bytes_in_sec":756,"os_bytes_out_sec":1249,"total_procs":547},"count":1},{"date":1638233400,"epoch_div":27303890,"totals":{"load_avg":2.34228515625,"cpu_usage":100,"mem_used":8037855232,"mem_free":6124969984,"tcp_conns":86,"disk_usage_root":6.12,"disk_read_sec":13064533,"disk_write_sec":20745966,"disk_iops_sec":152,"io_wait":0,"open_files":0,"os_bytes_in_sec":816,"os_bytes_out_sec":1602,"total_procs":549},"count":1},{"date":1638233460,"epoch_div":27303891,"totals":{"load_avg":2.1640625,"cpu_usage":100,"mem_used":8538161152,"mem_free":6102675456,"tcp_conns":88,"disk_usage_root":6.12,"disk_read_sec":7186432,"disk_write_sec":121924,"disk_iops_sec":48,"io_wait":0,"open_files":0,"os_bytes_in_sec":3118,"os_bytes_out_sec":1832,"total_procs":549},"count":1},{"date":1638233520,"epoch_div":27303892,"totals":{"load_avg":2.583984375,"cpu_usage":100,"mem_used":8568975360,"mem_free":6418972672,"tcp_conns":90,"disk_usage_root":6.12,"disk_read_sec":7936000,"disk_write_sec":165341,"disk_iops_sec":116,"io_wait":0,"open_files":0,"os_bytes_in_sec":1115,"os_bytes_out_sec":1954,"total_procs":548},"count":1},{"date":1638233580,"epoch_div":27303893,"totals":{"load_avg":2.9111328125,"cpu_usage":100,"mem_used":8563683328,"mem_free":6478548992,"tcp_conns":91,"disk_usage_root":6.12,"disk_read_sec":1694173,"disk_write_sec":159061,"disk_iops_sec":41,"io_wait":0,"open_files":0,"os_bytes_in_sec":1134,"os_bytes_out_sec":1704,"total_procs":551},"count":1},{"date":1638233640,"epoch_div":27303894,"totals":{"load_avg":2.56689453125,"cpu_usage":100,"mem_used":8567767040,"mem_free":6659092480,"tcp_conns":91,"disk_usage_root":6.12,"disk_read_sec":4422178,"disk_write_sec":134758,"disk_iops_sec":56,"io_wait":0,"open_files":0,"os_bytes_in_sec":1840,"os_bytes_out_sec":2995,"total_procs":551},"count":1},{"date":1638233700,"epoch_div":27303895,"totals":{"load_avg":2.43798828125,"cpu_usage":100,"mem_used":8233103360,"mem_free":6622560256,"tcp_conns":89,"disk_usage_root":6.12,"disk_read_sec":8902587,"disk_write_sec":14181171,"disk_iops_sec":120,"io_wait":0,"open_files":0,"os_bytes_in_sec":1117,"os_bytes_out_sec":1927,"total_procs":548},"count":1},{"date":1638233760,"epoch_div":27303896,"totals":{"load_avg":2.5380859375,"cpu_usage":100,"mem_used":8341377024,"mem_free":6618935296,"tcp_conns":88,"disk_usage_root":6.12,"disk_read_sec":1482683,"disk_write_sec":113595,"disk_iops_sec":60,"io_wait":0,"open_files":0,"os_bytes_in_sec":595,"os_bytes_out_sec":1124,"total_procs":549},"count":1},{"date":1638233820,"epoch_div":27303897,"totals":{"load_avg":7.64111328125,"cpu_usage":100,"mem_used":7163813888,"mem_free":6499352576,"tcp_conns":90,"disk_usage_root":6.12,"disk_read_sec":8257809,"disk_write_sec":29907217,"disk_iops_sec":166,"io_wait":0,"open_files":0,"os_bytes_in_sec":1086,"os_bytes_out_sec":2050,"total_procs":547},"count":1},{"date":1638233880,"epoch_div":27303898,"totals":{"load_avg":4.68896484375,"cpu_usage":100,"mem_used":7322112000,"mem_free":6474805248,"tcp_conns":90,"disk_usage_root":6.12,"disk_read_sec":2474192,"disk_write_sec":114271,"disk_iops_sec":27,"io_wait":0,"open_files":0,"os_bytes_in_sec":610,"os_bytes_out_sec":991,"total_procs":547},"count":1},{"date":1638233940,"epoch_div":27303899,"totals":{"load_avg":3.77099609375,"cpu_usage":100,"mem_used":7526703104,"mem_free":6478274560,"tcp_conns":89,"disk_usage_root":6.12,"disk_read_sec":3070657,"disk_write_sec":109719,"disk_iops_sec":31,"io_wait":0,"open_files":0,"os_bytes_in_sec":1160,"os_bytes_out_sec":2433,"total_procs":548},"count":1}]}