{"type":"list_page","items":[{"date":1639233000,"epoch_div":27320550,"totals":{"load_avg":3.39990234375,"cpu_usage":100,"mem_used":8556171264,"mem_free":6310338560,"tcp_conns":88,"disk_usage_root":8.83,"disk_read_sec":153923,"disk_write_sec":84700,"disk_iops_sec":6,"io_wait":0,"open_files":0,"os_bytes_in_sec":0,"os_bytes_out_sec":0,"total_procs":480},"count":1},{"date":1639233060,"epoch_div":27320551,"totals":{"load_avg":2.28271484375,"cpu_usage":100,"mem_used":8542527488,"mem_free":6269968384,"tcp_conns":92,"disk_usage_root":8.83,"disk_read_sec":9839008,"disk_write_sec":1483932,"disk_iops_sec":1571,"io_wait":0,"open_files":0,"os_bytes_in_sec":0,"os_bytes_out_sec":0,"total_procs":486},"count":1},{"date":1639233120,"epoch_div":27320552,"totals":{"load_avg":1.5888671875,"cpu_usage":100,"mem_used":8566886400,"mem_free":6270763008,"tcp_conns":100,"disk_usage_root":8.83,"disk_read_sec":1490193,"disk_write_sec":551253,"disk_iops_sec":61,"io_wait":0,"open_files":0,"os_bytes_in_sec":4648,"os_bytes_out_sec":2910,"total_procs":483},"count":1},{"date":1639233180,"epoch_div":27320553,"totals":{"load_avg":2.54248046875,"cpu_usage":100,"mem_used":8554332160,"mem_free":6270877696,"tcp_conns":95,"disk_usage_root":8.83,"disk_read_sec":1235694,"disk_write_sec":676795,"disk_iops_sec":124,"io_wait":0,"open_files":0,"os_bytes_in_sec":1922,"os_bytes_out_sec":5605,"total_procs":486},"count":1},{"date":1639233240,"epoch_div":27320554,"totals":{"load_avg":2.74267578125,"cpu_usage":100,"mem_used":8426586112,"mem_free":6333095936,"tcp_conns":101,"disk_usage_root":8.83,"disk_read_sec":360933,"disk_write_sec":197441,"disk_iops_sec":38,"io_wait":0,"open_files":0,"os_bytes_in_sec":6099,"os_bytes_out_sec":4003,"total_procs":483},"count":1},{"date":1639233300,"epoch_div":27320555,"totals":{"load_avg":1.857421875,"cpu_usage":100,"mem_used":8541147136,"mem_free":6317297664,"tcp_conns":101,"disk_usage_root":8.83,"disk_read_sec":308945,"disk_write_sec":95618,"disk_iops_sec":16,"io_wait":0,"open_files":0,"os_bytes_in_sec":4760,"os_bytes_out_sec":2138,"total_procs":480},"count":1},{"date":1639233360,"epoch_div":27320556,"totals":{"load_avg":2.4208984375,"cpu_usage":100,"mem_used":8542859264,"mem_free":6314016768,"tcp_conns":95,"disk_usage_root":8.83,"disk_read_sec":197427,"disk_write_sec":78574,"disk_iops_sec":30,"io_wait":0,"open_files":0,"os_bytes_in_sec":326,"os_bytes_out_sec":181,"total_procs":479},"count":1},{"date":1639233420,"epoch_div":27320557,"totals":{"load_avg":3.32275390625,"cpu_usage":100,"mem_used":8554012672,"mem_free":6217596928,"tcp_conns":98,"disk_usage_root":8.83,"disk_read_sec":44714,"disk_write_sec":106018,"disk_iops_sec":19,"io_wait":0,"open_files":0,"os_bytes_in_sec":4027,"os_bytes_out_sec":2187,"total_procs":480},"count":1},{"date":1639233480,"epoch_div":27320558,"totals":{"load_avg":2.24169921875,"cpu_usage":100,"mem_used":8556425216,"mem_free":6242586624,"tcp_conns":100,"disk_usage_root":8.83,"disk_read_sec":365431,"disk_write_sec":703965,"disk_iops_sec":34,"io_wait":0,"open_files":0,"os_bytes_in_sec":2028,"os_bytes_out_sec":1030,"total_procs":480},"count":1},{"date":1639233540,"epoch_div":27320559,"totals":{"load_avg":3.21826171875,"cpu_usage":100,"mem_used":8571240448,"mem_free":6251761664,"tcp_conns":102,"disk_usage_root":8.83,"disk_read_sec":982502,"disk_write_sec":803957,"disk_iops_sec":46,"io_wait":0,"open_files":0,"os_bytes_in_sec":4008,"os_bytes_out_sec":2029,"total_procs":481},"count":1},{"date":1639233600,"epoch_div":27320560,"totals":{"load_avg":2.2578125,"cpu_usage":100,"mem_used":8537284608,"mem_free":6289956864,"tcp_conns":99,"disk_usage_root":8.83,"disk_read_sec":166241,"disk_write_sec":85521,"disk_iops_sec":24,"io_wait":0,"open_files":0,"os_bytes_in_sec":250,"os_bytes_out_sec":253,"total_procs":480},"count":1},{"date":1639233660,"epoch_div":27320561,"totals":{"load_avg":3.1591796875,"cpu_usage":100,"mem_used":8549552128,"mem_free":6282272768,"tcp_conns":103,"disk_usage_root":8.83,"disk_read_sec":135638,"disk_write_sec":104884,"disk_iops_sec":21,"io_wait":0,"open_files":0,"os_bytes_in_sec":5055,"os_bytes_out_sec":2377,"total_procs":479},"count":1},{"date":1639233720,"epoch_div":27320562,"totals":{"load_avg":3.3740234375,"cpu_usage":100,"mem_used":8555384832,"mem_free":6234869760,"tcp_conns":99,"disk_usage_root":8.83,"disk_read_sec":59733,"disk_write_sec":93252,"disk_iops_sec":15,"io_wait":0,"open_files":0,"os_bytes_in_sec":111,"os_bytes_out_sec":194,"total_procs":479},"count":1},{"date":1639233780,"epoch_div":27320563,"totals":{"load_avg":3.31884765625,"cpu_usage":100,"mem_used":8559022080,"mem_free":6253273088,"tcp_conns":96,"disk_usage_root":8.83,"disk_read_sec":25941,"disk_write_sec":90385,"disk_iops_sec":15,"io_wait":0,"open_files":0,"os_bytes_in_sec":3686,"os_bytes_out_sec":2102,"total_procs":479},"count":1},{"date":1639233840,"epoch_div":27320564,"totals":{"load_avg":2.55859375,"cpu_usage":100,"mem_used":8570912768,"mem_free":6267228160,"tcp_conns":92,"disk_usage_root":8.83,"disk_read_sec":1061956,"disk_write_sec":1140940,"disk_iops_sec":51,"io_wait":0,"open_files":0,"os_bytes_in_sec":165,"os_bytes_out_sec":226,"total_procs":482},"count":1},{"date":1639233900,"epoch_div":27320565,"totals":{"load_avg":2.201171875,"cpu_usage":100,"mem_used":8531046400,"mem_free":6282293248,"tcp_conns":96,"disk_usage_root":8.83,"disk_read_sec":400247,"disk_write_sec":321331,"disk_iops_sec":25,"io_wait":0,"open_files":0,"os_bytes_in_sec":4436,"os_bytes_out_sec":2101,"total_procs":480},"count":1},{"date":1639233960,"epoch_div":27320566,"totals":{"load_avg":1.8544921875,"cpu_usage":100,"mem_used":8559181824,"mem_free":6265475072,"tcp_conns":97,"disk_usage_root":8.83,"disk_read_sec":234632,"disk_write_sec":103219,"disk_iops_sec":37,"io_wait":0,"open_files":0,"os_bytes_in_sec":4456,"os_bytes_out_sec":2036,"total_procs":479},"count":1},{"date":1639234020,"epoch_div":27320567,"totals":{"load_avg":2.26513671875,"cpu_usage":100,"mem_used":8558252032,"mem_free":6220050432,"tcp_conns":93,"disk_usage_root":8.83,"disk_read_sec":19524,"disk_write_sec":76390,"disk_iops_sec":12,"io_wait":0,"open_files":0,"os_bytes_in_sec":168,"os_bytes_out_sec":158,"total_procs":478},"count":1},{"date":1639234080,"epoch_div":27320568,"totals":{"load_avg":2.55908203125,"cpu_usage":100,"mem_used":8565342208,"mem_free":6239322112,"tcp_conns":97,"disk_usage_root":8.83,"disk_read_sec":31334,"disk_write_sec":89156,"disk_iops_sec":15,"io_wait":0,"open_files":0,"os_bytes_in_sec":4341,"os_bytes_out_sec":2117,"total_procs":479},"count":1},{"date":1639234140,"epoch_div":27320569,"totals":{"load_avg":2.2060546875,"cpu_usage":100,"mem_used":8568754176,"mem_free":6236794880,"tcp_conns":92,"disk_usage_root":8.83,"disk_read_sec":863114,"disk_write_sec":1314413,"disk_iops_sec":90,"io_wait":0,"open_files":0,"os_bytes_in_sec":269,"os_bytes_out_sec":510,"total_procs":487},"count":1},{"date":1639234200,"epoch_div":27320570,"totals":{"load_avg":1.91796875,"cpu_usage":100,"mem_used":8505405440,"mem_free":6292844544,"tcp_conns":98,"disk_usage_root":8.83,"disk_read_sec":429455,"disk_write_sec":377179,"disk_iops_sec":28,"io_wait":0,"open_files":0,"os_bytes_in_sec":4339,"os_bytes_out_sec":2170,"total_procs":480},"count":1},{"date":1639234260,"epoch_div":27320571,"totals":{"load_avg":1.8173828125,"cpu_usage":100,"mem_used":8518590464,"mem_free":6285406208,"tcp_conns":98,"disk_usage_root":8.83,"disk_read_sec":131618,"disk_write_sec":97484,"disk_iops_sec":19,"io_wait":0,"open_files":0,"os_bytes_in_sec":5219,"os_bytes_out_sec":2731,"total_procs":479},"count":1},{"date":1639234320,"epoch_div":27320572,"totals":{"load_avg":2.1357421875,"cpu_usage":100,"mem_used":8518283264,"mem_free":6234685440,"tcp_conns":93,"disk_usage_root":8.83,"disk_read_sec":35362,"disk_write_sec":75434,"disk_iops_sec":13,"io_wait":0,"open_files":0,"os_bytes_in_sec":125,"os_bytes_out_sec":166,"total_procs":478},"count":1},{"date":1639234380,"epoch_div":27320573,"totals":{"load_avg":2.50927734375,"cpu_usage":100,"mem_used":8538189824,"mem_free":6256291840,"tcp_conns":97,"disk_usage_root":8.83,"disk_read_sec":117486,"disk_write_sec":84309,"disk_iops_sec":15,"io_wait":0,"open_files":0,"os_bytes_in_sec":3442,"os_bytes_out_sec":1981,"total_procs":479},"count":1},{"date":1639234440,"epoch_div":27320574,"totals":{"load_avg":2.72216796875,"cpu_usage":100,"mem_used":8559316992,"mem_free":6246830080,"tcp_conns":96,"disk_usage_root":8.83,"disk_read_sec":775304,"disk_write_sec":879069,"disk_iops_sec":36,"io_wait":0,"open_files":0,"os_bytes_in_sec":3538,"os_bytes_out_sec":2186,"total_procs":482},"count":1},{"date":1639234500,"epoch_div":27320575,"totals":{"load_avg":2.28369140625,"cpu_usage":100,"mem_used":8532152320,"mem_free":6281609216,"tcp_conns":93,"disk_usage_root":8.83,"disk_read_sec":200157,"disk_write_sec":89565,"disk_iops_sec":22,"io_wait":0,"open_files":0,"os_bytes_in_sec":272,"os_bytes_out_sec":272,"total_procs":480},"count":1},{"date":1639234560,"epoch_div":27320576,"totals":{"load_avg":3.93310546875,"cpu_usage":100,"mem_used":8550821888,"mem_free":6269038592,"tcp_conns":97,"disk_usage_root":8.83,"disk_read_sec":212923,"disk_write_sec":100966,"disk_iops_sec":31,"io_wait":0,"open_files":0,"os_bytes_in_sec":4997,"os_bytes_out_sec":2050,"total_procs":479},"count":1},{"date":1639234620,"epoch_div":27320577,"totals":{"load_avg":3.548828125,"cpu_usage":100,"mem_used":8554016768,"mem_free":6212177920,"tcp_conns":94,"disk_usage_root":8.83,"disk_read_sec":25804,"disk_write_sec":80349,"disk_iops_sec":13,"io_wait":0,"open_files":0,"os_bytes_in_sec":552,"os_bytes_out_sec":535,"total_procs":479},"count":1},{"date":1639234680,"epoch_div":27320578,"totals":{"load_avg":3.10498046875,"cpu_usage":100,"mem_used":8551104512,"mem_free":6237589504,"tcp_conns":97,"disk_usage_root":8.83,"disk_read_sec":22869,"disk_write_sec":87927,"disk_iops_sec":14,"io_wait":0,"open_files":0,"os_bytes_in_sec":4253,"os_bytes_out_sec":1918,"total_procs":479},"count":1},{"date":1639234740,"epoch_div":27320579,"totals":{"load_avg":2.34912109375,"cpu_usage":100,"mem_used":8559570944,"mem_free":6237822976,"tcp_conns":94,"disk_usage_root":8.83,"disk_read_sec":715980,"disk_write_sec":735573,"disk_iops_sec":39,"io_wait":0,"open_files":0,"os_bytes_in_sec":2737,"os_bytes_out_sec":1243,"total_procs":482},"count":1}]}