{"type":"list_page","items":[{"date":1637683200,"epoch_div":27294720,"totals":{"load_avg":3.69970703125,"cpu_usage":100,"mem_used":8565030912,"mem_free":6627917824,"tcp_conns":82,"disk_usage_root":6.12,"disk_read_sec":39321,"disk_write_sec":82602,"disk_iops_sec":21,"io_wait":0,"open_files":0,"os_bytes_in_sec":180,"os_bytes_out_sec":307,"total_procs":437},"count":1},{"date":1637683260,"epoch_div":27294721,"totals":{"load_avg":3.095703125,"cpu_usage":100,"mem_used":8564899840,"mem_free":6625828864,"tcp_conns":81,"disk_usage_root":6.12,"disk_read_sec":7577,"disk_write_sec":93798,"disk_iops_sec":18,"io_wait":0,"open_files":0,"os_bytes_in_sec":306,"os_bytes_out_sec":202,"total_procs":437},"count":1},{"date":1637683320,"epoch_div":27294722,"totals":{"load_avg":2.63134765625,"cpu_usage":100,"mem_used":8569954304,"mem_free":6635544576,"tcp_conns":82,"disk_usage_root":6.12,"disk_read_sec":30242,"disk_write_sec":89565,"disk_iops_sec":15,"io_wait":0,"open_files":0,"os_bytes_in_sec":306,"os_bytes_out_sec":217,"total_procs":436},"count":1},{"date":1637683380,"epoch_div":27294723,"totals":{"load_avg":2.49658203125,"cpu_usage":100,"mem_used":8315273216,"mem_free":6608273408,"tcp_conns":85,"disk_usage_root":6.12,"disk_read_sec":3555259,"disk_write_sec":1466436,"disk_iops_sec":125,"io_wait":0,"open_files":0,"os_bytes_in_sec":1074,"os_bytes_out_sec":1414,"total_procs":440},"count":1},{"date":1637683440,"epoch_div":27294724,"totals":{"load_avg":2.59814453125,"cpu_usage":100,"mem_used":8315691008,"mem_free":6607515648,"tcp_conns":81,"disk_usage_root":6.12,"disk_read_sec":64580,"disk_write_sec":83831,"disk_iops_sec":16,"io_wait":0,"open_files":0,"os_bytes_in_sec":315,"os_bytes_out_sec":348,"total_procs":436},"count":1},{"date":1637683500,"epoch_div":27294725,"totals":{"load_avg":2.66015625,"cpu_usage":100,"mem_used":8570122240,"mem_free":6560886784,"tcp_conns":84,"disk_usage_root":6.12,"disk_read_sec":1552452,"disk_write_sec":528793,"disk_iops_sec":100,"io_wait":0,"open_files":0,"os_bytes_in_sec":2395,"os_bytes_out_sec":1536,"total_procs":438},"count":1},{"date":1637683560,"epoch_div":27294726,"totals":{"load_avg":2.7099609375,"cpu_usage":100,"mem_used":8570347520,"mem_free":6573215744,"tcp_conns":77,"disk_usage_root":6.12,"disk_read_sec":305766,"disk_write_sec":247534,"disk_iops_sec":73,"io_wait":0,"open_files":0,"os_bytes_in_sec":899,"os_bytes_out_sec":922,"total_procs":436},"count":1},{"date":1637683620,"epoch_div":27294727,"totals":{"load_avg":2.7578125,"cpu_usage":100,"mem_used":8571912192,"mem_free":6585225216,"tcp_conns":75,"disk_usage_root":6.12,"disk_read_sec":50262,"disk_write_sec":96846,"disk_iops_sec":20,"io_wait":0,"open_files":0,"os_bytes_in_sec":183,"os_bytes_out_sec":342,"total_procs":436},"count":1},{"date":1637683680,"epoch_div":27294728,"totals":{"load_avg":2.67236328125,"cpu_usage":100,"mem_used":8570609664,"mem_free":6562775040,"tcp_conns":73,"disk_usage_root":6.12,"disk_read_sec":27989,"disk_write_sec":63488,"disk_iops_sec":12,"io_wait":0,"open_files":0,"os_bytes_in_sec":248,"os_bytes_out_sec":222,"total_procs":435},"count":1},{"date":1637683740,"epoch_div":27294729,"totals":{"load_avg":2.39794921875,"cpu_usage":100,"mem_used":8567328768,"mem_free":6560288768,"tcp_conns":73,"disk_usage_root":6.12,"disk_read_sec":8192,"disk_write_sec":65200,"disk_iops_sec":12,"io_wait":0,"open_files":0,"os_bytes_in_sec":104,"os_bytes_out_sec":118,"total_procs":434},"count":1},{"date":1637683800,"epoch_div":27294730,"totals":{"load_avg":2.853515625,"cpu_usage":100,"mem_used":8569790464,"mem_free":6578163712,"tcp_conns":74,"disk_usage_root":6.12,"disk_read_sec":234496,"disk_write_sec":83285,"disk_iops_sec":37,"io_wait":0,"open_files":0,"os_bytes_in_sec":235,"os_bytes_out_sec":375,"total_procs":435},"count":1},{"date":1637683860,"epoch_div":27294731,"totals":{"load_avg":3.60302734375,"cpu_usage":100,"mem_used":8550330368,"mem_free":6576377856,"tcp_conns":74,"disk_usage_root":6.12,"disk_read_sec":150391,"disk_write_sec":129297,"disk_iops_sec":34,"io_wait":0,"open_files":0,"os_bytes_in_sec":498,"os_bytes_out_sec":558,"total_procs":439},"count":1},{"date":1637683920,"epoch_div":27294732,"totals":{"load_avg":3.45947265625,"cpu_usage":100,"mem_used":8546775040,"mem_free":6583054336,"tcp_conns":73,"disk_usage_root":6.12,"disk_read_sec":52906,"disk_write_sec":106496,"disk_iops_sec":17,"io_wait":0,"open_files":0,"os_bytes_in_sec":185,"os_bytes_out_sec":174,"total_procs":435},"count":1},{"date":1637683980,"epoch_div":27294733,"totals":{"load_avg":3.53662109375,"cpu_usage":100,"mem_used":8538787840,"mem_free":6583566336,"tcp_conns":74,"disk_usage_root":6.12,"disk_read_sec":267195,"disk_write_sec":77619,"disk_iops_sec":42,"io_wait":0,"open_files":0,"os_bytes_in_sec":440,"os_bytes_out_sec":500,"total_procs":437},"count":1},{"date":1637684040,"epoch_div":27294734,"totals":{"load_avg":3.29931640625,"cpu_usage":100,"mem_used":8540762112,"mem_free":6591254528,"tcp_conns":74,"disk_usage_root":6.12,"disk_read_sec":25600,"disk_write_sec":70109,"disk_iops_sec":13,"io_wait":0,"open_files":0,"os_bytes_in_sec":178,"os_bytes_out_sec":275,"total_procs":435},"count":1},{"date":1637684100,"epoch_div":27294735,"totals":{"load_avg":2.53271484375,"cpu_usage":100,"mem_used":8484057088,"mem_free":6723149824,"tcp_conns":101,"disk_usage_root":6.12,"disk_read_sec":2793472,"disk_write_sec":739123,"disk_iops_sec":199,"io_wait":0,"open_files":0,"os_bytes_in_sec":208338,"os_bytes_out_sec":14712,"total_procs":443},"count":1},{"date":1637684160,"epoch_div":27294736,"totals":{"load_avg":3.13623046875,"cpu_usage":100,"mem_used":8284901376,"mem_free":6831710208,"tcp_conns":95,"disk_usage_root":6.12,"disk_read_sec":1805448,"disk_write_sec":285013,"disk_iops_sec":122,"io_wait":0,"open_files":0,"os_bytes_in_sec":26366,"os_bytes_out_sec":12038,"total_procs":438},"count":1},{"date":1637684220,"epoch_div":27294737,"totals":{"load_avg":2.78125,"cpu_usage":100,"mem_used":8104730624,"mem_free":6863511552,"tcp_conns":119,"disk_usage_root":6.12,"disk_read_sec":229239,"disk_write_sec":789435,"disk_iops_sec":91,"io_wait":0,"open_files":0,"os_bytes_in_sec":434379,"os_bytes_out_sec":9870,"total_procs":437},"count":1},{"date":1637684280,"epoch_div":27294738,"totals":{"load_avg":2.662109375,"cpu_usage":100,"mem_used":8114106368,"mem_free":6885396480,"tcp_conns":113,"disk_usage_root":6.12,"disk_read_sec":45670,"disk_write_sec":119534,"disk_iops_sec":20,"io_wait":0,"open_files":0,"os_bytes_in_sec":918,"os_bytes_out_sec":1009,"total_procs":437},"count":1},{"date":1637684340,"epoch_div":27294739,"totals":{"load_avg":2.857421875,"cpu_usage":100,"mem_used":8310968320,"mem_free":6814674944,"tcp_conns":113,"disk_usage_root":6.12,"disk_read_sec":1397145,"disk_write_sec":138308,"disk_iops_sec":73,"io_wait":0,"open_files":0,"os_bytes_in_sec":24645,"os_bytes_out_sec":3388,"total_procs":438},"count":1},{"date":1637684400,"epoch_div":27294740,"totals":{"load_avg":2.87939453125,"cpu_usage":100,"mem_used":8377843712,"mem_free":6739775488,"tcp_conns":211,"disk_usage_root":6.12,"disk_read_sec":7265143,"disk_write_sec":6198203,"disk_iops_sec":567,"io_wait":0,"open_files":0,"os_bytes_in_sec":122133,"os_bytes_out_sec":64015,"total_procs":448},"count":1},{"date":1637684460,"epoch_div":27294741,"totals":{"load_avg":3.12841796875,"cpu_usage":100,"mem_used":8320348160,"mem_free":6765862912,"tcp_conns":196,"disk_usage_root":6.12,"disk_read_sec":220637,"disk_write_sec":1010414,"disk_iops_sec":199,"io_wait":0,"open_files":0,"os_bytes_in_sec":15250,"os_bytes_out_sec":50562,"total_procs":446},"count":1},{"date":1637684520,"epoch_div":27294742,"totals":{"load_avg":2.8583984375,"cpu_usage":100,"mem_used":8456462336,"mem_free":6658183168,"tcp_conns":181,"disk_usage_root":6.12,"disk_read_sec":1654784,"disk_write_sec":563928,"disk_iops_sec":164,"io_wait":0,"open_files":0,"os_bytes_in_sec":22447,"os_bytes_out_sec":21961,"total_procs":443},"count":1},{"date":1637684580,"epoch_div":27294743,"totals":{"load_avg":2.783203125,"cpu_usage":100,"mem_used":8489988096,"mem_free":6686072832,"tcp_conns":156,"disk_usage_root":6.12,"disk_read_sec":1479327,"disk_write_sec":154640,"disk_iops_sec":96,"io_wait":0,"open_files":0,"os_bytes_in_sec":7260,"os_bytes_out_sec":4451,"total_procs":443},"count":1},{"date":1637684640,"epoch_div":27294744,"totals":{"load_avg":2.01123046875,"cpu_usage":100,"mem_used":8509714432,"mem_free":6687145984,"tcp_conns":136,"disk_usage_root":6.12,"disk_read_sec":49152,"disk_write_sec":168686,"disk_iops_sec":29,"io_wait":0,"open_files":0,"os_bytes_in_sec":1350,"os_bytes_out_sec":3106,"total_procs":443},"count":1},{"date":1637684700,"epoch_div":27294745,"totals":{"load_avg":2.77197265625,"cpu_usage":100,"mem_used":8487645184,"mem_free":6890545152,"tcp_conns":144,"disk_usage_root":6.12,"disk_read_sec":3089681,"disk_write_sec":1134933,"disk_iops_sec":282,"io_wait":0,"open_files":0,"os_bytes_in_sec":21961,"os_bytes_out_sec":21217,"total_procs":460},"count":1},{"date":1637684760,"epoch_div":27294746,"totals":{"load_avg":2.4404296875,"cpu_usage":100,"mem_used":8329863168,"mem_free":6890070016,"tcp_conns":131,"disk_usage_root":6.12,"disk_read_sec":1731857,"disk_write_sec":4029508,"disk_iops_sec":270,"io_wait":0,"open_files":0,"os_bytes_in_sec":24897,"os_bytes_out_sec":32260,"total_procs":455},"count":1},{"date":1637684820,"epoch_div":27294747,"totals":{"load_avg":2.24560546875,"cpu_usage":100,"mem_used":8386633728,"mem_free":6828412928,"tcp_conns":121,"disk_usage_root":6.12,"disk_read_sec":1362602,"disk_write_sec":248217,"disk_iops_sec":94,"io_wait":0,"open_files":0,"os_bytes_in_sec":16616,"os_bytes_out_sec":10456,"total_procs":445},"count":1},{"date":1637684880,"epoch_div":27294748,"totals":{"load_avg":3.048828125,"cpu_usage":100,"mem_used":8400400384,"mem_free":6849929216,"tcp_conns":129,"disk_usage_root":6.12,"disk_read_sec":1686937,"disk_write_sec":693930,"disk_iops_sec":178,"io_wait":0,"open_files":0,"os_bytes_in_sec":33831,"os_bytes_out_sec":12882,"total_procs":448},"count":1},{"date":1637684940,"epoch_div":27294749,"totals":{"load_avg":2.64892578125,"cpu_usage":100,"mem_used":8551972864,"mem_free":6749351936,"tcp_conns":117,"disk_usage_root":6.12,"disk_read_sec":167797,"disk_write_sec":186958,"disk_iops_sec":32,"io_wait":0,"open_files":0,"os_bytes_in_sec":7781,"os_bytes_out_sec":4763,"total_procs":442},"count":1},{"date":1637685000,"epoch_div":27294750,"totals":{"load_avg":2.05322265625,"cpu_usage":100,"mem_used":8474210304,"mem_free":6805536768,"tcp_conns":145,"disk_usage_root":6.12,"disk_read_sec":1598648,"disk_write_sec":456066,"disk_iops_sec":159,"io_wait":0,"open_files":0,"os_bytes_in_sec":12508,"os_bytes_out_sec":16884,"total_procs":450},"count":1},{"date":1637685060,"epoch_div":27294751,"totals":{"load_avg":2.69482421875,"cpu_usage":100,"mem_used":7648935936,"mem_free":7284494336,"tcp_conns":126,"disk_usage_root":6.12,"disk_read_sec":41301,"disk_write_sec":158788,"disk_iops_sec":28,"io_wait":0,"open_files":0,"os_bytes_in_sec":1312,"os_bytes_out_sec":2609,"total_procs":439},"count":1},{"date":1637685120,"epoch_div":27294752,"totals":{"load_avg":3.259765625,"cpu_usage":100,"mem_used":7476580352,"mem_free":7371972608,"tcp_conns":120,"disk_usage_root":6.12,"disk_read_sec":251494,"disk_write_sec":161041,"disk_iops_sec":35,"io_wait":0,"open_files":0,"os_bytes_in_sec":1056,"os_bytes_out_sec":1921,"total_procs":438},"count":1},{"date":1637685180,"epoch_div":27294753,"totals":{"load_avg":3.47412109375,"cpu_usage":100,"mem_used":8254214144,"mem_free":6827978752,"tcp_conns":149,"disk_usage_root":6.12,"disk_read_sec":1211187,"disk_write_sec":495411,"disk_iops_sec":102,"io_wait":0,"open_files":0,"os_bytes_in_sec":172146,"os_bytes_out_sec":25030,"total_procs":440},"count":1},{"date":1637685240,"epoch_div":27294754,"totals":{"load_avg":2.560546875,"cpu_usage":100,"mem_used":8241000448,"mem_free":6777937920,"tcp_conns":123,"disk_usage_root":6.12,"disk_read_sec":190873,"disk_write_sec":257911,"disk_iops_sec":38,"io_wait":0,"open_files":0,"os_bytes_in_sec":43788,"os_bytes_out_sec":5535,"total_procs":437},"count":1},{"date":1637685300,"epoch_div":27294755,"totals":{"load_avg":3.474609375,"cpu_usage":100,"mem_used":8415248384,"mem_free":6656278528,"tcp_conns":112,"disk_usage_root":6.12,"disk_read_sec":632627,"disk_write_sec":738986,"disk_iops_sec":111,"io_wait":0,"open_files":0,"os_bytes_in_sec":51124,"os_bytes_out_sec":9433,"total_procs":442},"count":1},{"date":1637685360,"epoch_div":27294756,"totals":{"load_avg":3.06298828125,"cpu_usage":100,"mem_used":8508837888,"mem_free":6643511296,"tcp_conns":109,"disk_usage_root":6.12,"disk_read_sec":892108,"disk_write_sec":336213,"disk_iops_sec":87,"io_wait":0,"open_files":0,"os_bytes_in_sec":106035,"os_bytes_out_sec":7333,"total_procs":439},"count":1},{"date":1637685420,"epoch_div":27294757,"totals":{"load_avg":3.68310546875,"cpu_usage":100,"mem_used":8468070400,"mem_free":6622072832,"tcp_conns":103,"disk_usage_root":6.12,"disk_read_sec":648578,"disk_write_sec":1277481,"disk_iops_sec":70,"io_wait":0,"open_files":0,"os_bytes_in_sec":87612,"os_bytes_out_sec":5584,"total_procs":439},"count":1},{"date":1637685480,"epoch_div":27294758,"totals":{"load_avg":3.3486328125,"cpu_usage":100,"mem_used":8566378496,"mem_free":6704967680,"tcp_conns":102,"disk_usage_root":6.12,"disk_read_sec":521927,"disk_write_sec":373777,"disk_iops_sec":91,"io_wait":0,"open_files":0,"os_bytes_in_sec":116280,"os_bytes_out_sec":7750,"total_procs":447},"count":1},{"date":1637685540,"epoch_div":27294759,"totals":{"load_avg":3.41357421875,"cpu_usage":100,"mem_used":8516694016,"mem_free":6748028928,"tcp_conns":93,"disk_usage_root":6.12,"disk_read_sec":10447121,"disk_write_sec":464213,"disk_iops_sec":630,"io_wait":0,"open_files":0,"os_bytes_in_sec":114828,"os_bytes_out_sec":21245,"total_procs":439},"count":1},{"date":1637685600,"epoch_div":27294760,"totals":{"load_avg":3.01123046875,"cpu_usage":100,"mem_used":8502497280,"mem_free":6723391488,"tcp_conns":83,"disk_usage_root":6.12,"disk_read_sec":273681,"disk_write_sec":260573,"disk_iops_sec":57,"io_wait":0,"open_files":0,"os_bytes_in_sec":44098,"os_bytes_out_sec":14077,"total_procs":438},"count":1},{"date":1637685660,"epoch_div":27294761,"totals":{"load_avg":2.79248046875,"cpu_usage":100,"mem_used":8493867008,"mem_free":6648692736,"tcp_conns":82,"disk_usage_root":6.12,"disk_read_sec":74956,"disk_write_sec":175377,"disk_iops_sec":29,"io_wait":0,"open_files":0,"os_bytes_in_sec":39350,"os_bytes_out_sec":2552,"total_procs":437},"count":1},{"date":1637685720,"epoch_div":27294762,"totals":{"load_avg":2.9873046875,"cpu_usage":100,"mem_used":8499122176,"mem_free":6653607936,"tcp_conns":80,"disk_usage_root":6.12,"disk_read_sec":15974,"disk_write_sec":164454,"disk_iops_sec":21,"io_wait":0,"open_files":0,"os_bytes_in_sec":46026,"os_bytes_out_sec":2514,"total_procs":439},"count":1},{"date":1637685780,"epoch_div":27294763,"totals":{"load_avg":2.24365234375,"cpu_usage":100,"mem_used":8505524224,"mem_free":6656016384,"tcp_conns":82,"disk_usage_root":6.12,"disk_read_sec":200362,"disk_write_sec":243712,"disk_iops_sec":51,"io_wait":0,"open_files":0,"os_bytes_in_sec":73069,"os_bytes_out_sec":6398,"total_procs":437},"count":1},{"date":1637685840,"epoch_div":27294764,"totals":{"load_avg":2.4453125,"cpu_usage":100,"mem_used":8541630464,"mem_free":6609100800,"tcp_conns":80,"disk_usage_root":6.12,"disk_read_sec":2477329,"disk_write_sec":165683,"disk_iops_sec":390,"io_wait":0,"open_files":0,"os_bytes_in_sec":45396,"os_bytes_out_sec":2466,"total_procs":438},"count":1},{"date":1637685900,"epoch_div":27294765,"totals":{"load_avg":2.796875,"cpu_usage":100,"mem_used":8569004032,"mem_free":6614097920,"tcp_conns":80,"disk_usage_root":6.12,"disk_read_sec":23278,"disk_write_sec":173465,"disk_iops_sec":21,"io_wait":0,"open_files":0,"os_bytes_in_sec":55695,"os_bytes_out_sec":2144,"total_procs":438},"count":1},{"date":1637685960,"epoch_div":27294766,"totals":{"load_avg":2.689453125,"cpu_usage":100,"mem_used":8526696448,"mem_free":6669602816,"tcp_conns":83,"disk_usage_root":6.12,"disk_read_sec":230741,"disk_write_sec":596309,"disk_iops_sec":85,"io_wait":0,"open_files":0,"os_bytes_in_sec":49648,"os_bytes_out_sec":11351,"total_procs":442},"count":1},{"date":1637686020,"epoch_div":27294767,"totals":{"load_avg":3.05078125,"cpu_usage":100,"mem_used":8552992768,"mem_free":6754566144,"tcp_conns":80,"disk_usage_root":6.12,"disk_read_sec":73659,"disk_write_sec":213333,"disk_iops_sec":39,"io_wait":0,"open_files":0,"os_bytes_in_sec":59140,"os_bytes_out_sec":10317,"total_procs":438},"count":1},{"date":1637686080,"epoch_div":27294768,"totals":{"load_avg":2.9921875,"cpu_usage":100,"mem_used":8523456512,"mem_free":6696538112,"tcp_conns":82,"disk_usage_root":6.12,"disk_read_sec":47923,"disk_write_sec":266308,"disk_iops_sec":43,"io_wait":0,"open_files":0,"os_bytes_in_sec":60947,"os_bytes_out_sec":11962,"total_procs":438},"count":1},{"date":1637686140,"epoch_div":27294769,"totals":{"load_avg":3.046875,"cpu_usage":100,"mem_used":8545603584,"mem_free":6681473024,"tcp_conns":82,"disk_usage_root":6.12,"disk_read_sec":95163,"disk_write_sec":180565,"disk_iops_sec":32,"io_wait":0,"open_files":0,"os_bytes_in_sec":16389,"os_bytes_out_sec":9453,"total_procs":438},"count":1},{"date":1637686200,"epoch_div":27294770,"totals":{"load_avg":3.453125,"cpu_usage":100,"mem_used":8508997632,"mem_free":6654664704,"tcp_conns":78,"disk_usage_root":6.12,"disk_read_sec":1285051,"disk_write_sec":115234,"disk_iops_sec":76,"io_wait":0,"open_files":0,"os_bytes_in_sec":1367,"os_bytes_out_sec":887,"total_procs":440},"count":1},{"date":1637686260,"epoch_div":27294771,"totals":{"load_avg":2.90185546875,"cpu_usage":100,"mem_used":8539353088,"mem_free":6654992384,"tcp_conns":78,"disk_usage_root":6.12,"disk_read_sec":36044,"disk_write_sec":90043,"disk_iops_sec":16,"io_wait":0,"open_files":0,"os_bytes_in_sec":358,"os_bytes_out_sec":259,"total_procs":436},"count":1},{"date":1637686320,"epoch_div":27294772,"totals":{"load_avg":2.5439453125,"cpu_usage":100,"mem_used":8507383808,"mem_free":6708449280,"tcp_conns":81,"disk_usage_root":6.12,"disk_read_sec":96665,"disk_write_sec":171485,"disk_iops_sec":34,"io_wait":0,"open_files":0,"os_bytes_in_sec":50851,"os_bytes_out_sec":4503,"total_procs":440},"count":1},{"date":1637686380,"epoch_div":27294773,"totals":{"load_avg":2.93310546875,"cpu_usage":100,"mem_used":8547885056,"mem_free":6740865024,"tcp_conns":79,"disk_usage_root":6.12,"disk_read_sec":178517,"disk_write_sec":141448,"disk_iops_sec":37,"io_wait":0,"open_files":0,"os_bytes_in_sec":45179,"os_bytes_out_sec":2316,"total_procs":437},"count":1},{"date":1637686440,"epoch_div":27294774,"totals":{"load_avg":2.9736328125,"cpu_usage":100,"mem_used":8502890496,"mem_free":6652923904,"tcp_conns":79,"disk_usage_root":6.12,"disk_read_sec":8122,"disk_write_sec":134890,"disk_iops_sec":17,"io_wait":0,"open_files":0,"os_bytes_in_sec":33505,"os_bytes_out_sec":1661,"total_procs":437},"count":1},{"date":1637686500,"epoch_div":27294775,"totals":{"load_avg":2.37646484375,"cpu_usage":100,"mem_used":8508985344,"mem_free":6656630784,"tcp_conns":79,"disk_usage_root":6.12,"disk_read_sec":69427,"disk_write_sec":167458,"disk_iops_sec":37,"io_wait":0,"open_files":0,"os_bytes_in_sec":37770,"os_bytes_out_sec":1942,"total_procs":437},"count":1},{"date":1637686560,"epoch_div":27294776,"totals":{"load_avg":3.0771484375,"cpu_usage":100,"mem_used":8528211968,"mem_free":6631149568,"tcp_conns":76,"disk_usage_root":6.12,"disk_read_sec":2321,"disk_write_sec":447556,"disk_iops_sec":18,"io_wait":0,"open_files":0,"os_bytes_in_sec":37577,"os_bytes_out_sec":2101,"total_procs":438},"count":1},{"date":1637686620,"epoch_div":27294777,"totals":{"load_avg":2.712890625,"cpu_usage":100,"mem_used":8517713920,"mem_free":6653497344,"tcp_conns":75,"disk_usage_root":6.12,"disk_read_sec":21890,"disk_write_sec":157528,"disk_iops_sec":23,"io_wait":0,"open_files":0,"os_bytes_in_sec":29631,"os_bytes_out_sec":1721,"total_procs":438},"count":1},{"date":1637686680,"epoch_div":27294778,"totals":{"load_avg":2.6953125,"cpu_usage":100,"mem_used":8509636608,"mem_free":6584455168,"tcp_conns":75,"disk_usage_root":6.12,"disk_read_sec":24371,"disk_write_sec":96597,"disk_iops_sec":14,"io_wait":0,"open_files":0,"os_bytes_in_sec":222,"os_bytes_out_sec":168,"total_procs":438},"count":1},{"date":1637686740,"epoch_div":27294779,"totals":{"load_avg":3.701171875,"cpu_usage":100,"mem_used":8517275648,"mem_free":6621523968,"tcp_conns":75,"disk_usage_root":6.12,"disk_read_sec":22664,"disk_write_sec":141243,"disk_iops_sec":18,"io_wait":0,"open_files":0,"os_bytes_in_sec":48109,"os_bytes_out_sec":2135,"total_procs":437},"count":1}]}