{"type":"list_page","items":[{"date":1636524000,"epoch_div":27275400,"totals":{"load_avg":1.33056640625,"cpu_usage":100,"mem_used":7642476544,"mem_free":6112690176,"tcp_conns":15,"disk_usage_root":6.12,"disk_read_sec":7671,"disk_write_sec":91802,"disk_iops_sec":12,"io_wait":0,"open_files":0,"os_bytes_in_sec":6792,"os_bytes_out_sec":890,"total_procs":468},"count":1},{"date":1636524060,"epoch_div":27275401,"totals":{"load_avg":1.1005859375,"cpu_usage":100,"mem_used":7643435008,"mem_free":6110810112,"tcp_conns":15,"disk_usage_root":6.12,"disk_read_sec":546,"disk_write_sec":79189,"disk_iops_sec":15,"io_wait":0,"open_files":0,"os_bytes_in_sec":503,"os_bytes_out_sec":180,"total_procs":468},"count":1},{"date":1636524120,"epoch_div":27275402,"totals":{"load_avg":1.72216796875,"cpu_usage":100,"mem_used":7642865664,"mem_free":6110908416,"tcp_conns":14,"disk_usage_root":6.12,"disk_read_sec":0,"disk_write_sec":61578,"disk_iops_sec":11,"io_wait":0,"open_files":0,"os_bytes_in_sec":107,"os_bytes_out_sec":197,"total_procs":468},"count":1},{"date":1636524180,"epoch_div":27275403,"totals":{"load_avg":1.330078125,"cpu_usage":100,"mem_used":7651000320,"mem_free":6106898432,"tcp_conns":16,"disk_usage_root":6.12,"disk_read_sec":5051,"disk_write_sec":313480,"disk_iops_sec":16,"io_wait":0,"open_files":0,"os_bytes_in_sec":539,"os_bytes_out_sec":791,"total_procs":470},"count":1},{"date":1636524240,"epoch_div":27275404,"totals":{"load_avg":1.56689453125,"cpu_usage":100,"mem_used":7648608256,"mem_free":6110474240,"tcp_conns":16,"disk_usage_root":6.12,"disk_read_sec":11038,"disk_write_sec":108370,"disk_iops_sec":19,"io_wait":0,"open_files":0,"os_bytes_in_sec":374,"os_bytes_out_sec":464,"total_procs":469},"count":1},{"date":1636524300,"epoch_div":27275405,"totals":{"load_avg":1.65771484375,"cpu_usage":100,"mem_used":7626264576,"mem_free":6124855296,"tcp_conns":17,"disk_usage_root":6.12,"disk_read_sec":9762,"disk_write_sec":407825,"disk_iops_sec":16,"io_wait":0,"open_files":0,"os_bytes_in_sec":272,"os_bytes_out_sec":443,"total_procs":473},"count":1},{"date":1636524360,"epoch_div":27275406,"totals":{"load_avg":1.71240234375,"cpu_usage":100,"mem_used":7615672320,"mem_free":6129262592,"tcp_conns":17,"disk_usage_root":6.12,"disk_read_sec":5331,"disk_write_sec":75158,"disk_iops_sec":11,"io_wait":0,"open_files":0,"os_bytes_in_sec":92,"os_bytes_out_sec":219,"total_procs":468},"count":1},{"date":1636524420,"epoch_div":27275407,"totals":{"load_avg":1.318359375,"cpu_usage":100,"mem_used":7619080192,"mem_free":6127755264,"tcp_conns":16,"disk_usage_root":6.12,"disk_read_sec":0,"disk_write_sec":76270,"disk_iops_sec":13,"io_wait":0,"open_files":0,"os_bytes_in_sec":61,"os_bytes_out_sec":194,"total_procs":468},"count":1},{"date":1636524480,"epoch_div":27275408,"totals":{"load_avg":1.09716796875,"cpu_usage":100,"mem_used":7623942144,"mem_free":6142988288,"tcp_conns":16,"disk_usage_root":6.12,"disk_read_sec":4512,"disk_write_sec":68382,"disk_iops_sec":12,"io_wait":0,"open_files":0,"os_bytes_in_sec":228,"os_bytes_out_sec":314,"total_procs":468},"count":1},{"date":1636524540,"epoch_div":27275409,"totals":{"load_avg":1.6455078125,"cpu_usage":100,"mem_used":7616798720,"mem_free":6129061888,"tcp_conns":15,"disk_usage_root":6.12,"disk_read_sec":0,"disk_write_sec":60074,"disk_iops_sec":10,"io_wait":0,"open_files":0,"os_bytes_in_sec":95,"os_bytes_out_sec":217,"total_procs":468},"count":1},{"date":1636524600,"epoch_div":27275410,"totals":{"load_avg":1.4677734375,"cpu_usage":100,"mem_used":7620374528,"mem_free":6121779200,"tcp_conns":16,"disk_usage_root":6.12,"disk_read_sec":0,"disk_write_sec":79073,"disk_iops_sec":13,"io_wait":0,"open_files":0,"os_bytes_in_sec":215,"os_bytes_out_sec":266,"total_procs":468},"count":1},{"date":1636524660,"epoch_div":27275411,"totals":{"load_avg":1.7763671875,"cpu_usage":100,"mem_used":7621128192,"mem_free":6125019136,"tcp_conns":15,"disk_usage_root":6.12,"disk_read_sec":5086,"disk_write_sec":74718,"disk_iops_sec":11,"io_wait":0,"open_files":0,"os_bytes_in_sec":56,"os_bytes_out_sec":196,"total_procs":468},"count":1},{"date":1636524720,"epoch_div":27275412,"totals":{"load_avg":1.615234375,"cpu_usage":100,"mem_used":7618682880,"mem_free":6127472640,"tcp_conns":14,"disk_usage_root":6.12,"disk_read_sec":134,"disk_write_sec":63118,"disk_iops_sec":12,"io_wait":0,"open_files":0,"os_bytes_in_sec":94,"os_bytes_out_sec":227,"total_procs":468},"count":1},{"date":1636524780,"epoch_div":27275413,"totals":{"load_avg":1.302734375,"cpu_usage":100,"mem_used":7592247296,"mem_free":6158684160,"tcp_conns":15,"disk_usage_root":6.12,"disk_read_sec":4790,"disk_write_sec":79420,"disk_iops_sec":13,"io_wait":0,"open_files":0,"os_bytes_in_sec":476,"os_bytes_out_sec":503,"total_procs":468},"count":1},{"date":1636524840,"epoch_div":27275414,"totals":{"load_avg":1.298828125,"cpu_usage":100,"mem_used":7586488320,"mem_free":6143614976,"tcp_conns":15,"disk_usage_root":6.12,"disk_read_sec":0,"disk_write_sec":76868,"disk_iops_sec":13,"io_wait":0,"open_files":0,"os_bytes_in_sec":158,"os_bytes_out_sec":222,"total_procs":467},"count":1},{"date":1636524900,"epoch_div":27275415,"totals":{"load_avg":1.75048828125,"cpu_usage":100,"mem_used":7588048896,"mem_free":6143336448,"tcp_conns":15,"disk_usage_root":6.12,"disk_read_sec":0,"disk_write_sec":64307,"disk_iops_sec":11,"io_wait":0,"open_files":0,"os_bytes_in_sec":72,"os_bytes_out_sec":203,"total_procs":468},"count":1},{"date":1636524960,"epoch_div":27275416,"totals":{"load_avg":1.64453125,"cpu_usage":100,"mem_used":7591243776,"mem_free":6141046784,"tcp_conns":16,"disk_usage_root":6.12,"disk_read_sec":2776,"disk_write_sec":70951,"disk_iops_sec":13,"io_wait":0,"open_files":0,"os_bytes_in_sec":153,"os_bytes_out_sec":301,"total_procs":468},"count":1},{"date":1636525020,"epoch_div":27275417,"totals":{"load_avg":1.21142578125,"cpu_usage":100,"mem_used":7594885120,"mem_free":6138216448,"tcp_conns":14,"disk_usage_root":6.12,"disk_read_sec":9167,"disk_write_sec":86211,"disk_iops_sec":14,"io_wait":0,"open_files":0,"os_bytes_in_sec":84,"os_bytes_out_sec":190,"total_procs":468},"count":1},{"date":1636525080,"epoch_div":27275418,"totals":{"load_avg":1.16748046875,"cpu_usage":100,"mem_used":7565049856,"mem_free":6153105408,"tcp_conns":15,"disk_usage_root":6.12,"disk_read_sec":2776,"disk_write_sec":64980,"disk_iops_sec":12,"io_wait":0,"open_files":0,"os_bytes_in_sec":195,"os_bytes_out_sec":286,"total_procs":465},"count":1},{"date":1636525140,"epoch_div":27275419,"totals":{"load_avg":1.34619140625,"cpu_usage":100,"mem_used":7557144576,"mem_free":6146408448,"tcp_conns":15,"disk_usage_root":6.12,"disk_read_sec":635,"disk_write_sec":77329,"disk_iops_sec":13,"io_wait":0,"open_files":0,"os_bytes_in_sec":90,"os_bytes_out_sec":195,"total_procs":465},"count":1},{"date":1636525200,"epoch_div":27275420,"totals":{"load_avg":1.38134765625,"cpu_usage":100,"mem_used":7558107136,"mem_free":6145003520,"tcp_conns":15,"disk_usage_root":6.12,"disk_read_sec":136,"disk_write_sec":70246,"disk_iops_sec":12,"io_wait":0,"open_files":0,"os_bytes_in_sec":320,"os_bytes_out_sec":233,"total_procs":465},"count":1},{"date":1636525260,"epoch_div":27275421,"totals":{"load_avg":1.3447265625,"cpu_usage":100,"mem_used":7558377472,"mem_free":6140997632,"tcp_conns":15,"disk_usage_root":6.12,"disk_read_sec":132,"disk_write_sec":64412,"disk_iops_sec":11,"io_wait":0,"open_files":0,"os_bytes_in_sec":69,"os_bytes_out_sec":234,"total_procs":465},"count":1},{"date":1636525320,"epoch_div":27275422,"totals":{"load_avg":1.0888671875,"cpu_usage":100,"mem_used":7559872512,"mem_free":6144159744,"tcp_conns":14,"disk_usage_root":6.12,"disk_read_sec":423,"disk_write_sec":68643,"disk_iops_sec":12,"io_wait":0,"open_files":0,"os_bytes_in_sec":103,"os_bytes_out_sec":279,"total_procs":465},"count":1},{"date":1636525380,"epoch_div":27275423,"totals":{"load_avg":1.41357421875,"cpu_usage":100,"mem_used":7563239424,"mem_free":6161133568,"tcp_conns":15,"disk_usage_root":6.12,"disk_read_sec":0,"disk_write_sec":70689,"disk_iops_sec":12,"io_wait":0,"open_files":0,"os_bytes_in_sec":282,"os_bytes_out_sec":377,"total_procs":465},"count":1},{"date":1636525440,"epoch_div":27275424,"totals":{"load_avg":1.31298828125,"cpu_usage":100,"mem_used":7557648384,"mem_free":6145593344,"tcp_conns":15,"disk_usage_root":6.12,"disk_read_sec":8326,"disk_write_sec":91253,"disk_iops_sec":14,"io_wait":0,"open_files":0,"os_bytes_in_sec":78,"os_bytes_out_sec":204,"total_procs":464},"count":1},{"date":1636525500,"epoch_div":27275425,"totals":{"load_avg":1.2451171875,"cpu_usage":100,"mem_used":7559020544,"mem_free":6144475136,"tcp_conns":15,"disk_usage_root":6.12,"disk_read_sec":0,"disk_write_sec":68925,"disk_iops_sec":12,"io_wait":0,"open_files":0,"os_bytes_in_sec":56,"os_bytes_out_sec":183,"total_procs":465},"count":1},{"date":1636525560,"epoch_div":27275426,"totals":{"load_avg":1.6201171875,"cpu_usage":100,"mem_used":7562043392,"mem_free":6144794624,"tcp_conns":15,"disk_usage_root":6.12,"disk_read_sec":1041,"disk_write_sec":61023,"disk_iops_sec":11,"io_wait":0,"open_files":0,"os_bytes_in_sec":76,"os_bytes_out_sec":234,"total_procs":465},"count":1},{"date":1636525620,"epoch_div":27275427,"totals":{"load_avg":1.34716796875,"cpu_usage":100,"mem_used":7562858496,"mem_free":6137774080,"tcp_conns":14,"disk_usage_root":6.12,"disk_read_sec":14302,"disk_write_sec":73392,"disk_iops_sec":14,"io_wait":0,"open_files":0,"os_bytes_in_sec":57,"os_bytes_out_sec":232,"total_procs":465},"count":1},{"date":1636525680,"epoch_div":27275428,"totals":{"load_avg":1.31201171875,"cpu_usage":100,"mem_used":7567265792,"mem_free":6162599936,"tcp_conns":15,"disk_usage_root":6.12,"disk_read_sec":282,"disk_write_sec":72668,"disk_iops_sec":12,"io_wait":0,"open_files":0,"os_bytes_in_sec":210,"os_bytes_out_sec":371,"total_procs":465},"count":1},{"date":1636525740,"epoch_div":27275429,"totals":{"load_avg":1.0673828125,"cpu_usage":100,"mem_used":7562534912,"mem_free":6141763584,"tcp_conns":15,"disk_usage_root":6.12,"disk_read_sec":975,"disk_write_sec":68266,"disk_iops_sec":11,"io_wait":0,"open_files":0,"os_bytes_in_sec":128,"os_bytes_out_sec":187,"total_procs":465},"count":1},{"date":1636525800,"epoch_div":27275430,"totals":{"load_avg":1.490234375,"cpu_usage":100,"mem_used":7563546624,"mem_free":6140821504,"tcp_conns":15,"disk_usage_root":6.12,"disk_read_sec":35991,"disk_write_sec":978473,"disk_iops_sec":69,"io_wait":0,"open_files":0,"os_bytes_in_sec":6405,"os_bytes_out_sec":862,"total_procs":465},"count":1},{"date":1636525860,"epoch_div":27275431,"totals":{"load_avg":1.49853515625,"cpu_usage":100,"mem_used":7563759616,"mem_free":6141194240,"tcp_conns":15,"disk_usage_root":6.12,"disk_read_sec":3672,"disk_write_sec":75211,"disk_iops_sec":14,"io_wait":0,"open_files":0,"os_bytes_in_sec":76,"os_bytes_out_sec":189,"total_procs":465},"count":1},{"date":1636525920,"epoch_div":27275432,"totals":{"load_avg":1.20166015625,"cpu_usage":100,"mem_used":7563390976,"mem_free":6140964864,"tcp_conns":14,"disk_usage_root":6.12,"disk_read_sec":136,"disk_write_sec":61235,"disk_iops_sec":11,"io_wait":0,"open_files":0,"os_bytes_in_sec":88,"os_bytes_out_sec":240,"total_procs":465},"count":1},{"date":1636525980,"epoch_div":27275433,"totals":{"load_avg":2.1103515625,"cpu_usage":100,"mem_used":7568343040,"mem_free":6133927936,"tcp_conns":17,"disk_usage_root":6.12,"disk_read_sec":3957,"disk_write_sec":96637,"disk_iops_sec":16,"io_wait":0,"open_files":0,"os_bytes_in_sec":580,"os_bytes_out_sec":1114,"total_procs":465},"count":1},{"date":1636526040,"epoch_div":27275434,"totals":{"load_avg":1.90087890625,"cpu_usage":100,"mem_used":7656050688,"mem_free":6085570560,"tcp_conns":16,"disk_usage_root":6.12,"disk_read_sec":2389,"disk_write_sec":676795,"disk_iops_sec":20,"io_wait":0,"open_files":0,"os_bytes_in_sec":903,"os_bytes_out_sec":447,"total_procs":467},"count":1},{"date":1636526100,"epoch_div":27275435,"totals":{"load_avg":1.0439453125,"cpu_usage":100,"mem_used":7696367616,"mem_free":6070083584,"tcp_conns":16,"disk_usage_root":6.12,"disk_read_sec":7267,"disk_write_sec":396519,"disk_iops_sec":17,"io_wait":0,"open_files":0,"os_bytes_in_sec":129,"os_bytes_out_sec":290,"total_procs":470},"count":1},{"date":1636526160,"epoch_div":27275436,"totals":{"load_avg":1.103515625,"cpu_usage":100,"mem_used":7687225344,"mem_free":6073462784,"tcp_conns":16,"disk_usage_root":6.12,"disk_read_sec":416,"disk_write_sec":68590,"disk_iops_sec":11,"io_wait":0,"open_files":0,"os_bytes_in_sec":79,"os_bytes_out_sec":195,"total_procs":465},"count":1},{"date":1636526220,"epoch_div":27275437,"totals":{"load_avg":0.84326171875,"cpu_usage":100,"mem_used":7687745536,"mem_free":6073737216,"tcp_conns":15,"disk_usage_root":6.12,"disk_read_sec":887,"disk_write_sec":63010,"disk_iops_sec":11,"io_wait":0,"open_files":0,"os_bytes_in_sec":49,"os_bytes_out_sec":175,"total_procs":465},"count":1},{"date":1636526280,"epoch_div":27275438,"totals":{"load_avg":1.064453125,"cpu_usage":100,"mem_used":7776247808,"mem_free":6074007552,"tcp_conns":15,"disk_usage_root":6.12,"disk_read_sec":1529241,"disk_write_sec":71475,"disk_iops_sec":89,"io_wait":0,"open_files":0,"os_bytes_in_sec":1026,"os_bytes_out_sec":466,"total_procs":467},"count":1},{"date":1636526340,"epoch_div":27275439,"totals":{"load_avg":1.2001953125,"cpu_usage":100,"mem_used":7778549760,"mem_free":6037110784,"tcp_conns":16,"disk_usage_root":6.12,"disk_read_sec":21451,"disk_write_sec":93791,"disk_iops_sec":17,"io_wait":0,"open_files":0,"os_bytes_in_sec":134,"os_bytes_out_sec":289,"total_procs":467},"count":1},{"date":1636526400,"epoch_div":27275440,"totals":{"load_avg":1.11669921875,"cpu_usage":100,"mem_used":7777447936,"mem_free":6035001344,"tcp_conns":15,"disk_usage_root":6.12,"disk_read_sec":520,"disk_write_sec":61700,"disk_iops_sec":11,"io_wait":0,"open_files":0,"os_bytes_in_sec":289,"os_bytes_out_sec":219,"total_procs":467},"count":1},{"date":1636526460,"epoch_div":27275441,"totals":{"load_avg":1.05517578125,"cpu_usage":100,"mem_used":7776051200,"mem_free":6029963264,"tcp_conns":15,"disk_usage_root":6.12,"disk_read_sec":0,"disk_write_sec":62600,"disk_iops_sec":11,"io_wait":0,"open_files":0,"os_bytes_in_sec":93,"os_bytes_out_sec":182,"total_procs":467},"count":1},{"date":1636526520,"epoch_div":27275442,"totals":{"load_avg":1.0263671875,"cpu_usage":100,"mem_used":7781957632,"mem_free":6066360320,"tcp_conns":14,"disk_usage_root":6.12,"disk_read_sec":11561,"disk_write_sec":81853,"disk_iops_sec":13,"io_wait":0,"open_files":0,"os_bytes_in_sec":101,"os_bytes_out_sec":213,"total_procs":467},"count":1},{"date":1636526580,"epoch_div":27275443,"totals":{"load_avg":1.5087890625,"cpu_usage":100,"mem_used":7788244992,"mem_free":6025801728,"tcp_conns":15,"disk_usage_root":6.12,"disk_read_sec":4393,"disk_write_sec":65833,"disk_iops_sec":13,"io_wait":0,"open_files":0,"os_bytes_in_sec":334,"os_bytes_out_sec":418,"total_procs":466},"count":1},{"date":1636526640,"epoch_div":27275444,"totals":{"load_avg":0.99658203125,"cpu_usage":100,"mem_used":7781408768,"mem_free":6020665344,"tcp_conns":15,"disk_usage_root":6.12,"disk_read_sec":4300,"disk_write_sec":75434,"disk_iops_sec":14,"io_wait":0,"open_files":0,"os_bytes_in_sec":93,"os_bytes_out_sec":217,"total_procs":465},"count":1},{"date":1636526700,"epoch_div":27275445,"totals":{"load_avg":1.32177734375,"cpu_usage":100,"mem_used":7784947712,"mem_free":6018805760,"tcp_conns":16,"disk_usage_root":6.12,"disk_read_sec":1160,"disk_write_sec":71133,"disk_iops_sec":13,"io_wait":0,"open_files":0,"os_bytes_in_sec":54,"os_bytes_out_sec":303,"total_procs":466},"count":1},{"date":1636526760,"epoch_div":27275446,"totals":{"load_avg":1.33642578125,"cpu_usage":100,"mem_used":7784660992,"mem_free":6016716800,"tcp_conns":15,"disk_usage_root":6.12,"disk_read_sec":858,"disk_write_sec":67517,"disk_iops_sec":12,"io_wait":0,"open_files":0,"os_bytes_in_sec":92,"os_bytes_out_sec":197,"total_procs":466},"count":1},{"date":1636526820,"epoch_div":27275447,"totals":{"load_avg":1.5595703125,"cpu_usage":100,"mem_used":7784206336,"mem_free":6017662976,"tcp_conns":14,"disk_usage_root":6.12,"disk_read_sec":7850,"disk_write_sec":86084,"disk_iops_sec":14,"io_wait":0,"open_files":0,"os_bytes_in_sec":55,"os_bytes_out_sec":175,"total_procs":466},"count":1},{"date":1636526880,"epoch_div":27275448,"totals":{"load_avg":1.640625,"cpu_usage":100,"mem_used":7787929600,"mem_free":6033154048,"tcp_conns":15,"disk_usage_root":6.12,"disk_read_sec":1388,"disk_write_sec":68312,"disk_iops_sec":12,"io_wait":0,"open_files":0,"os_bytes_in_sec":205,"os_bytes_out_sec":281,"total_procs":466},"count":1},{"date":1636526940,"epoch_div":27275449,"totals":{"load_avg":1.4228515625,"cpu_usage":100,"mem_used":7768215552,"mem_free":6026113024,"tcp_conns":15,"disk_usage_root":6.12,"disk_read_sec":4369,"disk_write_sec":68334,"disk_iops_sec":11,"io_wait":0,"open_files":0,"os_bytes_in_sec":123,"os_bytes_out_sec":195,"total_procs":466},"count":1},{"date":1636527000,"epoch_div":27275450,"totals":{"load_avg":1.67236328125,"cpu_usage":100,"mem_used":7769731072,"mem_free":6020775936,"tcp_conns":15,"disk_usage_root":6.12,"disk_read_sec":1074,"disk_write_sec":68490,"disk_iops_sec":13,"io_wait":0,"open_files":0,"os_bytes_in_sec":167,"os_bytes_out_sec":272,"total_procs":467},"count":1},{"date":1636527060,"epoch_div":27275451,"totals":{"load_avg":1.62646484375,"cpu_usage":100,"mem_used":7768244224,"mem_free":6024273920,"tcp_conns":15,"disk_usage_root":6.12,"disk_read_sec":7473,"disk_write_sec":71356,"disk_iops_sec":13,"io_wait":0,"open_files":0,"os_bytes_in_sec":76,"os_bytes_out_sec":265,"total_procs":466},"count":1},{"date":1636527120,"epoch_div":27275452,"totals":{"load_avg":1.51513671875,"cpu_usage":100,"mem_used":7766835200,"mem_free":6025293824,"tcp_conns":14,"disk_usage_root":6.12,"disk_read_sec":65,"disk_write_sec":65926,"disk_iops_sec":11,"io_wait":0,"open_files":0,"os_bytes_in_sec":245,"os_bytes_out_sec":215,"total_procs":466},"count":1},{"date":1636527180,"epoch_div":27275453,"totals":{"load_avg":1.50390625,"cpu_usage":100,"mem_used":7773159424,"mem_free":6031429632,"tcp_conns":15,"disk_usage_root":6.12,"disk_read_sec":6417,"disk_write_sec":91613,"disk_iops_sec":14,"io_wait":0,"open_files":0,"os_bytes_in_sec":499,"os_bytes_out_sec":477,"total_procs":466},"count":1},{"date":1636527240,"epoch_div":27275454,"totals":{"load_avg":1.4140625,"cpu_usage":100,"mem_used":7766323200,"mem_free":6025474048,"tcp_conns":15,"disk_usage_root":6.12,"disk_read_sec":347,"disk_write_sec":68451,"disk_iops_sec":12,"io_wait":0,"open_files":0,"os_bytes_in_sec":70,"os_bytes_out_sec":212,"total_procs":465},"count":1},{"date":1636527300,"epoch_div":27275455,"totals":{"load_avg":1.44873046875,"cpu_usage":100,"mem_used":7767924736,"mem_free":6024400896,"tcp_conns":15,"disk_usage_root":6.12,"disk_read_sec":0,"disk_write_sec":65050,"disk_iops_sec":11,"io_wait":0,"open_files":0,"os_bytes_in_sec":41,"os_bytes_out_sec":206,"total_procs":466},"count":1},{"date":1636527360,"epoch_div":27275456,"totals":{"load_avg":1.3515625,"cpu_usage":100,"mem_used":7772131328,"mem_free":6018281472,"tcp_conns":15,"disk_usage_root":6.12,"disk_read_sec":201,"disk_write_sec":74130,"disk_iops_sec":13,"io_wait":0,"open_files":0,"os_bytes_in_sec":88,"os_bytes_out_sec":250,"total_procs":466},"count":1},{"date":1636527420,"epoch_div":27275457,"totals":{"load_avg":1.5009765625,"cpu_usage":100,"mem_used":7771189248,"mem_free":6021865472,"tcp_conns":14,"disk_usage_root":6.12,"disk_read_sec":694,"disk_write_sec":64702,"disk_iops_sec":11,"io_wait":0,"open_files":0,"os_bytes_in_sec":62,"os_bytes_out_sec":246,"total_procs":466},"count":1},{"date":1636527480,"epoch_div":27275458,"totals":{"load_avg":1.0322265625,"cpu_usage":100,"mem_used":7775412224,"mem_free":6038384640,"tcp_conns":15,"disk_usage_root":6.12,"disk_read_sec":18919,"disk_write_sec":66511,"disk_iops_sec":13,"io_wait":0,"open_files":0,"os_bytes_in_sec":181,"os_bytes_out_sec":271,"total_procs":466},"count":1},{"date":1636527540,"epoch_div":27275459,"totals":{"load_avg":1.1171875,"cpu_usage":100,"mem_used":7770025984,"mem_free":6022557696,"tcp_conns":16,"disk_usage_root":6.12,"disk_read_sec":5790,"disk_write_sec":93643,"disk_iops_sec":14,"io_wait":0,"open_files":0,"os_bytes_in_sec":231,"os_bytes_out_sec":326,"total_procs":466},"count":1}]}