{"type":"list_page","items":[{"date":1638331200,"epoch_div":27305520,"totals":{"load_avg":3.71826171875,"cpu_usage":100,"mem_used":8486957056,"mem_free":6477930496,"tcp_conns":91,"disk_usage_root":6.12,"disk_read_sec":149162,"disk_write_sec":96324,"disk_iops_sec":18,"io_wait":0,"open_files":0,"os_bytes_in_sec":606,"os_bytes_out_sec":1008,"total_procs":445},"count":1},{"date":1638331260,"epoch_div":27305521,"totals":{"load_avg":2.48193359375,"cpu_usage":100,"mem_used":8511721472,"mem_free":6486282240,"tcp_conns":89,"disk_usage_root":6.12,"disk_read_sec":324608,"disk_write_sec":115916,"disk_iops_sec":21,"io_wait":0,"open_files":0,"os_bytes_in_sec":720,"os_bytes_out_sec":820,"total_procs":445},"count":1},{"date":1638331320,"epoch_div":27305522,"totals":{"load_avg":2.65576171875,"cpu_usage":100,"mem_used":8527208448,"mem_free":6488895488,"tcp_conns":88,"disk_usage_root":6.12,"disk_read_sec":175433,"disk_write_sec":69146,"disk_iops_sec":14,"io_wait":0,"open_files":0,"os_bytes_in_sec":536,"os_bytes_out_sec":631,"total_procs":445},"count":1},{"date":1638331380,"epoch_div":27305523,"totals":{"load_avg":2.8369140625,"cpu_usage":100,"mem_used":8546754560,"mem_free":6500626432,"tcp_conns":88,"disk_usage_root":6.12,"disk_read_sec":300686,"disk_write_sec":78562,"disk_iops_sec":15,"io_wait":0,"open_files":0,"os_bytes_in_sec":519,"os_bytes_out_sec":822,"total_procs":444},"count":1},{"date":1638331440,"epoch_div":27305524,"totals":{"load_avg":2.43310546875,"cpu_usage":100,"mem_used":8572596224,"mem_free":6495797248,"tcp_conns":87,"disk_usage_root":6.12,"disk_read_sec":332800,"disk_write_sec":410897,"disk_iops_sec":21,"io_wait":0,"open_files":0,"os_bytes_in_sec":432,"os_bytes_out_sec":1280,"total_procs":444},"count":1},{"date":1638331500,"epoch_div":27305525,"totals":{"load_avg":2.30078125,"cpu_usage":100,"mem_used":8571072512,"mem_free":6509142016,"tcp_conns":87,"disk_usage_root":6.12,"disk_read_sec":172851,"disk_write_sec":89975,"disk_iops_sec":20,"io_wait":0,"open_files":0,"os_bytes_in_sec":654,"os_bytes_out_sec":1208,"total_procs":447},"count":1},{"date":1638331560,"epoch_div":27305526,"totals":{"load_avg":2.06787109375,"cpu_usage":100,"mem_used":8255647744,"mem_free":6438916096,"tcp_conns":88,"disk_usage_root":6.12,"disk_read_sec":3185368,"disk_write_sec":9397890,"disk_iops_sec":135,"io_wait":0,"open_files":0,"os_bytes_in_sec":6321,"os_bytes_out_sec":1189,"total_procs":447},"count":1},{"date":1638331620,"epoch_div":27305527,"totals":{"load_avg":2.17138671875,"cpu_usage":100,"mem_used":8329691136,"mem_free":6450466816,"tcp_conns":89,"disk_usage_root":6.12,"disk_read_sec":770594,"disk_write_sec":104789,"disk_iops_sec":23,"io_wait":0,"open_files":0,"os_bytes_in_sec":909,"os_bytes_out_sec":1188,"total_procs":447},"count":1},{"date":1638331680,"epoch_div":27305528,"totals":{"load_avg":2.80712890625,"cpu_usage":100,"mem_used":8540700672,"mem_free":6414721024,"tcp_conns":90,"disk_usage_root":6.12,"disk_read_sec":2481971,"disk_write_sec":411101,"disk_iops_sec":41,"io_wait":0,"open_files":0,"os_bytes_in_sec":1450,"os_bytes_out_sec":1393,"total_procs":451},"count":1},{"date":1638331740,"epoch_div":27305529,"totals":{"load_avg":2.6337890625,"cpu_usage":100,"mem_used":8567382016,"mem_free":6402351104,"tcp_conns":88,"disk_usage_root":6.12,"disk_read_sec":1472545,"disk_write_sec":1431316,"disk_iops_sec":102,"io_wait":0,"open_files":0,"os_bytes_in_sec":521,"os_bytes_out_sec":842,"total_procs":447},"count":1},{"date":1638331800,"epoch_div":27305530,"totals":{"load_avg":3.15869140625,"cpu_usage":100,"mem_used":8571195392,"mem_free":6412095488,"tcp_conns":86,"disk_usage_root":6.12,"disk_read_sec":214425,"disk_write_sec":104925,"disk_iops_sec":22,"io_wait":0,"open_files":0,"os_bytes_in_sec":625,"os_bytes_out_sec":732,"total_procs":446},"count":1},{"date":1638331860,"epoch_div":27305531,"totals":{"load_avg":3.76171875,"cpu_usage":100,"mem_used":8550735872,"mem_free":6417567744,"tcp_conns":88,"disk_usage_root":6.12,"disk_read_sec":1048302,"disk_write_sec":1526647,"disk_iops_sec":41,"io_wait":0,"open_files":0,"os_bytes_in_sec":1112,"os_bytes_out_sec":1611,"total_procs":448},"count":1},{"date":1638331920,"epoch_div":27305532,"totals":{"load_avg":3.3291015625,"cpu_usage":100,"mem_used":8569569280,"mem_free":6407475200,"tcp_conns":90,"disk_usage_root":6.12,"disk_read_sec":383357,"disk_write_sec":113230,"disk_iops_sec":26,"io_wait":0,"open_files":0,"os_bytes_in_sec":539,"os_bytes_out_sec":1563,"total_procs":448},"count":1},{"date":1638331980,"epoch_div":27305533,"totals":{"load_avg":2.1162109375,"cpu_usage":100,"mem_used":8531337216,"mem_free":6400925696,"tcp_conns":87,"disk_usage_root":6.12,"disk_read_sec":588682,"disk_write_sec":1263783,"disk_iops_sec":25,"io_wait":0,"open_files":0,"os_bytes_in_sec":429,"os_bytes_out_sec":1092,"total_procs":447},"count":1},{"date":1638332040,"epoch_div":27305534,"totals":{"load_avg":1.955078125,"cpu_usage":100,"mem_used":8559202304,"mem_free":6390267904,"tcp_conns":88,"disk_usage_root":6.12,"disk_read_sec":445235,"disk_write_sec":78711,"disk_iops_sec":49,"io_wait":0,"open_files":0,"os_bytes_in_sec":601,"os_bytes_out_sec":1089,"total_procs":449},"count":1},{"date":1638332100,"epoch_div":27305535,"totals":{"load_avg":1.8203125,"cpu_usage":100,"mem_used":7169179648,"mem_free":6837657600,"tcp_conns":86,"disk_usage_root":6.12,"disk_read_sec":13230967,"disk_write_sec":26226141,"disk_iops_sec":178,"io_wait":0,"open_files":0,"os_bytes_in_sec":793,"os_bytes_out_sec":952,"total_procs":446},"count":1},{"date":1638332160,"epoch_div":27305536,"totals":{"load_avg":2.36669921875,"cpu_usage":100,"mem_used":7571943424,"mem_free":6709829632,"tcp_conns":89,"disk_usage_root":6.12,"disk_read_sec":4108704,"disk_write_sec":96013,"disk_iops_sec":60,"io_wait":0,"open_files":0,"os_bytes_in_sec":873,"os_bytes_out_sec":1461,"total_procs":445},"count":1},{"date":1638332220,"epoch_div":27305537,"totals":{"load_avg":2.90576171875,"cpu_usage":100,"mem_used":7607296000,"mem_free":6698041344,"tcp_conns":88,"disk_usage_root":6.12,"disk_read_sec":470301,"disk_write_sec":71646,"disk_iops_sec":14,"io_wait":0,"open_files":0,"os_bytes_in_sec":395,"os_bytes_out_sec":701,"total_procs":445},"count":1},{"date":1638332280,"epoch_div":27305538,"totals":{"load_avg":2.8740234375,"cpu_usage":100,"mem_used":7668961280,"mem_free":6706999296,"tcp_conns":88,"disk_usage_root":6.12,"disk_read_sec":701713,"disk_write_sec":89429,"disk_iops_sec":19,"io_wait":0,"open_files":0,"os_bytes_in_sec":710,"os_bytes_out_sec":900,"total_procs":446},"count":1},{"date":1638332340,"epoch_div":27305539,"totals":{"load_avg":2.15966796875,"cpu_usage":100,"mem_used":7754883072,"mem_free":6678220800,"tcp_conns":88,"disk_usage_root":6.12,"disk_read_sec":892859,"disk_write_sec":110933,"disk_iops_sec":23,"io_wait":0,"open_files":0,"os_bytes_in_sec":625,"os_bytes_out_sec":973,"total_procs":447},"count":1},{"date":1638332400,"epoch_div":27305540,"totals":{"load_avg":2.6875,"cpu_usage":100,"mem_used":8337010688,"mem_free":6440636416,"tcp_conns":87,"disk_usage_root":6.12,"disk_read_sec":4077636,"disk_write_sec":836334,"disk_iops_sec":40,"io_wait":0,"open_files":0,"os_bytes_in_sec":748,"os_bytes_out_sec":1137,"total_procs":449},"count":1},{"date":1638332460,"epoch_div":27305541,"totals":{"load_avg":2.482421875,"cpu_usage":100,"mem_used":8494522368,"mem_free":6388527104,"tcp_conns":88,"disk_usage_root":6.12,"disk_read_sec":1554841,"disk_write_sec":87927,"disk_iops_sec":28,"io_wait":0,"open_files":0,"os_bytes_in_sec":502,"os_bytes_out_sec":805,"total_procs":445},"count":1},{"date":1638332520,"epoch_div":27305542,"totals":{"load_avg":2.6083984375,"cpu_usage":100,"mem_used":8467705856,"mem_free":6398033920,"tcp_conns":88,"disk_usage_root":6.12,"disk_read_sec":595968,"disk_write_sec":320921,"disk_iops_sec":22,"io_wait":0,"open_files":0,"os_bytes_in_sec":481,"os_bytes_out_sec":1059,"total_procs":444},"count":1},{"date":1638332580,"epoch_div":27305543,"totals":{"load_avg":2.56494140625,"cpu_usage":100,"mem_used":8527343616,"mem_free":6375829504,"tcp_conns":87,"disk_usage_root":6.12,"disk_read_sec":740010,"disk_write_sec":96597,"disk_iops_sec":20,"io_wait":0,"open_files":0,"os_bytes_in_sec":540,"os_bytes_out_sec":913,"total_procs":445},"count":1},{"date":1638332640,"epoch_div":27305544,"totals":{"load_avg":2.6962890625,"cpu_usage":100,"mem_used":8540983296,"mem_free":6388551680,"tcp_conns":87,"disk_usage_root":6.12,"disk_read_sec":246784,"disk_write_sec":88337,"disk_iops_sec":20,"io_wait":0,"open_files":0,"os_bytes_in_sec":507,"os_bytes_out_sec":928,"total_procs":445},"count":1},{"date":1638332700,"epoch_div":27305545,"totals":{"load_avg":2.2529296875,"cpu_usage":100,"mem_used":8567681024,"mem_free":6419267584,"tcp_conns":86,"disk_usage_root":6.12,"disk_read_sec":595831,"disk_write_sec":112435,"disk_iops_sec":24,"io_wait":0,"open_files":0,"os_bytes_in_sec":563,"os_bytes_out_sec":874,"total_procs":445},"count":1},{"date":1638332760,"epoch_div":27305546,"totals":{"load_avg":2.40771484375,"cpu_usage":100,"mem_used":8396652544,"mem_free":6440804352,"tcp_conns":88,"disk_usage_root":6.12,"disk_read_sec":925969,"disk_write_sec":2330828,"disk_iops_sec":72,"io_wait":0,"open_files":0,"os_bytes_in_sec":936,"os_bytes_out_sec":907,"total_procs":448},"count":1},{"date":1638332820,"epoch_div":27305547,"totals":{"load_avg":2.19189453125,"cpu_usage":100,"mem_used":8479211520,"mem_free":6439067648,"tcp_conns":89,"disk_usage_root":6.12,"disk_read_sec":773939,"disk_write_sec":130389,"disk_iops_sec":25,"io_wait":0,"open_files":0,"os_bytes_in_sec":1024,"os_bytes_out_sec":1380,"total_procs":448},"count":1},{"date":1638332880,"epoch_div":27305548,"totals":{"load_avg":2.58544921875,"cpu_usage":100,"mem_used":8558321664,"mem_free":6458580992,"tcp_conns":90,"disk_usage_root":6.12,"disk_read_sec":892313,"disk_write_sec":161450,"disk_iops_sec":31,"io_wait":0,"open_files":0,"os_bytes_in_sec":987,"os_bytes_out_sec":1551,"total_procs":449},"count":1},{"date":1638332940,"epoch_div":27305549,"totals":{"load_avg":2.00048828125,"cpu_usage":100,"mem_used":8565755904,"mem_free":6448795648,"tcp_conns":89,"disk_usage_root":6.12,"disk_read_sec":334246,"disk_write_sec":102009,"disk_iops_sec":20,"io_wait":0,"open_files":0,"os_bytes_in_sec":527,"os_bytes_out_sec":789,"total_procs":447},"count":1},{"date":1638333000,"epoch_div":27305550,"totals":{"load_avg":2.37158203125,"cpu_usage":100,"mem_used":8236236800,"mem_free":6424653824,"tcp_conns":87,"disk_usage_root":6.12,"disk_read_sec":2041563,"disk_write_sec":5742811,"disk_iops_sec":131,"io_wait":0,"open_files":0,"os_bytes_in_sec":478,"os_bytes_out_sec":652,"total_procs":445},"count":1},{"date":1638333060,"epoch_div":27305551,"totals":{"load_avg":3.37109375,"cpu_usage":100,"mem_used":8265101312,"mem_free":6397349888,"tcp_conns":88,"disk_usage_root":6.12,"disk_read_sec":385896,"disk_write_sec":92126,"disk_iops_sec":17,"io_wait":0,"open_files":0,"os_bytes_in_sec":655,"os_bytes_out_sec":1509,"total_procs":445},"count":1},{"date":1638333120,"epoch_div":27305552,"totals":{"load_avg":2.4306640625,"cpu_usage":100,"mem_used":8520499200,"mem_free":6366175232,"tcp_conns":88,"disk_usage_root":6.12,"disk_read_sec":4987289,"disk_write_sec":2991786,"disk_iops_sec":116,"io_wait":0,"open_files":0,"os_bytes_in_sec":733,"os_bytes_out_sec":1190,"total_procs":448},"count":1},{"date":1638333180,"epoch_div":27305553,"totals":{"load_avg":2.97314453125,"cpu_usage":100,"mem_used":8511819776,"mem_free":6406643712,"tcp_conns":89,"disk_usage_root":6.12,"disk_read_sec":1270101,"disk_write_sec":1902865,"disk_iops_sec":39,"io_wait":0,"open_files":0,"os_bytes_in_sec":3774,"os_bytes_out_sec":1929,"total_procs":448},"count":1},{"date":1638333240,"epoch_div":27305554,"totals":{"load_avg":2.5361328125,"cpu_usage":100,"mem_used":8552759296,"mem_free":6369771520,"tcp_conns":89,"disk_usage_root":6.12,"disk_read_sec":1376187,"disk_write_sec":457250,"disk_iops_sec":34,"io_wait":0,"open_files":0,"os_bytes_in_sec":833,"os_bytes_out_sec":1064,"total_procs":452},"count":1},{"date":1638333300,"epoch_div":27305555,"totals":{"load_avg":2.02783203125,"cpu_usage":100,"mem_used":8563224576,"mem_free":6376955904,"tcp_conns":89,"disk_usage_root":6.12,"disk_read_sec":482186,"disk_write_sec":242805,"disk_iops_sec":52,"io_wait":0,"open_files":0,"os_bytes_in_sec":547,"os_bytes_out_sec":1321,"total_procs":450},"count":1},{"date":1638333360,"epoch_div":27305556,"totals":{"load_avg":2.544921875,"cpu_usage":100,"mem_used":8498622464,"mem_free":6468169728,"tcp_conns":95,"disk_usage_root":6.12,"disk_read_sec":36893505,"disk_write_sec":34438890,"disk_iops_sec":549,"io_wait":0,"open_files":0,"os_bytes_in_sec":4010,"os_bytes_out_sec":2715,"total_procs":458},"count":1},{"date":1638333420,"epoch_div":27305557,"totals":{"load_avg":2.525390625,"cpu_usage":100,"mem_used":8566910976,"mem_free":6487838720,"tcp_conns":103,"disk_usage_root":6.12,"disk_read_sec":2573243,"disk_write_sec":151552,"disk_iops_sec":46,"io_wait":0,"open_files":0,"os_bytes_in_sec":12364,"os_bytes_out_sec":2715,"total_procs":452},"count":1},{"date":1638333480,"epoch_div":27305558,"totals":{"load_avg":2.892578125,"cpu_usage":100,"mem_used":8568500224,"mem_free":6526529536,"tcp_conns":94,"disk_usage_root":6.12,"disk_read_sec":842547,"disk_write_sec":123289,"disk_iops_sec":33,"io_wait":0,"open_files":0,"os_bytes_in_sec":850,"os_bytes_out_sec":979,"total_procs":455},"count":1},{"date":1638333540,"epoch_div":27305559,"totals":{"load_avg":1.89111328125,"cpu_usage":100,"mem_used":8566366208,"mem_free":6579679232,"tcp_conns":91,"disk_usage_root":6.12,"disk_read_sec":1848046,"disk_write_sec":405504,"disk_iops_sec":33,"io_wait":0,"open_files":0,"os_bytes_in_sec":1629,"os_bytes_out_sec":1496,"total_procs":453},"count":1},{"date":1638333600,"epoch_div":27305560,"totals":{"load_avg":2.19091796875,"cpu_usage":100,"mem_used":8571613184,"mem_free":6586109952,"tcp_conns":89,"disk_usage_root":6.12,"disk_read_sec":374784,"disk_write_sec":91204,"disk_iops_sec":21,"io_wait":0,"open_files":0,"os_bytes_in_sec":438,"os_bytes_out_sec":973,"total_procs":454},"count":1},{"date":1638333660,"epoch_div":27305561,"totals":{"load_avg":2.82470703125,"cpu_usage":100,"mem_used":8547287040,"mem_free":6625497088,"tcp_conns":92,"disk_usage_root":6.12,"disk_read_sec":924945,"disk_write_sec":134212,"disk_iops_sec":48,"io_wait":0,"open_files":0,"os_bytes_in_sec":6233,"os_bytes_out_sec":1978,"total_procs":454},"count":1},{"date":1638333720,"epoch_div":27305562,"totals":{"load_avg":2.7177734375,"cpu_usage":100,"mem_used":6583255040,"mem_free":6622420992,"tcp_conns":95,"disk_usage_root":6.12,"disk_read_sec":1516953,"disk_write_sec":32675840,"disk_iops_sec":179,"io_wait":0,"open_files":0,"os_bytes_in_sec":1664,"os_bytes_out_sec":1995,"total_procs":454},"count":1},{"date":1638333780,"epoch_div":27305563,"totals":{"load_avg":2.0927734375,"cpu_usage":100,"mem_used":6778482688,"mem_free":6615928832,"tcp_conns":93,"disk_usage_root":6.12,"disk_read_sec":3111799,"disk_write_sec":111274,"disk_iops_sec":32,"io_wait":0,"open_files":0,"os_bytes_in_sec":944,"os_bytes_out_sec":1468,"total_procs":452},"count":1},{"date":1638333840,"epoch_div":27305564,"totals":{"load_avg":2.06982421875,"cpu_usage":100,"mem_used":6956875776,"mem_free":6597967872,"tcp_conns":93,"disk_usage_root":6.12,"disk_read_sec":2691349,"disk_write_sec":100386,"disk_iops_sec":63,"io_wait":0,"open_files":0,"os_bytes_in_sec":456,"os_bytes_out_sec":1139,"total_procs":452},"count":1},{"date":1638333900,"epoch_div":27305565,"totals":{"load_avg":2.56396484375,"cpu_usage":100,"mem_used":7089668096,"mem_free":6590849024,"tcp_conns":93,"disk_usage_root":6.12,"disk_read_sec":1878922,"disk_write_sec":82658,"disk_iops_sec":21,"io_wait":0,"open_files":0,"os_bytes_in_sec":653,"os_bytes_out_sec":893,"total_procs":452},"count":1},{"date":1638333960,"epoch_div":27305566,"totals":{"load_avg":2.919921875,"cpu_usage":100,"mem_used":7391305728,"mem_free":6519300096,"tcp_conns":94,"disk_usage_root":6.12,"disk_read_sec":4322099,"disk_write_sec":108817,"disk_iops_sec":66,"io_wait":0,"open_files":0,"os_bytes_in_sec":715,"os_bytes_out_sec":885,"total_procs":453},"count":1},{"date":1638334020,"epoch_div":27305567,"totals":{"load_avg":3.07177734375,"cpu_usage":100,"mem_used":8024305664,"mem_free":6446579712,"tcp_conns":96,"disk_usage_root":6.12,"disk_read_sec":8511624,"disk_write_sec":96665,"disk_iops_sec":48,"io_wait":0,"open_files":0,"os_bytes_in_sec":748,"os_bytes_out_sec":1213,"total_procs":452},"count":1},{"date":1638334080,"epoch_div":27305568,"totals":{"load_avg":2.62646484375,"cpu_usage":100,"mem_used":8065716224,"mem_free":6462103552,"tcp_conns":95,"disk_usage_root":6.12,"disk_read_sec":554070,"disk_write_sec":98234,"disk_iops_sec":20,"io_wait":0,"open_files":0,"os_bytes_in_sec":710,"os_bytes_out_sec":986,"total_procs":453},"count":1},{"date":1638334140,"epoch_div":27305569,"totals":{"load_avg":2.2509765625,"cpu_usage":100,"mem_used":8084742144,"mem_free":6458331136,"tcp_conns":94,"disk_usage_root":6.12,"disk_read_sec":344131,"disk_write_sec":78831,"disk_iops_sec":16,"io_wait":0,"open_files":0,"os_bytes_in_sec":597,"os_bytes_out_sec":831,"total_procs":452},"count":1},{"date":1638334200,"epoch_div":27305570,"totals":{"load_avg":1.7861328125,"cpu_usage":100,"mem_used":8110489600,"mem_free":6457888768,"tcp_conns":93,"disk_usage_root":6.12,"disk_read_sec":386525,"disk_write_sec":68676,"disk_iops_sec":15,"io_wait":0,"open_files":0,"os_bytes_in_sec":495,"os_bytes_out_sec":662,"total_procs":451},"count":1},{"date":1638334260,"epoch_div":27305571,"totals":{"load_avg":2.380859375,"cpu_usage":100,"mem_used":8167038976,"mem_free":6447681536,"tcp_conns":89,"disk_usage_root":6.12,"disk_read_sec":732910,"disk_write_sec":83558,"disk_iops_sec":17,"io_wait":0,"open_files":0,"os_bytes_in_sec":803,"os_bytes_out_sec":1070,"total_procs":452},"count":1},{"date":1638334320,"epoch_div":27305572,"totals":{"load_avg":3.7578125,"cpu_usage":100,"mem_used":8217915392,"mem_free":6433808384,"tcp_conns":89,"disk_usage_root":6.12,"disk_read_sec":587255,"disk_write_sec":115382,"disk_iops_sec":22,"io_wait":0,"open_files":0,"os_bytes_in_sec":721,"os_bytes_out_sec":1219,"total_procs":452},"count":1},{"date":1638334380,"epoch_div":27305573,"totals":{"load_avg":3.0107421875,"cpu_usage":100,"mem_used":8260722688,"mem_free":6426038272,"tcp_conns":88,"disk_usage_root":6.12,"disk_read_sec":472852,"disk_write_sec":130400,"disk_iops_sec":27,"io_wait":0,"open_files":0,"os_bytes_in_sec":680,"os_bytes_out_sec":932,"total_procs":455},"count":1},{"date":1638334440,"epoch_div":27305574,"totals":{"load_avg":4.240234375,"cpu_usage":100,"mem_used":8443588608,"mem_free":7058833408,"tcp_conns":99,"disk_usage_root":6.12,"disk_read_sec":57164800,"disk_write_sec":40121139,"disk_iops_sec":630,"io_wait":0,"open_files":0,"os_bytes_in_sec":6716,"os_bytes_out_sec":4268,"total_procs":453},"count":1},{"date":1638334500,"epoch_div":27305575,"totals":{"load_avg":3.05322265625,"cpu_usage":100,"mem_used":7186112512,"mem_free":6777401344,"tcp_conns":96,"disk_usage_root":6.12,"disk_read_sec":17690214,"disk_write_sec":39954500,"disk_iops_sec":277,"io_wait":0,"open_files":0,"os_bytes_in_sec":1113,"os_bytes_out_sec":2081,"total_procs":454},"count":1},{"date":1638334560,"epoch_div":27305576,"totals":{"load_avg":2.52294921875,"cpu_usage":100,"mem_used":7942029312,"mem_free":6568570880,"tcp_conns":96,"disk_usage_root":6.12,"disk_read_sec":8576955,"disk_write_sec":108270,"disk_iops_sec":93,"io_wait":0,"open_files":0,"os_bytes_in_sec":848,"os_bytes_out_sec":1573,"total_procs":454},"count":1},{"date":1638334620,"epoch_div":27305577,"totals":{"load_avg":2.10205078125,"cpu_usage":100,"mem_used":8214990848,"mem_free":6507229184,"tcp_conns":94,"disk_usage_root":6.12,"disk_read_sec":2687522,"disk_write_sec":95846,"disk_iops_sec":30,"io_wait":0,"open_files":0,"os_bytes_in_sec":759,"os_bytes_out_sec":928,"total_procs":453},"count":1},{"date":1638334680,"epoch_div":27305578,"totals":{"load_avg":2.0390625,"cpu_usage":100,"mem_used":8355827712,"mem_free":6475726848,"tcp_conns":93,"disk_usage_root":6.12,"disk_read_sec":1797449,"disk_write_sec":92750,"disk_iops_sec":25,"io_wait":0,"open_files":0,"os_bytes_in_sec":528,"os_bytes_out_sec":748,"total_procs":454},"count":1},{"date":1638334740,"epoch_div":27305579,"totals":{"load_avg":2.47314453125,"cpu_usage":100,"mem_used":8391827456,"mem_free":6473371648,"tcp_conns":93,"disk_usage_root":6.12,"disk_read_sec":509381,"disk_write_sec":89239,"disk_iops_sec":18,"io_wait":0,"open_files":0,"os_bytes_in_sec":623,"os_bytes_out_sec":1134,"total_procs":453},"count":1}]}