{"type":"list_page","items":[{"date":1637340420,"epoch_div":27289007,"totals":{"load_avg":2.18115234375,"cpu_usage":100,"mem_used":8538562560,"mem_free":6175395840,"tcp_conns":74,"disk_usage_root":6.12,"disk_read_sec":54082,"disk_write_sec":53155,"disk_iops_sec":2,"io_wait":0,"open_files":0,"os_bytes_in_sec":204,"os_bytes_out_sec":241,"total_procs":429},"count":1},{"date":1637340480,"epoch_div":27289008,"totals":{"load_avg":2.24658203125,"cpu_usage":100,"mem_used":8447774720,"mem_free":6068731904,"tcp_conns":70,"disk_usage_root":6.12,"disk_read_sec":18819428,"disk_write_sec":10738109,"disk_iops_sec":833,"io_wait":0,"open_files":0,"os_bytes_in_sec":6010,"os_bytes_out_sec":11582,"total_procs":438},"count":1},{"date":1637340540,"epoch_div":27289009,"totals":{"load_avg":2.275390625,"cpu_usage":100,"mem_used":8549519360,"mem_free":6440206336,"tcp_conns":77,"disk_usage_root":6.12,"disk_read_sec":6001840,"disk_write_sec":3577502,"disk_iops_sec":117,"io_wait":0,"open_files":0,"os_bytes_in_sec":2197,"os_bytes_out_sec":2171,"total_procs":441},"count":1},{"date":1637340600,"epoch_div":27289010,"totals":{"load_avg":3.13623046875,"cpu_usage":100,"mem_used":8502648832,"mem_free":6454562816,"tcp_conns":87,"disk_usage_root":6.12,"disk_read_sec":9334995,"disk_write_sec":10161328,"disk_iops_sec":324,"io_wait":0,"open_files":0,"os_bytes_in_sec":45886,"os_bytes_out_sec":14182,"total_procs":445},"count":1},{"date":1637340660,"epoch_div":27289011,"totals":{"load_avg":2.9697265625,"cpu_usage":100,"mem_used":8365989888,"mem_free":6450409472,"tcp_conns":86,"disk_usage_root":6.12,"disk_read_sec":3272569,"disk_write_sec":285041,"disk_iops_sec":151,"io_wait":0,"open_files":0,"os_bytes_in_sec":18301,"os_bytes_out_sec":6462,"total_procs":455},"count":1},{"date":1637340720,"epoch_div":27289012,"totals":{"load_avg":2.42724609375,"cpu_usage":100,"mem_used":8455094272,"mem_free":6421970944,"tcp_conns":75,"disk_usage_root":6.12,"disk_read_sec":1051101,"disk_write_sec":184593,"disk_iops_sec":73,"io_wait":0,"open_files":0,"os_bytes_in_sec":6907,"os_bytes_out_sec":2722,"total_procs":450},"count":1},{"date":1637340780,"epoch_div":27289013,"totals":{"load_avg":1.771484375,"cpu_usage":100,"mem_used":8539303936,"mem_free":6365233152,"tcp_conns":73,"disk_usage_root":6.12,"disk_read_sec":374306,"disk_write_sec":144793,"disk_iops_sec":29,"io_wait":0,"open_files":0,"os_bytes_in_sec":943,"os_bytes_out_sec":1245,"total_procs":445},"count":1},{"date":1637340840,"epoch_div":27289014,"totals":{"load_avg":1.841796875,"cpu_usage":100,"mem_used":8573390848,"mem_free":6408720384,"tcp_conns":73,"disk_usage_root":6.12,"disk_read_sec":190395,"disk_write_sec":158446,"disk_iops_sec":28,"io_wait":0,"open_files":0,"os_bytes_in_sec":1507,"os_bytes_out_sec":1286,"total_procs":448},"count":1},{"date":1637340900,"epoch_div":27289015,"totals":{"load_avg":2.26025390625,"cpu_usage":100,"mem_used":8567803904,"mem_free":6581256192,"tcp_conns":78,"disk_usage_root":6.12,"disk_read_sec":2483384,"disk_write_sec":257980,"disk_iops_sec":73,"io_wait":0,"open_files":0,"os_bytes_in_sec":12319,"os_bytes_out_sec":4184,"total_procs":452},"count":1},{"date":1637340960,"epoch_div":27289016,"totals":{"load_avg":2.341796875,"cpu_usage":100,"mem_used":8409219072,"mem_free":6586875904,"tcp_conns":74,"disk_usage_root":6.12,"disk_read_sec":2469332,"disk_write_sec":167241,"disk_iops_sec":47,"io_wait":0,"open_files":0,"os_bytes_in_sec":705,"os_bytes_out_sec":1681,"total_procs":446},"count":1},{"date":1637341020,"epoch_div":27289017,"totals":{"load_avg":2.6962890625,"cpu_usage":100,"mem_used":8515133440,"mem_free":6599876608,"tcp_conns":70,"disk_usage_root":6.12,"disk_read_sec":1655925,"disk_write_sec":157393,"disk_iops_sec":46,"io_wait":0,"open_files":0,"os_bytes_in_sec":3122,"os_bytes_out_sec":2203,"total_procs":444},"count":1},{"date":1637341080,"epoch_div":27289018,"totals":{"load_avg":2.11962890625,"cpu_usage":100,"mem_used":8529186816,"mem_free":6591647744,"tcp_conns":67,"disk_usage_root":6.12,"disk_read_sec":378151,"disk_write_sec":172032,"disk_iops_sec":33,"io_wait":0,"open_files":0,"os_bytes_in_sec":1572,"os_bytes_out_sec":1437,"total_procs":447},"count":1},{"date":1637341140,"epoch_div":27289019,"totals":{"load_avg":2.47900390625,"cpu_usage":100,"mem_used":8558206976,"mem_free":6661754880,"tcp_conns":71,"disk_usage_root":6.12,"disk_read_sec":1095884,"disk_write_sec":168550,"disk_iops_sec":66,"io_wait":0,"open_files":0,"os_bytes_in_sec":6321,"os_bytes_out_sec":3124,"total_procs":449},"count":1}]}