{"type":"list_page","items":[{"date":1637092800,"epoch_div":27284880,"totals":{"load_avg":2.11962890625,"cpu_usage":100,"mem_used":8441098240,"mem_free":6791139328,"tcp_conns":38,"disk_usage_root":6.12,"disk_read_sec":157286,"disk_write_sec":119944,"disk_iops_sec":22,"io_wait":0,"open_files":0,"os_bytes_in_sec":647,"os_bytes_out_sec":626,"total_procs":422},"count":1},{"date":1637092860,"epoch_div":27284881,"totals":{"load_avg":2.041015625,"cpu_usage":100,"mem_used":8441036800,"mem_free":6786039808,"tcp_conns":35,"disk_usage_root":6.12,"disk_read_sec":3625,"disk_write_sec":120664,"disk_iops_sec":20,"io_wait":0,"open_files":0,"os_bytes_in_sec":536,"os_bytes_out_sec":663,"total_procs":420},"count":1},{"date":1637092920,"epoch_div":27284882,"totals":{"load_avg":2.7080078125,"cpu_usage":100,"mem_used":8446763008,"mem_free":6783344640,"tcp_conns":34,"disk_usage_root":6.12,"disk_read_sec":28057,"disk_write_sec":156194,"disk_iops_sec":26,"io_wait":0,"open_files":0,"os_bytes_in_sec":331,"os_bytes_out_sec":529,"total_procs":420},"count":1},{"date":1637092980,"epoch_div":27284883,"totals":{"load_avg":2.21142578125,"cpu_usage":100,"mem_used":8458838016,"mem_free":6778494976,"tcp_conns":30,"disk_usage_root":6.12,"disk_read_sec":59733,"disk_write_sec":155511,"disk_iops_sec":30,"io_wait":0,"open_files":0,"os_bytes_in_sec":810,"os_bytes_out_sec":900,"total_procs":423},"count":1},{"date":1637093040,"epoch_div":27284884,"totals":{"load_avg":2.310546875,"cpu_usage":100,"mem_used":8430526464,"mem_free":6843219968,"tcp_conns":28,"disk_usage_root":6.12,"disk_read_sec":6144,"disk_write_sec":145612,"disk_iops_sec":22,"io_wait":0,"open_files":0,"os_bytes_in_sec":471,"os_bytes_out_sec":660,"total_procs":417},"count":1},{"date":1637093100,"epoch_div":27284885,"totals":{"load_avg":2.52392578125,"cpu_usage":100,"mem_used":8439336960,"mem_free":6750474240,"tcp_conns":29,"disk_usage_root":6.12,"disk_read_sec":22528,"disk_write_sec":135099,"disk_iops_sec":20,"io_wait":0,"open_files":0,"os_bytes_in_sec":583,"os_bytes_out_sec":1024,"total_procs":414},"count":1},{"date":1637093160,"epoch_div":27284886,"totals":{"load_avg":2.26025390625,"cpu_usage":100,"mem_used":8555122688,"mem_free":6773624832,"tcp_conns":31,"disk_usage_root":6.12,"disk_read_sec":322423,"disk_write_sec":1174937,"disk_iops_sec":34,"io_wait":0,"open_files":0,"os_bytes_in_sec":302,"os_bytes_out_sec":666,"total_procs":414},"count":1},{"date":1637093220,"epoch_div":27284887,"totals":{"load_avg":2.97119140625,"cpu_usage":100,"mem_used":8564649984,"mem_free":6783533056,"tcp_conns":32,"disk_usage_root":6.12,"disk_read_sec":374920,"disk_write_sec":1327172,"disk_iops_sec":46,"io_wait":0,"open_files":0,"os_bytes_in_sec":9507,"os_bytes_out_sec":1275,"total_procs":414},"count":1},{"date":1637093280,"epoch_div":27284888,"totals":{"load_avg":3.84423828125,"cpu_usage":100,"mem_used":8565215232,"mem_free":6772891648,"tcp_conns":33,"disk_usage_root":6.12,"disk_read_sec":173192,"disk_write_sec":526813,"disk_iops_sec":50,"io_wait":0,"open_files":0,"os_bytes_in_sec":6693,"os_bytes_out_sec":2505,"total_procs":417},"count":1},{"date":1637093340,"epoch_div":27284889,"totals":{"load_avg":2.72705078125,"cpu_usage":100,"mem_used":8549429248,"mem_free":6824767488,"tcp_conns":34,"disk_usage_root":6.12,"disk_read_sec":1584674,"disk_write_sec":190873,"disk_iops_sec":89,"io_wait":0,"open_files":0,"os_bytes_in_sec":2796,"os_bytes_out_sec":2117,"total_procs":415},"count":1},{"date":1637093400,"epoch_div":27284890,"totals":{"load_avg":2.58740234375,"cpu_usage":100,"mem_used":8486723584,"mem_free":6820315136,"tcp_conns":33,"disk_usage_root":6.12,"disk_read_sec":4523554,"disk_write_sec":150801,"disk_iops_sec":216,"io_wait":0,"open_files":0,"os_bytes_in_sec":2109,"os_bytes_out_sec":1957,"total_procs":417},"count":1},{"date":1637093460,"epoch_div":27284891,"totals":{"load_avg":3.02294921875,"cpu_usage":100,"mem_used":8568639488,"mem_free":6844489728,"tcp_conns":34,"disk_usage_root":6.12,"disk_read_sec":155852,"disk_write_sec":137625,"disk_iops_sec":37,"io_wait":0,"open_files":0,"os_bytes_in_sec":3086,"os_bytes_out_sec":1207,"total_procs":414},"count":1},{"date":1637093520,"epoch_div":27284892,"totals":{"load_avg":2.634765625,"cpu_usage":100,"mem_used":8567496704,"mem_free":6868709376,"tcp_conns":34,"disk_usage_root":6.12,"disk_read_sec":197905,"disk_write_sec":149367,"disk_iops_sec":38,"io_wait":0,"open_files":0,"os_bytes_in_sec":3149,"os_bytes_out_sec":967,"total_procs":414},"count":1},{"date":1637093580,"epoch_div":27284893,"totals":{"load_avg":2.041015625,"cpu_usage":100,"mem_used":8537317376,"mem_free":6792790016,"tcp_conns":34,"disk_usage_root":6.12,"disk_read_sec":1269968,"disk_write_sec":527550,"disk_iops_sec":65,"io_wait":0,"open_files":0,"os_bytes_in_sec":2282,"os_bytes_out_sec":1945,"total_procs":417},"count":1},{"date":1637093640,"epoch_div":27284894,"totals":{"load_avg":3.19775390625,"cpu_usage":100,"mem_used":8463122432,"mem_free":6826352640,"tcp_conns":31,"disk_usage_root":6.12,"disk_read_sec":1871066,"disk_write_sec":205202,"disk_iops_sec":99,"io_wait":0,"open_files":0,"os_bytes_in_sec":9515,"os_bytes_out_sec":1781,"total_procs":420},"count":1},{"date":1637093700,"epoch_div":27284895,"totals":{"load_avg":2.13818359375,"cpu_usage":100,"mem_used":8244711424,"mem_free":6912618496,"tcp_conns":42,"disk_usage_root":6.12,"disk_read_sec":3577719,"disk_write_sec":3505425,"disk_iops_sec":230,"io_wait":0,"open_files":0,"os_bytes_in_sec":579,"os_bytes_out_sec":573,"total_procs":427},"count":1},{"date":1637093760,"epoch_div":27284896,"totals":{"load_avg":2.8330078125,"cpu_usage":100,"mem_used":8558854144,"mem_free":6803181568,"tcp_conns":57,"disk_usage_root":6.12,"disk_read_sec":645051,"disk_write_sec":333892,"disk_iops_sec":67,"io_wait":0,"open_files":0,"os_bytes_in_sec":593,"os_bytes_out_sec":932,"total_procs":421},"count":1},{"date":1637093820,"epoch_div":27284897,"totals":{"load_avg":2.63427734375,"cpu_usage":100,"mem_used":8533151744,"mem_free":6806056960,"tcp_conns":61,"disk_usage_root":6.12,"disk_read_sec":1798485,"disk_write_sec":182340,"disk_iops_sec":95,"io_wait":0,"open_files":0,"os_bytes_in_sec":2991,"os_bytes_out_sec":2019,"total_procs":425},"count":1},{"date":1637093880,"epoch_div":27284898,"totals":{"load_avg":2.84423828125,"cpu_usage":100,"mem_used":8569044992,"mem_free":6818791424,"tcp_conns":59,"disk_usage_root":6.12,"disk_read_sec":66150,"disk_write_sec":110455,"disk_iops_sec":22,"io_wait":0,"open_files":0,"os_bytes_in_sec":404,"os_bytes_out_sec":633,"total_procs":420},"count":1},{"date":1637093940,"epoch_div":27284899,"totals":{"load_avg":2.74072265625,"cpu_usage":100,"mem_used":8567894016,"mem_free":6867783680,"tcp_conns":61,"disk_usage_root":6.12,"disk_read_sec":169369,"disk_write_sec":204731,"disk_iops_sec":42,"io_wait":0,"open_files":0,"os_bytes_in_sec":7230,"os_bytes_out_sec":2545,"total_procs":420},"count":1},{"date":1637094000,"epoch_div":27284900,"totals":{"load_avg":2.2578125,"cpu_usage":100,"mem_used":8561508352,"mem_free":6807773184,"tcp_conns":57,"disk_usage_root":6.12,"disk_read_sec":101922,"disk_write_sec":117555,"disk_iops_sec":29,"io_wait":0,"open_files":0,"os_bytes_in_sec":689,"os_bytes_out_sec":727,"total_procs":423},"count":1},{"date":1637094060,"epoch_div":27284901,"totals":{"load_avg":2.26904296875,"cpu_usage":100,"mem_used":8544837632,"mem_free":6876192768,"tcp_conns":48,"disk_usage_root":6.12,"disk_read_sec":1790088,"disk_write_sec":162542,"disk_iops_sec":90,"io_wait":0,"open_files":0,"os_bytes_in_sec":768,"os_bytes_out_sec":1678,"total_procs":420},"count":1},{"date":1637094120,"epoch_div":27284902,"totals":{"load_avg":2.50390625,"cpu_usage":100,"mem_used":8553152512,"mem_free":6789033984,"tcp_conns":49,"disk_usage_root":6.12,"disk_read_sec":103560,"disk_write_sec":149572,"disk_iops_sec":31,"io_wait":0,"open_files":0,"os_bytes_in_sec":379,"os_bytes_out_sec":608,"total_procs":419},"count":1},{"date":1637094180,"epoch_div":27284903,"totals":{"load_avg":2.626953125,"cpu_usage":100,"mem_used":8568152064,"mem_free":6792224768,"tcp_conns":46,"disk_usage_root":6.12,"disk_read_sec":27170,"disk_write_sec":105403,"disk_iops_sec":19,"io_wait":0,"open_files":0,"os_bytes_in_sec":375,"os_bytes_out_sec":546,"total_procs":419},"count":1},{"date":1637094240,"epoch_div":27284904,"totals":{"load_avg":3.43310546875,"cpu_usage":100,"mem_used":8569823232,"mem_free":6841257984,"tcp_conns":44,"disk_usage_root":6.12,"disk_read_sec":87244,"disk_write_sec":110250,"disk_iops_sec":29,"io_wait":0,"open_files":0,"os_bytes_in_sec":431,"os_bytes_out_sec":424,"total_procs":419},"count":1},{"date":1637094300,"epoch_div":27284905,"totals":{"load_avg":2.82421875,"cpu_usage":100,"mem_used":8568811520,"mem_free":6803677184,"tcp_conns":49,"disk_usage_root":6.12,"disk_read_sec":312524,"disk_write_sec":161587,"disk_iops_sec":47,"io_wait":0,"open_files":0,"os_bytes_in_sec":4237,"os_bytes_out_sec":3294,"total_procs":422},"count":1},{"date":1637094360,"epoch_div":27284906,"totals":{"load_avg":2.4169921875,"cpu_usage":100,"mem_used":8506982400,"mem_free":6797582336,"tcp_conns":48,"disk_usage_root":6.12,"disk_read_sec":47308,"disk_write_sec":123972,"disk_iops_sec":24,"io_wait":0,"open_files":0,"os_bytes_in_sec":275,"os_bytes_out_sec":584,"total_procs":419},"count":1},{"date":1637094420,"epoch_div":27284907,"totals":{"load_avg":2.59521484375,"cpu_usage":100,"mem_used":8553041920,"mem_free":6854750208,"tcp_conns":47,"disk_usage_root":6.12,"disk_read_sec":649736,"disk_write_sec":157869,"disk_iops_sec":98,"io_wait":0,"open_files":0,"os_bytes_in_sec":3601,"os_bytes_out_sec":1369,"total_procs":424},"count":1},{"date":1637094480,"epoch_div":27284908,"totals":{"load_avg":2.44287109375,"cpu_usage":100,"mem_used":8481230848,"mem_free":6857658368,"tcp_conns":48,"disk_usage_root":6.12,"disk_read_sec":28398,"disk_write_sec":130321,"disk_iops_sec":23,"io_wait":0,"open_files":0,"os_bytes_in_sec":472,"os_bytes_out_sec":709,"total_procs":420},"count":1},{"date":1637094540,"epoch_div":27284909,"totals":{"load_avg":3.3857421875,"cpu_usage":100,"mem_used":8557338624,"mem_free":6909403136,"tcp_conns":48,"disk_usage_root":6.12,"disk_read_sec":504546,"disk_write_sec":1319986,"disk_iops_sec":41,"io_wait":0,"open_files":0,"os_bytes_in_sec":4822,"os_bytes_out_sec":1573,"total_procs":422},"count":1},{"date":1637094600,"epoch_div":27284910,"totals":{"load_avg":3.80859375,"cpu_usage":100,"mem_used":8480280576,"mem_free":6863970304,"tcp_conns":49,"disk_usage_root":6.12,"disk_read_sec":582519,"disk_write_sec":2916488,"disk_iops_sec":268,"io_wait":0,"open_files":0,"os_bytes_in_sec":403656,"os_bytes_out_sec":4689,"total_procs":421},"count":1},{"date":1637094660,"epoch_div":27284911,"totals":{"load_avg":3.49755859375,"cpu_usage":100,"mem_used":8512409600,"mem_free":6849576960,"tcp_conns":45,"disk_usage_root":6.12,"disk_read_sec":49902,"disk_write_sec":107451,"disk_iops_sec":21,"io_wait":0,"open_files":0,"os_bytes_in_sec":354,"os_bytes_out_sec":389,"total_procs":420},"count":1},{"date":1637094720,"epoch_div":27284912,"totals":{"load_avg":2.73095703125,"cpu_usage":100,"mem_used":8532357120,"mem_free":6848561152,"tcp_conns":46,"disk_usage_root":6.12,"disk_read_sec":7714,"disk_write_sec":96051,"disk_iops_sec":15,"io_wait":0,"open_files":0,"os_bytes_in_sec":123,"os_bytes_out_sec":354,"total_procs":419},"count":1},{"date":1637094780,"epoch_div":27284913,"totals":{"load_avg":2.3310546875,"cpu_usage":100,"mem_used":8564920320,"mem_free":6806249472,"tcp_conns":45,"disk_usage_root":6.12,"disk_read_sec":1742028,"disk_write_sec":119330,"disk_iops_sec":76,"io_wait":0,"open_files":0,"os_bytes_in_sec":314,"os_bytes_out_sec":488,"total_procs":420},"count":1},{"date":1637094840,"epoch_div":27284914,"totals":{"load_avg":2.79833984375,"cpu_usage":100,"mem_used":8570494976,"mem_free":6817595392,"tcp_conns":44,"disk_usage_root":6.12,"disk_read_sec":61440,"disk_write_sec":73181,"disk_iops_sec":18,"io_wait":0,"open_files":0,"os_bytes_in_sec":645,"os_bytes_out_sec":605,"total_procs":427},"count":1},{"date":1637094900,"epoch_div":27284915,"totals":{"load_avg":2.42041015625,"cpu_usage":100,"mem_used":8538058752,"mem_free":6800740352,"tcp_conns":43,"disk_usage_root":6.12,"disk_read_sec":9625,"disk_write_sec":76526,"disk_iops_sec":13,"io_wait":0,"open_files":0,"os_bytes_in_sec":344,"os_bytes_out_sec":411,"total_procs":418},"count":1},{"date":1637094960,"epoch_div":27284916,"totals":{"load_avg":2.412109375,"cpu_usage":100,"mem_used":8547160064,"mem_free":6825734144,"tcp_conns":43,"disk_usage_root":6.12,"disk_read_sec":10717,"disk_write_sec":66764,"disk_iops_sec":12,"io_wait":0,"open_files":0,"os_bytes_in_sec":128,"os_bytes_out_sec":237,"total_procs":419},"count":1},{"date":1637095020,"epoch_div":27284917,"totals":{"load_avg":3.271484375,"cpu_usage":100,"mem_used":8570155008,"mem_free":6809296896,"tcp_conns":43,"disk_usage_root":6.12,"disk_read_sec":86630,"disk_write_sec":227191,"disk_iops_sec":53,"io_wait":0,"open_files":0,"os_bytes_in_sec":360,"os_bytes_out_sec":397,"total_procs":419},"count":1},{"date":1637095080,"epoch_div":27284918,"totals":{"load_avg":2.7529296875,"cpu_usage":100,"mem_used":8553959424,"mem_free":6819778560,"tcp_conns":43,"disk_usage_root":6.12,"disk_read_sec":86971,"disk_write_sec":373145,"disk_iops_sec":25,"io_wait":0,"open_files":0,"os_bytes_in_sec":253,"os_bytes_out_sec":383,"total_procs":419},"count":1},{"date":1637095140,"epoch_div":27284919,"totals":{"load_avg":2.82568359375,"cpu_usage":100,"mem_used":8449306624,"mem_free":6841667584,"tcp_conns":41,"disk_usage_root":6.12,"disk_read_sec":878660,"disk_write_sec":1270715,"disk_iops_sec":106,"io_wait":0,"open_files":0,"os_bytes_in_sec":42823,"os_bytes_out_sec":910,"total_procs":419},"count":1},{"date":1637095200,"epoch_div":27284920,"totals":{"load_avg":2.88037109375,"cpu_usage":100,"mem_used":8457011200,"mem_free":6804475904,"tcp_conns":41,"disk_usage_root":6.12,"disk_read_sec":24917,"disk_write_sec":77346,"disk_iops_sec":14,"io_wait":0,"open_files":0,"os_bytes_in_sec":392,"os_bytes_out_sec":381,"total_procs":419},"count":1},{"date":1637095260,"epoch_div":27284921,"totals":{"load_avg":2.30126953125,"cpu_usage":100,"mem_used":8543567872,"mem_free":6841843712,"tcp_conns":43,"disk_usage_root":6.12,"disk_read_sec":59801,"disk_write_sec":73864,"disk_iops_sec":15,"io_wait":0,"open_files":0,"os_bytes_in_sec":289,"os_bytes_out_sec":537,"total_procs":418},"count":1},{"date":1637095320,"epoch_div":27284922,"totals":{"load_avg":1.86279296875,"cpu_usage":100,"mem_used":8406044672,"mem_free":6861537280,"tcp_conns":46,"disk_usage_root":6.12,"disk_read_sec":3945130,"disk_write_sec":305698,"disk_iops_sec":121,"io_wait":0,"open_files":0,"os_bytes_in_sec":40436,"os_bytes_out_sec":1372,"total_procs":421},"count":1},{"date":1637095380,"epoch_div":27284923,"totals":{"load_avg":2.166015625,"cpu_usage":100,"mem_used":8508686336,"mem_free":6937067520,"tcp_conns":50,"disk_usage_root":6.12,"disk_read_sec":2273689,"disk_write_sec":1451485,"disk_iops_sec":160,"io_wait":0,"open_files":0,"os_bytes_in_sec":21262,"os_bytes_out_sec":3294,"total_procs":426},"count":1},{"date":1637095440,"epoch_div":27284924,"totals":{"load_avg":2.52099609375,"cpu_usage":100,"mem_used":8510144512,"mem_free":6956507136,"tcp_conns":51,"disk_usage_root":6.12,"disk_read_sec":28330,"disk_write_sec":128819,"disk_iops_sec":22,"io_wait":0,"open_files":0,"os_bytes_in_sec":469,"os_bytes_out_sec":830,"total_procs":420},"count":1},{"date":1637095500,"epoch_div":27284925,"totals":{"load_avg":2.39990234375,"cpu_usage":100,"mem_used":8394526720,"mem_free":6920278016,"tcp_conns":56,"disk_usage_root":6.12,"disk_read_sec":5039786,"disk_write_sec":3198293,"disk_iops_sec":271,"io_wait":0,"open_files":0,"os_bytes_in_sec":27288,"os_bytes_out_sec":7238,"total_procs":424},"count":1},{"date":1637095560,"epoch_div":27284926,"totals":{"load_avg":6.31201171875,"cpu_usage":100,"mem_used":8565714944,"mem_free":6798057472,"tcp_conns":231,"disk_usage_root":6.12,"disk_read_sec":8548352,"disk_write_sec":12088115,"disk_iops_sec":418,"io_wait":0,"open_files":0,"os_bytes_in_sec":100564,"os_bytes_out_sec":86776,"total_procs":449},"count":1},{"date":1637095620,"epoch_div":27284927,"totals":{"load_avg":4.435546875,"cpu_usage":100,"mem_used":8556036096,"mem_free":6931996672,"tcp_conns":164,"disk_usage_root":6.12,"disk_read_sec":6276573,"disk_write_sec":4984627,"disk_iops_sec":217,"io_wait":0,"open_files":0,"os_bytes_in_sec":256085,"os_bytes_out_sec":12549,"total_procs":445},"count":1},{"date":1637095680,"epoch_div":27284928,"totals":{"load_avg":2.4345703125,"cpu_usage":100,"mem_used":8560979968,"mem_free":6757867520,"tcp_conns":153,"disk_usage_root":6.12,"disk_read_sec":395605,"disk_write_sec":4012509,"disk_iops_sec":64,"io_wait":0,"open_files":0,"os_bytes_in_sec":111986,"os_bytes_out_sec":4056,"total_procs":444},"count":1},{"date":1637095740,"epoch_div":27284929,"totals":{"load_avg":2.259765625,"cpu_usage":100,"mem_used":8433905664,"mem_free":6717452288,"tcp_conns":164,"disk_usage_root":6.12,"disk_read_sec":4201403,"disk_write_sec":4535091,"disk_iops_sec":217,"io_wait":0,"open_files":0,"os_bytes_in_sec":81401,"os_bytes_out_sec":14284,"total_procs":449},"count":1},{"date":1637095800,"epoch_div":27284930,"totals":{"load_avg":2.494140625,"cpu_usage":100,"mem_used":8571531264,"mem_free":6627307520,"tcp_conns":146,"disk_usage_root":6.12,"disk_read_sec":570163,"disk_write_sec":206574,"disk_iops_sec":41,"io_wait":0,"open_files":0,"os_bytes_in_sec":21493,"os_bytes_out_sec":3401,"total_procs":449},"count":1},{"date":1637095860,"epoch_div":27284931,"totals":{"load_avg":2.44873046875,"cpu_usage":100,"mem_used":8570880000,"mem_free":6657253376,"tcp_conns":116,"disk_usage_root":6.12,"disk_read_sec":582929,"disk_write_sec":183432,"disk_iops_sec":50,"io_wait":0,"open_files":0,"os_bytes_in_sec":2013,"os_bytes_out_sec":3659,"total_procs":447},"count":1},{"date":1637095920,"epoch_div":27284932,"totals":{"load_avg":2.7158203125,"cpu_usage":100,"mem_used":8570175488,"mem_free":6679113728,"tcp_conns":72,"disk_usage_root":6.12,"disk_read_sec":570504,"disk_write_sec":156194,"disk_iops_sec":45,"io_wait":0,"open_files":0,"os_bytes_in_sec":1560,"os_bytes_out_sec":2504,"total_procs":449},"count":1},{"date":1637095980,"epoch_div":27284933,"totals":{"load_avg":3.14306640625,"cpu_usage":100,"mem_used":8568500224,"mem_free":6839779328,"tcp_conns":59,"disk_usage_root":6.12,"disk_read_sec":431308,"disk_write_sec":154419,"disk_iops_sec":47,"io_wait":0,"open_files":0,"os_bytes_in_sec":1996,"os_bytes_out_sec":3360,"total_procs":446},"count":1},{"date":1637096040,"epoch_div":27284934,"totals":{"load_avg":2.96435546875,"cpu_usage":100,"mem_used":8480964608,"mem_free":6713323520,"tcp_conns":60,"disk_usage_root":6.12,"disk_read_sec":2395409,"disk_write_sec":3466103,"disk_iops_sec":133,"io_wait":0,"open_files":0,"os_bytes_in_sec":11989,"os_bytes_out_sec":6866,"total_procs":450},"count":1},{"date":1637096100,"epoch_div":27284935,"totals":{"load_avg":5.5791015625,"cpu_usage":100,"mem_used":8193196032,"mem_free":6714200064,"tcp_conns":77,"disk_usage_root":6.12,"disk_read_sec":2939699,"disk_write_sec":4938478,"disk_iops_sec":183,"io_wait":0,"open_files":0,"os_bytes_in_sec":69920,"os_bytes_out_sec":5808,"total_procs":449},"count":1},{"date":1637096160,"epoch_div":27284936,"totals":{"load_avg":6.1591796875,"cpu_usage":100,"mem_used":8563994624,"mem_free":6881587200,"tcp_conns":79,"disk_usage_root":6.12,"disk_read_sec":25886105,"disk_write_sec":6265651,"disk_iops_sec":329,"io_wait":0,"open_files":0,"os_bytes_in_sec":5094823,"os_bytes_out_sec":65174,"total_procs":456},"count":1},{"date":1637096220,"epoch_div":27284937,"totals":{"load_avg":3.26220703125,"cpu_usage":100,"mem_used":8564383744,"mem_free":6964424704,"tcp_conns":70,"disk_usage_root":6.12,"disk_read_sec":1676583,"disk_write_sec":690835,"disk_iops_sec":108,"io_wait":0,"open_files":0,"os_bytes_in_sec":609,"os_bytes_out_sec":1016,"total_procs":460},"count":1},{"date":1637096280,"epoch_div":27284938,"totals":{"load_avg":3.3017578125,"cpu_usage":100,"mem_used":8538591232,"mem_free":6919933952,"tcp_conns":65,"disk_usage_root":6.12,"disk_read_sec":4250214,"disk_write_sec":19407530,"disk_iops_sec":537,"io_wait":0,"open_files":0,"os_bytes_in_sec":1360,"os_bytes_out_sec":1571,"total_procs":480},"count":1},{"date":1637096340,"epoch_div":27284939,"totals":{"load_avg":2.06884765625,"cpu_usage":100,"mem_used":8413274112,"mem_free":7056703488,"tcp_conns":54,"disk_usage_root":6.12,"disk_read_sec":2481370,"disk_write_sec":789453,"disk_iops_sec":108,"io_wait":0,"open_files":0,"os_bytes_in_sec":672,"os_bytes_out_sec":570,"total_procs":473},"count":1}]}