{"type":"list_page","items":[{"groups":{"main":{"totals":{"load_avg":2.54736328125,"cpu_usage":100,"mem_used":8563875840,"mem_free":7045021696,"tcp_conns":50,"disk_usage_root":6.12,"disk_read_sec":754566,"disk_write_sec":6498894,"disk_iops_sec":74,"io_wait":0,"open_files":0,"os_bytes_in_sec":4986,"os_bytes_out_sec":5965,"total_procs":378},"count":1}},"date":1637214660,"epoch_div":27286911},{"groups":{"main":{"totals":{"load_avg":3.45263671875,"cpu_usage":100,"mem_used":8544350208,"mem_free":6646779904,"tcp_conns":51,"disk_usage_root":6.12,"disk_read_sec":4461294,"disk_write_sec":11919564,"disk_iops_sec":188,"io_wait":0,"open_files":0,"os_bytes_in_sec":12874,"os_bytes_out_sec":5889,"total_procs":386},"count":1}},"date":1637214720,"epoch_div":27286912},{"groups":{"main":{"totals":{"load_avg":2.5341796875,"cpu_usage":100,"mem_used":8515518464,"mem_free":6594428928,"tcp_conns":51,"disk_usage_root":6.12,"disk_read_sec":1497658,"disk_write_sec":3274114,"disk_iops_sec":81,"io_wait":0,"open_files":0,"os_bytes_in_sec":10510,"os_bytes_out_sec":9282,"total_procs":391},"count":1}},"date":1637214780,"epoch_div":27286913},{"groups":{"main":{"totals":{"load_avg":2.5166015625,"cpu_usage":100,"mem_used":8570806272,"mem_free":6597750784,"tcp_conns":48,"disk_usage_root":6.12,"disk_read_sec":623889,"disk_write_sec":129228,"disk_iops_sec":35,"io_wait":0,"open_files":0,"os_bytes_in_sec":3352,"os_bytes_out_sec":1973,"total_procs":391},"count":1}},"date":1637214840,"epoch_div":27286914},{"groups":{"main":{"totals":{"load_avg":3.05712890625,"cpu_usage":100,"mem_used":8165490688,"mem_free":6607826944,"tcp_conns":49,"disk_usage_root":6.12,"disk_read_sec":1844565,"disk_write_sec":9340177,"disk_iops_sec":109,"io_wait":0,"open_files":0,"os_bytes_in_sec":13496,"os_bytes_out_sec":12388,"total_procs":390},"count":1}},"date":1637214900,"epoch_div":27286915},{"groups":{"main":{"totals":{"load_avg":2.380859375,"cpu_usage":100,"mem_used":8563163136,"mem_free":6575095808,"tcp_conns":53,"disk_usage_root":6.12,"disk_read_sec":6625211,"disk_write_sec":1292629,"disk_iops_sec":172,"io_wait":0,"open_files":0,"os_bytes_in_sec":41042,"os_bytes_out_sec":18385,"total_procs":394},"count":1}},"date":1637214960,"epoch_div":27286916},{"groups":{"main":{"totals":{"load_avg":2.76025390625,"cpu_usage":100,"mem_used":8436596736,"mem_free":6721978368,"tcp_conns":55,"disk_usage_root":6.12,"disk_read_sec":4567108,"disk_write_sec":281873,"disk_iops_sec":84,"io_wait":0,"open_files":0,"os_bytes_in_sec":12043,"os_bytes_out_sec":13027,"total_procs":391},"count":1}},"date":1637215020,"epoch_div":27286917},{"groups":{"main":{"totals":{"load_avg":2.3076171875,"cpu_usage":100,"mem_used":8511520768,"mem_free":6694203392,"tcp_conns":54,"disk_usage_root":6.12,"disk_read_sec":134417,"disk_write_sec":532548,"disk_iops_sec":96,"io_wait":0,"open_files":0,"os_bytes_in_sec":10463,"os_bytes_out_sec":7188,"total_procs":392},"count":1}},"date":1637215080,"epoch_div":27286918},{"groups":{"main":{"totals":{"load_avg":2.2587890625,"cpu_usage":100,"mem_used":8560705536,"mem_free":6674141184,"tcp_conns":53,"disk_usage_root":6.12,"disk_read_sec":277764,"disk_write_sec":596419,"disk_iops_sec":118,"io_wait":0,"open_files":0,"os_bytes_in_sec":12077,"os_bytes_out_sec":6411,"total_procs":391},"count":1}},"date":1637215140,"epoch_div":27286919},{"groups":{"main":{"totals":{"load_avg":2.64453125,"cpu_usage":100,"mem_used":8563453952,"mem_free":6717079552,"tcp_conns":52,"disk_usage_root":6.12,"disk_read_sec":407652,"disk_write_sec":412688,"disk_iops_sec":91,"io_wait":0,"open_files":0,"os_bytes_in_sec":8931,"os_bytes_out_sec":7468,"total_procs":392},"count":1}},"date":1637215200,"epoch_div":27286920},{"groups":{"main":{"totals":{"load_avg":3.06103515625,"cpu_usage":100,"mem_used":8541241344,"mem_free":6832984064,"tcp_conns":52,"disk_usage_root":6.12,"disk_read_sec":863982,"disk_write_sec":341947,"disk_iops_sec":83,"io_wait":0,"open_files":0,"os_bytes_in_sec":8474,"os_bytes_out_sec":7645,"total_procs":391},"count":1}},"date":1637215260,"epoch_div":27286921},{"groups":{"main":{"totals":{"load_avg":2.66552734375,"cpu_usage":100,"mem_used":8488955904,"mem_free":6680485888,"tcp_conns":51,"disk_usage_root":6.12,"disk_read_sec":2365917,"disk_write_sec":1893580,"disk_iops_sec":134,"io_wait":0,"open_files":0,"os_bytes_in_sec":10535,"os_bytes_out_sec":5423,"total_procs":392},"count":1}},"date":1637215320,"epoch_div":27286922},{"groups":{"main":{"totals":{"load_avg":2.67529296875,"cpu_usage":100,"mem_used":8562974720,"mem_free":6522716160,"tcp_conns":70,"disk_usage_root":6.12,"disk_read_sec":9037550,"disk_write_sec":8683793,"disk_iops_sec":251,"io_wait":0,"open_files":0,"os_bytes_in_sec":44521,"os_bytes_out_sec":20313,"total_procs":401},"count":1}},"date":1637215380,"epoch_div":27286923},{"groups":{"main":{"totals":{"load_avg":2.34228515625,"cpu_usage":100,"mem_used":8532439040,"mem_free":6570078208,"tcp_conns":65,"disk_usage_root":6.12,"disk_read_sec":919893,"disk_write_sec":1751381,"disk_iops_sec":45,"io_wait":0,"open_files":0,"os_bytes_in_sec":5969,"os_bytes_out_sec":3393,"total_procs":395},"count":1}},"date":1637215440,"epoch_div":27286924},{"groups":{"main":{"totals":{"load_avg":2.576171875,"cpu_usage":100,"mem_used":8541786112,"mem_free":6522671104,"tcp_conns":64,"disk_usage_root":6.12,"disk_read_sec":2041309,"disk_write_sec":3659366,"disk_iops_sec":98,"io_wait":0,"open_files":0,"os_bytes_in_sec":6696,"os_bytes_out_sec":9006,"total_procs":397},"count":1}},"date":1637215500,"epoch_div":27286925},{"groups":{"main":{"totals":{"load_avg":2.359375,"cpu_usage":100,"mem_used":8492212224,"mem_free":6520848384,"tcp_conns":64,"disk_usage_root":6.12,"disk_read_sec":690696,"disk_write_sec":1405275,"disk_iops_sec":39,"io_wait":0,"open_files":0,"os_bytes_in_sec":4261,"os_bytes_out_sec":4458,"total_procs":395},"count":1}},"date":1637215560,"epoch_div":27286926},{"groups":{"main":{"totals":{"load_avg":2.5576171875,"cpu_usage":100,"mem_used":8485281792,"mem_free":6498050048,"tcp_conns":58,"disk_usage_root":6.12,"disk_read_sec":457879,"disk_write_sec":110726,"disk_iops_sec":21,"io_wait":0,"open_files":0,"os_bytes_in_sec":2016,"os_bytes_out_sec":1211,"total_procs":394},"count":1}},"date":1637215620,"epoch_div":27286927},{"groups":{"main":{"totals":{"load_avg":1.89501953125,"cpu_usage":100,"mem_used":8502673408,"mem_free":6547988480,"tcp_conns":63,"disk_usage_root":6.12,"disk_read_sec":448170,"disk_write_sec":148889,"disk_iops_sec":31,"io_wait":0,"open_files":0,"os_bytes_in_sec":6483,"os_bytes_out_sec":7675,"total_procs":395},"count":1}},"date":1637215680,"epoch_div":27286928},{"groups":{"main":{"totals":{"load_avg":1.73779296875,"cpu_usage":100,"mem_used":8550981632,"mem_free":6498377728,"tcp_conns":59,"disk_usage_root":6.12,"disk_read_sec":399564,"disk_write_sec":313344,"disk_iops_sec":58,"io_wait":0,"open_files":0,"os_bytes_in_sec":10051,"os_bytes_out_sec":4695,"total_procs":394},"count":1}},"date":1637215740,"epoch_div":27286929},{"groups":{"main":{"totals":{"load_avg":2.302734375,"cpu_usage":100,"mem_used":8361226240,"mem_free":6745935872,"tcp_conns":57,"disk_usage_root":6.12,"disk_read_sec":9772578,"disk_write_sec":4031488,"disk_iops_sec":165,"io_wait":0,"open_files":0,"os_bytes_in_sec":67518,"os_bytes_out_sec":5085,"total_procs":395},"count":1}},"date":1637215800,"epoch_div":27286930},{"groups":{"main":{"totals":{"load_avg":2.3955078125,"cpu_usage":100,"mem_used":8497242112,"mem_free":6677946368,"tcp_conns":57,"disk_usage_root":6.12,"disk_read_sec":3155148,"disk_write_sec":2356019,"disk_iops_sec":116,"io_wait":0,"open_files":0,"os_bytes_in_sec":16335,"os_bytes_out_sec":2810,"total_procs":399},"count":1}},"date":1637215860,"epoch_div":27286931},{"groups":{"main":{"totals":{"load_avg":2.56396484375,"cpu_usage":100,"mem_used":8565936128,"mem_free":6535061504,"tcp_conns":58,"disk_usage_root":6.12,"disk_read_sec":1057109,"disk_write_sec":8620578,"disk_iops_sec":105,"io_wait":0,"open_files":0,"os_bytes_in_sec":258124,"os_bytes_out_sec":6449,"total_procs":395},"count":1}},"date":1637215920,"epoch_div":27286932},{"groups":{"main":{"totals":{"load_avg":7.8701171875,"cpu_usage":100,"mem_used":8440328192,"mem_free":6519279616,"tcp_conns":59,"disk_usage_root":6.12,"disk_read_sec":2656802,"disk_write_sec":591052,"disk_iops_sec":81,"io_wait":0,"open_files":0,"os_bytes_in_sec":5825,"os_bytes_out_sec":6826,"total_procs":374},"count":1}},"date":1637215980,"epoch_div":27286933},{"groups":{"main":{"totals":{"load_avg":4.33154296875,"cpu_usage":100,"mem_used":8483885056,"mem_free":6464716800,"tcp_conns":53,"disk_usage_root":6.12,"disk_read_sec":593017,"disk_write_sec":194733,"disk_iops_sec":49,"io_wait":0,"open_files":0,"os_bytes_in_sec":2363,"os_bytes_out_sec":3354,"total_procs":374},"count":1}},"date":1637216040,"epoch_div":27286934},{"groups":{"main":{"totals":{"load_avg":3.2470703125,"cpu_usage":100,"mem_used":8474955776,"mem_free":6424612864,"tcp_conns":69,"disk_usage_root":6.12,"disk_read_sec":7885404,"disk_write_sec":443979,"disk_iops_sec":277,"io_wait":0,"open_files":0,"os_bytes_in_sec":20246,"os_bytes_out_sec":11465,"total_procs":374},"count":1}},"date":1637216100,"epoch_div":27286935},{"groups":{"main":{"totals":{"load_avg":2.23193359375,"cpu_usage":100,"mem_used":8547094528,"mem_free":6554603520,"tcp_conns":67,"disk_usage_root":6.12,"disk_read_sec":457523,"disk_write_sec":255249,"disk_iops_sec":55,"io_wait":0,"open_files":0,"os_bytes_in_sec":3574,"os_bytes_out_sec":4889,"total_procs":374},"count":1}},"date":1637216160,"epoch_div":27286936},{"groups":{"main":{"totals":{"load_avg":2.68408203125,"cpu_usage":100,"mem_used":8400277504,"mem_free":6506680320,"tcp_conns":61,"disk_usage_root":6.12,"disk_read_sec":611328,"disk_write_sec":282555,"disk_iops_sec":65,"io_wait":0,"open_files":0,"os_bytes_in_sec":3896,"os_bytes_out_sec":5218,"total_procs":373},"count":1}},"date":1637216220,"epoch_div":27286937},{"groups":{"main":{"totals":{"load_avg":2.76806640625,"cpu_usage":100,"mem_used":8478498816,"mem_free":6678745088,"tcp_conns":61,"disk_usage_root":6.12,"disk_read_sec":5944524,"disk_write_sec":215517,"disk_iops_sec":225,"io_wait":0,"open_files":0,"os_bytes_in_sec":10737,"os_bytes_out_sec":2656,"total_procs":384},"count":1}},"date":1637216280,"epoch_div":27286938},{"groups":{"main":{"totals":{"load_avg":2.3447265625,"cpu_usage":100,"mem_used":8157384704,"mem_free":6527655936,"tcp_conns":63,"disk_usage_root":6.12,"disk_read_sec":614946,"disk_write_sec":10122786,"disk_iops_sec":92,"io_wait":0,"open_files":0,"os_bytes_in_sec":9589,"os_bytes_out_sec":11364,"total_procs":381},"count":1}},"date":1637216340,"epoch_div":27286939},{"groups":{"main":{"totals":{"load_avg":2.69873046875,"cpu_usage":100,"mem_used":7912534016,"mem_free":6722146304,"tcp_conns":63,"disk_usage_root":6.12,"disk_read_sec":1163537,"disk_write_sec":228352,"disk_iops_sec":47,"io_wait":0,"open_files":0,"os_bytes_in_sec":5732,"os_bytes_out_sec":6702,"total_procs":376},"count":1}},"date":1637216400,"epoch_div":27286940},{"groups":{"main":{"totals":{"load_avg":3.15869140625,"cpu_usage":100,"mem_used":8498229248,"mem_free":6403133440,"tcp_conns":60,"disk_usage_root":6.12,"disk_read_sec":3232768,"disk_write_sec":204663,"disk_iops_sec":46,"io_wait":0,"open_files":0,"os_bytes_in_sec":2746,"os_bytes_out_sec":5356,"total_procs":375},"count":1}},"date":1637216460,"epoch_div":27286941},{"groups":{"main":{"totals":{"load_avg":2.880859375,"cpu_usage":100,"mem_used":8557113344,"mem_free":6434988032,"tcp_conns":51,"disk_usage_root":6.12,"disk_read_sec":481939,"disk_write_sec":135098,"disk_iops_sec":51,"io_wait":0,"open_files":0,"os_bytes_in_sec":1996,"os_bytes_out_sec":2014,"total_procs":373},"count":1}},"date":1637216520,"epoch_div":27286942},{"groups":{"main":{"totals":{"load_avg":2.123046875,"cpu_usage":100,"mem_used":8548622336,"mem_free":6351376384,"tcp_conns":50,"disk_usage_root":6.12,"disk_read_sec":327613,"disk_write_sec":464103,"disk_iops_sec":44,"io_wait":0,"open_files":0,"os_bytes_in_sec":4637,"os_bytes_out_sec":6472,"total_procs":374},"count":1}},"date":1637216580,"epoch_div":27286943},{"groups":{"main":{"totals":{"load_avg":2.23681640625,"cpu_usage":100,"mem_used":8540930048,"mem_free":6332571648,"tcp_conns":49,"disk_usage_root":6.12,"disk_read_sec":871823,"disk_write_sec":192650,"disk_iops_sec":49,"io_wait":0,"open_files":0,"os_bytes_in_sec":7926,"os_bytes_out_sec":10825,"total_procs":374},"count":1}},"date":1637216640,"epoch_div":27286944},{"groups":{"main":{"totals":{"load_avg":2.57421875,"cpu_usage":100,"mem_used":8430190592,"mem_free":6415839232,"tcp_conns":48,"disk_usage_root":6.12,"disk_read_sec":652970,"disk_write_sec":130662,"disk_iops_sec":32,"io_wait":0,"open_files":0,"os_bytes_in_sec":1112,"os_bytes_out_sec":2190,"total_procs":375},"count":1}},"date":1637216700,"epoch_div":27286945},{"groups":{"main":{"totals":{"load_avg":2.45263671875,"cpu_usage":100,"mem_used":8514498560,"mem_free":6258171904,"tcp_conns":48,"disk_usage_root":6.12,"disk_read_sec":1070967,"disk_write_sec":172851,"disk_iops_sec":33,"io_wait":0,"open_files":0,"os_bytes_in_sec":5907,"os_bytes_out_sec":2419,"total_procs":376},"count":1}},"date":1637216760,"epoch_div":27286946},{"groups":{"main":{"totals":{"load_avg":2.0869140625,"cpu_usage":100,"mem_used":8570179584,"mem_free":6262915072,"tcp_conns":51,"disk_usage_root":6.12,"disk_read_sec":2740360,"disk_write_sec":307473,"disk_iops_sec":68,"io_wait":0,"open_files":0,"os_bytes_in_sec":11077,"os_bytes_out_sec":4277,"total_procs":377},"count":1}},"date":1637216820,"epoch_div":27286947},{"groups":{"main":{"totals":{"load_avg":2.43310546875,"cpu_usage":100,"mem_used":8570028032,"mem_free":6361284608,"tcp_conns":50,"disk_usage_root":6.12,"disk_read_sec":669149,"disk_write_sec":129843,"disk_iops_sec":31,"io_wait":0,"open_files":0,"os_bytes_in_sec":273,"os_bytes_out_sec":507,"total_procs":374},"count":1}},"date":1637216880,"epoch_div":27286948},{"groups":{"main":{"totals":{"load_avg":1.88671875,"cpu_usage":100,"mem_used":8568627200,"mem_free":6477266944,"tcp_conns":50,"disk_usage_root":6.12,"disk_read_sec":2776610,"disk_write_sec":117282,"disk_iops_sec":45,"io_wait":0,"open_files":0,"os_bytes_in_sec":6711,"os_bytes_out_sec":2149,"total_procs":373},"count":1}},"date":1637216940,"epoch_div":27286949},{"groups":{"main":{"totals":{"load_avg":2.4150390625,"cpu_usage":100,"mem_used":8570257408,"mem_free":6460325888,"tcp_conns":49,"disk_usage_root":6.12,"disk_read_sec":146432,"disk_write_sec":84855,"disk_iops_sec":27,"io_wait":0,"open_files":0,"os_bytes_in_sec":146,"os_bytes_out_sec":423,"total_procs":373},"count":1}},"date":1637217000,"epoch_div":27286950},{"groups":{"main":{"totals":{"load_avg":2.79296875,"cpu_usage":100,"mem_used":8571273216,"mem_free":6477832192,"tcp_conns":47,"disk_usage_root":6.12,"disk_read_sec":132027,"disk_write_sec":69768,"disk_iops_sec":21,"io_wait":0,"open_files":0,"os_bytes_in_sec":280,"os_bytes_out_sec":429,"total_procs":373},"count":1}},"date":1637217060,"epoch_div":27286951},{"groups":{"main":{"totals":{"load_avg":2.24365234375,"cpu_usage":100,"mem_used":8524754944,"mem_free":6504792064,"tcp_conns":46,"disk_usage_root":6.12,"disk_read_sec":360994,"disk_write_sec":73932,"disk_iops_sec":41,"io_wait":0,"open_files":0,"os_bytes_in_sec":297,"os_bytes_out_sec":368,"total_procs":373},"count":1}},"date":1637217120,"epoch_div":27286952},{"groups":{"main":{"totals":{"load_avg":2.02001953125,"cpu_usage":100,"mem_used":8555495424,"mem_free":6459711488,"tcp_conns":44,"disk_usage_root":6.12,"disk_read_sec":100010,"disk_write_sec":97416,"disk_iops_sec":17,"io_wait":0,"open_files":0,"os_bytes_in_sec":573,"os_bytes_out_sec":402,"total_procs":373},"count":1}},"date":1637217180,"epoch_div":27286953},{"groups":{"main":{"totals":{"load_avg":2.078125,"cpu_usage":100,"mem_used":8566923264,"mem_free":6477537280,"tcp_conns":45,"disk_usage_root":6.12,"disk_read_sec":174626,"disk_write_sec":78438,"disk_iops_sec":31,"io_wait":0,"open_files":0,"os_bytes_in_sec":222,"os_bytes_out_sec":326,"total_procs":375},"count":1}},"date":1637217240,"epoch_div":27286954},{"groups":{"main":{"totals":{"load_avg":2.97509765625,"cpu_usage":100,"mem_used":8572256256,"mem_free":6471639040,"tcp_conns":45,"disk_usage_root":6.12,"disk_read_sec":209442,"disk_write_sec":79257,"disk_iops_sec":21,"io_wait":0,"open_files":0,"os_bytes_in_sec":402,"os_bytes_out_sec":405,"total_procs":375},"count":1}},"date":1637217300,"epoch_div":27286955},{"groups":{"main":{"totals":{"load_avg":3.15771484375,"cpu_usage":100,"mem_used":8570077184,"mem_free":6480257024,"tcp_conns":45,"disk_usage_root":6.12,"disk_read_sec":69836,"disk_write_sec":108817,"disk_iops_sec":23,"io_wait":0,"open_files":0,"os_bytes_in_sec":511,"os_bytes_out_sec":615,"total_procs":377},"count":1}},"date":1637217360,"epoch_div":27286956},{"groups":{"main":{"totals":{"load_avg":2.52294921875,"cpu_usage":100,"mem_used":8570105856,"mem_free":6480654336,"tcp_conns":42,"disk_usage_root":6.12,"disk_read_sec":21729,"disk_write_sec":75185,"disk_iops_sec":14,"io_wait":0,"open_files":0,"os_bytes_in_sec":238,"os_bytes_out_sec":391,"total_procs":376},"count":1}},"date":1637217420,"epoch_div":27286957},{"groups":{"main":{"totals":{"load_avg":2.3720703125,"cpu_usage":100,"mem_used":8567070720,"mem_free":6479339520,"tcp_conns":43,"disk_usage_root":6.12,"disk_read_sec":75070,"disk_write_sec":74735,"disk_iops_sec":14,"io_wait":0,"open_files":0,"os_bytes_in_sec":239,"os_bytes_out_sec":356,"total_procs":375},"count":1}},"date":1637217480,"epoch_div":27286958},{"groups":{"main":{"totals":{"load_avg":3.07958984375,"cpu_usage":100,"mem_used":8570093568,"mem_free":6507565056,"tcp_conns":43,"disk_usage_root":6.12,"disk_read_sec":211217,"disk_write_sec":103150,"disk_iops_sec":22,"io_wait":0,"open_files":0,"os_bytes_in_sec":144,"os_bytes_out_sec":286,"total_procs":375},"count":1}},"date":1637219280,"epoch_div":27286988},{"groups":{"main":{"totals":{"load_avg":2.7666015625,"cpu_usage":100,"mem_used":8542347264,"mem_free":6646239232,"tcp_conns":50,"disk_usage_root":6.12,"disk_read_sec":76465,"disk_write_sec":24821,"disk_iops_sec":4,"io_wait":0,"open_files":0,"os_bytes_in_sec":285,"os_bytes_out_sec":186,"total_procs":393},"count":1}},"date":1637219340,"epoch_div":27286989},{"groups":{"main":{"totals":{"load_avg":2.50927734375,"cpu_usage":100,"mem_used":8555696128,"mem_free":6667284480,"tcp_conns":48,"disk_usage_root":6.12,"disk_read_sec":5297220,"disk_write_sec":3966202,"disk_iops_sec":146,"io_wait":0,"open_files":0,"os_bytes_in_sec":4333,"os_bytes_out_sec":8090,"total_procs":391},"count":1}},"date":1637221980,"epoch_div":27287033},{"groups":{"main":{"totals":{"load_avg":2.3505859375,"cpu_usage":100,"mem_used":8450949120,"mem_free":6610489344,"tcp_conns":48,"disk_usage_root":6.12,"disk_read_sec":68958,"disk_write_sec":65886,"disk_iops_sec":1,"io_wait":0,"open_files":0,"os_bytes_in_sec":143,"os_bytes_out_sec":37,"total_procs":392},"count":1}},"date":1637221980,"epoch_div":27287033},{"groups":{"main":{"totals":{"load_avg":2.21630859375,"cpu_usage":100,"mem_used":8482586624,"mem_free":6590795776,"tcp_conns":48,"disk_usage_root":6.12,"disk_read_sec":1109333,"disk_write_sec":469674,"disk_iops_sec":166,"io_wait":0,"open_files":0,"os_bytes_in_sec":2290,"os_bytes_out_sec":1906,"total_procs":392},"count":1}},"date":1637225220,"epoch_div":27287087},{"groups":{"main":{"totals":{"load_avg":3.5888671875,"cpu_usage":100,"mem_used":8546611200,"mem_free":6573780992,"tcp_conns":52,"disk_usage_root":6.12,"disk_read_sec":53000,"disk_write_sec":36161,"disk_iops_sec":2,"io_wait":0,"open_files":0,"os_bytes_in_sec":169,"os_bytes_out_sec":132,"total_procs":400},"count":1}},"date":1637228460,"epoch_div":27287141},{"groups":{"main":{"totals":{"load_avg":3.28515625,"cpu_usage":100,"mem_used":8557531136,"mem_free":6572036096,"tcp_conns":56,"disk_usage_root":6.12,"disk_read_sec":27365,"disk_write_sec":9266,"disk_iops_sec":2,"io_wait":0,"open_files":0,"os_bytes_in_sec":178,"os_bytes_out_sec":175,"total_procs":396},"count":1}},"date":1637231700,"epoch_div":27287195},{"groups":{"main":{"totals":{"load_avg":2.51318359375,"cpu_usage":100,"mem_used":8477106176,"mem_free":6631378944,"tcp_conns":55,"disk_usage_root":6.12,"disk_read_sec":45618,"disk_write_sec":35336,"disk_iops_sec":1,"io_wait":0,"open_files":0,"os_bytes_in_sec":171,"os_bytes_out_sec":135,"total_procs":398},"count":1}},"date":1637231760,"epoch_div":27287196},{"groups":{"main":{"totals":{"load_avg":14.1279296875,"cpu_usage":100,"mem_used":8538984448,"mem_free":6540673024,"tcp_conns":53,"disk_usage_root":6.12,"disk_read_sec":612352,"disk_write_sec":225745,"disk_iops_sec":42,"io_wait":0,"open_files":0,"os_bytes_in_sec":5132,"os_bytes_out_sec":9350,"total_procs":396},"count":1}},"date":1637234940,"epoch_div":27287249},{"groups":{"main":{"totals":{"load_avg":12.26318359375,"cpu_usage":100,"mem_used":8517738496,"mem_free":6606405632,"tcp_conns":54,"disk_usage_root":6.12,"disk_read_sec":17909,"disk_write_sec":12206,"disk_iops_sec":1,"io_wait":0,"open_files":0,"os_bytes_in_sec":162,"os_bytes_out_sec":19,"total_procs":397},"count":1}},"date":1637235000,"epoch_div":27287250},{"groups":{"main":{"totals":{"load_avg":8.47998046875,"cpu_usage":100,"mem_used":8567926784,"mem_free":6529155072,"tcp_conns":51,"disk_usage_root":6.12,"disk_read_sec":471153,"disk_write_sec":216405,"disk_iops_sec":52,"io_wait":0,"open_files":0,"os_bytes_in_sec":5443,"os_bytes_out_sec":11573,"total_procs":397},"count":1}},"date":1637238240,"epoch_div":27287304},{"groups":{"main":{"totals":{"load_avg":6.5986328125,"cpu_usage":100,"mem_used":8506318848,"mem_free":6601887744,"tcp_conns":55,"disk_usage_root":6.12,"disk_read_sec":23529,"disk_write_sec":13455,"disk_iops_sec":0,"io_wait":0,"open_files":0,"os_bytes_in_sec":137,"os_bytes_out_sec":32,"total_procs":396},"count":1}},"date":1637238240,"epoch_div":27287304},{"groups":{"main":{"totals":{"load_avg":5.49560546875,"cpu_usage":100,"mem_used":8550809600,"mem_free":6562058240,"tcp_conns":51,"disk_usage_root":6.12,"disk_read_sec":304317,"disk_write_sec":231499,"disk_iops_sec":52,"io_wait":0,"open_files":0,"os_bytes_in_sec":5495,"os_bytes_out_sec":12268,"total_procs":397},"count":1}},"date":1637241480,"epoch_div":27287358},{"groups":{"main":{"totals":{"load_avg":3.61767578125,"cpu_usage":100,"mem_used":8558399488,"mem_free":6535385088,"tcp_conns":56,"disk_usage_root":6.12,"disk_read_sec":2848,"disk_write_sec":2695,"disk_iops_sec":0,"io_wait":0,"open_files":0,"os_bytes_in_sec":167,"os_bytes_out_sec":44,"total_procs":398},"count":1}},"date":1637241480,"epoch_div":27287358},{"groups":{"main":{"totals":{"load_avg":4.1240234375,"cpu_usage":100,"mem_used":8566714368,"mem_free":6536134656,"tcp_conns":51,"disk_usage_root":6.12,"disk_read_sec":145515,"disk_write_sec":381143,"disk_iops_sec":57,"io_wait":0,"open_files":0,"os_bytes_in_sec":2395,"os_bytes_out_sec":2596,"total_procs":400},"count":1}},"date":1637244720,"epoch_div":27287412},{"groups":{"main":{"totals":{"load_avg":3.61767578125,"cpu_usage":100,"mem_used":8539463680,"mem_free":6682378240,"tcp_conns":56,"disk_usage_root":6.12,"disk_read_sec":99541,"disk_write_sec":47734,"disk_iops_sec":9,"io_wait":0,"open_files":0,"os_bytes_in_sec":224,"os_bytes_out_sec":118,"total_procs":406},"count":1}},"date":1637244720,"epoch_div":27287412},{"groups":{"main":{"totals":{"load_avg":3.48779296875,"cpu_usage":100,"mem_used":8499519488,"mem_free":6578892800,"tcp_conns":52,"disk_usage_root":6.12,"disk_read_sec":9333145,"disk_write_sec":7507968,"disk_iops_sec":247,"io_wait":0,"open_files":0,"os_bytes_in_sec":6688,"os_bytes_out_sec":11064,"total_procs":405},"count":1}},"date":1637247960,"epoch_div":27287466},{"groups":{"main":{"totals":{"load_avg":3.03076171875,"cpu_usage":100,"mem_used":8558264320,"mem_free":6580420608,"tcp_conns":55,"disk_usage_root":6.12,"disk_read_sec":16826,"disk_write_sec":4210,"disk_iops_sec":1,"io_wait":0,"open_files":0,"os_bytes_in_sec":172,"os_bytes_out_sec":131,"total_procs":400},"count":1}},"date":1637250600,"epoch_div":27287510},{"groups":{"main":{"totals":{"load_avg":2.27734375,"cpu_usage":100,"mem_used":8546754560,"mem_free":6785523712,"tcp_conns":61,"disk_usage_root":6.12,"disk_read_sec":30243,"disk_write_sec":4620,"disk_iops_sec":1,"io_wait":0,"open_files":0,"os_bytes_in_sec":251,"os_bytes_out_sec":168,"total_procs":407},"count":1}},"date":1637250660,"epoch_div":27287511},{"groups":{"main":{"totals":{"load_avg":2.37451171875,"cpu_usage":100,"mem_used":8534917120,"mem_free":6733058048,"tcp_conns":54,"disk_usage_root":6.12,"disk_read_sec":16074379,"disk_write_sec":15124014,"disk_iops_sec":407,"io_wait":0,"open_files":0,"os_bytes_in_sec":5292,"os_bytes_out_sec":10035,"total_procs":420},"count":1}},"date":1637250720,"epoch_div":27287512},{"groups":{"main":{"totals":{"load_avg":2.771484375,"cpu_usage":100,"mem_used":8425984000,"mem_free":6702505984,"tcp_conns":51,"disk_usage_root":6.12,"disk_read_sec":1938295,"disk_write_sec":161928,"disk_iops_sec":93,"io_wait":0,"open_files":0,"os_bytes_in_sec":1002,"os_bytes_out_sec":2295,"total_procs":408},"count":1}},"date":1637250780,"epoch_div":27287513},{"groups":{"main":{"totals":{"load_avg":2.8408203125,"cpu_usage":100,"mem_used":8509145088,"mem_free":6661439488,"tcp_conns":48,"disk_usage_root":6.12,"disk_read_sec":235451,"disk_write_sec":106564,"disk_iops_sec":19,"io_wait":0,"open_files":0,"os_bytes_in_sec":555,"os_bytes_out_sec":764,"total_procs":407},"count":1}},"date":1637250840,"epoch_div":27287514},{"groups":{"main":{"totals":{"load_avg":1.953125,"cpu_usage":100,"mem_used":8517771264,"mem_free":6677352448,"tcp_conns":48,"disk_usage_root":6.12,"disk_read_sec":533367,"disk_write_sec":80486,"disk_iops_sec":41,"io_wait":0,"open_files":0,"os_bytes_in_sec":204,"os_bytes_out_sec":338,"total_procs":405},"count":1}},"date":1637250900,"epoch_div":27287515},{"groups":{"main":{"totals":{"load_avg":2.32763671875,"cpu_usage":100,"mem_used":8542232576,"mem_free":6636052480,"tcp_conns":54,"disk_usage_root":6.12,"disk_read_sec":159674,"disk_write_sec":1362371,"disk_iops_sec":26,"io_wait":0,"open_files":0,"os_bytes_in_sec":1349,"os_bytes_out_sec":918,"total_procs":406},"count":1}},"date":1637250960,"epoch_div":27287516},{"groups":{"main":{"totals":{"load_avg":3.31005859375,"cpu_usage":100,"mem_used":8559861760,"mem_free":6665625600,"tcp_conns":56,"disk_usage_root":6.12,"disk_read_sec":1031184,"disk_write_sec":726200,"disk_iops_sec":74,"io_wait":0,"open_files":0,"os_bytes_in_sec":783,"os_bytes_out_sec":635,"total_procs":411},"count":1}},"date":1637251020,"epoch_div":27287517},{"groups":{"main":{"totals":{"load_avg":2.455078125,"cpu_usage":100,"mem_used":8515698688,"mem_free":6667390976,"tcp_conns":53,"disk_usage_root":6.12,"disk_read_sec":156672,"disk_write_sec":1508488,"disk_iops_sec":36,"io_wait":0,"open_files":0,"os_bytes_in_sec":165,"os_bytes_out_sec":410,"total_procs":410},"count":1}},"date":1637251080,"epoch_div":27287518},{"groups":{"main":{"totals":{"load_avg":2.3271484375,"cpu_usage":100,"mem_used":8499699712,"mem_free":6655217664,"tcp_conns":52,"disk_usage_root":6.12,"disk_read_sec":790664,"disk_write_sec":3028309,"disk_iops_sec":42,"io_wait":0,"open_files":0,"os_bytes_in_sec":61630,"os_bytes_out_sec":1033,"total_procs":411},"count":1}},"date":1637251140,"epoch_div":27287519},{"groups":{"main":{"totals":{"load_avg":2.34814453125,"cpu_usage":100,"mem_used":8516145152,"mem_free":6646837248,"tcp_conns":50,"disk_usage_root":6.12,"disk_read_sec":92637,"disk_write_sec":963857,"disk_iops_sec":21,"io_wait":0,"open_files":0,"os_bytes_in_sec":162,"os_bytes_out_sec":272,"total_procs":410},"count":1}},"date":1637251200,"epoch_div":27287520},{"groups":{"main":{"totals":{"load_avg":2.44482421875,"cpu_usage":100,"mem_used":8528359424,"mem_free":6651408384,"tcp_conns":46,"disk_usage_root":6.12,"disk_read_sec":67379,"disk_write_sec":728746,"disk_iops_sec":24,"io_wait":0,"open_files":0,"os_bytes_in_sec":256,"os_bytes_out_sec":363,"total_procs":410},"count":1}},"date":1637251260,"epoch_div":27287521},{"groups":{"main":{"totals":{"load_avg":2.541015625,"cpu_usage":100,"mem_used":8569995264,"mem_free":6664073216,"tcp_conns":45,"disk_usage_root":6.12,"disk_read_sec":153600,"disk_write_sec":132778,"disk_iops_sec":36,"io_wait":0,"open_files":0,"os_bytes_in_sec":384,"os_bytes_out_sec":459,"total_procs":411},"count":1}},"date":1637251320,"epoch_div":27287522},{"groups":{"main":{"totals":{"load_avg":2.40625,"cpu_usage":100,"mem_used":8571580416,"mem_free":6668664832,"tcp_conns":45,"disk_usage_root":6.12,"disk_read_sec":111547,"disk_write_sec":73591,"disk_iops_sec":19,"io_wait":0,"open_files":0,"os_bytes_in_sec":338,"os_bytes_out_sec":404,"total_procs":409},"count":1}},"date":1637251380,"epoch_div":27287523},{"groups":{"main":{"totals":{"load_avg":2.0048828125,"cpu_usage":100,"mem_used":8570032128,"mem_free":6669230080,"tcp_conns":45,"disk_usage_root":6.12,"disk_read_sec":186368,"disk_write_sec":90112,"disk_iops_sec":23,"io_wait":0,"open_files":0,"os_bytes_in_sec":275,"os_bytes_out_sec":255,"total_procs":409},"count":1}},"date":1637251440,"epoch_div":27287524},{"groups":{"main":{"totals":{"load_avg":2.0390625,"cpu_usage":100,"mem_used":8526524416,"mem_free":6689464320,"tcp_conns":44,"disk_usage_root":6.12,"disk_read_sec":314641,"disk_write_sec":77346,"disk_iops_sec":43,"io_wait":0,"open_files":0,"os_bytes_in_sec":256,"os_bytes_out_sec":331,"total_procs":409},"count":1}},"date":1637251500,"epoch_div":27287525},{"groups":{"main":{"totals":{"load_avg":2.35205078125,"cpu_usage":100,"mem_used":8557158400,"mem_free":6655983616,"tcp_conns":45,"disk_usage_root":6.12,"disk_read_sec":106769,"disk_write_sec":363042,"disk_iops_sec":17,"io_wait":0,"open_files":0,"os_bytes_in_sec":241,"os_bytes_out_sec":348,"total_procs":410},"count":1}},"date":1637251560,"epoch_div":27287526},{"groups":{"main":{"totals":{"load_avg":2.39404296875,"cpu_usage":100,"mem_used":8571633664,"mem_free":6673518592,"tcp_conns":46,"disk_usage_root":6.12,"disk_read_sec":82683,"disk_write_sec":455627,"disk_iops_sec":21,"io_wait":0,"open_files":0,"os_bytes_in_sec":433,"os_bytes_out_sec":430,"total_procs":410},"count":1}},"date":1637251620,"epoch_div":27287527},{"groups":{"main":{"totals":{"load_avg":2.32861328125,"cpu_usage":100,"mem_used":8556863488,"mem_free":6670958592,"tcp_conns":45,"disk_usage_root":6.12,"disk_read_sec":220713,"disk_write_sec":1225106,"disk_iops_sec":52,"io_wait":0,"open_files":0,"os_bytes_in_sec":142,"os_bytes_out_sec":271,"total_procs":410},"count":1}},"date":1637251680,"epoch_div":27287528},{"groups":{"main":{"totals":{"load_avg":2.2958984375,"cpu_usage":100,"mem_used":8567070720,"mem_free":6679248896,"tcp_conns":48,"disk_usage_root":6.12,"disk_read_sec":3532663,"disk_write_sec":3554577,"disk_iops_sec":142,"io_wait":0,"open_files":0,"os_bytes_in_sec":14237,"os_bytes_out_sec":4242,"total_procs":417},"count":1}},"date":1637251740,"epoch_div":27287529},{"groups":{"main":{"totals":{"load_avg":2.03125,"cpu_usage":100,"mem_used":8573136896,"mem_free":6628143104,"tcp_conns":45,"disk_usage_root":6.12,"disk_read_sec":236475,"disk_write_sec":97006,"disk_iops_sec":24,"io_wait":0,"open_files":0,"os_bytes_in_sec":531,"os_bytes_out_sec":911,"total_procs":412},"count":1}},"date":1637251800,"epoch_div":27287530},{"groups":{"main":{"totals":{"load_avg":2.69140625,"cpu_usage":100,"mem_used":8568594432,"mem_free":6639611904,"tcp_conns":47,"disk_usage_root":6.12,"disk_read_sec":239957,"disk_write_sec":1556480,"disk_iops_sec":32,"io_wait":0,"open_files":0,"os_bytes_in_sec":179,"os_bytes_out_sec":378,"total_procs":413},"count":1}},"date":1637251860,"epoch_div":27287531},{"groups":{"main":{"totals":{"load_avg":2.8837890625,"cpu_usage":100,"mem_used":8569126912,"mem_free":6625038336,"tcp_conns":46,"disk_usage_root":6.12,"disk_read_sec":45125,"disk_write_sec":107190,"disk_iops_sec":21,"io_wait":0,"open_files":0,"os_bytes_in_sec":313,"os_bytes_out_sec":296,"total_procs":413},"count":1}},"date":1637251920,"epoch_div":27287532},{"groups":{"main":{"totals":{"load_avg":2.6591796875,"cpu_usage":100,"mem_used":8552837120,"mem_free":6624489472,"tcp_conns":45,"disk_usage_root":6.12,"disk_read_sec":87381,"disk_write_sec":655564,"disk_iops_sec":20,"io_wait":0,"open_files":0,"os_bytes_in_sec":131,"os_bytes_out_sec":229,"total_procs":413},"count":1}},"date":1637251980,"epoch_div":27287533},{"groups":{"main":{"totals":{"load_avg":2.48583984375,"cpu_usage":100,"mem_used":8568799232,"mem_free":6648094720,"tcp_conns":46,"disk_usage_root":6.12,"disk_read_sec":117373,"disk_write_sec":1286479,"disk_iops_sec":30,"io_wait":0,"open_files":0,"os_bytes_in_sec":844,"os_bytes_out_sec":722,"total_procs":417},"count":1}},"date":1637252040,"epoch_div":27287534},{"groups":{"main":{"totals":{"load_avg":2.0615234375,"cpu_usage":100,"mem_used":8514527232,"mem_free":6667280384,"tcp_conns":46,"disk_usage_root":6.12,"disk_read_sec":317303,"disk_write_sec":143428,"disk_iops_sec":57,"io_wait":0,"open_files":0,"os_bytes_in_sec":655,"os_bytes_out_sec":727,"total_procs":415},"count":1}},"date":1637252100,"epoch_div":27287535},{"groups":{"main":{"totals":{"load_avg":3.3828125,"cpu_usage":100,"mem_used":8496562176,"mem_free":6663438336,"tcp_conns":44,"disk_usage_root":6.12,"disk_read_sec":51336,"disk_write_sec":112093,"disk_iops_sec":22,"io_wait":0,"open_files":0,"os_bytes_in_sec":408,"os_bytes_out_sec":492,"total_procs":412},"count":1}},"date":1637252160,"epoch_div":27287536},{"groups":{"main":{"totals":{"load_avg":3.2822265625,"cpu_usage":100,"mem_used":8508518400,"mem_free":6659207168,"tcp_conns":44,"disk_usage_root":6.12,"disk_read_sec":41984,"disk_write_sec":959624,"disk_iops_sec":20,"io_wait":0,"open_files":0,"os_bytes_in_sec":118,"os_bytes_out_sec":269,"total_procs":411},"count":1}},"date":1637252220,"epoch_div":27287537},{"groups":{"main":{"totals":{"load_avg":2.9853515625,"cpu_usage":100,"mem_used":8521961472,"mem_free":6635630592,"tcp_conns":44,"disk_usage_root":6.12,"disk_read_sec":43690,"disk_write_sec":1261431,"disk_iops_sec":23,"io_wait":0,"open_files":0,"os_bytes_in_sec":217,"os_bytes_out_sec":405,"total_procs":415},"count":1}},"date":1637252280,"epoch_div":27287538},{"groups":{"main":{"totals":{"load_avg":2.7666015625,"cpu_usage":100,"mem_used":8541569024,"mem_free":6638174208,"tcp_conns":45,"disk_usage_root":6.12,"disk_read_sec":58368,"disk_write_sec":1275630,"disk_iops_sec":34,"io_wait":0,"open_files":0,"os_bytes_in_sec":666,"os_bytes_out_sec":572,"total_procs":413},"count":1}},"date":1637252340,"epoch_div":27287539},{"groups":{"main":{"totals":{"load_avg":2.74560546875,"cpu_usage":100,"mem_used":8528183296,"mem_free":6490521600,"tcp_conns":45,"disk_usage_root":6.12,"disk_read_sec":532275,"disk_write_sec":4028279,"disk_iops_sec":57,"io_wait":0,"open_files":0,"os_bytes_in_sec":3050,"os_bytes_out_sec":5135,"total_procs":413},"count":1}},"date":1637254020,"epoch_div":27287567},{"groups":{"main":{"totals":{"load_avg":2.4931640625,"cpu_usage":100,"mem_used":8468697088,"mem_free":6466637824,"tcp_conns":51,"disk_usage_root":6.12,"disk_read_sec":7100,"disk_write_sec":173679,"disk_iops_sec":1,"io_wait":0,"open_files":0,"os_bytes_in_sec":256,"os_bytes_out_sec":42,"total_procs":413},"count":1}},"date":1637254080,"epoch_div":27287568},{"groups":{},"date":1637254500,"epoch_div":27287575},{"groups":{"main":{"totals":{"load_avg":4.806640625,"cpu_usage":200,"mem_used":17121394688,"mem_free":12721618944,"tcp_conns":92,"disk_usage_root":12.24,"disk_read_sec":920917,"disk_write_sec":145493,"disk_iops_sec":43,"io_wait":0,"open_files":0,"os_bytes_in_sec":3328,"os_bytes_out_sec":7830,"total_procs":824},"count":2}},"date":1637254560,"epoch_div":27287576},{"groups":{"main":{"totals":{"load_avg":3.10888671875,"cpu_usage":100,"mem_used":8268992512,"mem_free":6216704000,"tcp_conns":55,"disk_usage_root":6.12,"disk_read_sec":20080524,"disk_write_sec":19275312,"disk_iops_sec":996,"io_wait":0,"open_files":0,"os_bytes_in_sec":46692,"os_bytes_out_sec":12673,"total_procs":449},"count":1}},"date":1637254620,"epoch_div":27287577}]}