{"type":"list_page","items":[{"date":1637676540,"epoch_div":27294609,"totals":{"load_avg":2.32470703125,"cpu_usage":100,"mem_used":8518721536,"mem_free":6709702656,"tcp_conns":81,"disk_usage_root":6.12,"disk_read_sec":47707,"disk_write_sec":32715,"disk_iops_sec":1,"io_wait":0,"open_files":0,"os_bytes_in_sec":333,"os_bytes_out_sec":254,"total_procs":437},"count":1},{"date":1637676600,"epoch_div":27294610,"totals":{"load_avg":2.28173828125,"cpu_usage":100,"mem_used":8541954048,"mem_free":6649991168,"tcp_conns":80,"disk_usage_root":6.12,"disk_read_sec":821323,"disk_write_sec":215874,"disk_iops_sec":57,"io_wait":0,"open_files":0,"os_bytes_in_sec":2293,"os_bytes_out_sec":3490,"total_procs":437},"count":1}]}