{"type":"list_page","items":[{"date":1637190420,"epoch_div":27286507,"totals":{"load_avg":2.36572265625,"cpu_usage":100,"mem_used":8518545408,"mem_free":6673760256,"tcp_conns":56,"disk_usage_root":6.12,"disk_read_sec":738041,"disk_write_sec":422401,"disk_iops_sec":18,"io_wait":0,"open_files":0,"os_bytes_in_sec":0,"os_bytes_out_sec":0,"total_procs":407},"count":1},{"date":1637190480,"epoch_div":27286508,"totals":{"load_avg":2.55908203125,"cpu_usage":100,"mem_used":8398004224,"mem_free":6706323456,"tcp_conns":67,"disk_usage_root":6.12,"disk_read_sec":16785237,"disk_write_sec":13995690,"disk_iops_sec":284,"io_wait":0,"open_files":0,"os_bytes_in_sec":9062,"os_bytes_out_sec":18859,"total_procs":405},"count":1},{"date":1637190540,"epoch_div":27286509,"totals":{"load_avg":3.48291015625,"cpu_usage":100,"mem_used":8553005056,"mem_free":6460985344,"tcp_conns":67,"disk_usage_root":6.12,"disk_read_sec":2793676,"disk_write_sec":516232,"disk_iops_sec":101,"io_wait":0,"open_files":0,"os_bytes_in_sec":4283,"os_bytes_out_sec":9008,"total_procs":404},"count":1},{"date":1637190600,"epoch_div":27286510,"totals":{"load_avg":2.55517578125,"cpu_usage":100,"mem_used":8554131456,"mem_free":6472011776,"tcp_conns":67,"disk_usage_root":6.12,"disk_read_sec":611737,"disk_write_sec":1315430,"disk_iops_sec":37,"io_wait":0,"open_files":0,"os_bytes_in_sec":1189,"os_bytes_out_sec":2004,"total_procs":402},"count":1},{"date":1637190660,"epoch_div":27286511,"totals":{"load_avg":2.630859375,"cpu_usage":100,"mem_used":8559919104,"mem_free":6468845568,"tcp_conns":66,"disk_usage_root":6.12,"disk_read_sec":300373,"disk_write_sec":3771665,"disk_iops_sec":50,"io_wait":0,"open_files":0,"os_bytes_in_sec":235,"os_bytes_out_sec":476,"total_procs":401},"count":1},{"date":1637190720,"epoch_div":27286512,"totals":{"load_avg":2.32275390625,"cpu_usage":100,"mem_used":8569786368,"mem_free":6475350016,"tcp_conns":65,"disk_usage_root":6.12,"disk_read_sec":223641,"disk_write_sec":1875968,"disk_iops_sec":41,"io_wait":0,"open_files":0,"os_bytes_in_sec":647,"os_bytes_out_sec":1238,"total_procs":403},"count":1},{"date":1637190780,"epoch_div":27286513,"totals":{"load_avg":2.294921875,"cpu_usage":100,"mem_used":8491929600,"mem_free":6479015936,"tcp_conns":66,"disk_usage_root":6.12,"disk_read_sec":192102,"disk_write_sec":2672162,"disk_iops_sec":44,"io_wait":0,"open_files":0,"os_bytes_in_sec":189,"os_bytes_out_sec":410,"total_procs":402},"count":1},{"date":1637190840,"epoch_div":27286514,"totals":{"load_avg":2.3828125,"cpu_usage":100,"mem_used":8548732928,"mem_free":6484754432,"tcp_conns":59,"disk_usage_root":6.12,"disk_read_sec":469742,"disk_write_sec":2311987,"disk_iops_sec":67,"io_wait":0,"open_files":0,"os_bytes_in_sec":544,"os_bytes_out_sec":1163,"total_procs":406},"count":1},{"date":1637190900,"epoch_div":27286515,"totals":{"load_avg":2.986328125,"cpu_usage":100,"mem_used":8507359232,"mem_free":6499782656,"tcp_conns":55,"disk_usage_root":6.12,"disk_read_sec":288768,"disk_write_sec":1607270,"disk_iops_sec":50,"io_wait":0,"open_files":0,"os_bytes_in_sec":361,"os_bytes_out_sec":693,"total_procs":404},"count":1},{"date":1637190960,"epoch_div":27286516,"totals":{"load_avg":2.9892578125,"cpu_usage":100,"mem_used":8508129280,"mem_free":6471528448,"tcp_conns":55,"disk_usage_root":6.12,"disk_read_sec":101171,"disk_write_sec":2223991,"disk_iops_sec":34,"io_wait":0,"open_files":0,"os_bytes_in_sec":371,"os_bytes_out_sec":679,"total_procs":405},"count":1},{"date":1637191020,"epoch_div":27286517,"totals":{"load_avg":2.65869140625,"cpu_usage":100,"mem_used":8510836736,"mem_free":6483988480,"tcp_conns":55,"disk_usage_root":6.12,"disk_read_sec":122811,"disk_write_sec":2720768,"disk_iops_sec":42,"io_wait":0,"open_files":0,"os_bytes_in_sec":180,"os_bytes_out_sec":407,"total_procs":404},"count":1},{"date":1637191080,"epoch_div":27286518,"totals":{"load_avg":2.337890625,"cpu_usage":100,"mem_used":8538750976,"mem_free":6484471808,"tcp_conns":51,"disk_usage_root":6.12,"disk_read_sec":173212,"disk_write_sec":2117076,"disk_iops_sec":44,"io_wait":0,"open_files":0,"os_bytes_in_sec":1211,"os_bytes_out_sec":3347,"total_procs":406},"count":1},{"date":1637191140,"epoch_div":27286519,"totals":{"load_avg":2.25634765625,"cpu_usage":100,"mem_used":8553639936,"mem_free":6571925504,"tcp_conns":30,"disk_usage_root":6.12,"disk_read_sec":540470,"disk_write_sec":2575712,"disk_iops_sec":46,"io_wait":0,"open_files":0,"os_bytes_in_sec":529,"os_bytes_out_sec":1359,"total_procs":404},"count":1},{"date":1637191380,"epoch_div":27286523,"totals":{"load_avg":2.3369140625,"cpu_usage":100,"mem_used":8418455552,"mem_free":6309945344,"tcp_conns":44,"disk_usage_root":6.12,"disk_read_sec":308804,"disk_write_sec":2113811,"disk_iops_sec":21,"io_wait":0,"open_files":0,"os_bytes_in_sec":0,"os_bytes_out_sec":0,"total_procs":413},"count":1},{"date":1637191440,"epoch_div":27286524,"totals":{"load_avg":3.83837890625,"cpu_usage":100,"mem_used":8563896320,"mem_free":6224531456,"tcp_conns":32,"disk_usage_root":6.12,"disk_read_sec":1780121,"disk_write_sec":498190,"disk_iops_sec":67,"io_wait":0,"open_files":0,"os_bytes_in_sec":0,"os_bytes_out_sec":0,"total_procs":404},"count":1},{"date":1637191560,"epoch_div":27286526,"totals":{"load_avg":3.529296875,"cpu_usage":100,"mem_used":8564871168,"mem_free":6206459904,"tcp_conns":30,"disk_usage_root":6.12,"disk_read_sec":358426,"disk_write_sec":85288,"disk_iops_sec":9,"io_wait":0,"open_files":0,"os_bytes_in_sec":0,"os_bytes_out_sec":0,"total_procs":402},"count":1},{"date":1637191620,"epoch_div":27286527,"totals":{"load_avg":3.62646484375,"cpu_usage":100,"mem_used":8568356864,"mem_free":6205894656,"tcp_conns":34,"disk_usage_root":6.12,"disk_read_sec":408997,"disk_write_sec":113362,"disk_iops_sec":28,"io_wait":0,"open_files":0,"os_bytes_in_sec":0,"os_bytes_out_sec":0,"total_procs":404},"count":1},{"date":1637191680,"epoch_div":27286528,"totals":{"load_avg":5.2548828125,"cpu_usage":100,"mem_used":8570183680,"mem_free":6292451328,"tcp_conns":60,"disk_usage_root":6.12,"disk_read_sec":12549581,"disk_write_sec":7725457,"disk_iops_sec":291,"io_wait":0,"open_files":0,"os_bytes_in_sec":21052,"os_bytes_out_sec":14026,"total_procs":411},"count":1},{"date":1637191740,"epoch_div":27286529,"totals":{"load_avg":3.67333984375,"cpu_usage":100,"mem_used":8548868096,"mem_free":6464630784,"tcp_conns":70,"disk_usage_root":6.12,"disk_read_sec":4519526,"disk_write_sec":1698406,"disk_iops_sec":86,"io_wait":0,"open_files":0,"os_bytes_in_sec":9161,"os_bytes_out_sec":4943,"total_procs":407},"count":1},{"date":1637191800,"epoch_div":27286530,"totals":{"load_avg":3.82861328125,"cpu_usage":100,"mem_used":8569036800,"mem_free":6430715904,"tcp_conns":76,"disk_usage_root":6.12,"disk_read_sec":2638301,"disk_write_sec":1219037,"disk_iops_sec":110,"io_wait":0,"open_files":0,"os_bytes_in_sec":2409,"os_bytes_out_sec":5124,"total_procs":408},"count":1},{"date":1637191860,"epoch_div":27286531,"totals":{"load_avg":3.052734375,"cpu_usage":100,"mem_used":8570482688,"mem_free":6539894784,"tcp_conns":75,"disk_usage_root":6.12,"disk_read_sec":4028936,"disk_write_sec":2421499,"disk_iops_sec":77,"io_wait":0,"open_files":0,"os_bytes_in_sec":2167,"os_bytes_out_sec":4217,"total_procs":408},"count":1},{"date":1637191920,"epoch_div":27286532,"totals":{"load_avg":4.03466796875,"cpu_usage":100,"mem_used":8304078848,"mem_free":6256345088,"tcp_conns":77,"disk_usage_root":6.12,"disk_read_sec":4646434,"disk_write_sec":11887820,"disk_iops_sec":202,"io_wait":0,"open_files":0,"os_bytes_in_sec":9869,"os_bytes_out_sec":13320,"total_procs":407},"count":1},{"date":1637191980,"epoch_div":27286533,"totals":{"load_avg":3.48876953125,"cpu_usage":100,"mem_used":8506748928,"mem_free":6175207424,"tcp_conns":79,"disk_usage_root":6.12,"disk_read_sec":801875,"disk_write_sec":932947,"disk_iops_sec":56,"io_wait":0,"open_files":0,"os_bytes_in_sec":8309,"os_bytes_out_sec":13984,"total_procs":406},"count":1},{"date":1637192040,"epoch_div":27286534,"totals":{"load_avg":2.5302734375,"cpu_usage":100,"mem_used":8547635200,"mem_free":6228082688,"tcp_conns":69,"disk_usage_root":6.12,"disk_read_sec":755780,"disk_write_sec":269653,"disk_iops_sec":39,"io_wait":0,"open_files":0,"os_bytes_in_sec":1379,"os_bytes_out_sec":2850,"total_procs":403},"count":1},{"date":1637192100,"epoch_div":27286535,"totals":{"load_avg":2.5517578125,"cpu_usage":100,"mem_used":8540614656,"mem_free":6312325120,"tcp_conns":65,"disk_usage_root":6.12,"disk_read_sec":4705484,"disk_write_sec":1627613,"disk_iops_sec":504,"io_wait":0,"open_files":0,"os_bytes_in_sec":7473,"os_bytes_out_sec":4292,"total_procs":407},"count":1},{"date":1637192160,"epoch_div":27286536,"totals":{"load_avg":2.255859375,"cpu_usage":100,"mem_used":8561430528,"mem_free":6300569600,"tcp_conns":65,"disk_usage_root":6.12,"disk_read_sec":201591,"disk_write_sec":483669,"disk_iops_sec":26,"io_wait":0,"open_files":0,"os_bytes_in_sec":1099,"os_bytes_out_sec":2010,"total_procs":406},"count":1},{"date":1637192220,"epoch_div":27286537,"totals":{"load_avg":2.3564453125,"cpu_usage":100,"mem_used":8553619456,"mem_free":6331138048,"tcp_conns":63,"disk_usage_root":6.12,"disk_read_sec":323925,"disk_write_sec":456021,"disk_iops_sec":43,"io_wait":0,"open_files":0,"os_bytes_in_sec":2946,"os_bytes_out_sec":5247,"total_procs":410},"count":1},{"date":1637192280,"epoch_div":27286538,"totals":{"load_avg":2.86328125,"cpu_usage":100,"mem_used":8263577600,"mem_free":6450503680,"tcp_conns":58,"disk_usage_root":6.12,"disk_read_sec":1715200,"disk_write_sec":1580509,"disk_iops_sec":73,"io_wait":0,"open_files":0,"os_bytes_in_sec":3460,"os_bytes_out_sec":9142,"total_procs":404},"count":1},{"date":1637192340,"epoch_div":27286539,"totals":{"load_avg":2.54736328125,"cpu_usage":100,"mem_used":8550006784,"mem_free":6405787648,"tcp_conns":60,"disk_usage_root":6.12,"disk_read_sec":3409954,"disk_write_sec":1542248,"disk_iops_sec":125,"io_wait":0,"open_files":0,"os_bytes_in_sec":29026,"os_bytes_out_sec":11499,"total_procs":405},"count":1},{"date":1637192400,"epoch_div":27286540,"totals":{"load_avg":3.22314453125,"cpu_usage":100,"mem_used":8482623488,"mem_free":6375317504,"tcp_conns":71,"disk_usage_root":6.12,"disk_read_sec":9032620,"disk_write_sec":1500478,"disk_iops_sec":330,"io_wait":0,"open_files":0,"os_bytes_in_sec":52244,"os_bytes_out_sec":10320,"total_procs":405},"count":1},{"date":1637192460,"epoch_div":27286541,"totals":{"load_avg":2.9482421875,"cpu_usage":100,"mem_used":8467251200,"mem_free":6442004480,"tcp_conns":69,"disk_usage_root":6.12,"disk_read_sec":2813747,"disk_write_sec":1720388,"disk_iops_sec":170,"io_wait":0,"open_files":0,"os_bytes_in_sec":3777,"os_bytes_out_sec":1688,"total_procs":408},"count":1},{"date":1637192520,"epoch_div":27286542,"totals":{"load_avg":2.96875,"cpu_usage":100,"mem_used":8512159744,"mem_free":6488281088,"tcp_conns":68,"disk_usage_root":6.12,"disk_read_sec":773324,"disk_write_sec":421478,"disk_iops_sec":60,"io_wait":0,"open_files":0,"os_bytes_in_sec":4922,"os_bytes_out_sec":669,"total_procs":409},"count":1},{"date":1637192580,"epoch_div":27286543,"totals":{"load_avg":2.64501953125,"cpu_usage":100,"mem_used":8551960576,"mem_free":6453968896,"tcp_conns":63,"disk_usage_root":6.12,"disk_read_sec":57412,"disk_write_sec":94139,"disk_iops_sec":17,"io_wait":0,"open_files":0,"os_bytes_in_sec":392,"os_bytes_out_sec":681,"total_procs":406},"count":1},{"date":1637192640,"epoch_div":27286544,"totals":{"load_avg":2.75146484375,"cpu_usage":100,"mem_used":8473071616,"mem_free":6624292864,"tcp_conns":57,"disk_usage_root":6.12,"disk_read_sec":260915,"disk_write_sec":82534,"disk_iops_sec":24,"io_wait":0,"open_files":0,"os_bytes_in_sec":8725,"os_bytes_out_sec":738,"total_procs":404},"count":1},{"date":1637192700,"epoch_div":27286545,"totals":{"load_avg":2.53662109375,"cpu_usage":100,"mem_used":8540393472,"mem_free":6529654784,"tcp_conns":49,"disk_usage_root":6.12,"disk_read_sec":384052,"disk_write_sec":1071069,"disk_iops_sec":30,"io_wait":0,"open_files":0,"os_bytes_in_sec":11007,"os_bytes_out_sec":623,"total_procs":407},"count":1},{"date":1637192760,"epoch_div":27286546,"totals":{"load_avg":2.2158203125,"cpu_usage":100,"mem_used":8522448896,"mem_free":6538858496,"tcp_conns":48,"disk_usage_root":6.12,"disk_read_sec":281482,"disk_write_sec":964372,"disk_iops_sec":43,"io_wait":0,"open_files":0,"os_bytes_in_sec":503,"os_bytes_out_sec":617,"total_procs":406},"count":1},{"date":1637192820,"epoch_div":27286547,"totals":{"load_avg":9.2236328125,"cpu_usage":100,"mem_used":8468361216,"mem_free":6670893056,"tcp_conns":61,"disk_usage_root":6.12,"disk_read_sec":4527786,"disk_write_sec":1048985,"disk_iops_sec":252,"io_wait":0,"open_files":0,"os_bytes_in_sec":270460,"os_bytes_out_sec":13523,"total_procs":410},"count":1,"alerts":{"load_avg_high":true}},{"date":1637192880,"epoch_div":27286548,"totals":{"load_avg":5.28857421875,"cpu_usage":100,"mem_used":8565547008,"mem_free":6667513856,"tcp_conns":60,"disk_usage_root":6.12,"disk_read_sec":722944,"disk_write_sec":888763,"disk_iops_sec":128,"io_wait":0,"open_files":0,"os_bytes_in_sec":275644,"os_bytes_out_sec":5294,"total_procs":409},"count":1},{"date":1637192940,"epoch_div":27286549,"totals":{"load_avg":3.9208984375,"cpu_usage":100,"mem_used":8571555840,"mem_free":6744481792,"tcp_conns":61,"disk_usage_root":6.12,"disk_read_sec":138513,"disk_write_sec":1229073,"disk_iops_sec":38,"io_wait":0,"open_files":0,"os_bytes_in_sec":15297,"os_bytes_out_sec":1154,"total_procs":410},"count":1},{"date":1637193000,"epoch_div":27286550,"totals":{"load_avg":3.11669921875,"cpu_usage":100,"mem_used":8564080640,"mem_free":6683865088,"tcp_conns":58,"disk_usage_root":6.12,"disk_read_sec":515072,"disk_write_sec":142540,"disk_iops_sec":29,"io_wait":0,"open_files":0,"os_bytes_in_sec":24945,"os_bytes_out_sec":1372,"total_procs":407},"count":1},{"date":1637193060,"epoch_div":27286551,"totals":{"load_avg":3.25537109375,"cpu_usage":100,"mem_used":8567721984,"mem_free":6676049920,"tcp_conns":59,"disk_usage_root":6.12,"disk_read_sec":96324,"disk_write_sec":747178,"disk_iops_sec":26,"io_wait":0,"open_files":0,"os_bytes_in_sec":25576,"os_bytes_out_sec":724,"total_procs":408},"count":1},{"date":1637193120,"epoch_div":27286552,"totals":{"load_avg":3.1904296875,"cpu_usage":100,"mem_used":8465412096,"mem_free":6660829184,"tcp_conns":57,"disk_usage_root":6.12,"disk_read_sec":277708,"disk_write_sec":684168,"disk_iops_sec":40,"io_wait":0,"open_files":0,"os_bytes_in_sec":159,"os_bytes_out_sec":315,"total_procs":408},"count":1},{"date":1637193180,"epoch_div":27286553,"totals":{"load_avg":3.07958984375,"cpu_usage":100,"mem_used":8493731840,"mem_free":6644768768,"tcp_conns":54,"disk_usage_root":6.12,"disk_read_sec":16384,"disk_write_sec":203161,"disk_iops_sec":25,"io_wait":0,"open_files":0,"os_bytes_in_sec":74472,"os_bytes_out_sec":1717,"total_procs":408},"count":1},{"date":1637193240,"epoch_div":27286554,"totals":{"load_avg":2.90478515625,"cpu_usage":100,"mem_used":8499126272,"mem_free":6613479424,"tcp_conns":47,"disk_usage_root":6.12,"disk_read_sec":1887914,"disk_write_sec":2308505,"disk_iops_sec":143,"io_wait":0,"open_files":0,"os_bytes_in_sec":113026,"os_bytes_out_sec":2692,"total_procs":410},"count":1},{"date":1637193300,"epoch_div":27286555,"totals":{"load_avg":2.85546875,"cpu_usage":100,"mem_used":8524898304,"mem_free":6613581824,"tcp_conns":45,"disk_usage_root":6.12,"disk_read_sec":155989,"disk_write_sec":832853,"disk_iops_sec":53,"io_wait":0,"open_files":0,"os_bytes_in_sec":91339,"os_bytes_out_sec":2173,"total_procs":408},"count":1},{"date":1637193360,"epoch_div":27286556,"totals":{"load_avg":2.52490234375,"cpu_usage":100,"mem_used":8538988544,"mem_free":6613012480,"tcp_conns":46,"disk_usage_root":6.12,"disk_read_sec":62805,"disk_write_sec":1599146,"disk_iops_sec":36,"io_wait":0,"open_files":0,"os_bytes_in_sec":70071,"os_bytes_out_sec":1499,"total_procs":410},"count":1},{"date":1637193420,"epoch_div":27286557,"totals":{"load_avg":2.06787109375,"cpu_usage":100,"mem_used":8555130880,"mem_free":6615891968,"tcp_conns":45,"disk_usage_root":6.12,"disk_read_sec":251467,"disk_write_sec":1218526,"disk_iops_sec":45,"io_wait":0,"open_files":0,"os_bytes_in_sec":41037,"os_bytes_out_sec":1136,"total_procs":408},"count":1},{"date":1637193480,"epoch_div":27286558,"totals":{"load_avg":3.091796875,"cpu_usage":100,"mem_used":8560357376,"mem_free":6632435712,"tcp_conns":46,"disk_usage_root":6.12,"disk_read_sec":384105,"disk_write_sec":1217853,"disk_iops_sec":114,"io_wait":0,"open_files":0,"os_bytes_in_sec":107043,"os_bytes_out_sec":2421,"total_procs":409},"count":1},{"date":1637193540,"epoch_div":27286559,"totals":{"load_avg":2.6240234375,"cpu_usage":100,"mem_used":8566820864,"mem_free":6647820288,"tcp_conns":46,"disk_usage_root":6.12,"disk_read_sec":185327,"disk_write_sec":229778,"disk_iops_sec":37,"io_wait":0,"open_files":0,"os_bytes_in_sec":64439,"os_bytes_out_sec":1561,"total_procs":408},"count":1}]}