{"type":"list_page","items":[{"date":1638060120,"epoch_div":27301002,"totals":{"load_avg":2.40966796875,"cpu_usage":100,"mem_used":8567402496,"mem_free":6310379520,"tcp_conns":94,"disk_usage_root":6.12,"disk_read_sec":56022,"disk_write_sec":9750,"disk_iops_sec":2,"io_wait":0,"open_files":0,"os_bytes_in_sec":207,"os_bytes_out_sec":206,"total_procs":482},"count":1},{"date":1638060180,"epoch_div":27301003,"totals":{"load_avg":2.7353515625,"cpu_usage":100,"mem_used":8513392640,"mem_free":6342410240,"tcp_conns":91,"disk_usage_root":6.12,"disk_read_sec":5237984,"disk_write_sec":2279973,"disk_iops_sec":189,"io_wait":0,"open_files":0,"os_bytes_in_sec":7604,"os_bytes_out_sec":16549,"total_procs":483},"count":1},{"date":1638060840,"epoch_div":27301014,"totals":{"load_avg":2.46826171875,"cpu_usage":100,"mem_used":8567275520,"mem_free":6460899328,"tcp_conns":94,"disk_usage_root":6.12,"disk_read_sec":76372,"disk_write_sec":17548,"disk_iops_sec":3,"io_wait":0,"open_files":0,"os_bytes_in_sec":50,"os_bytes_out_sec":68,"total_procs":485},"count":1},{"date":1638060900,"epoch_div":27301015,"totals":{"load_avg":2.9111328125,"cpu_usage":100,"mem_used":8403337216,"mem_free":6585393152,"tcp_conns":97,"disk_usage_root":6.12,"disk_read_sec":61565952,"disk_write_sec":218726400,"disk_iops_sec":2014,"io_wait":0,"open_files":0,"os_bytes_in_sec":21246,"os_bytes_out_sec":20949,"total_procs":484},"count":1},{"date":1638060960,"epoch_div":27301016,"totals":{"load_avg":3.19580078125,"cpu_usage":100,"mem_used":8401416192,"mem_free":6325682176,"tcp_conns":105,"disk_usage_root":6.12,"disk_read_sec":14148471,"disk_write_sec":11622877,"disk_iops_sec":319,"io_wait":0,"open_files":0,"os_bytes_in_sec":125760,"os_bytes_out_sec":21395,"total_procs":488},"count":1},{"date":1638061020,"epoch_div":27301017,"totals":{"load_avg":2.60205078125,"cpu_usage":100,"mem_used":8543813632,"mem_free":6418984960,"tcp_conns":105,"disk_usage_root":6.12,"disk_read_sec":4747195,"disk_write_sec":804659,"disk_iops_sec":115,"io_wait":0,"open_files":0,"os_bytes_in_sec":74178,"os_bytes_out_sec":7417,"total_procs":491},"count":1},{"date":1638061080,"epoch_div":27301018,"totals":{"load_avg":2.92138671875,"cpu_usage":100,"mem_used":8567123968,"mem_free":6337810432,"tcp_conns":104,"disk_usage_root":6.12,"disk_read_sec":1608617,"disk_write_sec":306991,"disk_iops_sec":50,"io_wait":0,"open_files":0,"os_bytes_in_sec":109650,"os_bytes_out_sec":3402,"total_procs":485},"count":1},{"date":1638061140,"epoch_div":27301019,"totals":{"load_avg":3.8310546875,"cpu_usage":100,"mem_used":8566218752,"mem_free":6412443648,"tcp_conns":106,"disk_usage_root":6.12,"disk_read_sec":1498195,"disk_write_sec":415777,"disk_iops_sec":64,"io_wait":0,"open_files":0,"os_bytes_in_sec":128047,"os_bytes_out_sec":6085,"total_procs":488},"count":1}]}