{"type":"list_page","items":[{"date":1636582680,"epoch_div":13638189,"totals":{"load_avg":4.74169921875,"cpu_usage":200,"mem_used":16875118592,"mem_free":11653324800,"tcp_conns":29,"disk_usage_root":12.24,"disk_read_sec":1310989,"disk_write_sec":157555,"disk_iops_sec":71,"io_wait":0,"open_files":0,"os_bytes_in_sec":527,"os_bytes_out_sec":678,"total_procs":947},"count":2},{"date":1636582800,"epoch_div":13638190,"totals":{"load_avg":4.95947265625,"cpu_usage":200,"mem_used":16870903808,"mem_free":11584610304,"tcp_conns":30,"disk_usage_root":12.24,"disk_read_sec":117207,"disk_write_sec":167998,"disk_iops_sec":40,"io_wait":0,"open_files":0,"os_bytes_in_sec":820,"os_bytes_out_sec":1083,"total_procs":945},"count":2},{"date":1636584600,"epoch_div":13638205,"totals":{"load_avg":2.328125,"cpu_usage":100,"mem_used":8466051072,"mem_free":5852684288,"tcp_conns":21,"disk_usage_root":6.12,"disk_read_sec":7819,"disk_write_sec":3226,"disk_iops_sec":0,"io_wait":0,"open_files":0,"os_bytes_in_sec":238,"os_bytes_out_sec":33,"total_procs":473},"count":1},{"date":1636585560,"epoch_div":13638213,"totals":{"load_avg":1.91064453125,"cpu_usage":100,"mem_used":8488824832,"mem_free":5808189440,"tcp_conns":14,"disk_usage_root":6.12,"disk_read_sec":8498,"disk_write_sec":26328,"disk_iops_sec":1,"io_wait":0,"open_files":0,"os_bytes_in_sec":28,"os_bytes_out_sec":68,"total_procs":472},"count":1},{"date":1636586640,"epoch_div":13638222,"totals":{"load_avg":3.92529296875,"cpu_usage":200,"mem_used":17002356736,"mem_free":11583569920,"tcp_conns":31,"disk_usage_root":12.24,"disk_read_sec":15412,"disk_write_sec":2058900,"disk_iops_sec":33,"io_wait":0,"open_files":0,"os_bytes_in_sec":710,"os_bytes_out_sec":492,"total_procs":946},"count":2},{"date":1636587840,"epoch_div":13638232,"totals":{"load_avg":3.24365234375,"cpu_usage":200,"mem_used":17034358784,"mem_free":11646558208,"tcp_conns":30,"disk_usage_root":12.24,"disk_read_sec":264577,"disk_write_sec":1240838,"disk_iops_sec":57,"io_wait":0,"open_files":0,"os_bytes_in_sec":296,"os_bytes_out_sec":366,"total_procs":948},"count":2},{"date":1636588920,"epoch_div":13638241,"totals":{"load_avg":1.54638671875,"cpu_usage":100,"mem_used":8530108416,"mem_free":5800624128,"tcp_conns":23,"disk_usage_root":6.12,"disk_read_sec":9324,"disk_write_sec":114067,"disk_iops_sec":2,"io_wait":0,"open_files":0,"os_bytes_in_sec":530,"os_bytes_out_sec":66,"total_procs":475},"count":1},{"date":1636591320,"epoch_div":13638261,"totals":{"load_avg":3.4921875,"cpu_usage":200,"mem_used":16989163520,"mem_free":11599466496,"tcp_conns":42,"disk_usage_root":12.24,"disk_read_sec":227876,"disk_write_sec":1934726,"disk_iops_sec":67,"io_wait":0,"open_files":0,"os_bytes_in_sec":33102,"os_bytes_out_sec":4471,"total_procs":948},"count":2},{"date":1636594560,"epoch_div":13638288,"totals":{"load_avg":3.81640625,"cpu_usage":200,"mem_used":17012449280,"mem_free":11599126528,"tcp_conns":40,"disk_usage_root":12.24,"disk_read_sec":39366,"disk_write_sec":390308,"disk_iops_sec":83,"io_wait":0,"open_files":0,"os_bytes_in_sec":645,"os_bytes_out_sec":763,"total_procs":948},"count":2},{"date":1636597800,"epoch_div":13638315,"totals":{"load_avg":2.04345703125,"cpu_usage":100,"mem_used":8491921408,"mem_free":5802360832,"tcp_conns":20,"disk_usage_root":6.12,"disk_read_sec":4552,"disk_write_sec":2658,"disk_iops_sec":0,"io_wait":0,"open_files":0,"os_bytes_in_sec":113,"os_bytes_out_sec":23,"total_procs":475},"count":1},{"date":1636601040,"epoch_div":13638342,"totals":{"load_avg":1.828125,"cpu_usage":100,"mem_used":8495628288,"mem_free":5799051264,"tcp_conns":18,"disk_usage_root":6.12,"disk_read_sec":2447,"disk_write_sec":2356,"disk_iops_sec":0,"io_wait":0,"open_files":0,"os_bytes_in_sec":105,"os_bytes_out_sec":20,"total_procs":473},"count":1},{"date":1636604280,"epoch_div":13638369,"totals":{"load_avg":1.734375,"cpu_usage":100,"mem_used":8452857856,"mem_free":5827100672,"tcp_conns":21,"disk_usage_root":6.12,"disk_read_sec":178213,"disk_write_sec":41006,"disk_iops_sec":9,"io_wait":0,"open_files":0,"os_bytes_in_sec":136,"os_bytes_out_sec":31,"total_procs":476},"count":1},{"date":1636604400,"epoch_div":13638370,"totals":{"load_avg":1.32763671875,"cpu_usage":100,"mem_used":8458584064,"mem_free":5844152320,"tcp_conns":17,"disk_usage_root":6.12,"disk_read_sec":127463,"disk_write_sec":132144,"disk_iops_sec":29,"io_wait":0,"open_files":0,"os_bytes_in_sec":451,"os_bytes_out_sec":656,"total_procs":476},"count":1}]}