{"type":"list_page","items":[{"date":1637852820,"epoch_div":27297547,"totals":{"load_avg":2.56884765625,"cpu_usage":100,"mem_used":8539193344,"mem_free":6413983744,"tcp_conns":100,"disk_usage_root":6.12,"disk_read_sec":45263,"disk_write_sec":5650,"disk_iops_sec":2,"io_wait":0,"open_files":0,"os_bytes_in_sec":71,"os_bytes_out_sec":96,"total_procs":471},"count":1},{"date":1637852880,"epoch_div":27297548,"totals":{"load_avg":2.88916015625,"cpu_usage":100,"mem_used":8568315904,"mem_free":6728212480,"tcp_conns":106,"disk_usage_root":6.12,"disk_read_sec":8910649,"disk_write_sec":1791933,"disk_iops_sec":484,"io_wait":0,"open_files":0,"os_bytes_in_sec":34445,"os_bytes_out_sec":27362,"total_procs":480},"count":1},{"date":1637852940,"epoch_div":27297549,"totals":{"load_avg":2.15380859375,"cpu_usage":100,"mem_used":8447504384,"mem_free":6562353152,"tcp_conns":114,"disk_usage_root":6.12,"disk_read_sec":6425668,"disk_write_sec":508996,"disk_iops_sec":432,"io_wait":0,"open_files":0,"os_bytes_in_sec":41925,"os_bytes_out_sec":8934,"total_procs":483},"count":1},{"date":1637853000,"epoch_div":27297550,"totals":{"load_avg":2.255859375,"cpu_usage":100,"mem_used":8477429760,"mem_free":6564016128,"tcp_conns":98,"disk_usage_root":6.12,"disk_read_sec":1719569,"disk_write_sec":273203,"disk_iops_sec":126,"io_wait":0,"open_files":0,"os_bytes_in_sec":61633,"os_bytes_out_sec":7384,"total_procs":473},"count":1},{"date":1637853060,"epoch_div":27297551,"totals":{"load_avg":2.58154296875,"cpu_usage":100,"mem_used":8517591040,"mem_free":6561988608,"tcp_conns":95,"disk_usage_root":6.12,"disk_read_sec":51200,"disk_write_sec":94003,"disk_iops_sec":20,"io_wait":0,"open_files":0,"os_bytes_in_sec":414,"os_bytes_out_sec":754,"total_procs":474},"count":1},{"date":1637853120,"epoch_div":27297552,"totals":{"load_avg":2.17822265625,"cpu_usage":100,"mem_used":8529072128,"mem_free":6443855872,"tcp_conns":95,"disk_usage_root":6.12,"disk_read_sec":197495,"disk_write_sec":655769,"disk_iops_sec":22,"io_wait":0,"open_files":0,"os_bytes_in_sec":571,"os_bytes_out_sec":518,"total_procs":473},"count":1},{"date":1637853180,"epoch_div":27297553,"totals":{"load_avg":2.22314453125,"cpu_usage":100,"mem_used":8537567232,"mem_free":6436532224,"tcp_conns":87,"disk_usage_root":6.12,"disk_read_sec":51442,"disk_write_sec":97262,"disk_iops_sec":16,"io_wait":0,"open_files":0,"os_bytes_in_sec":458,"os_bytes_out_sec":332,"total_procs":472},"count":1},{"date":1637853240,"epoch_div":27297554,"totals":{"load_avg":2.3623046875,"cpu_usage":100,"mem_used":8567934976,"mem_free":6449573888,"tcp_conns":88,"disk_usage_root":6.12,"disk_read_sec":265165,"disk_write_sec":80711,"disk_iops_sec":30,"io_wait":0,"open_files":0,"os_bytes_in_sec":1107,"os_bytes_out_sec":1226,"total_procs":476},"count":1},{"date":1637853300,"epoch_div":27297555,"totals":{"load_avg":2.4951171875,"cpu_usage":100,"mem_used":8562520064,"mem_free":6488850432,"tcp_conns":84,"disk_usage_root":6.12,"disk_read_sec":173397,"disk_write_sec":78301,"disk_iops_sec":28,"io_wait":0,"open_files":0,"os_bytes_in_sec":145,"os_bytes_out_sec":193,"total_procs":471},"count":1},{"date":1637853360,"epoch_div":27297556,"totals":{"load_avg":2.728515625,"cpu_usage":100,"mem_used":8572252160,"mem_free":6473998336,"tcp_conns":80,"disk_usage_root":6.12,"disk_read_sec":79121,"disk_write_sec":92433,"disk_iops_sec":25,"io_wait":0,"open_files":0,"os_bytes_in_sec":872,"os_bytes_out_sec":960,"total_procs":471},"count":1},{"date":1637853420,"epoch_div":27297557,"totals":{"load_avg":2.90576171875,"cpu_usage":100,"mem_used":8567353344,"mem_free":6478188544,"tcp_conns":79,"disk_usage_root":6.12,"disk_read_sec":84036,"disk_write_sec":81510,"disk_iops_sec":22,"io_wait":0,"open_files":0,"os_bytes_in_sec":571,"os_bytes_out_sec":802,"total_procs":472},"count":1},{"date":1637853480,"epoch_div":27297558,"totals":{"load_avg":3.11083984375,"cpu_usage":100,"mem_used":8522129408,"mem_free":6488023040,"tcp_conns":78,"disk_usage_root":6.12,"disk_read_sec":338466,"disk_write_sec":70314,"disk_iops_sec":50,"io_wait":0,"open_files":0,"os_bytes_in_sec":383,"os_bytes_out_sec":308,"total_procs":472},"count":1},{"date":1637853540,"epoch_div":27297559,"totals":{"load_avg":3.27734375,"cpu_usage":100,"mem_used":8529072128,"mem_free":6447042560,"tcp_conns":78,"disk_usage_root":6.12,"disk_read_sec":138308,"disk_write_sec":124928,"disk_iops_sec":24,"io_wait":0,"open_files":0,"os_bytes_in_sec":10267,"os_bytes_out_sec":1162,"total_procs":471},"count":1},{"date":1637853600,"epoch_div":27297560,"totals":{"load_avg":2.9345703125,"cpu_usage":100,"mem_used":8531730432,"mem_free":6450696192,"tcp_conns":77,"disk_usage_root":6.12,"disk_read_sec":12629,"disk_write_sec":66218,"disk_iops_sec":12,"io_wait":0,"open_files":0,"os_bytes_in_sec":101,"os_bytes_out_sec":191,"total_procs":471},"count":1},{"date":1637853660,"epoch_div":27297561,"totals":{"load_avg":2.1552734375,"cpu_usage":100,"mem_used":8567410688,"mem_free":6463676416,"tcp_conns":77,"disk_usage_root":6.12,"disk_read_sec":238045,"disk_write_sec":178039,"disk_iops_sec":55,"io_wait":0,"open_files":0,"os_bytes_in_sec":335,"os_bytes_out_sec":1051,"total_procs":473},"count":1},{"date":1637853720,"epoch_div":27297562,"totals":{"load_avg":2.12548828125,"cpu_usage":100,"mem_used":8571015168,"mem_free":6460936192,"tcp_conns":77,"disk_usage_root":6.12,"disk_read_sec":130252,"disk_write_sec":74069,"disk_iops_sec":27,"io_wait":0,"open_files":0,"os_bytes_in_sec":419,"os_bytes_out_sec":303,"total_procs":472},"count":1},{"date":1637853780,"epoch_div":27297563,"totals":{"load_avg":2.7412109375,"cpu_usage":100,"mem_used":8571736064,"mem_free":6457024512,"tcp_conns":75,"disk_usage_root":6.12,"disk_read_sec":84036,"disk_write_sec":93047,"disk_iops_sec":26,"io_wait":0,"open_files":0,"os_bytes_in_sec":469,"os_bytes_out_sec":567,"total_procs":474},"count":1},{"date":1637853840,"epoch_div":27297564,"totals":{"load_avg":2.89013671875,"cpu_usage":100,"mem_used":8568504320,"mem_free":6465761280,"tcp_conns":79,"disk_usage_root":6.12,"disk_read_sec":394854,"disk_write_sec":87859,"disk_iops_sec":28,"io_wait":0,"open_files":0,"os_bytes_in_sec":1698,"os_bytes_out_sec":404,"total_procs":472},"count":1},{"date":1637853900,"epoch_div":27297565,"totals":{"load_avg":3.3642578125,"cpu_usage":100,"mem_used":8573186048,"mem_free":6508601344,"tcp_conns":77,"disk_usage_root":6.12,"disk_read_sec":77962,"disk_write_sec":109134,"disk_iops_sec":25,"io_wait":0,"open_files":0,"os_bytes_in_sec":487,"os_bytes_out_sec":539,"total_procs":472},"count":1},{"date":1637853960,"epoch_div":27297566,"totals":{"load_avg":2.75830078125,"cpu_usage":100,"mem_used":8571232256,"mem_free":6495428608,"tcp_conns":78,"disk_usage_root":6.12,"disk_read_sec":74137,"disk_write_sec":96870,"disk_iops_sec":22,"io_wait":0,"open_files":0,"os_bytes_in_sec":395,"os_bytes_out_sec":425,"total_procs":473},"count":1},{"date":1637854020,"epoch_div":27297567,"totals":{"load_avg":2.1240234375,"cpu_usage":100,"mem_used":8554565632,"mem_free":6510297088,"tcp_conns":80,"disk_usage_root":6.12,"disk_read_sec":4739609,"disk_write_sec":85344,"disk_iops_sec":802,"io_wait":0,"open_files":0,"os_bytes_in_sec":744,"os_bytes_out_sec":545,"total_procs":473},"count":1},{"date":1637854080,"epoch_div":27297568,"totals":{"load_avg":2.43798828125,"cpu_usage":100,"mem_used":8504209408,"mem_free":6544007168,"tcp_conns":78,"disk_usage_root":6.12,"disk_read_sec":259208,"disk_write_sec":77414,"disk_iops_sec":43,"io_wait":0,"open_files":0,"os_bytes_in_sec":563,"os_bytes_out_sec":378,"total_procs":474},"count":1},{"date":1637854140,"epoch_div":27297569,"totals":{"load_avg":2.2431640625,"cpu_usage":100,"mem_used":8514076672,"mem_free":6497193984,"tcp_conns":78,"disk_usage_root":6.12,"disk_read_sec":26555,"disk_write_sec":69495,"disk_iops_sec":15,"io_wait":0,"open_files":0,"os_bytes_in_sec":327,"os_bytes_out_sec":1010,"total_procs":473},"count":1},{"date":1637854200,"epoch_div":27297570,"totals":{"load_avg":2.4765625,"cpu_usage":100,"mem_used":8519184384,"mem_free":6535163904,"tcp_conns":78,"disk_usage_root":6.12,"disk_read_sec":25258,"disk_write_sec":69290,"disk_iops_sec":15,"io_wait":0,"open_files":0,"os_bytes_in_sec":99,"os_bytes_out_sec":155,"total_procs":473},"count":1},{"date":1637854260,"epoch_div":27297571,"totals":{"load_avg":3.13720703125,"cpu_usage":100,"mem_used":8551383040,"mem_free":6481182720,"tcp_conns":80,"disk_usage_root":6.12,"disk_read_sec":76088,"disk_write_sec":448199,"disk_iops_sec":20,"io_wait":0,"open_files":0,"os_bytes_in_sec":1017,"os_bytes_out_sec":740,"total_procs":473},"count":1},{"date":1637854320,"epoch_div":27297572,"totals":{"load_avg":2.41064453125,"cpu_usage":100,"mem_used":8550821888,"mem_free":6498439168,"tcp_conns":79,"disk_usage_root":6.12,"disk_read_sec":6580,"disk_write_sec":57881,"disk_iops_sec":11,"io_wait":0,"open_files":0,"os_bytes_in_sec":204,"os_bytes_out_sec":195,"total_procs":472},"count":1},{"date":1637854380,"epoch_div":27297573,"totals":{"load_avg":1.68798828125,"cpu_usage":100,"mem_used":8553373696,"mem_free":6470275072,"tcp_conns":76,"disk_usage_root":6.12,"disk_read_sec":15974,"disk_write_sec":70860,"disk_iops_sec":12,"io_wait":0,"open_files":0,"os_bytes_in_sec":377,"os_bytes_out_sec":284,"total_procs":472},"count":1},{"date":1637854440,"epoch_div":27297574,"totals":{"load_avg":1.8203125,"cpu_usage":100,"mem_used":8520851456,"mem_free":6503686144,"tcp_conns":77,"disk_usage_root":6.12,"disk_read_sec":44014,"disk_write_sec":62689,"disk_iops_sec":12,"io_wait":0,"open_files":0,"os_bytes_in_sec":280,"os_bytes_out_sec":362,"total_procs":472},"count":1},{"date":1637854500,"epoch_div":27297575,"totals":{"load_avg":2.26318359375,"cpu_usage":100,"mem_used":8545374208,"mem_free":6473895936,"tcp_conns":76,"disk_usage_root":6.12,"disk_read_sec":1678,"disk_write_sec":84135,"disk_iops_sec":14,"io_wait":0,"open_files":0,"os_bytes_in_sec":190,"os_bytes_out_sec":429,"total_procs":472},"count":1}]}