{"type":"list_page","items":[{"groups":{"main":{"totals":{"load_avg":1.64013671875,"cpu_usage":100,"mem_used":8091111424,"mem_free":6115557376,"tcp_conns":15,"disk_usage_root":6.12,"disk_read_sec":249856,"disk_write_sec":490018,"disk_iops_sec":42,"io_wait":0,"open_files":0,"os_bytes_in_sec":447,"os_bytes_out_sec":911,"total_procs":450},"count":1}},"date":1638837960,"epoch_div":27313966},{"groups":{"main":{"totals":{"load_avg":2.00146484375,"cpu_usage":100,"mem_used":8519532544,"mem_free":5817339904,"tcp_conns":19,"disk_usage_root":6.12,"disk_read_sec":4588392,"disk_write_sec":693902,"disk_iops_sec":210,"io_wait":0,"open_files":0,"os_bytes_in_sec":2461,"os_bytes_out_sec":1551,"total_procs":464},"count":1}},"date":1638838020,"epoch_div":27313967},{"groups":{"main":{"totals":{"load_avg":2.1142578125,"cpu_usage":100,"mem_used":8501141504,"mem_free":6004928512,"tcp_conns":19,"disk_usage_root":6.12,"disk_read_sec":3625369,"disk_write_sec":191488,"disk_iops_sec":109,"io_wait":0,"open_files":0,"os_bytes_in_sec":664,"os_bytes_out_sec":931,"total_procs":465},"count":1}},"date":1638838080,"epoch_div":27313968},{"groups":{"main":{"totals":{"load_avg":2.34326171875,"cpu_usage":100,"mem_used":8464744448,"mem_free":5946085376,"tcp_conns":16,"disk_usage_root":6.12,"disk_read_sec":189371,"disk_write_sec":212309,"disk_iops_sec":47,"io_wait":0,"open_files":0,"os_bytes_in_sec":406,"os_bytes_out_sec":809,"total_procs":462},"count":1}},"date":1638838140,"epoch_div":27313969},{"groups":{"main":{"totals":{"load_avg":2.03759765625,"cpu_usage":100,"mem_used":8547815424,"mem_free":5935280128,"tcp_conns":14,"disk_usage_root":6.12,"disk_read_sec":502374,"disk_write_sec":195584,"disk_iops_sec":41,"io_wait":0,"open_files":0,"os_bytes_in_sec":342,"os_bytes_out_sec":418,"total_procs":465},"count":1}},"date":1638838200,"epoch_div":27313970},{"groups":{"main":{"totals":{"load_avg":1.5947265625,"cpu_usage":100,"mem_used":8506826752,"mem_free":6068555776,"tcp_conns":14,"disk_usage_root":6.12,"disk_read_sec":3231470,"disk_write_sec":186299,"disk_iops_sec":183,"io_wait":0,"open_files":0,"os_bytes_in_sec":1768,"os_bytes_out_sec":3046,"total_procs":464},"count":1}},"date":1638838260,"epoch_div":27313971},{"groups":{"main":{"totals":{"load_avg":1.5126953125,"cpu_usage":100,"mem_used":8557969408,"mem_free":6041370624,"tcp_conns":17,"disk_usage_root":6.12,"disk_read_sec":635835,"disk_write_sec":209988,"disk_iops_sec":54,"io_wait":0,"open_files":0,"os_bytes_in_sec":1688,"os_bytes_out_sec":977,"total_procs":463},"count":1}},"date":1638838320,"epoch_div":27313972},{"groups":{"main":{"totals":{"load_avg":1.9345703125,"cpu_usage":100,"mem_used":8293851136,"mem_free":6145118208,"tcp_conns":17,"disk_usage_root":6.12,"disk_read_sec":2032354,"disk_write_sec":3529140,"disk_iops_sec":124,"io_wait":0,"open_files":0,"os_bytes_in_sec":887,"os_bytes_out_sec":686,"total_procs":465},"count":1}},"date":1638838380,"epoch_div":27313973},{"groups":{"main":{"totals":{"load_avg":2.04248046875,"cpu_usage":100,"mem_used":8479350784,"mem_free":5917724672,"tcp_conns":21,"disk_usage_root":6.12,"disk_read_sec":360656,"disk_write_sec":298730,"disk_iops_sec":62,"io_wait":0,"open_files":0,"os_bytes_in_sec":1776,"os_bytes_out_sec":1162,"total_procs":466},"count":1}},"date":1638838440,"epoch_div":27313974},{"groups":{"main":{"totals":{"load_avg":2.94384765625,"cpu_usage":100,"mem_used":8429817856,"mem_free":6021574656,"tcp_conns":22,"disk_usage_root":6.12,"disk_read_sec":2646016,"disk_write_sec":700142,"disk_iops_sec":166,"io_wait":0,"open_files":0,"os_bytes_in_sec":43252,"os_bytes_out_sec":7375,"total_procs":479},"count":1}},"date":1638838500,"epoch_div":27313975},{"groups":{"main":{"totals":{"load_avg":3.642578125,"cpu_usage":100,"mem_used":8540508160,"mem_free":6088855552,"tcp_conns":20,"disk_usage_root":6.12,"disk_read_sec":1779097,"disk_write_sec":659182,"disk_iops_sec":109,"io_wait":0,"open_files":0,"os_bytes_in_sec":334023,"os_bytes_out_sec":8867,"total_procs":466},"count":1}},"date":1638838560,"epoch_div":27313976},{"groups":{"main":{"totals":{"load_avg":4.10693359375,"cpu_usage":100,"mem_used":8446529536,"mem_free":6134001664,"tcp_conns":24,"disk_usage_root":6.12,"disk_read_sec":1192277,"disk_write_sec":3425075,"disk_iops_sec":103,"io_wait":0,"open_files":0,"os_bytes_in_sec":331882,"os_bytes_out_sec":8314,"total_procs":466},"count":1}},"date":1638838620,"epoch_div":27313977},{"groups":{"main":{"totals":{"load_avg":4.38134765625,"cpu_usage":100,"mem_used":8565657600,"mem_free":6100418560,"tcp_conns":24,"disk_usage_root":6.12,"disk_read_sec":492748,"disk_write_sec":1132066,"disk_iops_sec":122,"io_wait":0,"open_files":0,"os_bytes_in_sec":375991,"os_bytes_out_sec":12568,"total_procs":467},"count":1}},"date":1638838680,"epoch_div":27313978},{"groups":{"main":{"totals":{"load_avg":4.00927734375,"cpu_usage":100,"mem_used":8518012928,"mem_free":6077509632,"tcp_conns":19,"disk_usage_root":6.12,"disk_read_sec":2341683,"disk_write_sec":381610,"disk_iops_sec":118,"io_wait":0,"open_files":0,"os_bytes_in_sec":67236,"os_bytes_out_sec":2681,"total_procs":468},"count":1}},"date":1638838740,"epoch_div":27313979},{"groups":{"main":{"totals":{"load_avg":3.9189453125,"cpu_usage":100,"mem_used":8556744704,"mem_free":6084472832,"tcp_conns":17,"disk_usage_root":6.12,"disk_read_sec":408280,"disk_write_sec":1349389,"disk_iops_sec":235,"io_wait":0,"open_files":0,"os_bytes_in_sec":532005,"os_bytes_out_sec":11555,"total_procs":466},"count":1}},"date":1638838800,"epoch_div":27313980},{"groups":{"main":{"totals":{"load_avg":2.2998046875,"cpu_usage":100,"mem_used":8566439936,"mem_free":6329593856,"tcp_conns":23,"disk_usage_root":6.12,"disk_read_sec":4238755,"disk_write_sec":393081,"disk_iops_sec":229,"io_wait":0,"open_files":0,"os_bytes_in_sec":87561,"os_bytes_out_sec":3792,"total_procs":471},"count":1}},"date":1638838860,"epoch_div":27313981},{"groups":{"main":{"totals":{"load_avg":2.5791015625,"cpu_usage":100,"mem_used":8482222080,"mem_free":6433882112,"tcp_conns":21,"disk_usage_root":6.12,"disk_read_sec":2836070,"disk_write_sec":628121,"disk_iops_sec":252,"io_wait":0,"open_files":0,"os_bytes_in_sec":8296,"os_bytes_out_sec":1476,"total_procs":471},"count":1}},"date":1638838920,"epoch_div":27313982},{"groups":{"main":{"totals":{"load_avg":2.134765625,"cpu_usage":100,"mem_used":8514736128,"mem_free":6147227648,"tcp_conns":19,"disk_usage_root":6.12,"disk_read_sec":1995298,"disk_write_sec":3312708,"disk_iops_sec":100,"io_wait":0,"open_files":0,"os_bytes_in_sec":1460,"os_bytes_out_sec":858,"total_procs":475},"count":1}},"date":1638838980,"epoch_div":27313983},{"groups":{"main":{"totals":{"load_avg":3.12939453125,"cpu_usage":100,"mem_used":8084643840,"mem_free":6238023680,"tcp_conns":17,"disk_usage_root":6.12,"disk_read_sec":3833309,"disk_write_sec":11272874,"disk_iops_sec":152,"io_wait":0,"open_files":0,"os_bytes_in_sec":2067,"os_bytes_out_sec":901,"total_procs":471},"count":1}},"date":1638839040,"epoch_div":27313984},{"groups":{"main":{"totals":{"load_avg":2.3623046875,"cpu_usage":100,"mem_used":8476815360,"mem_free":5969100800,"tcp_conns":16,"disk_usage_root":6.12,"disk_read_sec":99532,"disk_write_sec":89224,"disk_iops_sec":17,"io_wait":0,"open_files":0,"os_bytes_in_sec":209,"os_bytes_out_sec":262,"total_procs":471},"count":1}},"date":1638839100,"epoch_div":27313985},{"groups":{"main":{"totals":{"load_avg":2.22412109375,"cpu_usage":100,"mem_used":8479174656,"mem_free":6030315520,"tcp_conns":16,"disk_usage_root":6.12,"disk_read_sec":103560,"disk_write_sec":75776,"disk_iops_sec":17,"io_wait":0,"open_files":0,"os_bytes_in_sec":152,"os_bytes_out_sec":309,"total_procs":471},"count":1}},"date":1638839160,"epoch_div":27313986},{"groups":{"main":{"totals":{"load_avg":2.6484375,"cpu_usage":100,"mem_used":8566386688,"mem_free":5972963328,"tcp_conns":15,"disk_usage_root":6.12,"disk_read_sec":2265907,"disk_write_sec":112981,"disk_iops_sec":99,"io_wait":0,"open_files":0,"os_bytes_in_sec":5055,"os_bytes_out_sec":712,"total_procs":470},"count":1}},"date":1638839220,"epoch_div":27313987},{"groups":{"main":{"totals":{"load_avg":2.06640625,"cpu_usage":100,"mem_used":8471400448,"mem_free":5971607552,"tcp_conns":15,"disk_usage_root":6.12,"disk_read_sec":2157064,"disk_write_sec":93791,"disk_iops_sec":92,"io_wait":0,"open_files":0,"os_bytes_in_sec":341,"os_bytes_out_sec":301,"total_procs":473},"count":1}},"date":1638839280,"epoch_div":27313988},{"groups":{"main":{"totals":{"load_avg":2.4326171875,"cpu_usage":100,"mem_used":8565649408,"mem_free":6087606272,"tcp_conns":14,"disk_usage_root":6.12,"disk_read_sec":495951,"disk_write_sec":103810,"disk_iops_sec":26,"io_wait":0,"open_files":0,"os_bytes_in_sec":170,"os_bytes_out_sec":163,"total_procs":470},"count":1}},"date":1638839340,"epoch_div":27313989},{"groups":{"main":{"totals":{"load_avg":2.48291015625,"cpu_usage":100,"mem_used":8529817600,"mem_free":6052868096,"tcp_conns":14,"disk_usage_root":6.12,"disk_read_sec":3288883,"disk_write_sec":95027,"disk_iops_sec":116,"io_wait":0,"open_files":0,"os_bytes_in_sec":254,"os_bytes_out_sec":265,"total_procs":471},"count":1}},"date":1638839400,"epoch_div":27313990},{"groups":{"main":{"totals":{"load_avg":2.470703125,"cpu_usage":100,"mem_used":8560148480,"mem_free":5944520704,"tcp_conns":14,"disk_usage_root":6.12,"disk_read_sec":135031,"disk_write_sec":111889,"disk_iops_sec":24,"io_wait":0,"open_files":0,"os_bytes_in_sec":205,"os_bytes_out_sec":333,"total_procs":472},"count":1}},"date":1638839460,"epoch_div":27313991},{"groups":{"main":{"totals":{"load_avg":2.2138671875,"cpu_usage":100,"mem_used":8433098752,"mem_free":6093070336,"tcp_conns":13,"disk_usage_root":6.12,"disk_read_sec":164317,"disk_write_sec":84172,"disk_iops_sec":23,"io_wait":0,"open_files":0,"os_bytes_in_sec":194,"os_bytes_out_sec":17,"total_procs":471},"count":1}},"date":1638839520,"epoch_div":27313992},{"groups":{"main":{"totals":{"load_avg":2.3818359375,"cpu_usage":100,"mem_used":8490528768,"mem_free":6026731520,"tcp_conns":14,"disk_usage_root":6.12,"disk_read_sec":1785173,"disk_write_sec":130525,"disk_iops_sec":80,"io_wait":0,"open_files":0,"os_bytes_in_sec":245,"os_bytes_out_sec":192,"total_procs":475},"count":1}},"date":1638839580,"epoch_div":27313993},{"groups":{"main":{"totals":{"load_avg":2.20068359375,"cpu_usage":100,"mem_used":8544718848,"mem_free":6028222464,"tcp_conns":14,"disk_usage_root":6.12,"disk_read_sec":350617,"disk_write_sec":99601,"disk_iops_sec":28,"io_wait":0,"open_files":0,"os_bytes_in_sec":733,"os_bytes_out_sec":248,"total_procs":471},"count":1}},"date":1638839640,"epoch_div":27313994},{"groups":{"main":{"totals":{"load_avg":2.74755859375,"cpu_usage":100,"mem_used":8554270720,"mem_free":5964324864,"tcp_conns":14,"disk_usage_root":6.12,"disk_read_sec":138458,"disk_write_sec":112136,"disk_iops_sec":24,"io_wait":0,"open_files":0,"os_bytes_in_sec":241,"os_bytes_out_sec":438,"total_procs":472},"count":1}},"date":1638839700,"epoch_div":27313995},{"groups":{"main":{"totals":{"load_avg":2.2763671875,"cpu_usage":100,"mem_used":8529211392,"mem_free":6174277632,"tcp_conns":14,"disk_usage_root":6.12,"disk_read_sec":348715,"disk_write_sec":145650,"disk_iops_sec":40,"io_wait":0,"open_files":0,"os_bytes_in_sec":186,"os_bytes_out_sec":328,"total_procs":472},"count":1}},"date":1638839760,"epoch_div":27313996},{"groups":{"main":{"totals":{"load_avg":2.44384765625,"cpu_usage":100,"mem_used":8400408576,"mem_free":6179278848,"tcp_conns":16,"disk_usage_root":6.12,"disk_read_sec":1215488,"disk_write_sec":729497,"disk_iops_sec":106,"io_wait":0,"open_files":0,"os_bytes_in_sec":215,"os_bytes_out_sec":330,"total_procs":476},"count":1}},"date":1638839820,"epoch_div":27313997},{"groups":{"main":{"totals":{"load_avg":2.26806640625,"cpu_usage":100,"mem_used":8502812672,"mem_free":6131003392,"tcp_conns":14,"disk_usage_root":6.12,"disk_read_sec":1908736,"disk_write_sec":172987,"disk_iops_sec":95,"io_wait":0,"open_files":0,"os_bytes_in_sec":489,"os_bytes_out_sec":3833,"total_procs":477},"count":1}},"date":1638839880,"epoch_div":27313998},{"groups":{"main":{"totals":{"load_avg":2.107421875,"cpu_usage":100,"mem_used":8541339648,"mem_free":6148354048,"tcp_conns":14,"disk_usage_root":6.12,"disk_read_sec":474316,"disk_write_sec":120285,"disk_iops_sec":31,"io_wait":0,"open_files":0,"os_bytes_in_sec":95,"os_bytes_out_sec":49,"total_procs":473},"count":1}},"date":1638839940,"epoch_div":27313999},{"groups":{"main":{"totals":{"load_avg":2.39013671875,"cpu_usage":100,"mem_used":8401145856,"mem_free":6151323648,"tcp_conns":16,"disk_usage_root":6.12,"disk_read_sec":1707895,"disk_write_sec":136806,"disk_iops_sec":85,"io_wait":0,"open_files":0,"os_bytes_in_sec":549,"os_bytes_out_sec":371,"total_procs":476},"count":1}},"date":1638840000,"epoch_div":27314000},{"groups":{"main":{"totals":{"load_avg":1.6396484375,"cpu_usage":100,"mem_used":8523759616,"mem_free":6132928512,"tcp_conns":14,"disk_usage_root":6.12,"disk_read_sec":113049,"disk_write_sec":153873,"disk_iops_sec":27,"io_wait":0,"open_files":0,"os_bytes_in_sec":167,"os_bytes_out_sec":159,"total_procs":473},"count":1}},"date":1638840060,"epoch_div":27314001},{"groups":{"main":{"totals":{"load_avg":1.84814453125,"cpu_usage":100,"mem_used":8562962432,"mem_free":6189457408,"tcp_conns":19,"disk_usage_root":6.12,"disk_read_sec":1293038,"disk_write_sec":160358,"disk_iops_sec":65,"io_wait":0,"open_files":0,"os_bytes_in_sec":11223,"os_bytes_out_sec":958,"total_procs":473},"count":1}},"date":1638840120,"epoch_div":27314002},{"groups":{"main":{"totals":{"load_avg":1.6884765625,"cpu_usage":100,"mem_used":8569184256,"mem_free":6231265280,"tcp_conns":16,"disk_usage_root":6.12,"disk_read_sec":4508945,"disk_write_sec":275729,"disk_iops_sec":133,"io_wait":0,"open_files":0,"os_bytes_in_sec":1216,"os_bytes_out_sec":992,"total_procs":477},"count":1}},"date":1638840180,"epoch_div":27314003},{"groups":{"main":{"totals":{"load_avg":1.662109375,"cpu_usage":100,"mem_used":8546066432,"mem_free":6404845568,"tcp_conns":15,"disk_usage_root":6.12,"disk_read_sec":3096302,"disk_write_sec":1195485,"disk_iops_sec":100,"io_wait":0,"open_files":0,"os_bytes_in_sec":974,"os_bytes_out_sec":335,"total_procs":479},"count":1}},"date":1638840240,"epoch_div":27314004},{"groups":{"main":{"totals":{"load_avg":1.77587890625,"cpu_usage":100,"mem_used":8479887360,"mem_free":6437253120,"tcp_conns":16,"disk_usage_root":6.12,"disk_read_sec":1819374,"disk_write_sec":105745,"disk_iops_sec":92,"io_wait":0,"open_files":0,"os_bytes_in_sec":3902,"os_bytes_out_sec":1384,"total_procs":478},"count":1}},"date":1638840300,"epoch_div":27314005},{"groups":{"main":{"totals":{"load_avg":2.0185546875,"cpu_usage":100,"mem_used":8570769408,"mem_free":6439346176,"tcp_conns":23,"disk_usage_root":6.12,"disk_read_sec":3969570,"disk_write_sec":513433,"disk_iops_sec":200,"io_wait":0,"open_files":0,"os_bytes_in_sec":21531,"os_bytes_out_sec":5748,"total_procs":481},"count":1}},"date":1638840360,"epoch_div":27314006},{"groups":{"main":{"totals":{"load_avg":2.3984375,"cpu_usage":100,"mem_used":8048136192,"mem_free":6372188160,"tcp_conns":20,"disk_usage_root":6.12,"disk_read_sec":184625,"disk_write_sec":7805386,"disk_iops_sec":57,"io_wait":0,"open_files":0,"os_bytes_in_sec":282,"os_bytes_out_sec":572,"total_procs":477},"count":1}},"date":1638840420,"epoch_div":27314007},{"groups":{"main":{"totals":{"load_avg":2.7021484375,"cpu_usage":100,"mem_used":8308064256,"mem_free":6161444864,"tcp_conns":22,"disk_usage_root":6.12,"disk_read_sec":2363082,"disk_write_sec":979948,"disk_iops_sec":128,"io_wait":0,"open_files":0,"os_bytes_in_sec":379,"os_bytes_out_sec":324,"total_procs":482},"count":1}},"date":1638840480,"epoch_div":27314008},{"groups":{"main":{"totals":{"load_avg":2.759765625,"cpu_usage":100,"mem_used":8451305472,"mem_free":6124466176,"tcp_conns":22,"disk_usage_root":6.12,"disk_read_sec":474164,"disk_write_sec":115035,"disk_iops_sec":23,"io_wait":0,"open_files":0,"os_bytes_in_sec":1054,"os_bytes_out_sec":573,"total_procs":476},"count":1}},"date":1638840540,"epoch_div":27314009},{"groups":{"main":{"totals":{"load_avg":2.31298828125,"cpu_usage":100,"mem_used":8437698560,"mem_free":6065405952,"tcp_conns":20,"disk_usage_root":6.12,"disk_read_sec":70792,"disk_write_sec":117350,"disk_iops_sec":18,"io_wait":0,"open_files":0,"os_bytes_in_sec":186,"os_bytes_out_sec":161,"total_procs":476},"count":1}},"date":1638840600,"epoch_div":27314010},{"groups":{"main":{"totals":{"load_avg":1.85888671875,"cpu_usage":100,"mem_used":8499871744,"mem_free":6101741568,"tcp_conns":20,"disk_usage_root":6.12,"disk_read_sec":93217,"disk_write_sec":93811,"disk_iops_sec":21,"io_wait":0,"open_files":0,"os_bytes_in_sec":156,"os_bytes_out_sec":202,"total_procs":476},"count":1}},"date":1638840660,"epoch_div":27314011},{"groups":{"main":{"totals":{"load_avg":2.33984375,"cpu_usage":100,"mem_used":8515244032,"mem_free":6074802176,"tcp_conns":18,"disk_usage_root":6.12,"disk_read_sec":56996,"disk_write_sec":79212,"disk_iops_sec":19,"io_wait":0,"open_files":0,"os_bytes_in_sec":165,"os_bytes_out_sec":46,"total_procs":475},"count":1}},"date":1638840720,"epoch_div":27314012},{"groups":{"main":{"totals":{"load_avg":2.3505859375,"cpu_usage":100,"mem_used":8472600576,"mem_free":6122708992,"tcp_conns":17,"disk_usage_root":6.12,"disk_read_sec":2066295,"disk_write_sec":158105,"disk_iops_sec":99,"io_wait":0,"open_files":0,"os_bytes_in_sec":490,"os_bytes_out_sec":359,"total_procs":479},"count":1}},"date":1638840780,"epoch_div":27314013},{"groups":{"main":{"totals":{"load_avg":3.98388671875,"cpu_usage":100,"mem_used":8553934848,"mem_free":6111633408,"tcp_conns":17,"disk_usage_root":6.12,"disk_read_sec":1031372,"disk_write_sec":191897,"disk_iops_sec":41,"io_wait":0,"open_files":0,"os_bytes_in_sec":318,"os_bytes_out_sec":610,"total_procs":478},"count":1}},"date":1638840840,"epoch_div":27314014},{"groups":{"main":{"totals":{"load_avg":3.10986328125,"cpu_usage":100,"mem_used":8557539328,"mem_free":6083219456,"tcp_conns":17,"disk_usage_root":6.12,"disk_read_sec":568320,"disk_write_sec":181452,"disk_iops_sec":42,"io_wait":0,"open_files":0,"os_bytes_in_sec":319,"os_bytes_out_sec":563,"total_procs":477},"count":1}},"date":1638840900,"epoch_div":27314015},{"groups":{"main":{"totals":{"load_avg":2.41015625,"cpu_usage":100,"mem_used":8500019200,"mem_free":6212861952,"tcp_conns":14,"disk_usage_root":6.12,"disk_read_sec":790801,"disk_write_sec":140083,"disk_iops_sec":42,"io_wait":0,"open_files":0,"os_bytes_in_sec":379,"os_bytes_out_sec":644,"total_procs":478},"count":1}},"date":1638840960,"epoch_div":27314016},{"groups":{"main":{"totals":{"load_avg":1.66015625,"cpu_usage":100,"mem_used":8485621760,"mem_free":6163529728,"tcp_conns":14,"disk_usage_root":6.12,"disk_read_sec":115590,"disk_write_sec":154259,"disk_iops_sec":28,"io_wait":0,"open_files":0,"os_bytes_in_sec":490,"os_bytes_out_sec":598,"total_procs":477},"count":1}},"date":1638841020,"epoch_div":27314017},{"groups":{"main":{"totals":{"load_avg":1.66455078125,"cpu_usage":100,"mem_used":8507707392,"mem_free":6221004800,"tcp_conns":20,"disk_usage_root":6.12,"disk_read_sec":3601525,"disk_write_sec":324054,"disk_iops_sec":185,"io_wait":0,"open_files":0,"os_bytes_in_sec":22183,"os_bytes_out_sec":3512,"total_procs":483},"count":1}},"date":1638841080,"epoch_div":27314018},{"groups":{"main":{"totals":{"load_avg":2.408203125,"cpu_usage":100,"mem_used":8470126592,"mem_free":6265896960,"tcp_conns":23,"disk_usage_root":6.12,"disk_read_sec":249924,"disk_write_sec":215722,"disk_iops_sec":51,"io_wait":0,"open_files":0,"os_bytes_in_sec":334,"os_bytes_out_sec":511,"total_procs":479},"count":1}},"date":1638841140,"epoch_div":27314019},{"groups":{"main":{"totals":{"load_avg":2.5859375,"cpu_usage":100,"mem_used":8521871360,"mem_free":6113898496,"tcp_conns":18,"disk_usage_root":6.12,"disk_read_sec":461277,"disk_write_sec":205824,"disk_iops_sec":42,"io_wait":0,"open_files":0,"os_bytes_in_sec":361,"os_bytes_out_sec":534,"total_procs":478},"count":1}},"date":1638841200,"epoch_div":27314020},{"groups":{"main":{"totals":{"load_avg":7.4912109375,"cpu_usage":100,"mem_used":8184340480,"mem_free":6103064576,"tcp_conns":20,"disk_usage_root":6.12,"disk_read_sec":800631,"disk_write_sec":213879,"disk_iops_sec":58,"io_wait":0,"open_files":0,"os_bytes_in_sec":451,"os_bytes_out_sec":694,"total_procs":473},"count":1}},"date":1638841260,"epoch_div":27314021},{"groups":{"main":{"totals":{"load_avg":3.81396484375,"cpu_usage":100,"mem_used":8238080000,"mem_free":6159278080,"tcp_conns":17,"disk_usage_root":6.12,"disk_read_sec":142267,"disk_write_sec":179336,"disk_iops_sec":34,"io_wait":0,"open_files":0,"os_bytes_in_sec":299,"os_bytes_out_sec":290,"total_procs":468},"count":1}},"date":1638841320,"epoch_div":27314022},{"groups":{"main":{"totals":{"load_avg":2.76806640625,"cpu_usage":100,"mem_used":8363548672,"mem_free":5994991616,"tcp_conns":17,"disk_usage_root":6.12,"disk_read_sec":1611844,"disk_write_sec":196676,"disk_iops_sec":84,"io_wait":0,"open_files":0,"os_bytes_in_sec":290,"os_bytes_out_sec":394,"total_procs":471},"count":1}},"date":1638841380,"epoch_div":27314023},{"groups":{"main":{"totals":{"load_avg":2.65087890625,"cpu_usage":100,"mem_used":8328585216,"mem_free":5986062336,"tcp_conns":17,"disk_usage_root":6.12,"disk_read_sec":70881,"disk_write_sec":211742,"disk_iops_sec":32,"io_wait":0,"open_files":0,"os_bytes_in_sec":267,"os_bytes_out_sec":405,"total_procs":469},"count":1}},"date":1638841440,"epoch_div":27314024},{"groups":{"main":{"totals":{"load_avg":2.52978515625,"cpu_usage":100,"mem_used":8349282304,"mem_free":5972582400,"tcp_conns":17,"disk_usage_root":6.12,"disk_read_sec":26760,"disk_write_sec":145612,"disk_iops_sec":24,"io_wait":0,"open_files":0,"os_bytes_in_sec":233,"os_bytes_out_sec":348,"total_procs":468},"count":1}},"date":1638841500,"epoch_div":27314025},{"groups":{"main":{"totals":{"load_avg":2.24462890625,"cpu_usage":100,"mem_used":8339513344,"mem_free":5967933440,"tcp_conns":16,"disk_usage_root":6.12,"disk_read_sec":57746,"disk_write_sec":141748,"disk_iops_sec":22,"io_wait":0,"open_files":0,"os_bytes_in_sec":229,"os_bytes_out_sec":274,"total_procs":468},"count":1}},"date":1638841560,"epoch_div":27314026},{"groups":{"main":{"totals":{"load_avg":2.2412109375,"cpu_usage":100,"mem_used":8336203776,"mem_free":5951606784,"tcp_conns":16,"disk_usage_root":6.12,"disk_read_sec":24302,"disk_write_sec":95641,"disk_iops_sec":18,"io_wait":0,"open_files":0,"os_bytes_in_sec":315,"os_bytes_out_sec":309,"total_procs":465},"count":1}},"date":1638841620,"epoch_div":27314027},{"groups":{"main":{"totals":{"load_avg":3.86865234375,"cpu_usage":100,"mem_used":8487956480,"mem_free":5891014656,"tcp_conns":17,"disk_usage_root":6.12,"disk_read_sec":2100770,"disk_write_sec":202342,"disk_iops_sec":86,"io_wait":0,"open_files":0,"os_bytes_in_sec":1861,"os_bytes_out_sec":979,"total_procs":474},"count":1}},"date":1638841680,"epoch_div":27314028},{"groups":{"main":{"totals":{"load_avg":3.134765625,"cpu_usage":100,"mem_used":8454348800,"mem_free":6001180672,"tcp_conns":25,"disk_usage_root":6.12,"disk_read_sec":3701486,"disk_write_sec":355737,"disk_iops_sec":183,"io_wait":0,"open_files":0,"os_bytes_in_sec":22990,"os_bytes_out_sec":3248,"total_procs":487},"count":1}},"date":1638841740,"epoch_div":27314029},{"groups":{"main":{"totals":{"load_avg":2.171875,"cpu_usage":100,"mem_used":8439283712,"mem_free":6032035840,"tcp_conns":25,"disk_usage_root":6.12,"disk_read_sec":46899,"disk_write_sec":122675,"disk_iops_sec":22,"io_wait":0,"open_files":0,"os_bytes_in_sec":159,"os_bytes_out_sec":158,"total_procs":471},"count":1}},"date":1638841800,"epoch_div":27314030},{"groups":{"main":{"totals":{"load_avg":1.66748046875,"cpu_usage":100,"mem_used":8557412352,"mem_free":6061285376,"tcp_conns":20,"disk_usage_root":6.12,"disk_read_sec":18397,"disk_write_sec":148983,"disk_iops_sec":24,"io_wait":0,"open_files":0,"os_bytes_in_sec":485,"os_bytes_out_sec":675,"total_procs":474},"count":1}},"date":1638841860,"epoch_div":27314031},{"groups":{"main":{"totals":{"load_avg":1.53759765625,"cpu_usage":100,"mem_used":8473268224,"mem_free":6025089024,"tcp_conns":14,"disk_usage_root":6.12,"disk_read_sec":89641,"disk_write_sec":96759,"disk_iops_sec":23,"io_wait":0,"open_files":0,"os_bytes_in_sec":291,"os_bytes_out_sec":216,"total_procs":472},"count":1}},"date":1638841920,"epoch_div":27314032},{"groups":{"main":{"totals":{"load_avg":1.95751953125,"cpu_usage":100,"mem_used":8507785216,"mem_free":5955362816,"tcp_conns":16,"disk_usage_root":6.12,"disk_read_sec":1674922,"disk_write_sec":166161,"disk_iops_sec":88,"io_wait":0,"open_files":0,"os_bytes_in_sec":811,"os_bytes_out_sec":1070,"total_procs":478},"count":1}},"date":1638841980,"epoch_div":27314033},{"groups":{"main":{"totals":{"load_avg":1.96875,"cpu_usage":100,"mem_used":8464973824,"mem_free":5923315712,"tcp_conns":16,"disk_usage_root":6.12,"disk_read_sec":50995,"disk_write_sec":160358,"disk_iops_sec":30,"io_wait":0,"open_files":0,"os_bytes_in_sec":386,"os_bytes_out_sec":527,"total_procs":474},"count":1}},"date":1638842040,"epoch_div":27314034},{"groups":{"main":{"totals":{"load_avg":2.76318359375,"cpu_usage":100,"mem_used":8392101888,"mem_free":6045360128,"tcp_conns":16,"disk_usage_root":6.12,"disk_read_sec":110592,"disk_write_sec":161792,"disk_iops_sec":31,"io_wait":0,"open_files":0,"os_bytes_in_sec":345,"os_bytes_out_sec":595,"total_procs":472},"count":1}},"date":1638842100,"epoch_div":27314035},{"groups":{"main":{"totals":{"load_avg":2.4404296875,"cpu_usage":100,"mem_used":8398528512,"mem_free":6032338944,"tcp_conns":15,"disk_usage_root":6.12,"disk_read_sec":170666,"disk_write_sec":106973,"disk_iops_sec":22,"io_wait":0,"open_files":0,"os_bytes_in_sec":471,"os_bytes_out_sec":515,"total_procs":473},"count":1}},"date":1638842160,"epoch_div":27314036},{"groups":{"main":{"totals":{"load_avg":2.22900390625,"cpu_usage":100,"mem_used":8412512256,"mem_free":6006026240,"tcp_conns":14,"disk_usage_root":6.12,"disk_read_sec":6280,"disk_write_sec":142882,"disk_iops_sec":21,"io_wait":0,"open_files":0,"os_bytes_in_sec":454,"os_bytes_out_sec":519,"total_procs":473},"count":1}},"date":1638842220,"epoch_div":27314037},{"groups":{"main":{"totals":{"load_avg":1.89892578125,"cpu_usage":100,"mem_used":8355774464,"mem_free":5985476608,"tcp_conns":14,"disk_usage_root":6.12,"disk_read_sec":1698868,"disk_write_sec":592878,"disk_iops_sec":102,"io_wait":0,"open_files":0,"os_bytes_in_sec":756,"os_bytes_out_sec":1066,"total_procs":476},"count":1}},"date":1638842280,"epoch_div":27314038},{"groups":{"main":{"totals":{"load_avg":1.857421875,"cpu_usage":100,"mem_used":8343154688,"mem_free":6061019136,"tcp_conns":14,"disk_usage_root":6.12,"disk_read_sec":45329,"disk_write_sec":167458,"disk_iops_sec":27,"io_wait":0,"open_files":0,"os_bytes_in_sec":417,"os_bytes_out_sec":627,"total_procs":472},"count":1}},"date":1638842340,"epoch_div":27314039},{"groups":{"main":{"totals":{"load_avg":2.31396484375,"cpu_usage":100,"mem_used":8339820544,"mem_free":6053527552,"tcp_conns":14,"disk_usage_root":6.12,"disk_read_sec":29900,"disk_write_sec":143496,"disk_iops_sec":22,"io_wait":0,"open_files":0,"os_bytes_in_sec":333,"os_bytes_out_sec":601,"total_procs":475},"count":1}},"date":1638842400,"epoch_div":27314040},{"groups":{"main":{"totals":{"load_avg":2.12255859375,"cpu_usage":100,"mem_used":8360071168,"mem_free":6053507072,"tcp_conns":14,"disk_usage_root":6.12,"disk_read_sec":4230,"disk_write_sec":181566,"disk_iops_sec":29,"io_wait":0,"open_files":0,"os_bytes_in_sec":419,"os_bytes_out_sec":670,"total_procs":474},"count":1}},"date":1638842460,"epoch_div":27314041},{"groups":{"main":{"totals":{"load_avg":2.18896484375,"cpu_usage":100,"mem_used":8341499904,"mem_free":6097559552,"tcp_conns":13,"disk_usage_root":6.12,"disk_read_sec":163566,"disk_write_sec":180360,"disk_iops_sec":39,"io_wait":0,"open_files":0,"os_bytes_in_sec":368,"os_bytes_out_sec":308,"total_procs":473},"count":1}},"date":1638842520,"epoch_div":27314042},{"groups":{"main":{"totals":{"load_avg":1.943359375,"cpu_usage":100,"mem_used":8123408384,"mem_free":6222909440,"tcp_conns":14,"disk_usage_root":6.12,"disk_read_sec":1648435,"disk_write_sec":186026,"disk_iops_sec":96,"io_wait":0,"open_files":0,"os_bytes_in_sec":534,"os_bytes_out_sec":705,"total_procs":477},"count":1}},"date":1638842580,"epoch_div":27314043},{"groups":{"main":{"totals":{"load_avg":2.5439453125,"cpu_usage":100,"mem_used":8148258816,"mem_free":6251278336,"tcp_conns":14,"disk_usage_root":6.12,"disk_read_sec":53930,"disk_write_sec":209715,"disk_iops_sec":34,"io_wait":0,"open_files":0,"os_bytes_in_sec":379,"os_bytes_out_sec":534,"total_procs":474},"count":1}},"date":1638842640,"epoch_div":27314044},{"groups":{"main":{"totals":{"load_avg":2.2705078125,"cpu_usage":100,"mem_used":8188526592,"mem_free":6133129216,"tcp_conns":14,"disk_usage_root":6.12,"disk_read_sec":27352,"disk_write_sec":137389,"disk_iops_sec":21,"io_wait":0,"open_files":0,"os_bytes_in_sec":293,"os_bytes_out_sec":494,"total_procs":472},"count":1}},"date":1638842700,"epoch_div":27314045},{"groups":{"main":{"totals":{"load_avg":1.97216796875,"cpu_usage":100,"mem_used":8273625088,"mem_free":6182563840,"tcp_conns":14,"disk_usage_root":6.12,"disk_read_sec":80691,"disk_write_sec":165683,"disk_iops_sec":25,"io_wait":0,"open_files":0,"os_bytes_in_sec":224,"os_bytes_out_sec":255,"total_procs":473},"count":1}},"date":1638842760,"epoch_div":27314046},{"groups":{"main":{"totals":{"load_avg":2.85888671875,"cpu_usage":100,"mem_used":8241430528,"mem_free":6143524864,"tcp_conns":13,"disk_usage_root":6.12,"disk_read_sec":42705,"disk_write_sec":152827,"disk_iops_sec":23,"io_wait":0,"open_files":0,"os_bytes_in_sec":361,"os_bytes_out_sec":567,"total_procs":471},"count":1}},"date":1638842820,"epoch_div":27314047},{"groups":{"main":{"totals":{"load_avg":2.8173828125,"cpu_usage":100,"mem_used":8359677952,"mem_free":6092197888,"tcp_conns":15,"disk_usage_root":6.12,"disk_read_sec":331571,"disk_write_sec":147524,"disk_iops_sec":27,"io_wait":0,"open_files":0,"os_bytes_in_sec":517,"os_bytes_out_sec":608,"total_procs":475},"count":1}},"date":1638842880,"epoch_div":27314048},{"groups":{"main":{"totals":{"load_avg":2.47021484375,"cpu_usage":100,"mem_used":8100323328,"mem_free":6382800896,"tcp_conns":16,"disk_usage_root":6.12,"disk_read_sec":201181,"disk_write_sec":222003,"disk_iops_sec":38,"io_wait":0,"open_files":0,"os_bytes_in_sec":353,"os_bytes_out_sec":498,"total_procs":473},"count":1}},"date":1638842940,"epoch_div":27314049},{"groups":{"main":{"totals":{"load_avg":2.26025390625,"cpu_usage":100,"mem_used":8115363840,"mem_free":6247620608,"tcp_conns":15,"disk_usage_root":6.12,"disk_read_sec":24985,"disk_write_sec":229649,"disk_iops_sec":33,"io_wait":0,"open_files":0,"os_bytes_in_sec":603,"os_bytes_out_sec":554,"total_procs":474},"count":1}},"date":1638843000,"epoch_div":27314050},{"groups":{"main":{"totals":{"load_avg":2.26220703125,"cpu_usage":100,"mem_used":8140275712,"mem_free":6331965440,"tcp_conns":15,"disk_usage_root":6.12,"disk_read_sec":22801,"disk_write_sec":97553,"disk_iops_sec":15,"io_wait":0,"open_files":0,"os_bytes_in_sec":462,"os_bytes_out_sec":405,"total_procs":472},"count":1}},"date":1638843060,"epoch_div":27314051},{"groups":{"main":{"totals":{"load_avg":2.4228515625,"cpu_usage":100,"mem_used":8400207872,"mem_free":6025031680,"tcp_conns":19,"disk_usage_root":6.12,"disk_read_sec":1773636,"disk_write_sec":333892,"disk_iops_sec":120,"io_wait":0,"open_files":0,"os_bytes_in_sec":13625,"os_bytes_out_sec":3599,"total_procs":478},"count":1}},"date":1638843120,"epoch_div":27314052},{"groups":{"main":{"totals":{"load_avg":2.0263671875,"cpu_usage":100,"mem_used":8462843904,"mem_free":6019133440,"tcp_conns":18,"disk_usage_root":6.12,"disk_read_sec":893830,"disk_write_sec":161479,"disk_iops_sec":58,"io_wait":0,"open_files":0,"os_bytes_in_sec":392,"os_bytes_out_sec":445,"total_procs":478},"count":1}},"date":1638843180,"epoch_div":27314053},{"groups":{"main":{"totals":{"load_avg":2.16943359375,"cpu_usage":100,"mem_used":8201605120,"mem_free":6406868992,"tcp_conns":18,"disk_usage_root":6.12,"disk_read_sec":105757,"disk_write_sec":140002,"disk_iops_sec":31,"io_wait":0,"open_files":0,"os_bytes_in_sec":185,"os_bytes_out_sec":372,"total_procs":472},"count":1}},"date":1638843240,"epoch_div":27314054},{"groups":{"main":{"totals":{"load_avg":2.93359375,"cpu_usage":100,"mem_used":8472809472,"mem_free":6105808896,"tcp_conns":17,"disk_usage_root":6.12,"disk_read_sec":3075072,"disk_write_sec":273885,"disk_iops_sec":130,"io_wait":0,"open_files":0,"os_bytes_in_sec":1534,"os_bytes_out_sec":1246,"total_procs":477},"count":1}},"date":1638843300,"epoch_div":27314055},{"groups":{"main":{"totals":{"load_avg":2.2685546875,"cpu_usage":100,"mem_used":8569208832,"mem_free":6191120384,"tcp_conns":18,"disk_usage_root":6.12,"disk_read_sec":1742301,"disk_write_sec":233949,"disk_iops_sec":103,"io_wait":0,"open_files":0,"os_bytes_in_sec":2311,"os_bytes_out_sec":1157,"total_procs":477},"count":1}},"date":1638843360,"epoch_div":27314056},{"groups":{"main":{"totals":{"load_avg":3.02197265625,"cpu_usage":100,"mem_used":8500318208,"mem_free":6101065728,"tcp_conns":19,"disk_usage_root":6.12,"disk_read_sec":2310758,"disk_write_sec":244667,"disk_iops_sec":122,"io_wait":0,"open_files":0,"os_bytes_in_sec":2109,"os_bytes_out_sec":1607,"total_procs":487},"count":1}},"date":1638843420,"epoch_div":27314057},{"groups":{"main":{"totals":{"load_avg":2.1357421875,"cpu_usage":100,"mem_used":8353157120,"mem_free":6006394880,"tcp_conns":21,"disk_usage_root":6.12,"disk_read_sec":3644689,"disk_write_sec":5624627,"disk_iops_sec":197,"io_wait":0,"open_files":0,"os_bytes_in_sec":1865,"os_bytes_out_sec":1165,"total_procs":485},"count":1}},"date":1638843480,"epoch_div":27314058},{"groups":{"main":{"totals":{"load_avg":2.568359375,"cpu_usage":100,"mem_used":8520687616,"mem_free":5861564416,"tcp_conns":20,"disk_usage_root":6.12,"disk_read_sec":5173043,"disk_write_sec":4772249,"disk_iops_sec":202,"io_wait":0,"open_files":0,"os_bytes_in_sec":26147,"os_bytes_out_sec":5243,"total_procs":481},"count":1}},"date":1638843540,"epoch_div":27314059},{"groups":{"main":{"totals":{"load_avg":1.7578125,"cpu_usage":100,"mem_used":8470679552,"mem_free":6099202048,"tcp_conns":19,"disk_usage_root":6.12,"disk_read_sec":637952,"disk_write_sec":227874,"disk_iops_sec":52,"io_wait":0,"open_files":0,"os_bytes_in_sec":1158,"os_bytes_out_sec":992,"total_procs":480},"count":1}},"date":1638843600,"epoch_div":27314060},{"groups":{"main":{"totals":{"load_avg":2.5107421875,"cpu_usage":100,"mem_used":8511328256,"mem_free":6061916160,"tcp_conns":32,"disk_usage_root":6.12,"disk_read_sec":2671274,"disk_write_sec":396219,"disk_iops_sec":146,"io_wait":0,"open_files":0,"os_bytes_in_sec":88010,"os_bytes_out_sec":7065,"total_procs":492},"count":1}},"date":1638843660,"epoch_div":27314061},{"groups":{"main":{"totals":{"load_avg":1.81494140625,"cpu_usage":100,"mem_used":8556769280,"mem_free":6086795264,"tcp_conns":29,"disk_usage_root":6.12,"disk_read_sec":551389,"disk_write_sec":317508,"disk_iops_sec":67,"io_wait":0,"open_files":0,"os_bytes_in_sec":5182,"os_bytes_out_sec":1607,"total_procs":482},"count":1}},"date":1638843720,"epoch_div":27314062},{"groups":{"main":{"totals":{"load_avg":2.1533203125,"cpu_usage":100,"mem_used":8482963456,"mem_free":6123646976,"tcp_conns":27,"disk_usage_root":6.12,"disk_read_sec":366250,"disk_write_sec":218112,"disk_iops_sec":49,"io_wait":0,"open_files":0,"os_bytes_in_sec":745,"os_bytes_out_sec":715,"total_procs":481},"count":1}},"date":1638843780,"epoch_div":27314063},{"groups":{"main":{"totals":{"load_avg":2.69140625,"cpu_usage":100,"mem_used":8360206336,"mem_free":6301999104,"tcp_conns":25,"disk_usage_root":6.12,"disk_read_sec":2068206,"disk_write_sec":813875,"disk_iops_sec":101,"io_wait":0,"open_files":0,"os_bytes_in_sec":632,"os_bytes_out_sec":887,"total_procs":481},"count":1}},"date":1638843840,"epoch_div":27314064},{"groups":{"main":{"totals":{"load_avg":2.771484375,"cpu_usage":100,"mem_used":8417157120,"mem_free":6187974656,"tcp_conns":21,"disk_usage_root":6.12,"disk_read_sec":3163204,"disk_write_sec":330615,"disk_iops_sec":166,"io_wait":0,"open_files":0,"os_bytes_in_sec":4627,"os_bytes_out_sec":2206,"total_procs":482},"count":1}},"date":1638843900,"epoch_div":27314065}]}