{"type":"list_page","items":[{"date":1637197800,"epoch_div":27286630,"totals":{"load_avg":1.97021484375,"cpu_usage":100,"mem_used":8531120128,"mem_free":6279221248,"tcp_conns":48,"disk_usage_root":6.12,"disk_read_sec":274154,"disk_write_sec":155344,"disk_iops_sec":6,"io_wait":0,"open_files":0,"os_bytes_in_sec":161,"os_bytes_out_sec":132,"total_procs":416},"count":1},{"date":1637199180,"epoch_div":27286653,"totals":{"load_avg":2.6025390625,"cpu_usage":100,"mem_used":8545316864,"mem_free":6280097792,"tcp_conns":52,"disk_usage_root":6.12,"disk_read_sec":145295,"disk_write_sec":145315,"disk_iops_sec":4,"io_wait":0,"open_files":0,"os_bytes_in_sec":371,"os_bytes_out_sec":263,"total_procs":416},"count":1},{"date":1637199240,"epoch_div":27286654,"totals":{"load_avg":2.9033203125,"cpu_usage":100,"mem_used":8570105856,"mem_free":6280273920,"tcp_conns":49,"disk_usage_root":6.12,"disk_read_sec":701056,"disk_write_sec":482688,"disk_iops_sec":68,"io_wait":0,"open_files":0,"os_bytes_in_sec":2389,"os_bytes_out_sec":5472,"total_procs":416},"count":1}]}