{"type":"list_page","items":[{"date":1637974800,"epoch_div":27299580,"totals":{"load_avg":3.93408203125,"cpu_usage":100,"mem_used":8515362816,"mem_free":6182170624,"tcp_conns":81,"disk_usage_root":6.12,"disk_read_sec":340303,"disk_write_sec":60634,"disk_iops_sec":13,"io_wait":0,"open_files":0,"os_bytes_in_sec":657,"os_bytes_out_sec":4181,"total_procs":490},"count":1},{"date":1637974860,"epoch_div":27299581,"totals":{"load_avg":4.25,"cpu_usage":100,"mem_used":8308678656,"mem_free":6430982144,"tcp_conns":84,"disk_usage_root":6.12,"disk_read_sec":5657053,"disk_write_sec":6236706,"disk_iops_sec":159,"io_wait":0,"open_files":0,"os_bytes_in_sec":13227,"os_bytes_out_sec":12996,"total_procs":493},"count":1},{"date":1637974920,"epoch_div":27299582,"totals":{"load_avg":3.3359375,"cpu_usage":100,"mem_used":8409866240,"mem_free":6367436800,"tcp_conns":83,"disk_usage_root":6.12,"disk_read_sec":205824,"disk_write_sec":124245,"disk_iops_sec":22,"io_wait":0,"open_files":0,"os_bytes_in_sec":1096,"os_bytes_out_sec":3813,"total_procs":493},"count":1},{"date":1637974980,"epoch_div":27299583,"totals":{"load_avg":3.404296875,"cpu_usage":100,"mem_used":8464850944,"mem_free":6339006464,"tcp_conns":81,"disk_usage_root":6.12,"disk_read_sec":382498,"disk_write_sec":90862,"disk_iops_sec":18,"io_wait":0,"open_files":0,"os_bytes_in_sec":623,"os_bytes_out_sec":4459,"total_procs":492},"count":1},{"date":1637975040,"epoch_div":27299584,"totals":{"load_avg":4.056640625,"cpu_usage":100,"mem_used":8512176128,"mem_free":6328614912,"tcp_conns":81,"disk_usage_root":6.12,"disk_read_sec":604091,"disk_write_sec":96324,"disk_iops_sec":19,"io_wait":0,"open_files":0,"os_bytes_in_sec":551,"os_bytes_out_sec":3641,"total_procs":494},"count":1},{"date":1637975100,"epoch_div":27299585,"totals":{"load_avg":4.47802734375,"cpu_usage":100,"mem_used":8536150016,"mem_free":6323019776,"tcp_conns":80,"disk_usage_root":6.12,"disk_read_sec":196330,"disk_write_sec":89348,"disk_iops_sec":16,"io_wait":0,"open_files":0,"os_bytes_in_sec":563,"os_bytes_out_sec":3622,"total_procs":490},"count":1},{"date":1637975160,"epoch_div":27299586,"totals":{"load_avg":5.943359375,"cpu_usage":100,"mem_used":8507351040,"mem_free":6230138880,"tcp_conns":102,"disk_usage_root":6.12,"disk_read_sec":3523037,"disk_write_sec":600610,"disk_iops_sec":131,"io_wait":0,"open_files":0,"os_bytes_in_sec":10081,"os_bytes_out_sec":33434,"total_procs":491},"count":1},{"date":1637975220,"epoch_div":27299587,"totals":{"load_avg":4.7529296875,"cpu_usage":100,"mem_used":8413335552,"mem_free":6257610752,"tcp_conns":115,"disk_usage_root":6.12,"disk_read_sec":5020017,"disk_write_sec":405504,"disk_iops_sec":268,"io_wait":0,"open_files":0,"os_bytes_in_sec":28470,"os_bytes_out_sec":101996,"total_procs":495},"count":1},{"date":1637975280,"epoch_div":27299588,"totals":{"load_avg":4.599609375,"cpu_usage":100,"mem_used":8290766848,"mem_free":6287966208,"tcp_conns":157,"disk_usage_root":6.12,"disk_read_sec":3737395,"disk_write_sec":654745,"disk_iops_sec":272,"io_wait":0,"open_files":0,"os_bytes_in_sec":32478,"os_bytes_out_sec":133675,"total_procs":484},"count":1},{"date":1637975340,"epoch_div":27299589,"totals":{"load_avg":5.21044921875,"cpu_usage":100,"mem_used":8453885952,"mem_free":6219481088,"tcp_conns":133,"disk_usage_root":6.12,"disk_read_sec":635153,"disk_write_sec":380245,"disk_iops_sec":74,"io_wait":0,"open_files":0,"os_bytes_in_sec":13447,"os_bytes_out_sec":85163,"total_procs":490},"count":1},{"date":1637975400,"epoch_div":27299590,"totals":{"load_avg":4.0732421875,"cpu_usage":100,"mem_used":8437506048,"mem_free":6202855424,"tcp_conns":120,"disk_usage_root":6.12,"disk_read_sec":107997,"disk_write_sec":89224,"disk_iops_sec":15,"io_wait":0,"open_files":0,"os_bytes_in_sec":555,"os_bytes_out_sec":756,"total_procs":488},"count":1},{"date":1637975460,"epoch_div":27299591,"totals":{"load_avg":3.27880859375,"cpu_usage":100,"mem_used":8528293888,"mem_free":6184951808,"tcp_conns":118,"disk_usage_root":6.12,"disk_read_sec":831829,"disk_write_sec":155989,"disk_iops_sec":24,"io_wait":0,"open_files":0,"os_bytes_in_sec":384,"os_bytes_out_sec":616,"total_procs":491},"count":1},{"date":1637975520,"epoch_div":27299592,"totals":{"load_avg":3.68798828125,"cpu_usage":100,"mem_used":8529936384,"mem_free":6192414720,"tcp_conns":114,"disk_usage_root":6.12,"disk_read_sec":158651,"disk_write_sec":111069,"disk_iops_sec":20,"io_wait":0,"open_files":0,"os_bytes_in_sec":777,"os_bytes_out_sec":670,"total_procs":488},"count":1},{"date":1637975580,"epoch_div":27299593,"totals":{"load_avg":4.23974609375,"cpu_usage":100,"mem_used":8549212160,"mem_free":6193086464,"tcp_conns":111,"disk_usage_root":6.12,"disk_read_sec":170643,"disk_write_sec":90736,"disk_iops_sec":17,"io_wait":0,"open_files":0,"os_bytes_in_sec":428,"os_bytes_out_sec":432,"total_procs":490},"count":1},{"date":1637975640,"epoch_div":27299594,"totals":{"load_avg":3.48828125,"cpu_usage":100,"mem_used":8566960128,"mem_free":6197755904,"tcp_conns":98,"disk_usage_root":6.12,"disk_read_sec":235284,"disk_write_sec":120194,"disk_iops_sec":31,"io_wait":0,"open_files":0,"os_bytes_in_sec":886,"os_bytes_out_sec":1194,"total_procs":489},"count":1},{"date":1637975700,"epoch_div":27299595,"totals":{"load_avg":3.9453125,"cpu_usage":100,"mem_used":8569671680,"mem_free":6205906944,"tcp_conns":83,"disk_usage_root":6.12,"disk_read_sec":168755,"disk_write_sec":85606,"disk_iops_sec":21,"io_wait":0,"open_files":0,"os_bytes_in_sec":194,"os_bytes_out_sec":344,"total_procs":489},"count":1},{"date":1637975760,"epoch_div":27299596,"totals":{"load_avg":3.44580078125,"cpu_usage":100,"mem_used":8569995264,"mem_free":6215688192,"tcp_conns":85,"disk_usage_root":6.12,"disk_read_sec":340104,"disk_write_sec":90521,"disk_iops_sec":51,"io_wait":0,"open_files":0,"os_bytes_in_sec":557,"os_bytes_out_sec":693,"total_procs":488},"count":1},{"date":1637975820,"epoch_div":27299597,"totals":{"load_avg":3.68798828125,"cpu_usage":100,"mem_used":8567123968,"mem_free":6216765440,"tcp_conns":84,"disk_usage_root":6.12,"disk_read_sec":156967,"disk_write_sec":91778,"disk_iops_sec":25,"io_wait":0,"open_files":0,"os_bytes_in_sec":351,"os_bytes_out_sec":477,"total_procs":491},"count":1},{"date":1637975880,"epoch_div":27299598,"totals":{"load_avg":3.06591796875,"cpu_usage":100,"mem_used":8571691008,"mem_free":6217871360,"tcp_conns":82,"disk_usage_root":6.12,"disk_read_sec":151484,"disk_write_sec":88567,"disk_iops_sec":20,"io_wait":0,"open_files":0,"os_bytes_in_sec":248,"os_bytes_out_sec":1005,"total_procs":488},"count":1},{"date":1637975940,"epoch_div":27299599,"totals":{"load_avg":3.77099609375,"cpu_usage":100,"mem_used":8428732416,"mem_free":6263377920,"tcp_conns":120,"disk_usage_root":6.12,"disk_read_sec":2328166,"disk_write_sec":163635,"disk_iops_sec":122,"io_wait":0,"open_files":0,"os_bytes_in_sec":10761,"os_bytes_out_sec":32463,"total_procs":487},"count":1},{"date":1637976000,"epoch_div":27299600,"totals":{"load_avg":3.82958984375,"cpu_usage":100,"mem_used":8372252672,"mem_free":6264291328,"tcp_conns":103,"disk_usage_root":6.12,"disk_read_sec":115165,"disk_write_sec":151005,"disk_iops_sec":26,"io_wait":0,"open_files":0,"os_bytes_in_sec":3227,"os_bytes_out_sec":20110,"total_procs":485},"count":1},{"date":1637976060,"epoch_div":27299601,"totals":{"load_avg":4.30419921875,"cpu_usage":100,"mem_used":8416264192,"mem_free":6243958784,"tcp_conns":102,"disk_usage_root":6.12,"disk_read_sec":120832,"disk_write_sec":97962,"disk_iops_sec":18,"io_wait":0,"open_files":0,"os_bytes_in_sec":261,"os_bytes_out_sec":427,"total_procs":486},"count":1},{"date":1637976120,"epoch_div":27299602,"totals":{"load_avg":4.66552734375,"cpu_usage":100,"mem_used":8459132928,"mem_free":6228258816,"tcp_conns":102,"disk_usage_root":6.12,"disk_read_sec":172578,"disk_write_sec":107178,"disk_iops_sec":19,"io_wait":0,"open_files":0,"os_bytes_in_sec":820,"os_bytes_out_sec":928,"total_procs":488},"count":1},{"date":1637976180,"epoch_div":27299603,"totals":{"load_avg":5.43505859375,"cpu_usage":100,"mem_used":8493391872,"mem_free":6294712320,"tcp_conns":127,"disk_usage_root":6.12,"disk_read_sec":2642614,"disk_write_sec":231597,"disk_iops_sec":132,"io_wait":0,"open_files":0,"os_bytes_in_sec":14322,"os_bytes_out_sec":40269,"total_procs":495},"count":1},{"date":1637976240,"epoch_div":27299604,"totals":{"load_avg":5.64013671875,"cpu_usage":100,"mem_used":8456028160,"mem_free":6317215744,"tcp_conns":118,"disk_usage_root":6.12,"disk_read_sec":2847470,"disk_write_sec":362222,"disk_iops_sec":199,"io_wait":0,"open_files":0,"os_bytes_in_sec":17583,"os_bytes_out_sec":70299,"total_procs":491},"count":1},{"date":1637976300,"epoch_div":27299605,"totals":{"load_avg":4.45751953125,"cpu_usage":100,"mem_used":8453722112,"mem_free":6321897472,"tcp_conns":111,"disk_usage_root":6.12,"disk_read_sec":198018,"disk_write_sec":83464,"disk_iops_sec":16,"io_wait":0,"open_files":0,"os_bytes_in_sec":407,"os_bytes_out_sec":571,"total_procs":490},"count":1},{"date":1637976360,"epoch_div":27299606,"totals":{"load_avg":4.42236328125,"cpu_usage":100,"mem_used":8491540480,"mem_free":6364254208,"tcp_conns":139,"disk_usage_root":6.12,"disk_read_sec":3675613,"disk_write_sec":360516,"disk_iops_sec":192,"io_wait":0,"open_files":0,"os_bytes_in_sec":19588,"os_bytes_out_sec":93521,"total_procs":488},"count":1},{"date":1637976420,"epoch_div":27299607,"totals":{"load_avg":7.02685546875,"cpu_usage":100,"mem_used":8408436736,"mem_free":6206304256,"tcp_conns":185,"disk_usage_root":6.12,"disk_read_sec":6897595,"disk_write_sec":8850568,"disk_iops_sec":283,"io_wait":0,"open_files":0,"os_bytes_in_sec":83053,"os_bytes_out_sec":145112,"total_procs":490},"count":1},{"date":1637976480,"epoch_div":27299608,"totals":{"load_avg":5.62158203125,"cpu_usage":100,"mem_used":8401338368,"mem_free":6178099200,"tcp_conns":155,"disk_usage_root":6.12,"disk_read_sec":160221,"disk_write_sec":110455,"disk_iops_sec":18,"io_wait":0,"open_files":0,"os_bytes_in_sec":558,"os_bytes_out_sec":1457,"total_procs":486},"count":1},{"date":1637976540,"epoch_div":27299609,"totals":{"load_avg":4.9462890625,"cpu_usage":100,"mem_used":8553992192,"mem_free":6140633088,"tcp_conns":146,"disk_usage_root":6.12,"disk_read_sec":180155,"disk_write_sec":134144,"disk_iops_sec":22,"io_wait":0,"open_files":0,"os_bytes_in_sec":402,"os_bytes_out_sec":635,"total_procs":487},"count":1},{"date":1637976600,"epoch_div":27299610,"totals":{"load_avg":4.2841796875,"cpu_usage":100,"mem_used":8568971264,"mem_free":6155022336,"tcp_conns":140,"disk_usage_root":6.12,"disk_read_sec":508928,"disk_write_sec":102195,"disk_iops_sec":26,"io_wait":0,"open_files":0,"os_bytes_in_sec":418,"os_bytes_out_sec":1332,"total_procs":485},"count":1},{"date":1637976660,"epoch_div":27299611,"totals":{"load_avg":4.03564453125,"cpu_usage":100,"mem_used":8570392576,"mem_free":6160625664,"tcp_conns":125,"disk_usage_root":6.12,"disk_read_sec":532827,"disk_write_sec":122741,"disk_iops_sec":38,"io_wait":0,"open_files":0,"os_bytes_in_sec":830,"os_bytes_out_sec":965,"total_procs":489},"count":1},{"date":1637976720,"epoch_div":27299612,"totals":{"load_avg":4.1630859375,"cpu_usage":100,"mem_used":8552689664,"mem_free":6172291072,"tcp_conns":112,"disk_usage_root":6.12,"disk_read_sec":372870,"disk_write_sec":268590,"disk_iops_sec":39,"io_wait":0,"open_files":0,"os_bytes_in_sec":1247,"os_bytes_out_sec":1245,"total_procs":488},"count":1},{"date":1637976780,"epoch_div":27299613,"totals":{"load_avg":4.34033203125,"cpu_usage":100,"mem_used":8570482688,"mem_free":6177763328,"tcp_conns":97,"disk_usage_root":6.12,"disk_read_sec":644505,"disk_write_sec":271633,"disk_iops_sec":32,"io_wait":0,"open_files":0,"os_bytes_in_sec":614,"os_bytes_out_sec":2360,"total_procs":487},"count":1},{"date":1637976840,"epoch_div":27299614,"totals":{"load_avg":4.140625,"cpu_usage":100,"mem_used":8570445824,"mem_free":6185885696,"tcp_conns":89,"disk_usage_root":6.12,"disk_read_sec":569685,"disk_write_sec":110523,"disk_iops_sec":60,"io_wait":0,"open_files":0,"os_bytes_in_sec":358,"os_bytes_out_sec":1292,"total_procs":486},"count":1},{"date":1637976900,"epoch_div":27299615,"totals":{"load_avg":3.75,"cpu_usage":100,"mem_used":8571432960,"mem_free":6187454464,"tcp_conns":88,"disk_usage_root":6.12,"disk_read_sec":276070,"disk_write_sec":127453,"disk_iops_sec":26,"io_wait":0,"open_files":0,"os_bytes_in_sec":5863,"os_bytes_out_sec":823,"total_procs":486},"count":1},{"date":1637976960,"epoch_div":27299616,"totals":{"load_avg":3.6328125,"cpu_usage":100,"mem_used":8558669824,"mem_free":6203265024,"tcp_conns":88,"disk_usage_root":6.12,"disk_read_sec":348160,"disk_write_sec":395298,"disk_iops_sec":51,"io_wait":0,"open_files":0,"os_bytes_in_sec":642,"os_bytes_out_sec":834,"total_procs":490},"count":1},{"date":1637977020,"epoch_div":27299617,"totals":{"load_avg":9.80810546875,"cpu_usage":100,"mem_used":8319729664,"mem_free":6487523328,"tcp_conns":174,"disk_usage_root":6.12,"disk_read_sec":15121693,"disk_write_sec":3082609,"disk_iops_sec":502,"io_wait":0,"open_files":0,"os_bytes_in_sec":46608,"os_bytes_out_sec":207765,"total_procs":498},"count":1,"alerts":{"load_avg_high":true}},{"date":1637977080,"epoch_div":27299618,"totals":{"load_avg":6.22119140625,"cpu_usage":100,"mem_used":8569446400,"mem_free":6367055872,"tcp_conns":156,"disk_usage_root":6.12,"disk_read_sec":530158,"disk_write_sec":375330,"disk_iops_sec":95,"io_wait":0,"open_files":0,"os_bytes_in_sec":4022,"os_bytes_out_sec":59684,"total_procs":488},"count":1},{"date":1637977140,"epoch_div":27299619,"totals":{"load_avg":5.14794921875,"cpu_usage":100,"mem_used":8566980608,"mem_free":6409625600,"tcp_conns":131,"disk_usage_root":6.12,"disk_read_sec":271018,"disk_write_sec":115643,"disk_iops_sec":28,"io_wait":0,"open_files":0,"os_bytes_in_sec":417,"os_bytes_out_sec":914,"total_procs":487},"count":1},{"date":1637977200,"epoch_div":27299620,"totals":{"load_avg":4.45849609375,"cpu_usage":100,"mem_used":8569044992,"mem_free":6401056768,"tcp_conns":127,"disk_usage_root":6.12,"disk_read_sec":139400,"disk_write_sec":102536,"disk_iops_sec":20,"io_wait":0,"open_files":0,"os_bytes_in_sec":404,"os_bytes_out_sec":702,"total_procs":486},"count":1},{"date":1637977260,"epoch_div":27299621,"totals":{"load_avg":3.60546875,"cpu_usage":100,"mem_used":8571031552,"mem_free":6397087744,"tcp_conns":116,"disk_usage_root":6.12,"disk_read_sec":253064,"disk_write_sec":122606,"disk_iops_sec":36,"io_wait":0,"open_files":0,"os_bytes_in_sec":430,"os_bytes_out_sec":629,"total_procs":487},"count":1},{"date":1637977320,"epoch_div":27299622,"totals":{"load_avg":4.7548828125,"cpu_usage":100,"mem_used":8560644096,"mem_free":6466605056,"tcp_conns":152,"disk_usage_root":6.12,"disk_read_sec":2741404,"disk_write_sec":314420,"disk_iops_sec":153,"io_wait":0,"open_files":0,"os_bytes_in_sec":17754,"os_bytes_out_sec":108434,"total_procs":489},"count":1},{"date":1637977380,"epoch_div":27299623,"totals":{"load_avg":5.05712890625,"cpu_usage":100,"mem_used":8448339968,"mem_free":6524366848,"tcp_conns":129,"disk_usage_root":6.12,"disk_read_sec":6206044,"disk_write_sec":2270795,"disk_iops_sec":271,"io_wait":0,"open_files":0,"os_bytes_in_sec":40245,"os_bytes_out_sec":14781,"total_procs":494},"count":1},{"date":1637977440,"epoch_div":27299624,"totals":{"load_avg":5.51806640625,"cpu_usage":100,"mem_used":8535871488,"mem_free":6509412352,"tcp_conns":120,"disk_usage_root":6.12,"disk_read_sec":2925431,"disk_write_sec":357376,"disk_iops_sec":113,"io_wait":0,"open_files":0,"os_bytes_in_sec":13930,"os_bytes_out_sec":4655,"total_procs":490},"count":1},{"date":1637977500,"epoch_div":27299625,"totals":{"load_avg":4.626953125,"cpu_usage":100,"mem_used":8452059136,"mem_free":6536638464,"tcp_conns":120,"disk_usage_root":6.12,"disk_read_sec":3014929,"disk_write_sec":536985,"disk_iops_sec":209,"io_wait":0,"open_files":0,"os_bytes_in_sec":67416,"os_bytes_out_sec":5376,"total_procs":491},"count":1},{"date":1637977560,"epoch_div":27299626,"totals":{"load_avg":4.1455078125,"cpu_usage":100,"mem_used":8382840832,"mem_free":6591860736,"tcp_conns":112,"disk_usage_root":6.12,"disk_read_sec":1158212,"disk_write_sec":374306,"disk_iops_sec":81,"io_wait":0,"open_files":0,"os_bytes_in_sec":61294,"os_bytes_out_sec":14013,"total_procs":494},"count":1},{"date":1637977620,"epoch_div":27299627,"totals":{"load_avg":4.8876953125,"cpu_usage":100,"mem_used":8509853696,"mem_free":6522064896,"tcp_conns":102,"disk_usage_root":6.12,"disk_read_sec":74478,"disk_write_sec":92706,"disk_iops_sec":16,"io_wait":0,"open_files":0,"os_bytes_in_sec":302,"os_bytes_out_sec":602,"total_procs":487},"count":1},{"date":1637977680,"epoch_div":27299628,"totals":{"load_avg":4.4609375,"cpu_usage":100,"mem_used":8555003904,"mem_free":6464663552,"tcp_conns":95,"disk_usage_root":6.12,"disk_read_sec":409326,"disk_write_sec":679594,"disk_iops_sec":24,"io_wait":0,"open_files":0,"os_bytes_in_sec":470,"os_bytes_out_sec":775,"total_procs":488},"count":1},{"date":1637977740,"epoch_div":27299629,"totals":{"load_avg":3.75927734375,"cpu_usage":100,"mem_used":8568434688,"mem_free":6474780672,"tcp_conns":91,"disk_usage_root":6.12,"disk_read_sec":212656,"disk_write_sec":96155,"disk_iops_sec":19,"io_wait":0,"open_files":0,"os_bytes_in_sec":322,"os_bytes_out_sec":950,"total_procs":488},"count":1},{"date":1637977800,"epoch_div":27299630,"totals":{"load_avg":3.46630859375,"cpu_usage":100,"mem_used":8543272960,"mem_free":6475624448,"tcp_conns":87,"disk_usage_root":6.12,"disk_read_sec":47832,"disk_write_sec":82058,"disk_iops_sec":14,"io_wait":0,"open_files":0,"os_bytes_in_sec":403,"os_bytes_out_sec":397,"total_procs":486},"count":1},{"date":1637977860,"epoch_div":27299631,"totals":{"load_avg":3.76318359375,"cpu_usage":100,"mem_used":8571146240,"mem_free":6460686336,"tcp_conns":88,"disk_usage_root":6.12,"disk_read_sec":178926,"disk_write_sec":109772,"disk_iops_sec":24,"io_wait":0,"open_files":0,"os_bytes_in_sec":688,"os_bytes_out_sec":766,"total_procs":487},"count":1},{"date":1637977920,"epoch_div":27299632,"totals":{"load_avg":3.80615234375,"cpu_usage":100,"mem_used":8565342208,"mem_free":6467403776,"tcp_conns":88,"disk_usage_root":6.12,"disk_read_sec":357512,"disk_write_sec":143564,"disk_iops_sec":43,"io_wait":0,"open_files":0,"os_bytes_in_sec":1434,"os_bytes_out_sec":1168,"total_procs":486},"count":1},{"date":1637977980,"epoch_div":27299633,"totals":{"load_avg":3.8125,"cpu_usage":100,"mem_used":8569712640,"mem_free":6474616832,"tcp_conns":84,"disk_usage_root":6.12,"disk_read_sec":172168,"disk_write_sec":103424,"disk_iops_sec":44,"io_wait":0,"open_files":0,"os_bytes_in_sec":659,"os_bytes_out_sec":837,"total_procs":487},"count":1},{"date":1637978040,"epoch_div":27299634,"totals":{"load_avg":3.90478515625,"cpu_usage":100,"mem_used":8568426496,"mem_free":6464684032,"tcp_conns":81,"disk_usage_root":6.12,"disk_read_sec":58436,"disk_write_sec":95505,"disk_iops_sec":19,"io_wait":0,"open_files":0,"os_bytes_in_sec":295,"os_bytes_out_sec":343,"total_procs":486},"count":1},{"date":1637978100,"epoch_div":27299635,"totals":{"load_avg":3.99658203125,"cpu_usage":100,"mem_used":8564924416,"mem_free":6469976064,"tcp_conns":81,"disk_usage_root":6.12,"disk_read_sec":244531,"disk_write_sec":106222,"disk_iops_sec":33,"io_wait":0,"open_files":0,"os_bytes_in_sec":467,"os_bytes_out_sec":680,"total_procs":488},"count":1},{"date":1637978160,"epoch_div":27299636,"totals":{"load_avg":4.46142578125,"cpu_usage":100,"mem_used":8565649408,"mem_free":6461722624,"tcp_conns":81,"disk_usage_root":6.12,"disk_read_sec":208759,"disk_write_sec":90112,"disk_iops_sec":22,"io_wait":0,"open_files":0,"os_bytes_in_sec":611,"os_bytes_out_sec":915,"total_procs":486},"count":1},{"date":1637978220,"epoch_div":27299637,"totals":{"load_avg":4.90625,"cpu_usage":100,"mem_used":8570212352,"mem_free":6478135296,"tcp_conns":81,"disk_usage_root":6.12,"disk_read_sec":253542,"disk_write_sec":182613,"disk_iops_sec":42,"io_wait":0,"open_files":0,"os_bytes_in_sec":436,"os_bytes_out_sec":621,"total_procs":486},"count":1},{"date":1637978280,"epoch_div":27299638,"totals":{"load_avg":5.15283203125,"cpu_usage":100,"mem_used":8482127872,"mem_free":6495805440,"tcp_conns":138,"disk_usage_root":6.12,"disk_read_sec":2139477,"disk_write_sec":318054,"disk_iops_sec":117,"io_wait":0,"open_files":0,"os_bytes_in_sec":20239,"os_bytes_out_sec":29464,"total_procs":487},"count":1},{"date":1637978340,"epoch_div":27299639,"totals":{"load_avg":4.39111328125,"cpu_usage":100,"mem_used":8478638080,"mem_free":6336815104,"tcp_conns":126,"disk_usage_root":6.12,"disk_read_sec":2673277,"disk_write_sec":4334239,"disk_iops_sec":142,"io_wait":0,"open_files":0,"os_bytes_in_sec":6852,"os_bytes_out_sec":24573,"total_procs":487},"count":1}]}