{"type":"list_page","items":[{"date":1638295200,"epoch_div":27304920,"totals":{"load_avg":2.19482421875,"cpu_usage":100,"mem_used":8354009088,"mem_free":6227288064,"tcp_conns":136,"disk_usage_root":6.12,"disk_read_sec":5727300,"disk_write_sec":2304204,"disk_iops_sec":201,"io_wait":0,"open_files":0,"os_bytes_in_sec":13937,"os_bytes_out_sec":20605,"total_procs":434},"count":1},{"date":1638295260,"epoch_div":27304921,"totals":{"load_avg":2.59130859375,"cpu_usage":100,"mem_used":8448929792,"mem_free":6220623872,"tcp_conns":138,"disk_usage_root":6.12,"disk_read_sec":1726637,"disk_write_sec":140999,"disk_iops_sec":41,"io_wait":0,"open_files":0,"os_bytes_in_sec":5928,"os_bytes_out_sec":8022,"total_procs":433},"count":1},{"date":1638295320,"epoch_div":27304922,"totals":{"load_avg":2.65576171875,"cpu_usage":100,"mem_used":8377896960,"mem_free":6229237760,"tcp_conns":123,"disk_usage_root":6.12,"disk_read_sec":6073495,"disk_write_sec":4943401,"disk_iops_sec":116,"io_wait":0,"open_files":0,"os_bytes_in_sec":7020,"os_bytes_out_sec":14990,"total_procs":432},"count":1},{"date":1638295380,"epoch_div":27304923,"totals":{"load_avg":2.2509765625,"cpu_usage":100,"mem_used":8507174912,"mem_free":6243074048,"tcp_conns":132,"disk_usage_root":6.12,"disk_read_sec":1989973,"disk_write_sec":113732,"disk_iops_sec":63,"io_wait":0,"open_files":0,"os_bytes_in_sec":8665,"os_bytes_out_sec":20080,"total_procs":433},"count":1},{"date":1638295440,"epoch_div":27304924,"totals":{"load_avg":2.47705078125,"cpu_usage":100,"mem_used":8225386496,"mem_free":6237245440,"tcp_conns":125,"disk_usage_root":6.12,"disk_read_sec":3059507,"disk_write_sec":5371153,"disk_iops_sec":118,"io_wait":0,"open_files":0,"os_bytes_in_sec":7235,"os_bytes_out_sec":15392,"total_procs":432},"count":1},{"date":1638295500,"epoch_div":27304925,"totals":{"load_avg":2.2333984375,"cpu_usage":100,"mem_used":8416395264,"mem_free":6226079744,"tcp_conns":115,"disk_usage_root":6.12,"disk_read_sec":2683851,"disk_write_sec":107120,"disk_iops_sec":34,"io_wait":0,"open_files":0,"os_bytes_in_sec":1304,"os_bytes_out_sec":1964,"total_procs":435},"count":1},{"date":1638295560,"epoch_div":27304926,"totals":{"load_avg":2.7529296875,"cpu_usage":100,"mem_used":8470429696,"mem_free":6240960512,"tcp_conns":120,"disk_usage_root":6.12,"disk_read_sec":1273923,"disk_write_sec":144434,"disk_iops_sec":29,"io_wait":0,"open_files":0,"os_bytes_in_sec":7046,"os_bytes_out_sec":9381,"total_procs":432},"count":1},{"date":1638295620,"epoch_div":27304927,"totals":{"load_avg":3.05859375,"cpu_usage":100,"mem_used":8535023616,"mem_free":6263451648,"tcp_conns":109,"disk_usage_root":6.12,"disk_read_sec":871901,"disk_write_sec":125269,"disk_iops_sec":51,"io_wait":0,"open_files":0,"os_bytes_in_sec":980,"os_bytes_out_sec":2546,"total_procs":432},"count":1},{"date":1638295680,"epoch_div":27304928,"totals":{"load_avg":2.56787109375,"cpu_usage":100,"mem_used":8324730880,"mem_free":6223433728,"tcp_conns":115,"disk_usage_root":6.12,"disk_read_sec":4437606,"disk_write_sec":6845166,"disk_iops_sec":131,"io_wait":0,"open_files":0,"os_bytes_in_sec":4033,"os_bytes_out_sec":6415,"total_procs":433},"count":1},{"date":1638295740,"epoch_div":27304929,"totals":{"load_avg":3.02783203125,"cpu_usage":100,"mem_used":8491069440,"mem_free":6219390976,"tcp_conns":104,"disk_usage_root":6.12,"disk_read_sec":2602871,"disk_write_sec":287948,"disk_iops_sec":86,"io_wait":0,"open_files":0,"os_bytes_in_sec":3423,"os_bytes_out_sec":6663,"total_procs":435},"count":1},{"date":1638295800,"epoch_div":27304930,"totals":{"load_avg":2.30224609375,"cpu_usage":100,"mem_used":8402976768,"mem_free":6211235840,"tcp_conns":107,"disk_usage_root":6.12,"disk_read_sec":3919530,"disk_write_sec":2287069,"disk_iops_sec":185,"io_wait":0,"open_files":0,"os_bytes_in_sec":2592,"os_bytes_out_sec":4502,"total_procs":432},"count":1},{"date":1638295860,"epoch_div":27304931,"totals":{"load_avg":2.6962890625,"cpu_usage":100,"mem_used":8482889728,"mem_free":6189920256,"tcp_conns":139,"disk_usage_root":6.12,"disk_read_sec":1152955,"disk_write_sec":103150,"disk_iops_sec":50,"io_wait":0,"open_files":0,"os_bytes_in_sec":7445,"os_bytes_out_sec":13827,"total_procs":433},"count":1},{"date":1638295920,"epoch_div":27304932,"totals":{"load_avg":2.27783203125,"cpu_usage":100,"mem_used":8487366656,"mem_free":6201946112,"tcp_conns":122,"disk_usage_root":6.12,"disk_read_sec":2149444,"disk_write_sec":130594,"disk_iops_sec":92,"io_wait":0,"open_files":0,"os_bytes_in_sec":4825,"os_bytes_out_sec":9735,"total_procs":433},"count":1},{"date":1638295980,"epoch_div":27304933,"totals":{"load_avg":2.8017578125,"cpu_usage":100,"mem_used":8183185408,"mem_free":6213971968,"tcp_conns":125,"disk_usage_root":6.12,"disk_read_sec":4447641,"disk_write_sec":5091191,"disk_iops_sec":211,"io_wait":0,"open_files":0,"os_bytes_in_sec":7774,"os_bytes_out_sec":13973,"total_procs":433},"count":1},{"date":1638296040,"epoch_div":27304934,"totals":{"load_avg":3.435546875,"cpu_usage":100,"mem_used":8330526720,"mem_free":6197358592,"tcp_conns":139,"disk_usage_root":6.12,"disk_read_sec":1338163,"disk_write_sec":96392,"disk_iops_sec":30,"io_wait":0,"open_files":0,"os_bytes_in_sec":15015,"os_bytes_out_sec":16195,"total_procs":433},"count":1},{"date":1638296100,"epoch_div":27304935,"totals":{"load_avg":3.23681640625,"cpu_usage":100,"mem_used":8557481984,"mem_free":6210002944,"tcp_conns":149,"disk_usage_root":6.12,"disk_read_sec":3132634,"disk_write_sec":644414,"disk_iops_sec":64,"io_wait":0,"open_files":0,"os_bytes_in_sec":8654,"os_bytes_out_sec":9156,"total_procs":434},"count":1},{"date":1638296160,"epoch_div":27304936,"totals":{"load_avg":2.7783203125,"cpu_usage":100,"mem_used":8460378112,"mem_free":6162018304,"tcp_conns":140,"disk_usage_root":6.12,"disk_read_sec":5128261,"disk_write_sec":4088502,"disk_iops_sec":111,"io_wait":0,"open_files":0,"os_bytes_in_sec":13534,"os_bytes_out_sec":19017,"total_procs":434},"count":1},{"date":1638296220,"epoch_div":27304937,"totals":{"load_avg":3.23583984375,"cpu_usage":100,"mem_used":8490565632,"mem_free":6181736448,"tcp_conns":122,"disk_usage_root":6.12,"disk_read_sec":513774,"disk_write_sec":118988,"disk_iops_sec":25,"io_wait":0,"open_files":0,"os_bytes_in_sec":1488,"os_bytes_out_sec":2697,"total_procs":432},"count":1},{"date":1638296280,"epoch_div":27304938,"totals":{"load_avg":4.4208984375,"cpu_usage":100,"mem_used":8560533504,"mem_free":6205456384,"tcp_conns":128,"disk_usage_root":6.12,"disk_read_sec":948633,"disk_write_sec":176674,"disk_iops_sec":37,"io_wait":0,"open_files":0,"os_bytes_in_sec":12727,"os_bytes_out_sec":9345,"total_procs":434},"count":1},{"date":1638296340,"epoch_div":27304939,"totals":{"load_avg":3.76806640625,"cpu_usage":100,"mem_used":8391831552,"mem_free":6184648704,"tcp_conns":119,"disk_usage_root":6.12,"disk_read_sec":1159509,"disk_write_sec":4439176,"disk_iops_sec":64,"io_wait":0,"open_files":0,"os_bytes_in_sec":1432,"os_bytes_out_sec":2885,"total_procs":435},"count":1},{"date":1638296400,"epoch_div":27304940,"totals":{"load_avg":2.5732421875,"cpu_usage":100,"mem_used":8371466240,"mem_free":6147473408,"tcp_conns":117,"disk_usage_root":6.12,"disk_read_sec":4547106,"disk_write_sec":3253248,"disk_iops_sec":167,"io_wait":0,"open_files":0,"os_bytes_in_sec":8971,"os_bytes_out_sec":6841,"total_procs":434},"count":1},{"date":1638296460,"epoch_div":27304941,"totals":{"load_avg":2.00244140625,"cpu_usage":100,"mem_used":8495616000,"mem_free":6135906304,"tcp_conns":137,"disk_usage_root":6.12,"disk_read_sec":4429482,"disk_write_sec":119876,"disk_iops_sec":152,"io_wait":0,"open_files":0,"os_bytes_in_sec":13789,"os_bytes_out_sec":22411,"total_procs":434},"count":1},{"date":1638296520,"epoch_div":27304942,"totals":{"load_avg":2.7861328125,"cpu_usage":100,"mem_used":8469856256,"mem_free":6140903424,"tcp_conns":127,"disk_usage_root":6.12,"disk_read_sec":3341926,"disk_write_sec":1744964,"disk_iops_sec":119,"io_wait":0,"open_files":0,"os_bytes_in_sec":7899,"os_bytes_out_sec":15636,"total_procs":435},"count":1},{"date":1638296580,"epoch_div":27304943,"totals":{"load_avg":3.5146484375,"cpu_usage":100,"mem_used":8408391680,"mem_free":6100705280,"tcp_conns":132,"disk_usage_root":6.12,"disk_read_sec":3396403,"disk_write_sec":2038101,"disk_iops_sec":103,"io_wait":0,"open_files":0,"os_bytes_in_sec":8962,"os_bytes_out_sec":12544,"total_procs":434},"count":1},{"date":1638296640,"epoch_div":27304944,"totals":{"load_avg":3.00439453125,"cpu_usage":100,"mem_used":5884293120,"mem_free":7243456512,"tcp_conns":83,"disk_usage_root":6.12,"disk_read_sec":95387782,"disk_write_sec":104397102,"disk_iops_sec":1252,"io_wait":0,"open_files":0,"os_bytes_in_sec":12574,"os_bytes_out_sec":16592,"total_procs":422},"count":1}]}