{"type":"list_page","items":[{"date":1637254800,"epoch_div":27287580,"totals":{"load_avg":3.13671875,"cpu_usage":100,"mem_used":8478240768,"mem_free":6191214592,"tcp_conns":49,"disk_usage_root":6.12,"disk_read_sec":860562,"disk_write_sec":113747,"disk_iops_sec":62,"io_wait":0,"open_files":0,"os_bytes_in_sec":257,"os_bytes_out_sec":381,"total_procs":438},"count":1},{"date":1637254860,"epoch_div":27287581,"totals":{"load_avg":2.8544921875,"cpu_usage":100,"mem_used":8522506240,"mem_free":6206910464,"tcp_conns":47,"disk_usage_root":6.12,"disk_read_sec":1526784,"disk_write_sec":171349,"disk_iops_sec":59,"io_wait":0,"open_files":0,"os_bytes_in_sec":442,"os_bytes_out_sec":519,"total_procs":438},"count":1},{"date":1637254920,"epoch_div":27287582,"totals":{"load_avg":2.63525390625,"cpu_usage":100,"mem_used":8406044672,"mem_free":6268817408,"tcp_conns":46,"disk_usage_root":6.12,"disk_read_sec":6619340,"disk_write_sec":159675,"disk_iops_sec":205,"io_wait":0,"open_files":0,"os_bytes_in_sec":624,"os_bytes_out_sec":679,"total_procs":439},"count":1},{"date":1637254980,"epoch_div":27287583,"totals":{"load_avg":2.7099609375,"cpu_usage":100,"mem_used":8570847232,"mem_free":6261936128,"tcp_conns":51,"disk_usage_root":6.12,"disk_read_sec":7324808,"disk_write_sec":208281,"disk_iops_sec":113,"io_wait":0,"open_files":0,"os_bytes_in_sec":1426,"os_bytes_out_sec":1889,"total_procs":435},"count":1},{"date":1637255040,"epoch_div":27287584,"totals":{"load_avg":2.0634765625,"cpu_usage":100,"mem_used":8495181824,"mem_free":6263422976,"tcp_conns":45,"disk_usage_root":6.12,"disk_read_sec":1796300,"disk_write_sec":109021,"disk_iops_sec":78,"io_wait":0,"open_files":0,"os_bytes_in_sec":592,"os_bytes_out_sec":966,"total_procs":434},"count":1},{"date":1637255100,"epoch_div":27287585,"totals":{"load_avg":1.830078125,"cpu_usage":100,"mem_used":8509845504,"mem_free":6292545536,"tcp_conns":45,"disk_usage_root":6.12,"disk_read_sec":87859,"disk_write_sec":89975,"disk_iops_sec":17,"io_wait":0,"open_files":0,"os_bytes_in_sec":152,"os_bytes_out_sec":269,"total_procs":433},"count":1},{"date":1637255160,"epoch_div":27287586,"totals":{"load_avg":1.9462890625,"cpu_usage":100,"mem_used":8526929920,"mem_free":6287962112,"tcp_conns":44,"disk_usage_root":6.12,"disk_read_sec":121699,"disk_write_sec":78865,"disk_iops_sec":15,"io_wait":0,"open_files":0,"os_bytes_in_sec":181,"os_bytes_out_sec":315,"total_procs":433},"count":1},{"date":1637255220,"epoch_div":27287587,"totals":{"load_avg":2.68408203125,"cpu_usage":100,"mem_used":8531365888,"mem_free":6289780736,"tcp_conns":47,"disk_usage_root":6.12,"disk_read_sec":113210,"disk_write_sec":777971,"disk_iops_sec":22,"io_wait":0,"open_files":0,"os_bytes_in_sec":478,"os_bytes_out_sec":415,"total_procs":435},"count":1},{"date":1637255280,"epoch_div":27287588,"totals":{"load_avg":2.62109375,"cpu_usage":100,"mem_used":8510930944,"mem_free":6335123456,"tcp_conns":47,"disk_usage_root":6.12,"disk_read_sec":2348987,"disk_write_sec":141585,"disk_iops_sec":85,"io_wait":0,"open_files":0,"os_bytes_in_sec":7343,"os_bytes_out_sec":1096,"total_procs":436},"count":1},{"date":1637255340,"epoch_div":27287589,"totals":{"load_avg":2.2529296875,"cpu_usage":100,"mem_used":8495763456,"mem_free":6300782592,"tcp_conns":46,"disk_usage_root":6.12,"disk_read_sec":117691,"disk_write_sec":134280,"disk_iops_sec":25,"io_wait":0,"open_files":0,"os_bytes_in_sec":19633,"os_bytes_out_sec":701,"total_procs":433},"count":1},{"date":1637255400,"epoch_div":27287590,"totals":{"load_avg":2.228515625,"cpu_usage":100,"mem_used":8463216640,"mem_free":6298710016,"tcp_conns":47,"disk_usage_root":6.12,"disk_read_sec":207940,"disk_write_sec":96051,"disk_iops_sec":33,"io_wait":0,"open_files":0,"os_bytes_in_sec":344,"os_bytes_out_sec":401,"total_procs":433},"count":1},{"date":1637255460,"epoch_div":27287591,"totals":{"load_avg":2.67431640625,"cpu_usage":100,"mem_used":8468475904,"mem_free":6315917312,"tcp_conns":45,"disk_usage_root":6.12,"disk_read_sec":18466,"disk_write_sec":75116,"disk_iops_sec":13,"io_wait":0,"open_files":0,"os_bytes_in_sec":205,"os_bytes_out_sec":276,"total_procs":433},"count":1},{"date":1637255520,"epoch_div":27287592,"totals":{"load_avg":2.4853515625,"cpu_usage":100,"mem_used":8475713536,"mem_free":6274912256,"tcp_conns":45,"disk_usage_root":6.12,"disk_read_sec":64394,"disk_write_sec":98639,"disk_iops_sec":17,"io_wait":0,"open_files":0,"os_bytes_in_sec":205,"os_bytes_out_sec":294,"total_procs":433},"count":1},{"date":1637255580,"epoch_div":27287593,"totals":{"load_avg":2.34423828125,"cpu_usage":100,"mem_used":8483827712,"mem_free":6303866880,"tcp_conns":45,"disk_usage_root":6.12,"disk_read_sec":204322,"disk_write_sec":718984,"disk_iops_sec":20,"io_wait":0,"open_files":0,"os_bytes_in_sec":224,"os_bytes_out_sec":433,"total_procs":434},"count":1},{"date":1637255640,"epoch_div":27287594,"totals":{"load_avg":2.7138671875,"cpu_usage":100,"mem_used":8528248832,"mem_free":6369296384,"tcp_conns":58,"disk_usage_root":6.12,"disk_read_sec":4094498,"disk_write_sec":243165,"disk_iops_sec":117,"io_wait":0,"open_files":0,"os_bytes_in_sec":18215,"os_bytes_out_sec":5074,"total_procs":440},"count":1},{"date":1637255700,"epoch_div":27287595,"totals":{"load_avg":2.36474609375,"cpu_usage":100,"mem_used":8453156864,"mem_free":6368673792,"tcp_conns":58,"disk_usage_root":6.12,"disk_read_sec":78643,"disk_write_sec":167799,"disk_iops_sec":25,"io_wait":0,"open_files":0,"os_bytes_in_sec":859,"os_bytes_out_sec":1264,"total_procs":437},"count":1},{"date":1637255760,"epoch_div":27287596,"totals":{"load_avg":2.74853515625,"cpu_usage":100,"mem_used":8496304128,"mem_free":6360309760,"tcp_conns":51,"disk_usage_root":6.12,"disk_read_sec":90180,"disk_write_sec":117418,"disk_iops_sec":18,"io_wait":0,"open_files":0,"os_bytes_in_sec":843,"os_bytes_out_sec":1849,"total_procs":437},"count":1},{"date":1637255820,"epoch_div":27287597,"totals":{"load_avg":3.56201171875,"cpu_usage":100,"mem_used":8525934592,"mem_free":6703276032,"tcp_conns":60,"disk_usage_root":6.12,"disk_read_sec":7844187,"disk_write_sec":326360,"disk_iops_sec":213,"io_wait":0,"open_files":0,"os_bytes_in_sec":27543,"os_bytes_out_sec":12709,"total_procs":436},"count":1},{"date":1637255880,"epoch_div":27287598,"totals":{"load_avg":3.759765625,"cpu_usage":100,"mem_used":8565846016,"mem_free":6592278528,"tcp_conns":64,"disk_usage_root":6.12,"disk_read_sec":5430355,"disk_write_sec":7195933,"disk_iops_sec":204,"io_wait":0,"open_files":0,"os_bytes_in_sec":141425,"os_bytes_out_sec":24138,"total_procs":439},"count":1},{"date":1637255940,"epoch_div":27287599,"totals":{"load_avg":3.45458984375,"cpu_usage":100,"mem_used":8546873344,"mem_free":6771122176,"tcp_conns":60,"disk_usage_root":6.12,"disk_read_sec":3657454,"disk_write_sec":482918,"disk_iops_sec":54,"io_wait":0,"open_files":0,"os_bytes_in_sec":6048,"os_bytes_out_sec":8785,"total_procs":440},"count":1},{"date":1637256000,"epoch_div":27287600,"totals":{"load_avg":2.29052734375,"cpu_usage":100,"mem_used":8492892160,"mem_free":6743810048,"tcp_conns":55,"disk_usage_root":6.12,"disk_read_sec":2252322,"disk_write_sec":159812,"disk_iops_sec":134,"io_wait":0,"open_files":0,"os_bytes_in_sec":2121,"os_bytes_out_sec":2142,"total_procs":437},"count":1},{"date":1637256060,"epoch_div":27287601,"totals":{"load_avg":2.33056640625,"cpu_usage":100,"mem_used":8481505280,"mem_free":6723428352,"tcp_conns":52,"disk_usage_root":6.12,"disk_read_sec":2035575,"disk_write_sec":84582,"disk_iops_sec":78,"io_wait":0,"open_files":0,"os_bytes_in_sec":933,"os_bytes_out_sec":1356,"total_procs":435},"count":1},{"date":1637256120,"epoch_div":27287602,"totals":{"load_avg":2.34619140625,"cpu_usage":100,"mem_used":8511135744,"mem_free":6707863552,"tcp_conns":50,"disk_usage_root":6.12,"disk_read_sec":995601,"disk_write_sec":102741,"disk_iops_sec":75,"io_wait":0,"open_files":0,"os_bytes_in_sec":722,"os_bytes_out_sec":977,"total_procs":434},"count":1},{"date":1637256180,"epoch_div":27287603,"totals":{"load_avg":5.9970703125,"cpu_usage":100,"mem_used":8527785984,"mem_free":6701322240,"tcp_conns":48,"disk_usage_root":6.12,"disk_read_sec":134212,"disk_write_sec":86289,"disk_iops_sec":23,"io_wait":0,"open_files":0,"os_bytes_in_sec":654,"os_bytes_out_sec":1001,"total_procs":434},"count":1},{"date":1637256240,"epoch_div":27287604,"totals":{"load_avg":3.43505859375,"cpu_usage":100,"mem_used":8484810752,"mem_free":6724157440,"tcp_conns":48,"disk_usage_root":6.12,"disk_read_sec":2081518,"disk_write_sec":140970,"disk_iops_sec":101,"io_wait":0,"open_files":0,"os_bytes_in_sec":9928,"os_bytes_out_sec":1786,"total_procs":435},"count":1},{"date":1637256300,"epoch_div":27287605,"totals":{"load_avg":2.9873046875,"cpu_usage":100,"mem_used":8568598528,"mem_free":6736502784,"tcp_conns":46,"disk_usage_root":6.12,"disk_read_sec":720691,"disk_write_sec":104584,"disk_iops_sec":63,"io_wait":0,"open_files":0,"os_bytes_in_sec":589,"os_bytes_out_sec":845,"total_procs":436},"count":1},{"date":1637256360,"epoch_div":27287606,"totals":{"load_avg":2.8818359375,"cpu_usage":100,"mem_used":8571543552,"mem_free":6739042304,"tcp_conns":46,"disk_usage_root":6.12,"disk_read_sec":225621,"disk_write_sec":83012,"disk_iops_sec":31,"io_wait":0,"open_files":0,"os_bytes_in_sec":569,"os_bytes_out_sec":950,"total_procs":435},"count":1},{"date":1637256420,"epoch_div":27287607,"totals":{"load_avg":3.01806640625,"cpu_usage":100,"mem_used":8503259136,"mem_free":6765580288,"tcp_conns":48,"disk_usage_root":6.12,"disk_read_sec":2016665,"disk_write_sec":415948,"disk_iops_sec":104,"io_wait":0,"open_files":0,"os_bytes_in_sec":1114,"os_bytes_out_sec":1464,"total_procs":438},"count":1},{"date":1637256480,"epoch_div":27287608,"totals":{"load_avg":3.44091796875,"cpu_usage":100,"mem_used":8449527808,"mem_free":6773149696,"tcp_conns":46,"disk_usage_root":6.12,"disk_read_sec":2391244,"disk_write_sec":92979,"disk_iops_sec":101,"io_wait":0,"open_files":0,"os_bytes_in_sec":482,"os_bytes_out_sec":1038,"total_procs":438},"count":1},{"date":1637256540,"epoch_div":27287609,"totals":{"load_avg":3.14697265625,"cpu_usage":100,"mem_used":8427212800,"mem_free":6783651840,"tcp_conns":46,"disk_usage_root":6.12,"disk_read_sec":2763502,"disk_write_sec":108817,"disk_iops_sec":87,"io_wait":0,"open_files":0,"os_bytes_in_sec":650,"os_bytes_out_sec":869,"total_procs":437},"count":1},{"date":1637256600,"epoch_div":27287610,"totals":{"load_avg":2.365234375,"cpu_usage":100,"mem_used":8496578560,"mem_free":6811176960,"tcp_conns":46,"disk_usage_root":6.12,"disk_read_sec":517901,"disk_write_sec":87751,"disk_iops_sec":54,"io_wait":0,"open_files":0,"os_bytes_in_sec":349,"os_bytes_out_sec":672,"total_procs":435},"count":1},{"date":1637256660,"epoch_div":27287611,"totals":{"load_avg":2.50048828125,"cpu_usage":100,"mem_used":8519684096,"mem_free":6795329536,"tcp_conns":44,"disk_usage_root":6.12,"disk_read_sec":109568,"disk_write_sec":103901,"disk_iops_sec":20,"io_wait":0,"open_files":0,"os_bytes_in_sec":518,"os_bytes_out_sec":833,"total_procs":435},"count":1},{"date":1637256720,"epoch_div":27287612,"totals":{"load_avg":2.2109375,"cpu_usage":100,"mem_used":8448958464,"mem_free":6803775488,"tcp_conns":45,"disk_usage_root":6.12,"disk_read_sec":2370509,"disk_write_sec":84001,"disk_iops_sec":61,"io_wait":0,"open_files":0,"os_bytes_in_sec":877,"os_bytes_out_sec":1170,"total_procs":437},"count":1},{"date":1637256780,"epoch_div":27287613,"totals":{"load_avg":2.00537109375,"cpu_usage":100,"mem_used":8490618880,"mem_free":6801960960,"tcp_conns":45,"disk_usage_root":6.12,"disk_read_sec":106769,"disk_write_sec":102809,"disk_iops_sec":22,"io_wait":0,"open_files":0,"os_bytes_in_sec":444,"os_bytes_out_sec":823,"total_procs":435},"count":1},{"date":1637256840,"epoch_div":27287614,"totals":{"load_avg":1.748046875,"cpu_usage":100,"mem_used":8554221568,"mem_free":6792691712,"tcp_conns":45,"disk_usage_root":6.12,"disk_read_sec":341265,"disk_write_sec":676932,"disk_iops_sec":30,"io_wait":0,"open_files":0,"os_bytes_in_sec":1260,"os_bytes_out_sec":835,"total_procs":435},"count":1},{"date":1637256900,"epoch_div":27287615,"totals":{"load_avg":2.0458984375,"cpu_usage":100,"mem_used":8562495488,"mem_free":6791815168,"tcp_conns":45,"disk_usage_root":6.12,"disk_read_sec":52970,"disk_write_sec":95249,"disk_iops_sec":19,"io_wait":0,"open_files":0,"os_bytes_in_sec":276,"os_bytes_out_sec":565,"total_procs":435},"count":1},{"date":1637256960,"epoch_div":27287616,"totals":{"load_avg":2.72802734375,"cpu_usage":100,"mem_used":8515624960,"mem_free":6823948288,"tcp_conns":45,"disk_usage_root":6.12,"disk_read_sec":2223053,"disk_write_sec":111464,"disk_iops_sec":86,"io_wait":0,"open_files":0,"os_bytes_in_sec":801,"os_bytes_out_sec":1091,"total_procs":435},"count":1},{"date":1637257020,"epoch_div":27287617,"totals":{"load_avg":2.6201171875,"cpu_usage":100,"mem_used":8568029184,"mem_free":6816063488,"tcp_conns":46,"disk_usage_root":6.12,"disk_read_sec":231970,"disk_write_sec":108066,"disk_iops_sec":29,"io_wait":0,"open_files":0,"os_bytes_in_sec":1488,"os_bytes_out_sec":1232,"total_procs":436},"count":1},{"date":1637257080,"epoch_div":27287618,"totals":{"load_avg":2.67041015625,"cpu_usage":100,"mem_used":8571801600,"mem_free":6823038976,"tcp_conns":46,"disk_usage_root":6.12,"disk_read_sec":54219,"disk_write_sec":87265,"disk_iops_sec":19,"io_wait":0,"open_files":0,"os_bytes_in_sec":362,"os_bytes_out_sec":905,"total_procs":435},"count":1},{"date":1637257140,"epoch_div":27287619,"totals":{"load_avg":2.47412109375,"cpu_usage":100,"mem_used":8568553472,"mem_free":6830448640,"tcp_conns":46,"disk_usage_root":6.12,"disk_read_sec":234412,"disk_write_sec":93737,"disk_iops_sec":32,"io_wait":0,"open_files":0,"os_bytes_in_sec":467,"os_bytes_out_sec":598,"total_procs":435},"count":1},{"date":1637257200,"epoch_div":27287620,"totals":{"load_avg":2.52587890625,"cpu_usage":100,"mem_used":8521412608,"mem_free":6848077824,"tcp_conns":46,"disk_usage_root":6.12,"disk_read_sec":384000,"disk_write_sec":86357,"disk_iops_sec":48,"io_wait":0,"open_files":0,"os_bytes_in_sec":525,"os_bytes_out_sec":699,"total_procs":435},"count":1},{"date":1637257260,"epoch_div":27287621,"totals":{"load_avg":2.2412109375,"cpu_usage":100,"mem_used":8533671936,"mem_free":6838509568,"tcp_conns":44,"disk_usage_root":6.12,"disk_read_sec":15086,"disk_write_sec":85196,"disk_iops_sec":13,"io_wait":0,"open_files":0,"os_bytes_in_sec":378,"os_bytes_out_sec":591,"total_procs":435},"count":1},{"date":1637257320,"epoch_div":27287622,"totals":{"load_avg":2.19580078125,"cpu_usage":100,"mem_used":8548323328,"mem_free":6827597824,"tcp_conns":44,"disk_usage_root":6.12,"disk_read_sec":24166,"disk_write_sec":68608,"disk_iops_sec":12,"io_wait":0,"open_files":0,"os_bytes_in_sec":544,"os_bytes_out_sec":846,"total_procs":435},"count":1},{"date":1637257380,"epoch_div":27287623,"totals":{"load_avg":2.01611328125,"cpu_usage":100,"mem_used":8568336384,"mem_free":6824329216,"tcp_conns":44,"disk_usage_root":6.12,"disk_read_sec":181959,"disk_write_sec":427233,"disk_iops_sec":49,"io_wait":0,"open_files":0,"os_bytes_in_sec":691,"os_bytes_out_sec":1067,"total_procs":435},"count":1},{"date":1637257440,"epoch_div":27287624,"totals":{"load_avg":2.353515625,"cpu_usage":100,"mem_used":8463958016,"mem_free":6851997696,"tcp_conns":46,"disk_usage_root":6.12,"disk_read_sec":2205662,"disk_write_sec":118716,"disk_iops_sec":87,"io_wait":0,"open_files":0,"os_bytes_in_sec":802,"os_bytes_out_sec":958,"total_procs":439},"count":1},{"date":1637257500,"epoch_div":27287625,"totals":{"load_avg":2.478515625,"cpu_usage":100,"mem_used":8464384000,"mem_free":6846222336,"tcp_conns":47,"disk_usage_root":6.12,"disk_read_sec":126361,"disk_write_sec":154487,"disk_iops_sec":29,"io_wait":0,"open_files":0,"os_bytes_in_sec":429,"os_bytes_out_sec":692,"total_procs":436},"count":1},{"date":1637257560,"epoch_div":27287626,"totals":{"load_avg":2.94189453125,"cpu_usage":100,"mem_used":8474423296,"mem_free":6847041536,"tcp_conns":47,"disk_usage_root":6.12,"disk_read_sec":49220,"disk_write_sec":95300,"disk_iops_sec":16,"io_wait":0,"open_files":0,"os_bytes_in_sec":550,"os_bytes_out_sec":1084,"total_procs":435},"count":1},{"date":1637257620,"epoch_div":27287627,"totals":{"load_avg":3.10595703125,"cpu_usage":100,"mem_used":8503701504,"mem_free":6839001088,"tcp_conns":47,"disk_usage_root":6.12,"disk_read_sec":265406,"disk_write_sec":95665,"disk_iops_sec":31,"io_wait":0,"open_files":0,"os_bytes_in_sec":551,"os_bytes_out_sec":813,"total_procs":436},"count":1},{"date":1637257680,"epoch_div":27287628,"totals":{"load_avg":2.85546875,"cpu_usage":100,"mem_used":8518971392,"mem_free":6846115840,"tcp_conns":48,"disk_usage_root":6.12,"disk_read_sec":102400,"disk_write_sec":112673,"disk_iops_sec":24,"io_wait":0,"open_files":0,"os_bytes_in_sec":2068,"os_bytes_out_sec":1045,"total_procs":436},"count":1},{"date":1637257740,"epoch_div":27287629,"totals":{"load_avg":2.99951171875,"cpu_usage":100,"mem_used":8569729024,"mem_free":6852419584,"tcp_conns":48,"disk_usage_root":6.12,"disk_read_sec":182340,"disk_write_sec":417723,"disk_iops_sec":30,"io_wait":0,"open_files":0,"os_bytes_in_sec":666,"os_bytes_out_sec":809,"total_procs":440},"count":1}]}