{"type":"list_page","items":[{"date":1636430400,"epoch_div":27273840,"totals":{"load_avg":45.27197265625,"cpu_usage":100,"mem_used":8283328512,"mem_free":5891870720,"tcp_conns":31,"disk_usage_root":6.12,"disk_read_sec":235083,"disk_write_sec":467212,"disk_iops_sec":41,"io_wait":0,"open_files":0,"os_bytes_in_sec":159194,"os_bytes_out_sec":5395,"total_procs":496},"count":1},{"date":1636430460,"epoch_div":27273841,"totals":{"load_avg":34.814453125,"cpu_usage":100,"mem_used":8317501440,"mem_free":5866475520,"tcp_conns":30,"disk_usage_root":6.12,"disk_read_sec":296300,"disk_write_sec":402379,"disk_iops_sec":43,"io_wait":0,"open_files":0,"os_bytes_in_sec":174470,"os_bytes_out_sec":3830,"total_procs":495},"count":1},{"date":1636430520,"epoch_div":27273842,"totals":{"load_avg":28.38720703125,"cpu_usage":100,"mem_used":8319070208,"mem_free":5860618240,"tcp_conns":30,"disk_usage_root":6.12,"disk_read_sec":82397,"disk_write_sec":212036,"disk_iops_sec":24,"io_wait":0,"open_files":0,"os_bytes_in_sec":86077,"os_bytes_out_sec":2582,"total_procs":496},"count":1},{"date":1636430580,"epoch_div":27273843,"totals":{"load_avg":34.08935546875,"cpu_usage":100,"mem_used":8336203776,"mem_free":5846446080,"tcp_conns":31,"disk_usage_root":6.12,"disk_read_sec":88299,"disk_write_sec":277185,"disk_iops_sec":38,"io_wait":0,"open_files":0,"os_bytes_in_sec":100983,"os_bytes_out_sec":2327,"total_procs":497},"count":1},{"date":1636430640,"epoch_div":27273844,"totals":{"load_avg":46.056640625,"cpu_usage":100,"mem_used":8352911360,"mem_free":5828161536,"tcp_conns":29,"disk_usage_root":6.12,"disk_read_sec":122470,"disk_write_sec":373009,"disk_iops_sec":33,"io_wait":0,"open_files":0,"os_bytes_in_sec":221369,"os_bytes_out_sec":3561,"total_procs":494},"count":1},{"date":1636430700,"epoch_div":27273845,"totals":{"load_avg":61.96142578125,"cpu_usage":100,"mem_used":8451555328,"mem_free":5976354816,"tcp_conns":31,"disk_usage_root":6.12,"disk_read_sec":200021,"disk_write_sec":432059,"disk_iops_sec":47,"io_wait":0,"open_files":0,"os_bytes_in_sec":253835,"os_bytes_out_sec":4236,"total_procs":495},"count":1},{"date":1636430760,"epoch_div":27273846,"totals":{"load_avg":63.9033203125,"cpu_usage":100,"mem_used":8403562496,"mem_free":5890187264,"tcp_conns":31,"disk_usage_root":6.12,"disk_read_sec":204731,"disk_write_sec":447010,"disk_iops_sec":62,"io_wait":0,"open_files":0,"os_bytes_in_sec":236183,"os_bytes_out_sec":4241,"total_procs":505},"count":1},{"date":1636430820,"epoch_div":27273847,"totals":{"load_avg":54.5341796875,"cpu_usage":100,"mem_used":8463368192,"mem_free":5820284928,"tcp_conns":31,"disk_usage_root":6.12,"disk_read_sec":92296,"disk_write_sec":406391,"disk_iops_sec":40,"io_wait":0,"open_files":0,"os_bytes_in_sec":254896,"os_bytes_out_sec":3623,"total_procs":498},"count":1},{"date":1636430880,"epoch_div":27273848,"totals":{"load_avg":48.42626953125,"cpu_usage":100,"mem_used":8484548608,"mem_free":5892755456,"tcp_conns":32,"disk_usage_root":6.12,"disk_read_sec":126566,"disk_write_sec":384546,"disk_iops_sec":35,"io_wait":0,"open_files":0,"os_bytes_in_sec":238833,"os_bytes_out_sec":3284,"total_procs":496},"count":1},{"date":1636430940,"epoch_div":27273849,"totals":{"load_avg":74.166015625,"cpu_usage":100,"mem_used":8451207168,"mem_free":5928476672,"tcp_conns":31,"disk_usage_root":6.12,"disk_read_sec":177425,"disk_write_sec":676659,"disk_iops_sec":81,"io_wait":0,"open_files":0,"os_bytes_in_sec":364915,"os_bytes_out_sec":9014,"total_procs":494},"count":1},{"date":1636431000,"epoch_div":27273850,"totals":{"load_avg":76.46044921875,"cpu_usage":100,"mem_used":8451702784,"mem_free":5889081344,"tcp_conns":31,"disk_usage_root":6.12,"disk_read_sec":56729,"disk_write_sec":407278,"disk_iops_sec":45,"io_wait":0,"open_files":0,"os_bytes_in_sec":228512,"os_bytes_out_sec":4535,"total_procs":493},"count":1},{"date":1636431060,"epoch_div":27273851,"totals":{"load_avg":75.06640625,"cpu_usage":100,"mem_used":7985795072,"mem_free":6265884672,"tcp_conns":30,"disk_usage_root":6.12,"disk_read_sec":155509,"disk_write_sec":554140,"disk_iops_sec":63,"io_wait":0,"open_files":0,"os_bytes_in_sec":327203,"os_bytes_out_sec":4478,"total_procs":495},"count":1},{"date":1636431120,"epoch_div":27273852,"totals":{"load_avg":51.4267578125,"cpu_usage":100,"mem_used":7920566272,"mem_free":6274351104,"tcp_conns":29,"disk_usage_root":6.12,"disk_read_sec":155849,"disk_write_sec":336006,"disk_iops_sec":39,"io_wait":0,"open_files":0,"os_bytes_in_sec":146097,"os_bytes_out_sec":1660,"total_procs":493},"count":1},{"date":1636431180,"epoch_div":27273853,"totals":{"load_avg":53.52294921875,"cpu_usage":100,"mem_used":7991885824,"mem_free":6232621056,"tcp_conns":28,"disk_usage_root":6.12,"disk_read_sec":48810,"disk_write_sec":407688,"disk_iops_sec":36,"io_wait":0,"open_files":0,"os_bytes_in_sec":236204,"os_bytes_out_sec":3541,"total_procs":493},"count":1},{"date":1636431240,"epoch_div":27273854,"totals":{"load_avg":47.85546875,"cpu_usage":100,"mem_used":7972872192,"mem_free":6240456704,"tcp_conns":29,"disk_usage_root":6.12,"disk_read_sec":120900,"disk_write_sec":200499,"disk_iops_sec":37,"io_wait":0,"open_files":0,"os_bytes_in_sec":1055,"os_bytes_out_sec":1597,"total_procs":492},"count":1},{"date":1636431300,"epoch_div":27273855,"totals":{"load_avg":48.873046875,"cpu_usage":100,"mem_used":8093069312,"mem_free":6079856640,"tcp_conns":32,"disk_usage_root":6.12,"disk_read_sec":162729,"disk_write_sec":870920,"disk_iops_sec":64,"io_wait":0,"open_files":0,"os_bytes_in_sec":522270,"os_bytes_out_sec":8285,"total_procs":505},"count":1},{"date":1636431360,"epoch_div":27273856,"totals":{"load_avg":57.494140625,"cpu_usage":100,"mem_used":8127934464,"mem_free":6091309056,"tcp_conns":38,"disk_usage_root":6.12,"disk_read_sec":36125,"disk_write_sec":821080,"disk_iops_sec":44,"io_wait":0,"open_files":0,"os_bytes_in_sec":340991,"os_bytes_out_sec":4903,"total_procs":505},"count":1},{"date":1636431420,"epoch_div":27273857,"totals":{"load_avg":100.87890625,"cpu_usage":100,"mem_used":8411643904,"mem_free":5923868672,"tcp_conns":47,"disk_usage_root":6.12,"disk_read_sec":2120131,"disk_write_sec":632172,"disk_iops_sec":142,"io_wait":0,"open_files":0,"os_bytes_in_sec":167374,"os_bytes_out_sec":8030,"total_procs":508},"count":1},{"date":1636431480,"epoch_div":27273858,"totals":{"load_avg":87.4658203125,"cpu_usage":100,"mem_used":8565051392,"mem_free":5917978624,"tcp_conns":47,"disk_usage_root":6.12,"disk_read_sec":362427,"disk_write_sec":262826,"disk_iops_sec":56,"io_wait":0,"open_files":0,"os_bytes_in_sec":2198,"os_bytes_out_sec":3612,"total_procs":508},"count":1},{"date":1636431540,"epoch_div":27273859,"totals":{"load_avg":78.75146484375,"cpu_usage":100,"mem_used":8418004992,"mem_free":5864435712,"tcp_conns":44,"disk_usage_root":6.12,"disk_read_sec":1859174,"disk_write_sec":141585,"disk_iops_sec":90,"io_wait":0,"open_files":0,"os_bytes_in_sec":5188,"os_bytes_out_sec":2613,"total_procs":508},"count":1},{"date":1636431600,"epoch_div":27273860,"totals":{"load_avg":78.01611328125,"cpu_usage":100,"mem_used":8439447552,"mem_free":5880541184,"tcp_conns":42,"disk_usage_root":6.12,"disk_read_sec":198109,"disk_write_sec":75093,"disk_iops_sec":20,"io_wait":0,"open_files":0,"os_bytes_in_sec":492,"os_bytes_out_sec":337,"total_procs":512},"count":1},{"date":1636431660,"epoch_div":27273861,"totals":{"load_avg":74.17431640625,"cpu_usage":100,"mem_used":8447832064,"mem_free":5915451392,"tcp_conns":40,"disk_usage_root":6.12,"disk_read_sec":105881,"disk_write_sec":70587,"disk_iops_sec":18,"io_wait":0,"open_files":0,"os_bytes_in_sec":145,"os_bytes_out_sec":160,"total_procs":512},"count":1},{"date":1636431720,"epoch_div":27273862,"totals":{"load_avg":67.3837890625,"cpu_usage":100,"mem_used":8452763648,"mem_free":5841227776,"tcp_conns":40,"disk_usage_root":6.12,"disk_read_sec":78984,"disk_write_sec":64512,"disk_iops_sec":15,"io_wait":0,"open_files":0,"os_bytes_in_sec":104,"os_bytes_out_sec":111,"total_procs":512},"count":1},{"date":1636431780,"epoch_div":27273863,"totals":{"load_avg":54.7958984375,"cpu_usage":100,"mem_used":8446300160,"mem_free":5943508992,"tcp_conns":36,"disk_usage_root":6.12,"disk_read_sec":1845281,"disk_write_sec":82658,"disk_iops_sec":83,"io_wait":0,"open_files":0,"os_bytes_in_sec":1315,"os_bytes_out_sec":611,"total_procs":513},"count":1},{"date":1636431840,"epoch_div":27273864,"totals":{"load_avg":55.87646484375,"cpu_usage":100,"mem_used":8452456448,"mem_free":5903515648,"tcp_conns":29,"disk_usage_root":6.12,"disk_read_sec":198997,"disk_write_sec":149435,"disk_iops_sec":38,"io_wait":0,"open_files":0,"os_bytes_in_sec":895,"os_bytes_out_sec":923,"total_procs":514},"count":1},{"date":1636431900,"epoch_div":27273865,"totals":{"load_avg":58.01611328125,"cpu_usage":100,"mem_used":8540160000,"mem_free":6007574528,"tcp_conns":31,"disk_usage_root":6.12,"disk_read_sec":1502549,"disk_write_sec":277162,"disk_iops_sec":87,"io_wait":0,"open_files":0,"os_bytes_in_sec":132583,"os_bytes_out_sec":2672,"total_procs":512},"count":1},{"date":1636431960,"epoch_div":27273866,"totals":{"load_avg":48.85009765625,"cpu_usage":100,"mem_used":8487223296,"mem_free":5976526848,"tcp_conns":30,"disk_usage_root":6.12,"disk_read_sec":129570,"disk_write_sec":264533,"disk_iops_sec":42,"io_wait":0,"open_files":0,"os_bytes_in_sec":91679,"os_bytes_out_sec":2493,"total_procs":512},"count":1},{"date":1636432020,"epoch_div":27273867,"totals":{"load_avg":32.5693359375,"cpu_usage":100,"mem_used":8479965184,"mem_free":5955354624,"tcp_conns":31,"disk_usage_root":6.12,"disk_read_sec":178244,"disk_write_sec":128000,"disk_iops_sec":41,"io_wait":0,"open_files":0,"os_bytes_in_sec":1064,"os_bytes_out_sec":881,"total_procs":513},"count":1},{"date":1636432080,"epoch_div":27273868,"totals":{"load_avg":31.744140625,"cpu_usage":100,"mem_used":8486957056,"mem_free":5903609856,"tcp_conns":31,"disk_usage_root":6.12,"disk_read_sec":114410,"disk_write_sec":66160,"disk_iops_sec":19,"io_wait":0,"open_files":0,"os_bytes_in_sec":433,"os_bytes_out_sec":321,"total_procs":513},"count":1},{"date":1636432140,"epoch_div":27273869,"totals":{"load_avg":36.0263671875,"cpu_usage":100,"mem_used":8507670528,"mem_free":5922349056,"tcp_conns":30,"disk_usage_root":6.12,"disk_read_sec":188147,"disk_write_sec":391000,"disk_iops_sec":45,"io_wait":0,"open_files":0,"os_bytes_in_sec":265591,"os_bytes_out_sec":3504,"total_procs":512},"count":1},{"date":1636432200,"epoch_div":27273870,"totals":{"load_avg":58.14990234375,"cpu_usage":100,"mem_used":8507297792,"mem_free":5962383360,"tcp_conns":29,"disk_usage_root":6.12,"disk_read_sec":124859,"disk_write_sec":374237,"disk_iops_sec":37,"io_wait":0,"open_files":0,"os_bytes_in_sec":266105,"os_bytes_out_sec":3554,"total_procs":509},"count":1},{"date":1636432260,"epoch_div":27273871,"totals":{"load_avg":66.58251953125,"cpu_usage":100,"mem_used":8501583872,"mem_free":5960781824,"tcp_conns":29,"disk_usage_root":6.12,"disk_read_sec":80076,"disk_write_sec":403319,"disk_iops_sec":37,"io_wait":0,"open_files":0,"os_bytes_in_sec":275664,"os_bytes_out_sec":3935,"total_procs":513},"count":1},{"date":1636432320,"epoch_div":27273872,"totals":{"load_avg":73.93115234375,"cpu_usage":100,"mem_used":8490582016,"mem_free":5963759616,"tcp_conns":29,"disk_usage_root":6.12,"disk_read_sec":69564,"disk_write_sec":445456,"disk_iops_sec":34,"io_wait":0,"open_files":0,"os_bytes_in_sec":335173,"os_bytes_out_sec":3437,"total_procs":513},"count":1},{"date":1636432380,"epoch_div":27273873,"totals":{"load_avg":66.12158203125,"cpu_usage":100,"mem_used":8507478016,"mem_free":5939695616,"tcp_conns":28,"disk_usage_root":6.12,"disk_read_sec":31587,"disk_write_sec":447019,"disk_iops_sec":31,"io_wait":0,"open_files":0,"os_bytes_in_sec":347070,"os_bytes_out_sec":3838,"total_procs":513},"count":1},{"date":1636432440,"epoch_div":27273874,"totals":{"load_avg":67.24755859375,"cpu_usage":100,"mem_used":8561057792,"mem_free":5914243072,"tcp_conns":29,"disk_usage_root":6.12,"disk_read_sec":145544,"disk_write_sec":638225,"disk_iops_sec":52,"io_wait":0,"open_files":0,"os_bytes_in_sec":498490,"os_bytes_out_sec":7362,"total_procs":513},"count":1},{"date":1636432500,"epoch_div":27273875,"totals":{"load_avg":81.93017578125,"cpu_usage":100,"mem_used":8556326912,"mem_free":5952868352,"tcp_conns":27,"disk_usage_root":6.12,"disk_read_sec":76526,"disk_write_sec":312866,"disk_iops_sec":32,"io_wait":0,"open_files":0,"os_bytes_in_sec":209674,"os_bytes_out_sec":1902,"total_procs":513},"count":1},{"date":1636432560,"epoch_div":27273876,"totals":{"load_avg":73.70751953125,"cpu_usage":100,"mem_used":8473997312,"mem_free":5975506944,"tcp_conns":28,"disk_usage_root":6.12,"disk_read_sec":147251,"disk_write_sec":69017,"disk_iops_sec":24,"io_wait":0,"open_files":0,"os_bytes_in_sec":472,"os_bytes_out_sec":144,"total_procs":513},"count":1},{"date":1636432620,"epoch_div":27273877,"totals":{"load_avg":84.9423828125,"cpu_usage":100,"mem_used":8550227968,"mem_free":5948813312,"tcp_conns":29,"disk_usage_root":6.12,"disk_read_sec":90112,"disk_write_sec":175172,"disk_iops_sec":28,"io_wait":0,"open_files":0,"os_bytes_in_sec":72824,"os_bytes_out_sec":1569,"total_procs":512},"count":1},{"date":1636432680,"epoch_div":27273878,"totals":{"load_avg":86.60546875,"cpu_usage":100,"mem_used":8544808960,"mem_free":5986922496,"tcp_conns":29,"disk_usage_root":6.12,"disk_read_sec":111129,"disk_write_sec":449754,"disk_iops_sec":53,"io_wait":0,"open_files":0,"os_bytes_in_sec":220887,"os_bytes_out_sec":3433,"total_procs":512},"count":1},{"date":1636432740,"epoch_div":27273879,"totals":{"load_avg":98.99169921875,"cpu_usage":100,"mem_used":8479756288,"mem_free":5982208000,"tcp_conns":31,"disk_usage_root":6.12,"disk_read_sec":168144,"disk_write_sec":456044,"disk_iops_sec":53,"io_wait":0,"open_files":0,"os_bytes_in_sec":277035,"os_bytes_out_sec":5246,"total_procs":510},"count":1},{"date":1636432800,"epoch_div":27273880,"totals":{"load_avg":79.1572265625,"cpu_usage":100,"mem_used":8499593216,"mem_free":5990494208,"tcp_conns":31,"disk_usage_root":6.12,"disk_read_sec":26993,"disk_write_sec":403691,"disk_iops_sec":31,"io_wait":0,"open_files":0,"os_bytes_in_sec":295470,"os_bytes_out_sec":3623,"total_procs":510},"count":1},{"date":1636432860,"epoch_div":27273881,"totals":{"load_avg":63.66455078125,"cpu_usage":100,"mem_used":8409276416,"mem_free":6026211328,"tcp_conns":35,"disk_usage_root":6.12,"disk_read_sec":57968,"disk_write_sec":234513,"disk_iops_sec":30,"io_wait":0,"open_files":0,"os_bytes_in_sec":116962,"os_bytes_out_sec":5135,"total_procs":510},"count":1},{"date":1636432920,"epoch_div":27273882,"totals":{"load_avg":83.884765625,"cpu_usage":100,"mem_used":8516448256,"mem_free":5943582720,"tcp_conns":34,"disk_usage_root":6.12,"disk_read_sec":50722,"disk_write_sec":597401,"disk_iops_sec":43,"io_wait":0,"open_files":0,"os_bytes_in_sec":432861,"os_bytes_out_sec":5328,"total_procs":510},"count":1},{"date":1636432980,"epoch_div":27273883,"totals":{"load_avg":93.98486328125,"cpu_usage":100,"mem_used":8558440448,"mem_free":6055026688,"tcp_conns":58,"disk_usage_root":6.12,"disk_read_sec":1944166,"disk_write_sec":495342,"disk_iops_sec":113,"io_wait":0,"open_files":0,"os_bytes_in_sec":349824,"os_bytes_out_sec":9177,"total_procs":510},"count":1},{"date":1636433040,"epoch_div":27273884,"totals":{"load_avg":92.85009765625,"cpu_usage":100,"mem_used":8437018624,"mem_free":6027640832,"tcp_conns":57,"disk_usage_root":6.12,"disk_read_sec":1854805,"disk_write_sec":701166,"disk_iops_sec":152,"io_wait":0,"open_files":0,"os_bytes_in_sec":319943,"os_bytes_out_sec":10061,"total_procs":506},"count":1},{"date":1636433100,"epoch_div":27273885,"totals":{"load_avg":101.39208984375,"cpu_usage":100,"mem_used":8537759744,"mem_free":6089416704,"tcp_conns":59,"disk_usage_root":6.12,"disk_read_sec":3344488,"disk_write_sec":870434,"disk_iops_sec":223,"io_wait":0,"open_files":0,"os_bytes_in_sec":347110,"os_bytes_out_sec":18872,"total_procs":514},"count":1},{"date":1636433160,"epoch_div":27273886,"totals":{"load_avg":89.18212890625,"cpu_usage":100,"mem_used":8561754112,"mem_free":6052638720,"tcp_conns":53,"disk_usage_root":6.12,"disk_read_sec":113815,"disk_write_sec":746344,"disk_iops_sec":43,"io_wait":0,"open_files":0,"os_bytes_in_sec":236042,"os_bytes_out_sec":4695,"total_procs":513},"count":1},{"date":1636433220,"epoch_div":27273887,"totals":{"load_avg":92.55419921875,"cpu_usage":100,"mem_used":8533745664,"mem_free":6023372800,"tcp_conns":48,"disk_usage_root":6.12,"disk_read_sec":1779097,"disk_write_sec":1067895,"disk_iops_sec":120,"io_wait":0,"open_files":0,"os_bytes_in_sec":98259,"os_bytes_out_sec":8041,"total_procs":513},"count":1},{"date":1636433280,"epoch_div":27273888,"totals":{"load_avg":82.97509765625,"cpu_usage":100,"mem_used":8569978880,"mem_free":6054281216,"tcp_conns":45,"disk_usage_root":6.12,"disk_read_sec":170851,"disk_write_sec":292690,"disk_iops_sec":38,"io_wait":0,"open_files":0,"os_bytes_in_sec":85079,"os_bytes_out_sec":2115,"total_procs":508},"count":1},{"date":1636433340,"epoch_div":27273889,"totals":{"load_avg":74.23583984375,"cpu_usage":100,"mem_used":8471764992,"mem_free":6103605248,"tcp_conns":38,"disk_usage_root":6.12,"disk_read_sec":114141,"disk_write_sec":75093,"disk_iops_sec":22,"io_wait":0,"open_files":0,"os_bytes_in_sec":596,"os_bytes_out_sec":748,"total_procs":512},"count":1},{"date":1636433400,"epoch_div":27273890,"totals":{"load_avg":78.82373046875,"cpu_usage":100,"mem_used":8569192448,"mem_free":6078578688,"tcp_conns":34,"disk_usage_root":6.12,"disk_read_sec":122678,"disk_write_sec":131206,"disk_iops_sec":28,"io_wait":0,"open_files":0,"os_bytes_in_sec":50881,"os_bytes_out_sec":2420,"total_procs":512},"count":1},{"date":1636433460,"epoch_div":27273891,"totals":{"load_avg":73.49853515625,"cpu_usage":100,"mem_used":8566288384,"mem_free":6074785792,"tcp_conns":33,"disk_usage_root":6.12,"disk_read_sec":147729,"disk_write_sec":432332,"disk_iops_sec":45,"io_wait":0,"open_files":0,"os_bytes_in_sec":284038,"os_bytes_out_sec":5042,"total_procs":512},"count":1},{"date":1636433520,"epoch_div":27273892,"totals":{"load_avg":75.28271484375,"cpu_usage":100,"mem_used":8501198848,"mem_free":6117994496,"tcp_conns":32,"disk_usage_root":6.12,"disk_read_sec":1640857,"disk_write_sec":380450,"disk_iops_sec":102,"io_wait":0,"open_files":0,"os_bytes_in_sec":198514,"os_bytes_out_sec":4831,"total_procs":512},"count":1},{"date":1636433580,"epoch_div":27273893,"totals":{"load_avg":72.7119140625,"cpu_usage":100,"mem_used":8183746560,"mem_free":6131625984,"tcp_conns":31,"disk_usage_root":6.12,"disk_read_sec":170435,"disk_write_sec":3661129,"disk_iops_sec":61,"io_wait":0,"open_files":0,"os_bytes_in_sec":224140,"os_bytes_out_sec":3842,"total_procs":512},"count":1},{"date":1636433640,"epoch_div":27273894,"totals":{"load_avg":69.19580078125,"cpu_usage":100,"mem_used":8219643904,"mem_free":6158872576,"tcp_conns":33,"disk_usage_root":6.12,"disk_read_sec":114688,"disk_write_sec":101191,"disk_iops_sec":25,"io_wait":0,"open_files":0,"os_bytes_in_sec":998,"os_bytes_out_sec":1561,"total_procs":512},"count":1},{"date":1636433700,"epoch_div":27273895,"totals":{"load_avg":75.55029296875,"cpu_usage":100,"mem_used":8253206528,"mem_free":6029565952,"tcp_conns":31,"disk_usage_root":6.12,"disk_read_sec":1550677,"disk_write_sec":146773,"disk_iops_sec":74,"io_wait":0,"open_files":0,"os_bytes_in_sec":1527,"os_bytes_out_sec":2832,"total_procs":513},"count":1},{"date":1636433760,"epoch_div":27273896,"totals":{"load_avg":80.806640625,"cpu_usage":100,"mem_used":8155463680,"mem_free":6222303232,"tcp_conns":41,"disk_usage_root":6.12,"disk_read_sec":1724893,"disk_write_sec":353826,"disk_iops_sec":103,"io_wait":0,"open_files":0,"os_bytes_in_sec":186726,"os_bytes_out_sec":5424,"total_procs":512},"count":1},{"date":1636433820,"epoch_div":27273897,"totals":{"load_avg":83.41064453125,"cpu_usage":100,"mem_used":8353632256,"mem_free":6103797760,"tcp_conns":43,"disk_usage_root":6.12,"disk_read_sec":310203,"disk_write_sec":547430,"disk_iops_sec":64,"io_wait":0,"open_files":0,"os_bytes_in_sec":233991,"os_bytes_out_sec":5376,"total_procs":511},"count":1},{"date":1636433880,"epoch_div":27273898,"totals":{"load_avg":67.58642578125,"cpu_usage":100,"mem_used":8378986496,"mem_free":6002143232,"tcp_conns":39,"disk_usage_root":6.12,"disk_read_sec":375534,"disk_write_sec":178858,"disk_iops_sec":34,"io_wait":0,"open_files":0,"os_bytes_in_sec":912,"os_bytes_out_sec":1626,"total_procs":511},"count":1},{"date":1636433940,"epoch_div":27273899,"totals":{"load_avg":48.0634765625,"cpu_usage":100,"mem_used":8375533568,"mem_free":6006714368,"tcp_conns":43,"disk_usage_root":6.12,"disk_read_sec":174626,"disk_write_sec":162474,"disk_iops_sec":30,"io_wait":0,"open_files":0,"os_bytes_in_sec":2295,"os_bytes_out_sec":2728,"total_procs":511},"count":1}]}