{"type":"list_page","items":[{"date":1637002560,"epoch_div":13641688,"totals":{"load_avg":4.07421875,"cpu_usage":200,"mem_used":17123926016,"mem_free":12819857408,"tcp_conns":67,"disk_usage_root":12.24,"disk_read_sec":84718,"disk_write_sec":278254,"disk_iops_sec":55,"io_wait":0,"open_files":0,"os_bytes_in_sec":3518,"os_bytes_out_sec":6503,"total_procs":1018},"count":2},{"date":1637002680,"epoch_div":13641689,"totals":{"load_avg":3.7197265625,"cpu_usage":200,"mem_used":17096470528,"mem_free":12884828160,"tcp_conns":66,"disk_usage_root":12.24,"disk_read_sec":351423,"disk_write_sec":511785,"disk_iops_sec":122,"io_wait":0,"open_files":0,"os_bytes_in_sec":6304,"os_bytes_out_sec":12407,"total_procs":1017},"count":2},{"date":1637002800,"epoch_div":13641690,"totals":{"load_avg":4.44482421875,"cpu_usage":200,"mem_used":17099354112,"mem_free":12869595136,"tcp_conns":64,"disk_usage_root":12.24,"disk_read_sec":93456,"disk_write_sec":282692,"disk_iops_sec":56,"io_wait":0,"open_files":0,"os_bytes_in_sec":8139,"os_bytes_out_sec":10631,"total_procs":1018},"count":2},{"date":1637002920,"epoch_div":13641691,"totals":{"load_avg":4.61669921875,"cpu_usage":200,"mem_used":17075310592,"mem_free":12954120192,"tcp_conns":72,"disk_usage_root":12.24,"disk_read_sec":338329,"disk_write_sec":1033693,"disk_iops_sec":149,"io_wait":0,"open_files":0,"os_bytes_in_sec":8245,"os_bytes_out_sec":82373,"total_procs":1020},"count":2},{"date":1637003040,"epoch_div":13641692,"totals":{"load_avg":5.04833984375,"cpu_usage":200,"mem_used":16988356608,"mem_free":13034889216,"tcp_conns":75,"disk_usage_root":12.24,"disk_read_sec":490043,"disk_write_sec":852866,"disk_iops_sec":116,"io_wait":0,"open_files":0,"os_bytes_in_sec":6878,"os_bytes_out_sec":46174,"total_procs":1021},"count":2},{"date":1637003160,"epoch_div":13641693,"totals":{"load_avg":6.0087890625,"cpu_usage":200,"mem_used":17010851840,"mem_free":12919451648,"tcp_conns":75,"disk_usage_root":12.24,"disk_read_sec":1579698,"disk_write_sec":599596,"disk_iops_sec":177,"io_wait":0,"open_files":0,"os_bytes_in_sec":8086,"os_bytes_out_sec":60517,"total_procs":1022},"count":2},{"date":1637003280,"epoch_div":13641694,"totals":{"load_avg":5.345703125,"cpu_usage":200,"mem_used":16029085696,"mem_free":13325025280,"tcp_conns":77,"disk_usage_root":12.24,"disk_read_sec":370482,"disk_write_sec":4790134,"disk_iops_sec":123,"io_wait":0,"open_files":0,"os_bytes_in_sec":6905,"os_bytes_out_sec":16259,"total_procs":1020},"count":2},{"date":1637003400,"epoch_div":13641695,"totals":{"load_avg":6.24267578125,"cpu_usage":200,"mem_used":16929759232,"mem_free":12546920448,"tcp_conns":97,"disk_usage_root":12.24,"disk_read_sec":1638877,"disk_write_sec":578627,"disk_iops_sec":135,"io_wait":0,"open_files":0,"os_bytes_in_sec":28378,"os_bytes_out_sec":42627,"total_procs":1023},"count":2},{"date":1637003520,"epoch_div":13641696,"totals":{"load_avg":5.5078125,"cpu_usage":200,"mem_used":17041866752,"mem_free":12855062528,"tcp_conns":95,"disk_usage_root":12.24,"disk_read_sec":387344,"disk_write_sec":755916,"disk_iops_sec":155,"io_wait":0,"open_files":0,"os_bytes_in_sec":11095,"os_bytes_out_sec":21599,"total_procs":1026},"count":2},{"date":1637003640,"epoch_div":13641697,"totals":{"load_avg":5.48193359375,"cpu_usage":200,"mem_used":16774606848,"mem_free":12768727040,"tcp_conns":81,"disk_usage_root":12.24,"disk_read_sec":356419,"disk_write_sec":602725,"disk_iops_sec":122,"io_wait":0,"open_files":0,"os_bytes_in_sec":175126,"os_bytes_out_sec":21049,"total_procs":1020},"count":2},{"date":1637003760,"epoch_div":13641698,"totals":{"load_avg":5.7900390625,"cpu_usage":200,"mem_used":16497528832,"mem_free":12793798656,"tcp_conns":80,"disk_usage_root":12.24,"disk_read_sec":32290,"disk_write_sec":317302,"disk_iops_sec":42,"io_wait":0,"open_files":0,"os_bytes_in_sec":2157,"os_bytes_out_sec":8452,"total_procs":1015},"count":2},{"date":1637003880,"epoch_div":13641699,"totals":{"load_avg":6.43359375,"cpu_usage":200,"mem_used":16748982272,"mem_free":12685275136,"tcp_conns":82,"disk_usage_root":12.24,"disk_read_sec":304264,"disk_write_sec":664985,"disk_iops_sec":79,"io_wait":0,"open_files":0,"os_bytes_in_sec":142983,"os_bytes_out_sec":17949,"total_procs":1016},"count":2},{"date":1637004000,"epoch_div":13641700,"totals":{"load_avg":6.595703125,"cpu_usage":200,"mem_used":16853778432,"mem_free":12327317504,"tcp_conns":82,"disk_usage_root":12.24,"disk_read_sec":1469550,"disk_write_sec":518690,"disk_iops_sec":106,"io_wait":0,"open_files":0,"os_bytes_in_sec":137848,"os_bytes_out_sec":11797,"total_procs":1018},"count":2},{"date":1637004120,"epoch_div":13641701,"totals":{"load_avg":8.70703125,"cpu_usage":200,"mem_used":16977326080,"mem_free":12313972736,"tcp_conns":83,"disk_usage_root":12.24,"disk_read_sec":2694639,"disk_write_sec":680365,"disk_iops_sec":196,"io_wait":0,"open_files":0,"os_bytes_in_sec":242517,"os_bytes_out_sec":15303,"total_procs":1021},"count":2},{"date":1637004240,"epoch_div":13641702,"totals":{"load_avg":5.8076171875,"cpu_usage":200,"mem_used":16955752448,"mem_free":12309422080,"tcp_conns":84,"disk_usage_root":12.24,"disk_read_sec":1272148,"disk_write_sec":358262,"disk_iops_sec":105,"io_wait":0,"open_files":0,"os_bytes_in_sec":103828,"os_bytes_out_sec":5775,"total_procs":1025},"count":2},{"date":1637004360,"epoch_div":13641703,"totals":{"load_avg":5.61474609375,"cpu_usage":200,"mem_used":17123991552,"mem_free":12256518144,"tcp_conns":75,"disk_usage_root":12.24,"disk_read_sec":328839,"disk_write_sec":311364,"disk_iops_sec":57,"io_wait":0,"open_files":0,"os_bytes_in_sec":1564,"os_bytes_out_sec":4962,"total_procs":1022},"count":2},{"date":1637004480,"epoch_div":13641704,"totals":{"load_avg":5.59033203125,"cpu_usage":200,"mem_used":17136742400,"mem_free":12241969152,"tcp_conns":70,"disk_usage_root":12.24,"disk_read_sec":725491,"disk_write_sec":354080,"disk_iops_sec":105,"io_wait":0,"open_files":0,"os_bytes_in_sec":21029,"os_bytes_out_sec":8515,"total_procs":1018},"count":2},{"date":1637004600,"epoch_div":13641705,"totals":{"load_avg":4.6337890625,"cpu_usage":200,"mem_used":17121935360,"mem_free":12294905856,"tcp_conns":59,"disk_usage_root":12.24,"disk_read_sec":161449,"disk_write_sec":122401,"disk_iops_sec":33,"io_wait":0,"open_files":0,"os_bytes_in_sec":569,"os_bytes_out_sec":627,"total_procs":1021},"count":2},{"date":1637004720,"epoch_div":13641706,"totals":{"load_avg":6.705078125,"cpu_usage":200,"mem_used":17128185856,"mem_free":12187811840,"tcp_conns":54,"disk_usage_root":12.24,"disk_read_sec":115097,"disk_write_sec":131822,"disk_iops_sec":28,"io_wait":0,"open_files":0,"os_bytes_in_sec":715,"os_bytes_out_sec":898,"total_procs":1018},"count":2},{"date":1637004840,"epoch_div":13641707,"totals":{"load_avg":6.2138671875,"cpu_usage":200,"mem_used":17120612352,"mem_free":12258852864,"tcp_conns":59,"disk_usage_root":12.24,"disk_read_sec":644505,"disk_write_sec":523468,"disk_iops_sec":95,"io_wait":0,"open_files":0,"os_bytes_in_sec":8394,"os_bytes_out_sec":1916,"total_procs":1021},"count":2},{"date":1637004960,"epoch_div":13641708,"totals":{"load_avg":5.87353515625,"cpu_usage":200,"mem_used":17141215232,"mem_free":12265734144,"tcp_conns":59,"disk_usage_root":12.24,"disk_read_sec":84179,"disk_write_sec":143180,"disk_iops_sec":34,"io_wait":0,"open_files":0,"os_bytes_in_sec":473,"os_bytes_out_sec":529,"total_procs":1019},"count":2},{"date":1637005080,"epoch_div":13641709,"totals":{"load_avg":6.12744140625,"cpu_usage":200,"mem_used":17128771584,"mem_free":12941484032,"tcp_conns":56,"disk_usage_root":12.24,"disk_read_sec":718835,"disk_write_sec":189865,"disk_iops_sec":74,"io_wait":0,"open_files":0,"os_bytes_in_sec":2719,"os_bytes_out_sec":4278,"total_procs":1021},"count":2},{"date":1637005200,"epoch_div":13641710,"totals":{"load_avg":5.90185546875,"cpu_usage":200,"mem_used":17071468544,"mem_free":12819058688,"tcp_conns":60,"disk_usage_root":12.24,"disk_read_sec":94616,"disk_write_sec":235860,"disk_iops_sec":45,"io_wait":0,"open_files":0,"os_bytes_in_sec":1878,"os_bytes_out_sec":3553,"total_procs":1020},"count":2},{"date":1637005320,"epoch_div":13641711,"totals":{"load_avg":5.62060546875,"cpu_usage":200,"mem_used":16998600704,"mem_free":12879478784,"tcp_conns":62,"disk_usage_root":12.24,"disk_read_sec":244667,"disk_write_sec":681846,"disk_iops_sec":138,"io_wait":0,"open_files":0,"os_bytes_in_sec":109857,"os_bytes_out_sec":10639,"total_procs":1020},"count":2},{"date":1637005440,"epoch_div":13641712,"totals":{"load_avg":4.62255859375,"cpu_usage":200,"mem_used":17075335168,"mem_free":12444106752,"tcp_conns":111,"disk_usage_root":12.24,"disk_read_sec":830395,"disk_write_sec":2037691,"disk_iops_sec":137,"io_wait":0,"open_files":0,"os_bytes_in_sec":18354,"os_bytes_out_sec":164751,"total_procs":1017},"count":2},{"date":1637005560,"epoch_div":13641713,"totals":{"load_avg":5.78662109375,"cpu_usage":200,"mem_used":17131749376,"mem_free":12383633408,"tcp_conns":103,"disk_usage_root":12.24,"disk_read_sec":716526,"disk_write_sec":2259080,"disk_iops_sec":151,"io_wait":0,"open_files":0,"os_bytes_in_sec":753599,"os_bytes_out_sec":139443,"total_procs":1017},"count":2},{"date":1637005680,"epoch_div":13641714,"totals":{"load_avg":4.40478515625,"cpu_usage":200,"mem_used":17136312320,"mem_free":12322070528,"tcp_conns":75,"disk_usage_root":12.24,"disk_read_sec":833193,"disk_write_sec":853606,"disk_iops_sec":112,"io_wait":0,"open_files":0,"os_bytes_in_sec":164347,"os_bytes_out_sec":16669,"total_procs":1013},"count":2},{"date":1637005800,"epoch_div":13641715,"totals":{"load_avg":3.34521484375,"cpu_usage":200,"mem_used":17084940288,"mem_free":12330127360,"tcp_conns":63,"disk_usage_root":12.24,"disk_read_sec":173874,"disk_write_sec":171144,"disk_iops_sec":41,"io_wait":0,"open_files":0,"os_bytes_in_sec":683,"os_bytes_out_sec":4856,"total_procs":1010},"count":2},{"date":1637005920,"epoch_div":13641716,"totals":{"load_avg":6.28076171875,"cpu_usage":200,"mem_used":17062416384,"mem_free":12296450048,"tcp_conns":55,"disk_usage_root":12.24,"disk_read_sec":164112,"disk_write_sec":728472,"disk_iops_sec":32,"io_wait":0,"open_files":0,"os_bytes_in_sec":860,"os_bytes_out_sec":4115,"total_procs":1010},"count":2},{"date":1637006040,"epoch_div":13641717,"totals":{"load_avg":6.17822265625,"cpu_usage":200,"mem_used":17088696320,"mem_free":12251308032,"tcp_conns":57,"disk_usage_root":12.24,"disk_read_sec":126633,"disk_write_sec":193057,"disk_iops_sec":47,"io_wait":0,"open_files":0,"os_bytes_in_sec":1198,"os_bytes_out_sec":7961,"total_procs":1011},"count":2},{"date":1637006160,"epoch_div":13641718,"totals":{"load_avg":7.28955078125,"cpu_usage":200,"mem_used":17068531712,"mem_free":12336173056,"tcp_conns":59,"disk_usage_root":12.24,"disk_read_sec":36999,"disk_write_sec":181042,"disk_iops_sec":33,"io_wait":0,"open_files":0,"os_bytes_in_sec":937,"os_bytes_out_sec":4042,"total_procs":1012},"count":2},{"date":1637006280,"epoch_div":13641719,"totals":{"load_avg":3.28515625,"cpu_usage":100,"mem_used":8536461312,"mem_free":6138970112,"tcp_conns":29,"disk_usage_root":6.12,"disk_read_sec":1092,"disk_write_sec":80554,"disk_iops_sec":12,"io_wait":0,"open_files":0,"os_bytes_in_sec":406,"os_bytes_out_sec":2003,"total_procs":505},"count":1},{"date":1637008080,"epoch_div":13641734,"totals":{"load_avg":6.91650390625,"cpu_usage":200,"mem_used":17123106816,"mem_free":12610420736,"tcp_conns":66,"disk_usage_root":12.24,"disk_read_sec":595486,"disk_write_sec":405538,"disk_iops_sec":101,"io_wait":0,"open_files":0,"os_bytes_in_sec":916,"os_bytes_out_sec":1751,"total_procs":1028},"count":2},{"date":1637009160,"epoch_div":13641743,"totals":{"load_avg":5.44140625,"cpu_usage":200,"mem_used":17117659136,"mem_free":12391948288,"tcp_conns":62,"disk_usage_root":12.24,"disk_read_sec":1515173,"disk_write_sec":1188722,"disk_iops_sec":63,"io_wait":0,"open_files":0,"os_bytes_in_sec":2569,"os_bytes_out_sec":4723,"total_procs":1011},"count":2},{"date":1637010120,"epoch_div":13641751,"totals":{"load_avg":4.41943359375,"cpu_usage":100,"mem_used":8555405312,"mem_free":6172282880,"tcp_conns":30,"disk_usage_root":6.12,"disk_read_sec":173451,"disk_write_sec":177826,"disk_iops_sec":4,"io_wait":0,"open_files":0,"os_bytes_in_sec":429,"os_bytes_out_sec":109,"total_procs":506},"count":1},{"date":1637010240,"epoch_div":13641752,"totals":{"load_avg":3.296875,"cpu_usage":100,"mem_used":8565714944,"mem_free":6165753856,"tcp_conns":29,"disk_usage_root":6.12,"disk_read_sec":1089646,"disk_write_sec":790860,"disk_iops_sec":72,"io_wait":0,"open_files":0,"os_bytes_in_sec":1771,"os_bytes_out_sec":4579,"total_procs":505},"count":1},{"date":1637011440,"epoch_div":13641762,"totals":{"load_avg":2.7197265625,"cpu_usage":100,"mem_used":8509100032,"mem_free":6317023232,"tcp_conns":32,"disk_usage_root":6.12,"disk_read_sec":50699,"disk_write_sec":10342,"disk_iops_sec":2,"io_wait":0,"open_files":0,"os_bytes_in_sec":82,"os_bytes_out_sec":119,"total_procs":506},"count":1},{"date":1637011560,"epoch_div":13641763,"totals":{"load_avg":5.8173828125,"cpu_usage":200,"mem_used":17054568448,"mem_free":12683325440,"tcp_conns":64,"disk_usage_root":12.24,"disk_read_sec":6137856,"disk_write_sec":3501260,"disk_iops_sec":394,"io_wait":0,"open_files":0,"os_bytes_in_sec":24983,"os_bytes_out_sec":13441,"total_procs":1027},"count":2},{"date":1637011680,"epoch_div":13641764,"totals":{"load_avg":5.84228515625,"cpu_usage":200,"mem_used":16759672832,"mem_free":12882575360,"tcp_conns":85,"disk_usage_root":12.24,"disk_read_sec":3595536,"disk_write_sec":950340,"disk_iops_sec":211,"io_wait":0,"open_files":0,"os_bytes_in_sec":32608,"os_bytes_out_sec":13536,"total_procs":1022},"count":2},{"date":1637011800,"epoch_div":13641765,"totals":{"load_avg":5.1591796875,"cpu_usage":200,"mem_used":16869228544,"mem_free":12739452928,"tcp_conns":81,"disk_usage_root":12.24,"disk_read_sec":11127,"disk_write_sec":192101,"disk_iops_sec":34,"io_wait":0,"open_files":0,"os_bytes_in_sec":889,"os_bytes_out_sec":1390,"total_procs":1019},"count":2},{"date":1637011920,"epoch_div":13641766,"totals":{"load_avg":5.76220703125,"cpu_usage":200,"mem_used":16928559104,"mem_free":12765761536,"tcp_conns":65,"disk_usage_root":12.24,"disk_read_sec":276913,"disk_write_sec":154540,"disk_iops_sec":49,"io_wait":0,"open_files":0,"os_bytes_in_sec":559,"os_bytes_out_sec":853,"total_procs":1014},"count":2},{"date":1637012040,"epoch_div":13641767,"totals":{"load_avg":4.76318359375,"cpu_usage":200,"mem_used":16927297536,"mem_free":12788760576,"tcp_conns":58,"disk_usage_root":12.24,"disk_read_sec":17849,"disk_write_sec":107114,"disk_iops_sec":21,"io_wait":0,"open_files":0,"os_bytes_in_sec":240,"os_bytes_out_sec":499,"total_procs":1012},"count":2},{"date":1637012160,"epoch_div":13641768,"totals":{"load_avg":4.68505859375,"cpu_usage":200,"mem_used":16944533504,"mem_free":12754137088,"tcp_conns":55,"disk_usage_root":12.24,"disk_read_sec":80417,"disk_write_sec":142608,"disk_iops_sec":32,"io_wait":0,"open_files":0,"os_bytes_in_sec":916,"os_bytes_out_sec":936,"total_procs":1013},"count":2},{"date":1637012280,"epoch_div":13641769,"totals":{"load_avg":9.197265625,"cpu_usage":200,"mem_used":16926130176,"mem_free":12799754240,"tcp_conns":55,"disk_usage_root":12.24,"disk_read_sec":38979,"disk_write_sec":185275,"disk_iops_sec":28,"io_wait":0,"open_files":0,"os_bytes_in_sec":8736,"os_bytes_out_sec":1449,"total_procs":1014},"count":2},{"date":1637012400,"epoch_div":13641770,"totals":{"load_avg":5.61474609375,"cpu_usage":200,"mem_used":16933728256,"mem_free":12776476672,"tcp_conns":54,"disk_usage_root":12.24,"disk_read_sec":12014,"disk_write_sec":167730,"disk_iops_sec":30,"io_wait":0,"open_files":0,"os_bytes_in_sec":386,"os_bytes_out_sec":661,"total_procs":1014},"count":2},{"date":1637012520,"epoch_div":13641771,"totals":{"load_avg":4.6279296875,"cpu_usage":200,"mem_used":16786853888,"mem_free":12715995136,"tcp_conns":54,"disk_usage_root":12.24,"disk_read_sec":58989,"disk_write_sec":115804,"disk_iops_sec":22,"io_wait":0,"open_files":0,"os_bytes_in_sec":353,"os_bytes_out_sec":521,"total_procs":1012},"count":2},{"date":1637012640,"epoch_div":13641772,"totals":{"load_avg":4.25634765625,"cpu_usage":200,"mem_used":16638308352,"mem_free":12723744768,"tcp_conns":54,"disk_usage_root":12.24,"disk_read_sec":11877,"disk_write_sec":136054,"disk_iops_sec":21,"io_wait":0,"open_files":0,"os_bytes_in_sec":303,"os_bytes_out_sec":469,"total_procs":1012},"count":2},{"date":1637012760,"epoch_div":13641773,"totals":{"load_avg":5.64599609375,"cpu_usage":200,"mem_used":16671305728,"mem_free":12706234368,"tcp_conns":53,"disk_usage_root":12.24,"disk_read_sec":161557,"disk_write_sec":1027547,"disk_iops_sec":39,"io_wait":0,"open_files":0,"os_bytes_in_sec":798,"os_bytes_out_sec":939,"total_procs":1014},"count":2},{"date":1637012880,"epoch_div":13641774,"totals":{"load_avg":6.3740234375,"cpu_usage":200,"mem_used":16686620672,"mem_free":12650274816,"tcp_conns":54,"disk_usage_root":12.24,"disk_read_sec":78423,"disk_write_sec":137498,"disk_iops_sec":34,"io_wait":0,"open_files":0,"os_bytes_in_sec":518,"os_bytes_out_sec":627,"total_procs":1014},"count":2},{"date":1637013000,"epoch_div":13641775,"totals":{"load_avg":6.09716796875,"cpu_usage":200,"mem_used":16701493248,"mem_free":12709974016,"tcp_conns":53,"disk_usage_root":12.24,"disk_read_sec":15104,"disk_write_sec":156723,"disk_iops_sec":26,"io_wait":0,"open_files":0,"os_bytes_in_sec":319,"os_bytes_out_sec":494,"total_procs":1013},"count":2},{"date":1637013120,"epoch_div":13641776,"totals":{"load_avg":8.2587890625,"cpu_usage":200,"mem_used":16939495424,"mem_free":12760788992,"tcp_conns":311,"disk_usage_root":12.24,"disk_read_sec":7549951,"disk_write_sec":9343180,"disk_iops_sec":472,"io_wait":0,"open_files":0,"os_bytes_in_sec":85169,"os_bytes_out_sec":72335,"total_procs":1054},"count":2},{"date":1637013240,"epoch_div":13641777,"totals":{"load_avg":9.02734375,"cpu_usage":200,"mem_used":15923113984,"mem_free":13016150016,"tcp_conns":275,"disk_usage_root":12.24,"disk_read_sec":2002821,"disk_write_sec":557391,"disk_iops_sec":163,"io_wait":0,"open_files":0,"os_bytes_in_sec":9469,"os_bytes_out_sec":14982,"total_procs":1017},"count":2},{"date":1637013360,"epoch_div":13641778,"totals":{"load_avg":6.3388671875,"cpu_usage":200,"mem_used":16582684672,"mem_free":12597080064,"tcp_conns":228,"disk_usage_root":12.24,"disk_read_sec":742877,"disk_write_sec":1167701,"disk_iops_sec":122,"io_wait":0,"open_files":0,"os_bytes_in_sec":316858,"os_bytes_out_sec":26820,"total_procs":1015},"count":2},{"date":1637013480,"epoch_div":13641779,"totals":{"load_avg":5.11572265625,"cpu_usage":200,"mem_used":16787558400,"mem_free":12478001152,"tcp_conns":178,"disk_usage_root":12.24,"disk_read_sec":178312,"disk_write_sec":1138687,"disk_iops_sec":146,"io_wait":0,"open_files":0,"os_bytes_in_sec":13912,"os_bytes_out_sec":10366,"total_procs":1016},"count":2},{"date":1637013600,"epoch_div":13641780,"totals":{"load_avg":5.89599609375,"cpu_usage":200,"mem_used":16840740864,"mem_free":12269170688,"tcp_conns":102,"disk_usage_root":12.24,"disk_read_sec":2342775,"disk_write_sec":881185,"disk_iops_sec":195,"io_wait":0,"open_files":0,"os_bytes_in_sec":70304,"os_bytes_out_sec":118845,"total_procs":1020},"count":2},{"date":1637013720,"epoch_div":13641781,"totals":{"load_avg":5.75927734375,"cpu_usage":200,"mem_used":16755867648,"mem_free":12418494464,"tcp_conns":96,"disk_usage_root":12.24,"disk_read_sec":2694962,"disk_write_sec":479846,"disk_iops_sec":178,"io_wait":0,"open_files":0,"os_bytes_in_sec":12385,"os_bytes_out_sec":117509,"total_procs":1020},"count":2},{"date":1637013840,"epoch_div":13641782,"totals":{"load_avg":7.24853515625,"cpu_usage":200,"mem_used":16632938496,"mem_free":12478201856,"tcp_conns":79,"disk_usage_root":12.24,"disk_read_sec":186572,"disk_write_sec":311841,"disk_iops_sec":52,"io_wait":0,"open_files":0,"os_bytes_in_sec":3791,"os_bytes_out_sec":72925,"total_procs":1016},"count":2},{"date":1637013960,"epoch_div":13641783,"totals":{"load_avg":5.44921875,"cpu_usage":200,"mem_used":16780640256,"mem_free":12400521216,"tcp_conns":65,"disk_usage_root":12.24,"disk_read_sec":111547,"disk_write_sec":338192,"disk_iops_sec":57,"io_wait":0,"open_files":0,"os_bytes_in_sec":4498,"os_bytes_out_sec":58225,"total_procs":1017},"count":2},{"date":1637014080,"epoch_div":13641784,"totals":{"load_avg":4.58984375,"cpu_usage":200,"mem_used":16793808896,"mem_free":12346646528,"tcp_conns":59,"disk_usage_root":12.24,"disk_read_sec":27599,"disk_write_sec":234352,"disk_iops_sec":38,"io_wait":0,"open_files":0,"os_bytes_in_sec":2303,"os_bytes_out_sec":22077,"total_procs":1016},"count":2},{"date":1637014200,"epoch_div":13641785,"totals":{"load_avg":4.169921875,"cpu_usage":200,"mem_used":17086595072,"mem_free":12274507776,"tcp_conns":61,"disk_usage_root":12.24,"disk_read_sec":96699,"disk_write_sec":328242,"disk_iops_sec":57,"io_wait":0,"open_files":0,"os_bytes_in_sec":4212,"os_bytes_out_sec":80987,"total_procs":1018},"count":2},{"date":1637014320,"epoch_div":13641786,"totals":{"load_avg":4.40380859375,"cpu_usage":200,"mem_used":16994762752,"mem_free":12322455552,"tcp_conns":85,"disk_usage_root":12.24,"disk_read_sec":3677456,"disk_write_sec":525106,"disk_iops_sec":257,"io_wait":0,"open_files":0,"os_bytes_in_sec":33525,"os_bytes_out_sec":39486,"total_procs":1023},"count":2},{"date":1637014440,"epoch_div":13641787,"totals":{"load_avg":4.66796875,"cpu_usage":200,"mem_used":17104633856,"mem_free":12305498112,"tcp_conns":80,"disk_usage_root":12.24,"disk_read_sec":159613,"disk_write_sec":274228,"disk_iops_sec":60,"io_wait":0,"open_files":0,"os_bytes_in_sec":3336,"os_bytes_out_sec":42776,"total_procs":1022},"count":2},{"date":1637014560,"epoch_div":13641788,"totals":{"load_avg":4.6904296875,"cpu_usage":200,"mem_used":17020526592,"mem_free":12361838592,"tcp_conns":70,"disk_usage_root":12.24,"disk_read_sec":431960,"disk_write_sec":1262323,"disk_iops_sec":55,"io_wait":0,"open_files":0,"os_bytes_in_sec":2580,"os_bytes_out_sec":5232,"total_procs":1019},"count":2},{"date":1637014680,"epoch_div":13641789,"totals":{"load_avg":4.556640625,"cpu_usage":200,"mem_used":17101123584,"mem_free":12338638848,"tcp_conns":67,"disk_usage_root":12.24,"disk_read_sec":394444,"disk_write_sec":408370,"disk_iops_sec":58,"io_wait":0,"open_files":0,"os_bytes_in_sec":2346,"os_bytes_out_sec":7244,"total_procs":1022},"count":2},{"date":1637014800,"epoch_div":13641790,"totals":{"load_avg":6.25244140625,"cpu_usage":200,"mem_used":17122816000,"mem_free":12308492288,"tcp_conns":65,"disk_usage_root":12.24,"disk_read_sec":119534,"disk_write_sec":224459,"disk_iops_sec":45,"io_wait":0,"open_files":0,"os_bytes_in_sec":1669,"os_bytes_out_sec":4990,"total_procs":1017},"count":2},{"date":1637014920,"epoch_div":13641791,"totals":{"load_avg":5.0009765625,"cpu_usage":200,"mem_used":17112186880,"mem_free":12312760320,"tcp_conns":63,"disk_usage_root":12.24,"disk_read_sec":269857,"disk_write_sec":203365,"disk_iops_sec":58,"io_wait":0,"open_files":0,"os_bytes_in_sec":1792,"os_bytes_out_sec":5047,"total_procs":1017},"count":2},{"date":1637015040,"epoch_div":13641792,"totals":{"load_avg":2.19189453125,"cpu_usage":100,"mem_used":8546488320,"mem_free":6157467648,"tcp_conns":30,"disk_usage_root":6.12,"disk_read_sec":25053,"disk_write_sec":104516,"disk_iops_sec":19,"io_wait":0,"open_files":0,"os_bytes_in_sec":932,"os_bytes_out_sec":6275,"total_procs":508},"count":1},{"date":1637016120,"epoch_div":13641801,"totals":{"load_avg":4.74560546875,"cpu_usage":200,"mem_used":17055277056,"mem_free":12656857088,"tcp_conns":73,"disk_usage_root":12.24,"disk_read_sec":4159725,"disk_write_sec":1067701,"disk_iops_sec":188,"io_wait":0,"open_files":0,"os_bytes_in_sec":76000,"os_bytes_out_sec":9896,"total_procs":1029},"count":2},{"date":1637016240,"epoch_div":13641802,"totals":{"load_avg":4.908203125,"cpu_usage":200,"mem_used":16950046720,"mem_free":12625240064,"tcp_conns":65,"disk_usage_root":12.24,"disk_read_sec":641229,"disk_write_sec":1146743,"disk_iops_sec":119,"io_wait":0,"open_files":0,"os_bytes_in_sec":3806,"os_bytes_out_sec":6935,"total_procs":1019},"count":2},{"date":1637016360,"epoch_div":13641803,"totals":{"load_avg":4.83349609375,"cpu_usage":200,"mem_used":17025703936,"mem_free":12563910656,"tcp_conns":70,"disk_usage_root":12.24,"disk_read_sec":112502,"disk_write_sec":603716,"disk_iops_sec":57,"io_wait":0,"open_files":0,"os_bytes_in_sec":4205,"os_bytes_out_sec":42258,"total_procs":1019},"count":2},{"date":1637016480,"epoch_div":13641804,"totals":{"load_avg":5.048828125,"cpu_usage":200,"mem_used":16547688448,"mem_free":12820377600,"tcp_conns":83,"disk_usage_root":12.24,"disk_read_sec":3985885,"disk_write_sec":1152341,"disk_iops_sec":211,"io_wait":0,"open_files":0,"os_bytes_in_sec":18024,"os_bytes_out_sec":83489,"total_procs":1022},"count":2},{"date":1637016600,"epoch_div":13641805,"totals":{"load_avg":4.8232421875,"cpu_usage":200,"mem_used":16870760448,"mem_free":12643385344,"tcp_conns":81,"disk_usage_root":12.24,"disk_read_sec":2628783,"disk_write_sec":594106,"disk_iops_sec":209,"io_wait":0,"open_files":0,"os_bytes_in_sec":47161,"os_bytes_out_sec":51111,"total_procs":1026},"count":2},{"date":1637016720,"epoch_div":13641806,"totals":{"load_avg":5.32666015625,"cpu_usage":200,"mem_used":16771534848,"mem_free":12707598336,"tcp_conns":146,"disk_usage_root":12.24,"disk_read_sec":7288167,"disk_write_sec":5341164,"disk_iops_sec":444,"io_wait":0,"open_files":0,"os_bytes_in_sec":260754,"os_bytes_out_sec":22797,"total_procs":1028},"count":2},{"date":1637016840,"epoch_div":13641807,"totals":{"load_avg":4.9521484375,"cpu_usage":200,"mem_used":16884490240,"mem_free":12512489472,"tcp_conns":164,"disk_usage_root":12.24,"disk_read_sec":47376,"disk_write_sec":201181,"disk_iops_sec":36,"io_wait":0,"open_files":0,"os_bytes_in_sec":1199,"os_bytes_out_sec":1819,"total_procs":1030},"count":2},{"date":1637016960,"epoch_div":13641808,"totals":{"load_avg":4.76513671875,"cpu_usage":200,"mem_used":16954527744,"mem_free":12444663808,"tcp_conns":119,"disk_usage_root":12.24,"disk_read_sec":32631,"disk_write_sec":177970,"disk_iops_sec":32,"io_wait":0,"open_files":0,"os_bytes_in_sec":785,"os_bytes_out_sec":1092,"total_procs":1028},"count":2},{"date":1637017080,"epoch_div":13641809,"totals":{"load_avg":5.3232421875,"cpu_usage":200,"mem_used":16993144832,"mem_free":12708876288,"tcp_conns":92,"disk_usage_root":12.24,"disk_read_sec":6237797,"disk_write_sec":1098614,"disk_iops_sec":278,"io_wait":0,"open_files":0,"os_bytes_in_sec":150246,"os_bytes_out_sec":10471,"total_procs":1042},"count":2},{"date":1637017200,"epoch_div":13641810,"totals":{"load_avg":7.439453125,"cpu_usage":200,"mem_used":16952070144,"mem_free":12766556160,"tcp_conns":96,"disk_usage_root":12.24,"disk_read_sec":6855815,"disk_write_sec":464759,"disk_iops_sec":355,"io_wait":0,"open_files":0,"os_bytes_in_sec":36436,"os_bytes_out_sec":8782,"total_procs":1042},"count":2},{"date":1637017320,"epoch_div":13641811,"totals":{"load_avg":6.298828125,"cpu_usage":200,"mem_used":16956149760,"mem_free":13278846976,"tcp_conns":114,"disk_usage_root":12.24,"disk_read_sec":4669166,"disk_write_sec":820564,"disk_iops_sec":318,"io_wait":0,"open_files":0,"os_bytes_in_sec":119084,"os_bytes_out_sec":29304,"total_procs":1036},"count":2},{"date":1637017440,"epoch_div":13641812,"totals":{"load_avg":5.51806640625,"cpu_usage":200,"mem_used":16969183232,"mem_free":13309485056,"tcp_conns":97,"disk_usage_root":12.24,"disk_read_sec":382429,"disk_write_sec":1161352,"disk_iops_sec":77,"io_wait":0,"open_files":0,"os_bytes_in_sec":7006,"os_bytes_out_sec":8431,"total_procs":1032},"count":2},{"date":1637017560,"epoch_div":13641813,"totals":{"load_avg":4.12060546875,"cpu_usage":200,"mem_used":16975122432,"mem_free":13345308672,"tcp_conns":88,"disk_usage_root":12.24,"disk_read_sec":356757,"disk_write_sec":250974,"disk_iops_sec":66,"io_wait":0,"open_files":0,"os_bytes_in_sec":6448,"os_bytes_out_sec":7646,"total_procs":1032},"count":2},{"date":1637017680,"epoch_div":13641814,"totals":{"load_avg":4.72705078125,"cpu_usage":200,"mem_used":17000755200,"mem_free":13599891456,"tcp_conns":81,"disk_usage_root":12.24,"disk_read_sec":1129980,"disk_write_sec":548496,"disk_iops_sec":145,"io_wait":0,"open_files":0,"os_bytes_in_sec":109883,"os_bytes_out_sec":31602,"total_procs":1039},"count":2},{"date":1637017800,"epoch_div":13641815,"totals":{"load_avg":4.58349609375,"cpu_usage":200,"mem_used":17042239488,"mem_free":13515558912,"tcp_conns":86,"disk_usage_root":12.24,"disk_read_sec":4943871,"disk_write_sec":6881074,"disk_iops_sec":472,"io_wait":0,"open_files":0,"os_bytes_in_sec":999654,"os_bytes_out_sec":77424,"total_procs":1021},"count":2},{"date":1637017920,"epoch_div":13641816,"totals":{"load_avg":4.81982421875,"cpu_usage":200,"mem_used":16609263616,"mem_free":13436272640,"tcp_conns":95,"disk_usage_root":12.24,"disk_read_sec":1287782,"disk_write_sec":9404552,"disk_iops_sec":161,"io_wait":0,"open_files":0,"os_bytes_in_sec":91690,"os_bytes_out_sec":29924,"total_procs":995},"count":2},{"date":1637018040,"epoch_div":13641817,"totals":{"load_avg":10.39599609375,"cpu_usage":200,"mem_used":16437633024,"mem_free":12829511680,"tcp_conns":106,"disk_usage_root":12.24,"disk_read_sec":4258420,"disk_write_sec":456009,"disk_iops_sec":512,"io_wait":0,"open_files":0,"os_bytes_in_sec":47701,"os_bytes_out_sec":13593,"total_procs":991},"count":2},{"date":1637018160,"epoch_div":13641818,"totals":{"load_avg":7.3427734375,"cpu_usage":200,"mem_used":16564662272,"mem_free":12834471936,"tcp_conns":101,"disk_usage_root":12.24,"disk_read_sec":1931415,"disk_write_sec":1417775,"disk_iops_sec":155,"io_wait":0,"open_files":0,"os_bytes_in_sec":93753,"os_bytes_out_sec":25983,"total_procs":998},"count":2},{"date":1637018280,"epoch_div":13641819,"totals":{"load_avg":5.7783203125,"cpu_usage":200,"mem_used":16987807744,"mem_free":12854165504,"tcp_conns":99,"disk_usage_root":12.24,"disk_read_sec":4780645,"disk_write_sec":1342054,"disk_iops_sec":308,"io_wait":0,"open_files":0,"os_bytes_in_sec":78972,"os_bytes_out_sec":34651,"total_procs":1000},"count":2},{"date":1637018400,"epoch_div":13641820,"totals":{"load_avg":4.802734375,"cpu_usage":200,"mem_used":16743583744,"mem_free":13359992832,"tcp_conns":108,"disk_usage_root":12.24,"disk_read_sec":3332232,"disk_write_sec":2288434,"disk_iops_sec":473,"io_wait":0,"open_files":0,"os_bytes_in_sec":979366,"os_bytes_out_sec":100072,"total_procs":995},"count":2},{"date":1637018520,"epoch_div":13641821,"totals":{"load_avg":7.384765625,"cpu_usage":200,"mem_used":16343785472,"mem_free":12729466880,"tcp_conns":142,"disk_usage_root":12.24,"disk_read_sec":6438228,"disk_write_sec":12156244,"disk_iops_sec":487,"io_wait":0,"open_files":0,"os_bytes_in_sec":245397,"os_bytes_out_sec":90819,"total_procs":1007},"count":2},{"date":1637018640,"epoch_div":13641822,"totals":{"load_avg":6.12109375,"cpu_usage":200,"mem_used":16054493184,"mem_free":12943441920,"tcp_conns":185,"disk_usage_root":12.24,"disk_read_sec":6280601,"disk_write_sec":1291263,"disk_iops_sec":294,"io_wait":0,"open_files":0,"os_bytes_in_sec":214223,"os_bytes_out_sec":46222,"total_procs":999},"count":2},{"date":1637018760,"epoch_div":13641823,"totals":{"load_avg":4.8623046875,"cpu_usage":200,"mem_used":17140293632,"mem_free":12398993408,"tcp_conns":165,"disk_usage_root":12.24,"disk_read_sec":5383099,"disk_write_sec":269448,"disk_iops_sec":373,"io_wait":0,"open_files":0,"os_bytes_in_sec":3674,"os_bytes_out_sec":2835,"total_procs":989},"count":2},{"date":1637018880,"epoch_div":13641824,"totals":{"load_avg":6.0693359375,"cpu_usage":200,"mem_used":16996786176,"mem_free":12686053376,"tcp_conns":151,"disk_usage_root":12.24,"disk_read_sec":3507813,"disk_write_sec":545382,"disk_iops_sec":187,"io_wait":0,"open_files":0,"os_bytes_in_sec":8375,"os_bytes_out_sec":33131,"total_procs":998},"count":2},{"date":1637019000,"epoch_div":13641825,"totals":{"load_avg":6.0673828125,"cpu_usage":200,"mem_used":17096527872,"mem_free":12559335424,"tcp_conns":88,"disk_usage_root":12.24,"disk_read_sec":973140,"disk_write_sec":406323,"disk_iops_sec":93,"io_wait":0,"open_files":0,"os_bytes_in_sec":10756,"os_bytes_out_sec":130020,"total_procs":996},"count":2},{"date":1637019120,"epoch_div":13641826,"totals":{"load_avg":6.0302734375,"cpu_usage":200,"mem_used":16898052096,"mem_free":12764114944,"tcp_conns":125,"disk_usage_root":12.24,"disk_read_sec":4961689,"disk_write_sec":625049,"disk_iops_sec":372,"io_wait":0,"open_files":0,"os_bytes_in_sec":109289,"os_bytes_out_sec":90064,"total_procs":1000},"count":2},{"date":1637019240,"epoch_div":13641827,"totals":{"load_avg":5.79150390625,"cpu_usage":200,"mem_used":17105190912,"mem_free":12970196992,"tcp_conns":104,"disk_usage_root":12.24,"disk_read_sec":4703504,"disk_write_sec":1302800,"disk_iops_sec":133,"io_wait":0,"open_files":0,"os_bytes_in_sec":6057,"os_bytes_out_sec":14731,"total_procs":993},"count":2},{"date":1637019360,"epoch_div":13641828,"totals":{"load_avg":6.68017578125,"cpu_usage":200,"mem_used":17064517632,"mem_free":13115346944,"tcp_conns":84,"disk_usage_root":12.24,"disk_read_sec":560196,"disk_write_sec":278800,"disk_iops_sec":60,"io_wait":0,"open_files":0,"os_bytes_in_sec":12572,"os_bytes_out_sec":27749,"total_procs":992},"count":2},{"date":1637019480,"epoch_div":13641829,"totals":{"load_avg":8.34814453125,"cpu_usage":200,"mem_used":17110020096,"mem_free":13157449728,"tcp_conns":75,"disk_usage_root":12.24,"disk_read_sec":247855,"disk_write_sec":236575,"disk_iops_sec":53,"io_wait":0,"open_files":0,"os_bytes_in_sec":2976,"os_bytes_out_sec":11481,"total_procs":991},"count":2},{"date":1637019600,"epoch_div":13641830,"totals":{"load_avg":6.3408203125,"cpu_usage":200,"mem_used":16978366464,"mem_free":13627990016,"tcp_conns":69,"disk_usage_root":12.24,"disk_read_sec":997914,"disk_write_sec":321218,"disk_iops_sec":98,"io_wait":0,"open_files":0,"os_bytes_in_sec":12823,"os_bytes_out_sec":12953,"total_procs":993},"count":2},{"date":1637019720,"epoch_div":13641831,"totals":{"load_avg":5.74755859375,"cpu_usage":200,"mem_used":16955760640,"mem_free":13629865984,"tcp_conns":77,"disk_usage_root":12.24,"disk_read_sec":349866,"disk_write_sec":1382809,"disk_iops_sec":99,"io_wait":0,"open_files":0,"os_bytes_in_sec":7323,"os_bytes_out_sec":11391,"total_procs":995},"count":2},{"date":1637019840,"epoch_div":13641832,"totals":{"load_avg":5.43017578125,"cpu_usage":200,"mem_used":17123680256,"mem_free":13444182016,"tcp_conns":75,"disk_usage_root":12.24,"disk_read_sec":1081548,"disk_write_sec":1048029,"disk_iops_sec":141,"io_wait":0,"open_files":0,"os_bytes_in_sec":4373,"os_bytes_out_sec":7562,"total_procs":993},"count":2},{"date":1637019960,"epoch_div":13641833,"totals":{"load_avg":5.61572265625,"cpu_usage":200,"mem_used":16874213376,"mem_free":13315276800,"tcp_conns":78,"disk_usage_root":12.24,"disk_read_sec":2418278,"disk_write_sec":3704899,"disk_iops_sec":179,"io_wait":0,"open_files":0,"os_bytes_in_sec":6227,"os_bytes_out_sec":43261,"total_procs":994},"count":2}]}