{"type":"list_page","items":[{"date":1636711200,"epoch_div":27278520,"totals":{"load_avg":1.80517578125,"cpu_usage":100,"mem_used":8415158272,"mem_free":6107930624,"tcp_conns":21,"disk_usage_root":6.12,"disk_read_sec":887,"disk_write_sec":60347,"disk_iops_sec":10,"io_wait":0,"open_files":0,"os_bytes_in_sec":283,"os_bytes_out_sec":187,"total_procs":493},"count":1},{"date":1636711260,"epoch_div":27278521,"totals":{"load_avg":1.89990234375,"cpu_usage":100,"mem_used":8415608832,"mem_free":6056329216,"tcp_conns":21,"disk_usage_root":6.12,"disk_read_sec":277,"disk_write_sec":65744,"disk_iops_sec":12,"io_wait":0,"open_files":0,"os_bytes_in_sec":68,"os_bytes_out_sec":81,"total_procs":494},"count":1},{"date":1636711320,"epoch_div":27278522,"totals":{"load_avg":1.6533203125,"cpu_usage":100,"mem_used":8414261248,"mem_free":6079037440,"tcp_conns":21,"disk_usage_root":6.12,"disk_read_sec":0,"disk_write_sec":52710,"disk_iops_sec":9,"io_wait":0,"open_files":0,"os_bytes_in_sec":87,"os_bytes_out_sec":109,"total_procs":493},"count":1},{"date":1636711380,"epoch_div":27278523,"totals":{"load_avg":2.35986328125,"cpu_usage":100,"mem_used":8417218560,"mem_free":6080397312,"tcp_conns":21,"disk_usage_root":6.12,"disk_read_sec":9147,"disk_write_sec":98645,"disk_iops_sec":14,"io_wait":0,"open_files":0,"os_bytes_in_sec":5883,"os_bytes_out_sec":773,"total_procs":494},"count":1},{"date":1636711440,"epoch_div":27278524,"totals":{"load_avg":2.2099609375,"cpu_usage":100,"mem_used":8416505856,"mem_free":6077521920,"tcp_conns":19,"disk_usage_root":6.12,"disk_read_sec":68,"disk_write_sec":65467,"disk_iops_sec":10,"io_wait":0,"open_files":0,"os_bytes_in_sec":232,"os_bytes_out_sec":126,"total_procs":494},"count":1},{"date":1636711500,"epoch_div":27278525,"totals":{"load_avg":1.72705078125,"cpu_usage":100,"mem_used":8440737792,"mem_free":6094336000,"tcp_conns":20,"disk_usage_root":6.12,"disk_read_sec":694,"disk_write_sec":390716,"disk_iops_sec":11,"io_wait":0,"open_files":0,"os_bytes_in_sec":307,"os_bytes_out_sec":256,"total_procs":494},"count":1},{"date":1636711560,"epoch_div":27278526,"totals":{"load_avg":1.3740234375,"cpu_usage":100,"mem_used":8479535104,"mem_free":6045478912,"tcp_conns":20,"disk_usage_root":6.12,"disk_read_sec":671,"disk_write_sec":54255,"disk_iops_sec":10,"io_wait":0,"open_files":0,"os_bytes_in_sec":191,"os_bytes_out_sec":112,"total_procs":493},"count":1},{"date":1636711620,"epoch_div":27278527,"totals":{"load_avg":2.125,"cpu_usage":100,"mem_used":8424296448,"mem_free":6076248064,"tcp_conns":20,"disk_usage_root":6.12,"disk_read_sec":8192,"disk_write_sec":54613,"disk_iops_sec":10,"io_wait":0,"open_files":0,"os_bytes_in_sec":154,"os_bytes_out_sec":78,"total_procs":494},"count":1},{"date":1636711680,"epoch_div":27278528,"totals":{"load_avg":2.22216796875,"cpu_usage":100,"mem_used":8424013824,"mem_free":6078062592,"tcp_conns":21,"disk_usage_root":6.12,"disk_read_sec":204,"disk_write_sec":54067,"disk_iops_sec":10,"io_wait":0,"open_files":0,"os_bytes_in_sec":286,"os_bytes_out_sec":199,"total_procs":494},"count":1},{"date":1636711740,"epoch_div":27278529,"totals":{"load_avg":1.9619140625,"cpu_usage":100,"mem_used":8418492416,"mem_free":6077652992,"tcp_conns":20,"disk_usage_root":6.12,"disk_read_sec":8469,"disk_write_sec":80948,"disk_iops_sec":13,"io_wait":0,"open_files":0,"os_bytes_in_sec":327,"os_bytes_out_sec":270,"total_procs":494},"count":1},{"date":1636711800,"epoch_div":27278530,"totals":{"load_avg":2.09326171875,"cpu_usage":100,"mem_used":8416161792,"mem_free":6107688960,"tcp_conns":21,"disk_usage_root":6.12,"disk_read_sec":9736,"disk_write_sec":60432,"disk_iops_sec":11,"io_wait":0,"open_files":0,"os_bytes_in_sec":227,"os_bytes_out_sec":185,"total_procs":493},"count":1},{"date":1636711860,"epoch_div":27278531,"totals":{"load_avg":2.14111328125,"cpu_usage":100,"mem_used":8418127872,"mem_free":6069141504,"tcp_conns":21,"disk_usage_root":6.12,"disk_read_sec":204,"disk_write_sec":52770,"disk_iops_sec":9,"io_wait":0,"open_files":0,"os_bytes_in_sec":49,"os_bytes_out_sec":76,"total_procs":494},"count":1},{"date":1636711920,"epoch_div":27278532,"totals":{"load_avg":2.74560546875,"cpu_usage":100,"mem_used":8516558848,"mem_free":6047956992,"tcp_conns":21,"disk_usage_root":6.12,"disk_read_sec":199593,"disk_write_sec":51581,"disk_iops_sec":11,"io_wait":0,"open_files":0,"os_bytes_in_sec":121,"os_bytes_out_sec":126,"total_procs":493},"count":1},{"date":1636711980,"epoch_div":27278533,"totals":{"load_avg":2.62646484375,"cpu_usage":100,"mem_used":8519245824,"mem_free":6040088576,"tcp_conns":21,"disk_usage_root":6.12,"disk_read_sec":8393,"disk_write_sec":54993,"disk_iops_sec":12,"io_wait":0,"open_files":0,"os_bytes_in_sec":204,"os_bytes_out_sec":83,"total_procs":494},"count":1},{"date":1636712040,"epoch_div":27278534,"totals":{"load_avg":1.92138671875,"cpu_usage":100,"mem_used":8516812800,"mem_free":6042038272,"tcp_conns":19,"disk_usage_root":6.12,"disk_read_sec":4983,"disk_write_sec":57548,"disk_iops_sec":11,"io_wait":0,"open_files":0,"os_bytes_in_sec":364,"os_bytes_out_sec":135,"total_procs":493},"count":1},{"date":1636712100,"epoch_div":27278535,"totals":{"load_avg":1.6025390625,"cpu_usage":100,"mem_used":8522874880,"mem_free":6068707328,"tcp_conns":20,"disk_usage_root":6.12,"disk_read_sec":15223,"disk_write_sec":75025,"disk_iops_sec":13,"io_wait":0,"open_files":0,"os_bytes_in_sec":191,"os_bytes_out_sec":160,"total_procs":494},"count":1},{"date":1636712160,"epoch_div":27278536,"totals":{"load_avg":1.853515625,"cpu_usage":100,"mem_used":8549609472,"mem_free":6053392384,"tcp_conns":20,"disk_usage_root":6.12,"disk_read_sec":18705,"disk_write_sec":56115,"disk_iops_sec":14,"io_wait":0,"open_files":0,"os_bytes_in_sec":112,"os_bytes_out_sec":121,"total_procs":493},"count":1},{"date":1636712220,"epoch_div":27278537,"totals":{"load_avg":2.3857421875,"cpu_usage":100,"mem_used":8515387392,"mem_free":6066188288,"tcp_conns":20,"disk_usage_root":6.12,"disk_read_sec":24098,"disk_write_sec":55227,"disk_iops_sec":12,"io_wait":0,"open_files":0,"os_bytes_in_sec":132,"os_bytes_out_sec":84,"total_procs":494},"count":1},{"date":1636712280,"epoch_div":27278538,"totals":{"load_avg":2.580078125,"cpu_usage":100,"mem_used":8516968448,"mem_free":6070616064,"tcp_conns":22,"disk_usage_root":6.12,"disk_read_sec":2321,"disk_write_sec":347750,"disk_iops_sec":12,"io_wait":0,"open_files":0,"os_bytes_in_sec":395,"os_bytes_out_sec":299,"total_procs":494},"count":1},{"date":1636712340,"epoch_div":27278539,"totals":{"load_avg":2.19873046875,"cpu_usage":100,"mem_used":8522014720,"mem_free":6063910912,"tcp_conns":20,"disk_usage_root":6.12,"disk_read_sec":38024,"disk_write_sec":78028,"disk_iops_sec":22,"io_wait":0,"open_files":0,"os_bytes_in_sec":521,"os_bytes_out_sec":377,"total_procs":496},"count":1},{"date":1636712400,"epoch_div":27278540,"totals":{"load_avg":1.96728515625,"cpu_usage":100,"mem_used":8488116224,"mem_free":6107873280,"tcp_conns":23,"disk_usage_root":6.12,"disk_read_sec":291976,"disk_write_sec":899140,"disk_iops_sec":26,"io_wait":0,"open_files":0,"os_bytes_in_sec":11867,"os_bytes_out_sec":1489,"total_procs":496},"count":1},{"date":1636712460,"epoch_div":27278541,"totals":{"load_avg":2.09130859375,"cpu_usage":100,"mem_used":8488529920,"mem_free":6066761728,"tcp_conns":23,"disk_usage_root":6.12,"disk_read_sec":25053,"disk_write_sec":78097,"disk_iops_sec":14,"io_wait":0,"open_files":0,"os_bytes_in_sec":249,"os_bytes_out_sec":204,"total_procs":494},"count":1},{"date":1636712520,"epoch_div":27278542,"totals":{"load_avg":2.16455078125,"cpu_usage":100,"mem_used":8449122304,"mem_free":6098837504,"tcp_conns":21,"disk_usage_root":6.12,"disk_read_sec":409,"disk_write_sec":56866,"disk_iops_sec":10,"io_wait":0,"open_files":0,"os_bytes_in_sec":133,"os_bytes_out_sec":157,"total_procs":493},"count":1},{"date":1636712580,"epoch_div":27278543,"totals":{"load_avg":1.6396484375,"cpu_usage":100,"mem_used":8452702208,"mem_free":6100647936,"tcp_conns":21,"disk_usage_root":6.12,"disk_read_sec":3686,"disk_write_sec":58845,"disk_iops_sec":11,"io_wait":0,"open_files":0,"os_bytes_in_sec":87,"os_bytes_out_sec":79,"total_procs":494},"count":1},{"date":1636712640,"epoch_div":27278544,"totals":{"load_avg":1.82763671875,"cpu_usage":100,"mem_used":8450899968,"mem_free":6098341888,"tcp_conns":19,"disk_usage_root":6.12,"disk_read_sec":204,"disk_write_sec":60620,"disk_iops_sec":11,"io_wait":0,"open_files":0,"os_bytes_in_sec":354,"os_bytes_out_sec":137,"total_procs":494},"count":1},{"date":1636712700,"epoch_div":27278545,"totals":{"load_avg":1.9453125,"cpu_usage":100,"mem_used":8453468160,"mem_free":6117707776,"tcp_conns":20,"disk_usage_root":6.12,"disk_read_sec":55159,"disk_write_sec":60347,"disk_iops_sec":12,"io_wait":0,"open_files":0,"os_bytes_in_sec":154,"os_bytes_out_sec":147,"total_procs":494},"count":1},{"date":1636712760,"epoch_div":27278546,"totals":{"load_avg":2.76806640625,"cpu_usage":100,"mem_used":8498503680,"mem_free":6070669312,"tcp_conns":20,"disk_usage_root":6.12,"disk_read_sec":223163,"disk_write_sec":51200,"disk_iops_sec":26,"io_wait":0,"open_files":0,"os_bytes_in_sec":148,"os_bytes_out_sec":118,"total_procs":493},"count":1},{"date":1636712820,"epoch_div":27278547,"totals":{"load_avg":2.75,"cpu_usage":100,"mem_used":8467914752,"mem_free":6081064960,"tcp_conns":20,"disk_usage_root":6.12,"disk_read_sec":8942,"disk_write_sec":72977,"disk_iops_sec":11,"io_wait":0,"open_files":0,"os_bytes_in_sec":33,"os_bytes_out_sec":71,"total_procs":494},"count":1},{"date":1636712880,"epoch_div":27278548,"totals":{"load_avg":1.98681640625,"cpu_usage":100,"mem_used":8467734528,"mem_free":6084255744,"tcp_conns":21,"disk_usage_root":6.12,"disk_read_sec":3140,"disk_write_sec":55569,"disk_iops_sec":10,"io_wait":0,"open_files":0,"os_bytes_in_sec":307,"os_bytes_out_sec":202,"total_procs":494},"count":1},{"date":1636712940,"epoch_div":27278549,"totals":{"load_avg":2.6005859375,"cpu_usage":100,"mem_used":8463224832,"mem_free":6083469312,"tcp_conns":20,"disk_usage_root":6.12,"disk_read_sec":2935,"disk_write_sec":65331,"disk_iops_sec":12,"io_wait":0,"open_files":0,"os_bytes_in_sec":368,"os_bytes_out_sec":263,"total_procs":494},"count":1},{"date":1636713000,"epoch_div":27278550,"totals":{"load_avg":2.21533203125,"cpu_usage":100,"mem_used":8460906496,"mem_free":6110355456,"tcp_conns":21,"disk_usage_root":6.12,"disk_read_sec":41301,"disk_write_sec":351846,"disk_iops_sec":29,"io_wait":0,"open_files":0,"os_bytes_in_sec":231,"os_bytes_out_sec":190,"total_procs":493},"count":1},{"date":1636713060,"epoch_div":27278551,"totals":{"load_avg":2.31591796875,"cpu_usage":100,"mem_used":8463749120,"mem_free":6062182400,"tcp_conns":21,"disk_usage_root":6.12,"disk_read_sec":3140,"disk_write_sec":64034,"disk_iops_sec":12,"io_wait":0,"open_files":0,"os_bytes_in_sec":68,"os_bytes_out_sec":84,"total_procs":494},"count":1},{"date":1636713120,"epoch_div":27278552,"totals":{"load_avg":2.02978515625,"cpu_usage":100,"mem_used":8461365248,"mem_free":6082813952,"tcp_conns":21,"disk_usage_root":6.12,"disk_read_sec":614,"disk_write_sec":55432,"disk_iops_sec":10,"io_wait":0,"open_files":0,"os_bytes_in_sec":86,"os_bytes_out_sec":124,"total_procs":493},"count":1},{"date":1636713180,"epoch_div":27278553,"totals":{"load_avg":2.45458984375,"cpu_usage":100,"mem_used":8464117760,"mem_free":6085984256,"tcp_conns":22,"disk_usage_root":6.12,"disk_read_sec":5120,"disk_write_sec":70246,"disk_iops_sec":13,"io_wait":0,"open_files":0,"os_bytes_in_sec":264,"os_bytes_out_sec":331,"total_procs":494},"count":1},{"date":1636713240,"epoch_div":27278554,"totals":{"load_avg":1.86181640625,"cpu_usage":100,"mem_used":8466202624,"mem_free":6079524864,"tcp_conns":20,"disk_usage_root":6.12,"disk_read_sec":18705,"disk_write_sec":103901,"disk_iops_sec":16,"io_wait":0,"open_files":0,"os_bytes_in_sec":7458,"os_bytes_out_sec":913,"total_procs":494},"count":1},{"date":1636713300,"epoch_div":27278555,"totals":{"load_avg":1.66845703125,"cpu_usage":100,"mem_used":8435253248,"mem_free":6114574336,"tcp_conns":22,"disk_usage_root":6.12,"disk_read_sec":1433,"disk_write_sec":372599,"disk_iops_sec":11,"io_wait":0,"open_files":0,"os_bytes_in_sec":292,"os_bytes_out_sec":377,"total_procs":494},"count":1},{"date":1636713360,"epoch_div":27278556,"totals":{"load_avg":2.12109375,"cpu_usage":100,"mem_used":8499167232,"mem_free":6035861504,"tcp_conns":22,"disk_usage_root":6.12,"disk_read_sec":204,"disk_write_sec":52497,"disk_iops_sec":9,"io_wait":0,"open_files":0,"os_bytes_in_sec":143,"os_bytes_out_sec":124,"total_procs":493},"count":1},{"date":1636713420,"epoch_div":27278557,"totals":{"load_avg":2.318359375,"cpu_usage":100,"mem_used":8441413632,"mem_free":6082273280,"tcp_conns":21,"disk_usage_root":6.12,"disk_read_sec":0,"disk_write_sec":57753,"disk_iops_sec":10,"io_wait":0,"open_files":0,"os_bytes_in_sec":85,"os_bytes_out_sec":86,"total_procs":494},"count":1},{"date":1636713480,"epoch_div":27278558,"totals":{"load_avg":1.98291015625,"cpu_usage":100,"mem_used":8443928576,"mem_free":6084304896,"tcp_conns":22,"disk_usage_root":6.12,"disk_read_sec":2283,"disk_write_sec":67483,"disk_iops_sec":13,"io_wait":0,"open_files":0,"os_bytes_in_sec":305,"os_bytes_out_sec":213,"total_procs":494},"count":1},{"date":1636713540,"epoch_div":27278559,"totals":{"load_avg":2.861328125,"cpu_usage":100,"mem_used":8436555776,"mem_free":6086451200,"tcp_conns":20,"disk_usage_root":6.12,"disk_read_sec":833,"disk_write_sec":67757,"disk_iops_sec":12,"io_wait":0,"open_files":0,"os_bytes_in_sec":335,"os_bytes_out_sec":286,"total_procs":494},"count":1},{"date":1636713600,"epoch_div":27278560,"totals":{"load_avg":1.77294921875,"cpu_usage":100,"mem_used":8437268480,"mem_free":6112251904,"tcp_conns":21,"disk_usage_root":6.12,"disk_read_sec":31675,"disk_write_sec":72977,"disk_iops_sec":13,"io_wait":0,"open_files":0,"os_bytes_in_sec":249,"os_bytes_out_sec":184,"total_procs":494},"count":1},{"date":1636713660,"epoch_div":27278561,"totals":{"load_avg":2.3388671875,"cpu_usage":100,"mem_used":8437788672,"mem_free":6064951296,"tcp_conns":21,"disk_usage_root":6.12,"disk_read_sec":3332,"disk_write_sec":61509,"disk_iops_sec":11,"io_wait":0,"open_files":0,"os_bytes_in_sec":63,"os_bytes_out_sec":84,"total_procs":494},"count":1},{"date":1636713720,"epoch_div":27278562,"totals":{"load_avg":1.68310546875,"cpu_usage":100,"mem_used":8434946048,"mem_free":6085718016,"tcp_conns":21,"disk_usage_root":6.12,"disk_read_sec":67,"disk_write_sec":50494,"disk_iops_sec":9,"io_wait":0,"open_files":0,"os_bytes_in_sec":141,"os_bytes_out_sec":115,"total_procs":493},"count":1},{"date":1636713780,"epoch_div":27278563,"totals":{"load_avg":1.4970703125,"cpu_usage":100,"mem_used":8437837824,"mem_free":6086619136,"tcp_conns":21,"disk_usage_root":6.12,"disk_read_sec":7304,"disk_write_sec":61098,"disk_iops_sec":12,"io_wait":0,"open_files":0,"os_bytes_in_sec":57,"os_bytes_out_sec":75,"total_procs":494},"count":1},{"date":1636713840,"epoch_div":27278564,"totals":{"load_avg":2.662109375,"cpu_usage":100,"mem_used":8435814400,"mem_free":6084022272,"tcp_conns":19,"disk_usage_root":6.12,"disk_read_sec":273,"disk_write_sec":57548,"disk_iops_sec":10,"io_wait":0,"open_files":0,"os_bytes_in_sec":310,"os_bytes_out_sec":143,"total_procs":493},"count":1},{"date":1636713900,"epoch_div":27278565,"totals":{"load_avg":1.970703125,"cpu_usage":100,"mem_used":8445001728,"mem_free":6108864512,"tcp_conns":20,"disk_usage_root":6.12,"disk_read_sec":10413,"disk_write_sec":61092,"disk_iops_sec":11,"io_wait":0,"open_files":0,"os_bytes_in_sec":195,"os_bytes_out_sec":149,"total_procs":494},"count":1},{"date":1636713960,"epoch_div":27278566,"totals":{"load_avg":2.81005859375,"cpu_usage":100,"mem_used":8503640064,"mem_free":6039465984,"tcp_conns":20,"disk_usage_root":6.12,"disk_read_sec":75675,"disk_write_sec":63320,"disk_iops_sec":13,"io_wait":0,"open_files":0,"os_bytes_in_sec":140,"os_bytes_out_sec":111,"total_procs":494},"count":1},{"date":1636714020,"epoch_div":27278567,"totals":{"load_avg":2.16259765625,"cpu_usage":100,"mem_used":8444514304,"mem_free":6077034496,"tcp_conns":20,"disk_usage_root":6.12,"disk_read_sec":887,"disk_write_sec":59187,"disk_iops_sec":11,"io_wait":0,"open_files":0,"os_bytes_in_sec":76,"os_bytes_out_sec":89,"total_procs":494},"count":1},{"date":1636714080,"epoch_div":27278568,"totals":{"load_avg":2.41552734375,"cpu_usage":100,"mem_used":8445558784,"mem_free":6080876544,"tcp_conns":22,"disk_usage_root":6.12,"disk_read_sec":819,"disk_write_sec":342971,"disk_iops_sec":11,"io_wait":0,"open_files":0,"os_bytes_in_sec":413,"os_bytes_out_sec":315,"total_procs":494},"count":1},{"date":1636714140,"epoch_div":27278569,"totals":{"load_avg":2.94189453125,"cpu_usage":100,"mem_used":8442867712,"mem_free":6083575808,"tcp_conns":20,"disk_usage_root":6.12,"disk_read_sec":4232,"disk_write_sec":72362,"disk_iops_sec":13,"io_wait":0,"open_files":0,"os_bytes_in_sec":378,"os_bytes_out_sec":281,"total_procs":494},"count":1},{"date":1636714200,"epoch_div":27278570,"totals":{"load_avg":2.7080078125,"cpu_usage":100,"mem_used":8441085952,"mem_free":6108774400,"tcp_conns":21,"disk_usage_root":6.12,"disk_read_sec":614,"disk_write_sec":60211,"disk_iops_sec":10,"io_wait":0,"open_files":0,"os_bytes_in_sec":232,"os_bytes_out_sec":203,"total_procs":493},"count":1},{"date":1636714260,"epoch_div":27278571,"totals":{"load_avg":1.91455078125,"cpu_usage":100,"mem_used":8443375616,"mem_free":6061219840,"tcp_conns":21,"disk_usage_root":6.12,"disk_read_sec":12288,"disk_write_sec":57207,"disk_iops_sec":12,"io_wait":0,"open_files":0,"os_bytes_in_sec":239,"os_bytes_out_sec":157,"total_procs":494},"count":1},{"date":1636714320,"epoch_div":27278572,"totals":{"load_avg":1.7646484375,"cpu_usage":100,"mem_used":8442261504,"mem_free":6078771200,"tcp_conns":21,"disk_usage_root":6.12,"disk_read_sec":9216,"disk_write_sec":67788,"disk_iops_sec":11,"io_wait":0,"open_files":0,"os_bytes_in_sec":111,"os_bytes_out_sec":121,"total_procs":493},"count":1},{"date":1636714380,"epoch_div":27278573,"totals":{"load_avg":2,"cpu_usage":100,"mem_used":8443858944,"mem_free":6082355200,"tcp_conns":21,"disk_usage_root":6.12,"disk_read_sec":2048,"disk_write_sec":58368,"disk_iops_sec":11,"io_wait":0,"open_files":0,"os_bytes_in_sec":79,"os_bytes_out_sec":76,"total_procs":494},"count":1},{"date":1636714440,"epoch_div":27278574,"totals":{"load_avg":1.81494140625,"cpu_usage":100,"mem_used":8442609664,"mem_free":6078443520,"tcp_conns":19,"disk_usage_root":6.12,"disk_read_sec":1365,"disk_write_sec":58777,"disk_iops_sec":11,"io_wait":0,"open_files":0,"os_bytes_in_sec":404,"os_bytes_out_sec":130,"total_procs":493},"count":1},{"date":1636714500,"epoch_div":27278575,"totals":{"load_avg":1.86279296875,"cpu_usage":100,"mem_used":8443756544,"mem_free":6105825280,"tcp_conns":20,"disk_usage_root":6.12,"disk_read_sec":2594,"disk_write_sec":59801,"disk_iops_sec":11,"io_wait":0,"open_files":0,"os_bytes_in_sec":207,"os_bytes_out_sec":152,"total_procs":494},"count":1},{"date":1636714560,"epoch_div":27278576,"totals":{"load_avg":2.16943359375,"cpu_usage":100,"mem_used":8506929152,"mem_free":6031609856,"tcp_conns":20,"disk_usage_root":6.12,"disk_read_sec":1180,"disk_write_sec":55677,"disk_iops_sec":10,"io_wait":0,"open_files":0,"os_bytes_in_sec":117,"os_bytes_out_sec":113,"total_procs":493},"count":1},{"date":1636714620,"epoch_div":27278577,"totals":{"load_avg":1.67578125,"cpu_usage":100,"mem_used":8450256896,"mem_free":6075924480,"tcp_conns":20,"disk_usage_root":6.12,"disk_read_sec":67,"disk_write_sec":55732,"disk_iops_sec":10,"io_wait":0,"open_files":0,"os_bytes_in_sec":70,"os_bytes_out_sec":80,"total_procs":494},"count":1},{"date":1636714680,"epoch_div":27278578,"totals":{"load_avg":1.65380859375,"cpu_usage":100,"mem_used":8449671168,"mem_free":6078308352,"tcp_conns":21,"disk_usage_root":6.12,"disk_read_sec":5734,"disk_write_sec":71202,"disk_iops_sec":11,"io_wait":0,"open_files":0,"os_bytes_in_sec":277,"os_bytes_out_sec":185,"total_procs":494},"count":1},{"date":1636714740,"epoch_div":27278579,"totals":{"load_avg":1.5087890625,"cpu_usage":100,"mem_used":8444628992,"mem_free":6077968384,"tcp_conns":20,"disk_usage_root":6.12,"disk_read_sec":955,"disk_write_sec":68198,"disk_iops_sec":12,"io_wait":0,"open_files":0,"os_bytes_in_sec":331,"os_bytes_out_sec":265,"total_procs":494},"count":1}]}