{"type":"list_page","items":[{"date":1637235000,"epoch_div":27287250,"totals":{"load_avg":12.26318359375,"cpu_usage":100,"mem_used":8517738496,"mem_free":6606405632,"tcp_conns":54,"disk_usage_root":6.12,"disk_read_sec":17909,"disk_write_sec":12206,"disk_iops_sec":1,"io_wait":0,"open_files":0,"os_bytes_in_sec":162,"os_bytes_out_sec":19,"total_procs":397},"count":1},{"date":1637235060,"epoch_div":27287251,"totals":{"load_avg":8.47998046875,"cpu_usage":100,"mem_used":8567926784,"mem_free":6529155072,"tcp_conns":51,"disk_usage_root":6.12,"disk_read_sec":471153,"disk_write_sec":216405,"disk_iops_sec":52,"io_wait":0,"open_files":0,"os_bytes_in_sec":5443,"os_bytes_out_sec":11573,"total_procs":397},"count":1}]}