{"type":"list_page","items":[{"date":1637262000,"epoch_div":27287700,"totals":{"load_avg":2.1279296875,"cpu_usage":100,"mem_used":8567750656,"mem_free":6632685568,"tcp_conns":51,"disk_usage_root":6.12,"disk_read_sec":3406165,"disk_write_sec":355874,"disk_iops_sec":146,"io_wait":0,"open_files":0,"os_bytes_in_sec":23542,"os_bytes_out_sec":5092,"total_procs":365},"count":1},{"date":1637262060,"epoch_div":27287701,"totals":{"load_avg":2.47216796875,"cpu_usage":100,"mem_used":8560930816,"mem_free":6622801920,"tcp_conns":53,"disk_usage_root":6.12,"disk_read_sec":125747,"disk_write_sec":134894,"disk_iops_sec":24,"io_wait":0,"open_files":0,"os_bytes_in_sec":1305,"os_bytes_out_sec":3143,"total_procs":363},"count":1},{"date":1637262120,"epoch_div":27287702,"totals":{"load_avg":3.20849609375,"cpu_usage":100,"mem_used":8533164032,"mem_free":6679330816,"tcp_conns":50,"disk_usage_root":6.12,"disk_read_sec":316016,"disk_write_sec":86293,"disk_iops_sec":38,"io_wait":0,"open_files":0,"os_bytes_in_sec":531,"os_bytes_out_sec":849,"total_procs":365},"count":1},{"date":1637262180,"epoch_div":27287703,"totals":{"load_avg":3.193359375,"cpu_usage":100,"mem_used":8541614080,"mem_free":6669381632,"tcp_conns":45,"disk_usage_root":6.12,"disk_read_sec":64102,"disk_write_sec":119876,"disk_iops_sec":20,"io_wait":0,"open_files":0,"os_bytes_in_sec":759,"os_bytes_out_sec":899,"total_procs":365},"count":1},{"date":1637262240,"epoch_div":27287704,"totals":{"load_avg":2.73828125,"cpu_usage":100,"mem_used":8547016704,"mem_free":6636765184,"tcp_conns":47,"disk_usage_root":6.12,"disk_read_sec":24029,"disk_write_sec":88814,"disk_iops_sec":16,"io_wait":0,"open_files":0,"os_bytes_in_sec":750,"os_bytes_out_sec":1066,"total_procs":365},"count":1},{"date":1637262300,"epoch_div":27287705,"totals":{"load_avg":2.365234375,"cpu_usage":100,"mem_used":8569188352,"mem_free":6624919552,"tcp_conns":46,"disk_usage_root":6.12,"disk_read_sec":130736,"disk_write_sec":96625,"disk_iops_sec":23,"io_wait":0,"open_files":0,"os_bytes_in_sec":541,"os_bytes_out_sec":879,"total_procs":366},"count":1},{"date":1637262360,"epoch_div":27287706,"totals":{"load_avg":2.5048828125,"cpu_usage":100,"mem_used":8568844288,"mem_free":6668087296,"tcp_conns":48,"disk_usage_root":6.12,"disk_read_sec":206916,"disk_write_sec":173875,"disk_iops_sec":36,"io_wait":0,"open_files":0,"os_bytes_in_sec":1318,"os_bytes_out_sec":3646,"total_procs":367},"count":1},{"date":1637262420,"epoch_div":27287707,"totals":{"load_avg":2.30859375,"cpu_usage":100,"mem_used":8559693824,"mem_free":6641876992,"tcp_conns":47,"disk_usage_root":6.12,"disk_read_sec":100829,"disk_write_sec":93798,"disk_iops_sec":19,"io_wait":0,"open_files":0,"os_bytes_in_sec":429,"os_bytes_out_sec":1467,"total_procs":365},"count":1},{"date":1637262480,"epoch_div":27287708,"totals":{"load_avg":2.40576171875,"cpu_usage":100,"mem_used":8568197120,"mem_free":6668492800,"tcp_conns":44,"disk_usage_root":6.12,"disk_read_sec":212650,"disk_write_sec":106427,"disk_iops_sec":27,"io_wait":0,"open_files":0,"os_bytes_in_sec":758,"os_bytes_out_sec":940,"total_procs":364},"count":1},{"date":1637262540,"epoch_div":27287709,"totals":{"load_avg":2.04638671875,"cpu_usage":100,"mem_used":8547176448,"mem_free":6707187712,"tcp_conns":47,"disk_usage_root":6.12,"disk_read_sec":702805,"disk_write_sec":902826,"disk_iops_sec":120,"io_wait":0,"open_files":0,"os_bytes_in_sec":1038,"os_bytes_out_sec":2252,"total_procs":366},"count":1},{"date":1637262600,"epoch_div":27287710,"totals":{"load_avg":2.537109375,"cpu_usage":100,"mem_used":8486907904,"mem_free":6613950464,"tcp_conns":45,"disk_usage_root":6.12,"disk_read_sec":1777937,"disk_write_sec":529817,"disk_iops_sec":94,"io_wait":0,"open_files":0,"os_bytes_in_sec":2273,"os_bytes_out_sec":2218,"total_procs":366},"count":1},{"date":1637262660,"epoch_div":27287711,"totals":{"load_avg":2.63232421875,"cpu_usage":100,"mem_used":8546361344,"mem_free":6607028224,"tcp_conns":48,"disk_usage_root":6.12,"disk_read_sec":87682,"disk_write_sec":459446,"disk_iops_sec":28,"io_wait":0,"open_files":0,"os_bytes_in_sec":1308,"os_bytes_out_sec":1475,"total_procs":368},"count":1},{"date":1637262720,"epoch_div":27287712,"totals":{"load_avg":2.40576171875,"cpu_usage":100,"mem_used":8531369984,"mem_free":6621822976,"tcp_conns":47,"disk_usage_root":6.12,"disk_read_sec":1685981,"disk_write_sec":150801,"disk_iops_sec":103,"io_wait":0,"open_files":0,"os_bytes_in_sec":657,"os_bytes_out_sec":1087,"total_procs":375},"count":1},{"date":1637262780,"epoch_div":27287713,"totals":{"load_avg":2.1767578125,"cpu_usage":100,"mem_used":8569384960,"mem_free":6690164736,"tcp_conns":47,"disk_usage_root":6.12,"disk_read_sec":1813520,"disk_write_sec":121805,"disk_iops_sec":86,"io_wait":0,"open_files":0,"os_bytes_in_sec":1053,"os_bytes_out_sec":1789,"total_procs":367},"count":1},{"date":1637262840,"epoch_div":27287714,"totals":{"load_avg":2.48779296875,"cpu_usage":100,"mem_used":8563040256,"mem_free":6665281536,"tcp_conns":46,"disk_usage_root":6.12,"disk_read_sec":91136,"disk_write_sec":98030,"disk_iops_sec":25,"io_wait":0,"open_files":0,"os_bytes_in_sec":578,"os_bytes_out_sec":891,"total_procs":367},"count":1},{"date":1637262900,"epoch_div":27287715,"totals":{"load_avg":2.42919921875,"cpu_usage":100,"mem_used":8568451072,"mem_free":6660345856,"tcp_conns":44,"disk_usage_root":6.12,"disk_read_sec":39458,"disk_write_sec":100283,"disk_iops_sec":17,"io_wait":0,"open_files":0,"os_bytes_in_sec":547,"os_bytes_out_sec":884,"total_procs":367},"count":1},{"date":1637262960,"epoch_div":27287716,"totals":{"load_avg":2.85107421875,"cpu_usage":100,"mem_used":8570867712,"mem_free":6645268480,"tcp_conns":45,"disk_usage_root":6.12,"disk_read_sec":158924,"disk_write_sec":138513,"disk_iops_sec":33,"io_wait":0,"open_files":0,"os_bytes_in_sec":547,"os_bytes_out_sec":792,"total_procs":367},"count":1},{"date":1637263020,"epoch_div":27287717,"totals":{"load_avg":2.978515625,"cpu_usage":100,"mem_used":8571097088,"mem_free":6644322304,"tcp_conns":45,"disk_usage_root":6.12,"disk_read_sec":133120,"disk_write_sec":113459,"disk_iops_sec":29,"io_wait":0,"open_files":0,"os_bytes_in_sec":2419,"os_bytes_out_sec":5268,"total_procs":367},"count":1},{"date":1637263080,"epoch_div":27287718,"totals":{"load_avg":2.5595703125,"cpu_usage":100,"mem_used":8565239808,"mem_free":6639575040,"tcp_conns":44,"disk_usage_root":6.12,"disk_read_sec":244940,"disk_write_sec":106222,"disk_iops_sec":27,"io_wait":0,"open_files":0,"os_bytes_in_sec":698,"os_bytes_out_sec":1064,"total_procs":367},"count":1},{"date":1637263140,"epoch_div":27287719,"totals":{"load_avg":2.41259765625,"cpu_usage":100,"mem_used":8565977088,"mem_free":6645886976,"tcp_conns":45,"disk_usage_root":6.12,"disk_read_sec":59392,"disk_write_sec":126566,"disk_iops_sec":22,"io_wait":0,"open_files":0,"os_bytes_in_sec":708,"os_bytes_out_sec":1021,"total_procs":370},"count":1},{"date":1637263200,"epoch_div":27287720,"totals":{"load_avg":2.890625,"cpu_usage":100,"mem_used":8568406016,"mem_free":6616076288,"tcp_conns":47,"disk_usage_root":6.12,"disk_read_sec":3239588,"disk_write_sec":1187006,"disk_iops_sec":505,"io_wait":0,"open_files":0,"os_bytes_in_sec":1002,"os_bytes_out_sec":1054,"total_procs":372},"count":1},{"date":1637263260,"epoch_div":27287721,"totals":{"load_avg":2.27294921875,"cpu_usage":100,"mem_used":8568561664,"mem_free":6624235520,"tcp_conns":47,"disk_usage_root":6.12,"disk_read_sec":198756,"disk_write_sec":97833,"disk_iops_sec":30,"io_wait":0,"open_files":0,"os_bytes_in_sec":478,"os_bytes_out_sec":796,"total_procs":372},"count":1},{"date":1637263320,"epoch_div":27287722,"totals":{"load_avg":3.30419921875,"cpu_usage":100,"mem_used":8482893824,"mem_free":6686146560,"tcp_conns":49,"disk_usage_root":6.12,"disk_read_sec":377787,"disk_write_sec":765747,"disk_iops_sec":61,"io_wait":0,"open_files":0,"os_bytes_in_sec":6502,"os_bytes_out_sec":2278,"total_procs":371},"count":1},{"date":1637263380,"epoch_div":27287723,"totals":{"load_avg":2.49365234375,"cpu_usage":100,"mem_used":8498278400,"mem_free":6679486464,"tcp_conns":49,"disk_usage_root":6.12,"disk_read_sec":85196,"disk_write_sec":116258,"disk_iops_sec":22,"io_wait":0,"open_files":0,"os_bytes_in_sec":905,"os_bytes_out_sec":1832,"total_procs":372},"count":1},{"date":1637263440,"epoch_div":27287724,"totals":{"load_avg":2.375,"cpu_usage":100,"mem_used":8531140608,"mem_free":6699016192,"tcp_conns":49,"disk_usage_root":6.12,"disk_read_sec":79872,"disk_write_sec":99054,"disk_iops_sec":16,"io_wait":0,"open_files":0,"os_bytes_in_sec":990,"os_bytes_out_sec":2028,"total_procs":370},"count":1},{"date":1637263500,"epoch_div":27287725,"totals":{"load_avg":2.65087890625,"cpu_usage":100,"mem_used":8568545280,"mem_free":6709268480,"tcp_conns":48,"disk_usage_root":6.12,"disk_read_sec":155033,"disk_write_sec":133051,"disk_iops_sec":26,"io_wait":0,"open_files":0,"os_bytes_in_sec":8318,"os_bytes_out_sec":8598,"total_procs":371},"count":1},{"date":1637263560,"epoch_div":27287726,"totals":{"load_avg":2.64892578125,"cpu_usage":100,"mem_used":8560848896,"mem_free":6677757952,"tcp_conns":50,"disk_usage_root":6.12,"disk_read_sec":644915,"disk_write_sec":1958843,"disk_iops_sec":40,"io_wait":0,"open_files":0,"os_bytes_in_sec":7752,"os_bytes_out_sec":2340,"total_procs":371},"count":1},{"date":1637263620,"epoch_div":27287727,"totals":{"load_avg":2.24853515625,"cpu_usage":100,"mem_used":8569266176,"mem_free":6691848192,"tcp_conns":49,"disk_usage_root":6.12,"disk_read_sec":162611,"disk_write_sec":122333,"disk_iops_sec":29,"io_wait":0,"open_files":0,"os_bytes_in_sec":615,"os_bytes_out_sec":1685,"total_procs":371},"count":1},{"date":1637263680,"epoch_div":27287728,"totals":{"load_avg":2.5419921875,"cpu_usage":100,"mem_used":8509100032,"mem_free":6609399808,"tcp_conns":72,"disk_usage_root":6.12,"disk_read_sec":4244866,"disk_write_sec":3154457,"disk_iops_sec":207,"io_wait":0,"open_files":0,"os_bytes_in_sec":38661,"os_bytes_out_sec":10758,"total_procs":377},"count":1},{"date":1637263740,"epoch_div":27287729,"totals":{"load_avg":2.99072265625,"cpu_usage":100,"mem_used":8567058432,"mem_free":6609580032,"tcp_conns":59,"disk_usage_root":6.12,"disk_read_sec":406961,"disk_write_sec":154120,"disk_iops_sec":32,"io_wait":0,"open_files":0,"os_bytes_in_sec":613,"os_bytes_out_sec":1292,"total_procs":374},"count":1},{"date":1637263800,"epoch_div":27287730,"totals":{"load_avg":2.5400390625,"cpu_usage":100,"mem_used":8566611968,"mem_free":6601367552,"tcp_conns":59,"disk_usage_root":6.12,"disk_read_sec":72294,"disk_write_sec":103355,"disk_iops_sec":23,"io_wait":0,"open_files":0,"os_bytes_in_sec":424,"os_bytes_out_sec":838,"total_procs":373},"count":1},{"date":1637263860,"epoch_div":27287731,"totals":{"load_avg":2.734375,"cpu_usage":100,"mem_used":8548118528,"mem_free":6602227712,"tcp_conns":57,"disk_usage_root":6.12,"disk_read_sec":110660,"disk_write_sec":855586,"disk_iops_sec":26,"io_wait":0,"open_files":0,"os_bytes_in_sec":594,"os_bytes_out_sec":827,"total_procs":374},"count":1},{"date":1637263920,"epoch_div":27287732,"totals":{"load_avg":2.59716796875,"cpu_usage":100,"mem_used":8527753216,"mem_free":6560903168,"tcp_conns":51,"disk_usage_root":6.12,"disk_read_sec":313070,"disk_write_sec":912384,"disk_iops_sec":47,"io_wait":0,"open_files":0,"os_bytes_in_sec":357,"os_bytes_out_sec":604,"total_procs":373},"count":1},{"date":1637263980,"epoch_div":27287733,"totals":{"load_avg":2.2646484375,"cpu_usage":100,"mem_used":8568692736,"mem_free":6552641536,"tcp_conns":49,"disk_usage_root":6.12,"disk_read_sec":174557,"disk_write_sec":107656,"disk_iops_sec":25,"io_wait":0,"open_files":0,"os_bytes_in_sec":2515,"os_bytes_out_sec":4969,"total_procs":373},"count":1},{"date":1637264040,"epoch_div":27287734,"totals":{"load_avg":2.49658203125,"cpu_usage":100,"mem_used":8567525376,"mem_free":6546268160,"tcp_conns":46,"disk_usage_root":6.12,"disk_read_sec":69358,"disk_write_sec":140151,"disk_iops_sec":25,"io_wait":0,"open_files":0,"os_bytes_in_sec":707,"os_bytes_out_sec":1178,"total_procs":373},"count":1},{"date":1637264100,"epoch_div":27287735,"totals":{"load_avg":3.16552734375,"cpu_usage":100,"mem_used":8562352128,"mem_free":6573334528,"tcp_conns":48,"disk_usage_root":6.12,"disk_read_sec":154077,"disk_write_sec":179677,"disk_iops_sec":47,"io_wait":0,"open_files":0,"os_bytes_in_sec":820,"os_bytes_out_sec":1091,"total_procs":374},"count":1},{"date":1637264160,"epoch_div":27287736,"totals":{"load_avg":2.205078125,"cpu_usage":100,"mem_used":8555003904,"mem_free":6494302208,"tcp_conns":52,"disk_usage_root":6.12,"disk_read_sec":4795118,"disk_write_sec":6366617,"disk_iops_sec":288,"io_wait":0,"open_files":0,"os_bytes_in_sec":51791,"os_bytes_out_sec":5899,"total_procs":396},"count":1},{"date":1637264220,"epoch_div":27287737,"totals":{"load_avg":2.1162109375,"cpu_usage":100,"mem_used":8567742464,"mem_free":6473662464,"tcp_conns":45,"disk_usage_root":6.12,"disk_read_sec":530227,"disk_write_sec":155443,"disk_iops_sec":32,"io_wait":0,"open_files":0,"os_bytes_in_sec":17822,"os_bytes_out_sec":1084,"total_procs":382},"count":1},{"date":1637264280,"epoch_div":27287738,"totals":{"load_avg":2.61669921875,"cpu_usage":100,"mem_used":8545107968,"mem_free":6440583168,"tcp_conns":45,"disk_usage_root":6.12,"disk_read_sec":160854,"disk_write_sec":1599106,"disk_iops_sec":30,"io_wait":0,"open_files":0,"os_bytes_in_sec":1495,"os_bytes_out_sec":911,"total_procs":382},"count":1},{"date":1637264340,"epoch_div":27287739,"totals":{"load_avg":2.35498046875,"cpu_usage":100,"mem_used":8498970624,"mem_free":6447300608,"tcp_conns":47,"disk_usage_root":6.12,"disk_read_sec":2249442,"disk_write_sec":1519817,"disk_iops_sec":98,"io_wait":0,"open_files":0,"os_bytes_in_sec":4078,"os_bytes_out_sec":2131,"total_procs":391},"count":1},{"date":1637264400,"epoch_div":27287740,"totals":{"load_avg":2.7236328125,"cpu_usage":100,"mem_used":8568086528,"mem_free":6546530304,"tcp_conns":50,"disk_usage_root":6.12,"disk_read_sec":1122235,"disk_write_sec":1151726,"disk_iops_sec":40,"io_wait":0,"open_files":0,"os_bytes_in_sec":2249,"os_bytes_out_sec":3308,"total_procs":383},"count":1},{"date":1637264460,"epoch_div":27287741,"totals":{"load_avg":2.751953125,"cpu_usage":100,"mem_used":8563130368,"mem_free":6505631744,"tcp_conns":50,"disk_usage_root":6.12,"disk_read_sec":275251,"disk_write_sec":471927,"disk_iops_sec":30,"io_wait":0,"open_files":0,"os_bytes_in_sec":716,"os_bytes_out_sec":1175,"total_procs":385},"count":1},{"date":1637264520,"epoch_div":27287742,"totals":{"load_avg":2.61279296875,"cpu_usage":100,"mem_used":8536092672,"mem_free":6521110528,"tcp_conns":50,"disk_usage_root":6.12,"disk_read_sec":1002154,"disk_write_sec":593920,"disk_iops_sec":51,"io_wait":0,"open_files":0,"os_bytes_in_sec":570,"os_bytes_out_sec":1721,"total_procs":380},"count":1},{"date":1637264580,"epoch_div":27287743,"totals":{"load_avg":3.0927734375,"cpu_usage":100,"mem_used":8573714432,"mem_free":6504845312,"tcp_conns":47,"disk_usage_root":6.12,"disk_read_sec":111069,"disk_write_sec":1068509,"disk_iops_sec":21,"io_wait":0,"open_files":0,"os_bytes_in_sec":761,"os_bytes_out_sec":1493,"total_procs":381},"count":1},{"date":1637264640,"epoch_div":27287744,"totals":{"load_avg":2.91162109375,"cpu_usage":100,"mem_used":8535703552,"mem_free":6477901824,"tcp_conns":47,"disk_usage_root":6.12,"disk_read_sec":180428,"disk_write_sec":137489,"disk_iops_sec":29,"io_wait":0,"open_files":0,"os_bytes_in_sec":662,"os_bytes_out_sec":1673,"total_procs":382},"count":1},{"date":1637264700,"epoch_div":27287745,"totals":{"load_avg":2.62646484375,"cpu_usage":100,"mem_used":8556249088,"mem_free":6465794048,"tcp_conns":46,"disk_usage_root":6.12,"disk_read_sec":130525,"disk_write_sec":101171,"disk_iops_sec":22,"io_wait":0,"open_files":0,"os_bytes_in_sec":797,"os_bytes_out_sec":1401,"total_procs":381},"count":1},{"date":1637264760,"epoch_div":27287746,"totals":{"load_avg":2.10498046875,"cpu_usage":100,"mem_used":8551915520,"mem_free":6455345152,"tcp_conns":46,"disk_usage_root":6.12,"disk_read_sec":61576,"disk_write_sec":111274,"disk_iops_sec":17,"io_wait":0,"open_files":0,"os_bytes_in_sec":643,"os_bytes_out_sec":756,"total_procs":380},"count":1},{"date":1637264820,"epoch_div":27287747,"totals":{"load_avg":2.73583984375,"cpu_usage":100,"mem_used":8569528320,"mem_free":6461415424,"tcp_conns":46,"disk_usage_root":6.12,"disk_read_sec":290052,"disk_write_sec":143012,"disk_iops_sec":23,"io_wait":0,"open_files":0,"os_bytes_in_sec":984,"os_bytes_out_sec":1356,"total_procs":382},"count":1},{"date":1637264880,"epoch_div":27287748,"totals":{"load_avg":2.7490234375,"cpu_usage":100,"mem_used":8563150848,"mem_free":6451367936,"tcp_conns":45,"disk_usage_root":6.12,"disk_read_sec":136328,"disk_write_sec":102809,"disk_iops_sec":16,"io_wait":0,"open_files":0,"os_bytes_in_sec":678,"os_bytes_out_sec":913,"total_procs":380},"count":1},{"date":1637264940,"epoch_div":27287749,"totals":{"load_avg":2.51708984375,"cpu_usage":100,"mem_used":8570376192,"mem_free":6444986368,"tcp_conns":45,"disk_usage_root":6.12,"disk_read_sec":100184,"disk_write_sec":684703,"disk_iops_sec":20,"io_wait":0,"open_files":0,"os_bytes_in_sec":489,"os_bytes_out_sec":695,"total_procs":382},"count":1},{"date":1637265000,"epoch_div":27287750,"totals":{"load_avg":2.42626953125,"cpu_usage":100,"mem_used":8547954688,"mem_free":6434934784,"tcp_conns":46,"disk_usage_root":6.12,"disk_read_sec":85333,"disk_write_sec":387140,"disk_iops_sec":20,"io_wait":0,"open_files":0,"os_bytes_in_sec":526,"os_bytes_out_sec":782,"total_procs":380},"count":1},{"date":1637265060,"epoch_div":27287751,"totals":{"load_avg":2.24072265625,"cpu_usage":100,"mem_used":8570601472,"mem_free":6427607040,"tcp_conns":45,"disk_usage_root":6.12,"disk_read_sec":188893,"disk_write_sec":115029,"disk_iops_sec":20,"io_wait":0,"open_files":0,"os_bytes_in_sec":375,"os_bytes_out_sec":840,"total_procs":381},"count":1},{"date":1637265120,"epoch_div":27287752,"totals":{"load_avg":2.19873046875,"cpu_usage":100,"mem_used":8523493376,"mem_free":6460489728,"tcp_conns":47,"disk_usage_root":6.12,"disk_read_sec":354918,"disk_write_sec":391304,"disk_iops_sec":49,"io_wait":0,"open_files":0,"os_bytes_in_sec":454,"os_bytes_out_sec":810,"total_procs":382},"count":1},{"date":1637265180,"epoch_div":27287753,"totals":{"load_avg":2.37890625,"cpu_usage":100,"mem_used":8568467456,"mem_free":6448050176,"tcp_conns":42,"disk_usage_root":6.12,"disk_read_sec":388846,"disk_write_sec":120490,"disk_iops_sec":40,"io_wait":0,"open_files":0,"os_bytes_in_sec":438,"os_bytes_out_sec":633,"total_procs":384},"count":1},{"date":1637265240,"epoch_div":27287754,"totals":{"load_avg":2.1494140625,"cpu_usage":100,"mem_used":8562364416,"mem_free":6456303616,"tcp_conns":43,"disk_usage_root":6.12,"disk_read_sec":420932,"disk_write_sec":316552,"disk_iops_sec":23,"io_wait":0,"open_files":0,"os_bytes_in_sec":515,"os_bytes_out_sec":761,"total_procs":382},"count":1},{"date":1637265300,"epoch_div":27287755,"totals":{"load_avg":2.44775390625,"cpu_usage":100,"mem_used":8554901504,"mem_free":6456934400,"tcp_conns":43,"disk_usage_root":6.12,"disk_read_sec":109342,"disk_write_sec":376484,"disk_iops_sec":19,"io_wait":0,"open_files":0,"os_bytes_in_sec":340,"os_bytes_out_sec":601,"total_procs":383},"count":1},{"date":1637265360,"epoch_div":27287756,"totals":{"load_avg":2.740234375,"cpu_usage":100,"mem_used":8564457472,"mem_free":6587256832,"tcp_conns":46,"disk_usage_root":6.12,"disk_read_sec":500517,"disk_write_sec":325396,"disk_iops_sec":43,"io_wait":0,"open_files":0,"os_bytes_in_sec":7660,"os_bytes_out_sec":2390,"total_procs":385},"count":1},{"date":1637265420,"epoch_div":27287757,"totals":{"load_avg":3.14208984375,"cpu_usage":100,"mem_used":8565075968,"mem_free":6589403136,"tcp_conns":49,"disk_usage_root":6.12,"disk_read_sec":433083,"disk_write_sec":659660,"disk_iops_sec":39,"io_wait":0,"open_files":0,"os_bytes_in_sec":972,"os_bytes_out_sec":1615,"total_procs":384},"count":1},{"date":1637265480,"epoch_div":27287758,"totals":{"load_avg":2.53369140625,"cpu_usage":100,"mem_used":8538058752,"mem_free":6509457408,"tcp_conns":45,"disk_usage_root":6.12,"disk_read_sec":302148,"disk_write_sec":126634,"disk_iops_sec":24,"io_wait":0,"open_files":0,"os_bytes_in_sec":555,"os_bytes_out_sec":872,"total_procs":384},"count":1},{"date":1637265540,"epoch_div":27287759,"totals":{"load_avg":2.34033203125,"cpu_usage":100,"mem_used":8546451456,"mem_free":6501986304,"tcp_conns":46,"disk_usage_root":6.12,"disk_read_sec":112093,"disk_write_sec":109158,"disk_iops_sec":19,"io_wait":0,"open_files":0,"os_bytes_in_sec":847,"os_bytes_out_sec":988,"total_procs":383},"count":1}]}