{"type":"list_page","items":[{"date":1636665780,"epoch_div":27277763,"totals":{"load_avg":1.94091796875,"cpu_usage":100,"mem_used":8418320384,"mem_free":5791997952,"tcp_conns":22,"disk_usage_root":6.12,"disk_read_sec":4232,"disk_write_sec":2706,"disk_iops_sec":0,"io_wait":0,"open_files":0,"os_bytes_in_sec":131,"os_bytes_out_sec":25,"total_procs":476},"count":1},{"date":1636665840,"epoch_div":27277764,"totals":{"load_avg":3.27197265625,"cpu_usage":100,"mem_used":8387047424,"mem_free":5906743296,"tcp_conns":45,"disk_usage_root":6.12,"disk_read_sec":11662108,"disk_write_sec":1635896,"disk_iops_sec":688,"io_wait":0,"open_files":0,"os_bytes_in_sec":188539,"os_bytes_out_sec":22457,"total_procs":486},"count":1},{"date":1636665900,"epoch_div":27277765,"totals":{"load_avg":3.2138671875,"cpu_usage":100,"mem_used":8411271168,"mem_free":6022701056,"tcp_conns":66,"disk_usage_root":6.12,"disk_read_sec":5011387,"disk_write_sec":825548,"disk_iops_sec":465,"io_wait":0,"open_files":0,"os_bytes_in_sec":376343,"os_bytes_out_sec":123964,"total_procs":488},"count":1},{"date":1636665960,"epoch_div":27277766,"totals":{"load_avg":2.77587890625,"cpu_usage":100,"mem_used":8218091520,"mem_free":6163922944,"tcp_conns":42,"disk_usage_root":6.12,"disk_read_sec":360652,"disk_write_sec":347886,"disk_iops_sec":37,"io_wait":0,"open_files":0,"os_bytes_in_sec":244005,"os_bytes_out_sec":4585,"total_procs":483},"count":1},{"date":1636666020,"epoch_div":27277767,"totals":{"load_avg":2.74072265625,"cpu_usage":100,"mem_used":8222359552,"mem_free":6125264896,"tcp_conns":36,"disk_usage_root":6.12,"disk_read_sec":50244,"disk_write_sec":74820,"disk_iops_sec":17,"io_wait":0,"open_files":0,"os_bytes_in_sec":118953,"os_bytes_out_sec":3116,"total_procs":482},"count":1},{"date":1636666080,"epoch_div":27277768,"totals":{"load_avg":2.51708984375,"cpu_usage":100,"mem_used":8230600704,"mem_free":6107254784,"tcp_conns":34,"disk_usage_root":6.12,"disk_read_sec":149708,"disk_write_sec":53930,"disk_iops_sec":48,"io_wait":0,"open_files":0,"os_bytes_in_sec":115810,"os_bytes_out_sec":2800,"total_procs":481},"count":1},{"date":1636666140,"epoch_div":27277769,"totals":{"load_avg":2.0302734375,"cpu_usage":100,"mem_used":8225603584,"mem_free":6076420096,"tcp_conns":31,"disk_usage_root":6.12,"disk_read_sec":110933,"disk_write_sec":103082,"disk_iops_sec":24,"io_wait":0,"open_files":0,"os_bytes_in_sec":120819,"os_bytes_out_sec":3263,"total_procs":481},"count":1},{"date":1636666200,"epoch_div":27277770,"totals":{"load_avg":2.07373046875,"cpu_usage":100,"mem_used":8235986944,"mem_free":6069796864,"tcp_conns":28,"disk_usage_root":6.12,"disk_read_sec":54705,"disk_write_sec":119269,"disk_iops_sec":23,"io_wait":0,"open_files":0,"os_bytes_in_sec":118867,"os_bytes_out_sec":3010,"total_procs":484},"count":1},{"date":1636666260,"epoch_div":27277771,"totals":{"load_avg":1.9140625,"cpu_usage":100,"mem_used":8222445568,"mem_free":6073692160,"tcp_conns":27,"disk_usage_root":6.12,"disk_read_sec":1880,"disk_write_sec":50494,"disk_iops_sec":9,"io_wait":0,"open_files":0,"os_bytes_in_sec":116234,"os_bytes_out_sec":2750,"total_procs":479},"count":1},{"date":1636666320,"epoch_div":27277772,"totals":{"load_avg":2.2060546875,"cpu_usage":100,"mem_used":8289980416,"mem_free":6067572736,"tcp_conns":22,"disk_usage_root":6.12,"disk_read_sec":2992401,"disk_write_sec":66628,"disk_iops_sec":482,"io_wait":0,"open_files":0,"os_bytes_in_sec":123433,"os_bytes_out_sec":2911,"total_procs":483},"count":1},{"date":1636666380,"epoch_div":27277773,"totals":{"load_avg":2.42138671875,"cpu_usage":100,"mem_used":8286265344,"mem_free":6068379648,"tcp_conns":19,"disk_usage_root":6.12,"disk_read_sec":33450,"disk_write_sec":58641,"disk_iops_sec":13,"io_wait":0,"open_files":0,"os_bytes_in_sec":116296,"os_bytes_out_sec":2738,"total_procs":480},"count":1},{"date":1636666440,"epoch_div":27277774,"totals":{"load_avg":2.611328125,"cpu_usage":100,"mem_used":8299556864,"mem_free":6056259584,"tcp_conns":19,"disk_usage_root":6.12,"disk_read_sec":1688439,"disk_write_sec":99942,"disk_iops_sec":66,"io_wait":0,"open_files":0,"os_bytes_in_sec":123803,"os_bytes_out_sec":2956,"total_procs":484},"count":1},{"date":1636666500,"epoch_div":27277775,"totals":{"load_avg":2.81689453125,"cpu_usage":100,"mem_used":8312651776,"mem_free":6042423296,"tcp_conns":17,"disk_usage_root":6.12,"disk_read_sec":50790,"disk_write_sec":107997,"disk_iops_sec":20,"io_wait":0,"open_files":0,"os_bytes_in_sec":120068,"os_bytes_out_sec":2927,"total_procs":483},"count":1},{"date":1636666560,"epoch_div":27277776,"totals":{"load_avg":2.79248046875,"cpu_usage":100,"mem_used":8314650624,"mem_free":6039838720,"tcp_conns":17,"disk_usage_root":6.12,"disk_read_sec":6553,"disk_write_sec":110796,"disk_iops_sec":17,"io_wait":0,"open_files":0,"os_bytes_in_sec":116865,"os_bytes_out_sec":2916,"total_procs":484},"count":1},{"date":1636666620,"epoch_div":27277777,"totals":{"load_avg":2.7578125,"cpu_usage":100,"mem_used":8308436992,"mem_free":6045216768,"tcp_conns":17,"disk_usage_root":6.12,"disk_read_sec":68,"disk_write_sec":81783,"disk_iops_sec":14,"io_wait":0,"open_files":0,"os_bytes_in_sec":117172,"os_bytes_out_sec":2718,"total_procs":481},"count":1},{"date":1636666680,"epoch_div":27277778,"totals":{"load_avg":2.646484375,"cpu_usage":100,"mem_used":8311795712,"mem_free":6042775552,"tcp_conns":16,"disk_usage_root":6.12,"disk_read_sec":750,"disk_write_sec":92023,"disk_iops_sec":16,"io_wait":0,"open_files":0,"os_bytes_in_sec":116899,"os_bytes_out_sec":2977,"total_procs":482},"count":1},{"date":1636666740,"epoch_div":27277779,"totals":{"load_avg":2.74560546875,"cpu_usage":100,"mem_used":8311517184,"mem_free":6043910144,"tcp_conns":17,"disk_usage_root":6.12,"disk_read_sec":15496,"disk_write_sec":88610,"disk_iops_sec":16,"io_wait":0,"open_files":0,"os_bytes_in_sec":121565,"os_bytes_out_sec":2858,"total_procs":485},"count":1},{"date":1636666800,"epoch_div":27277780,"totals":{"load_avg":2.84912109375,"cpu_usage":100,"mem_used":8304582656,"mem_free":6049579008,"tcp_conns":17,"disk_usage_root":6.12,"disk_read_sec":7645,"disk_write_sec":96733,"disk_iops_sec":18,"io_wait":0,"open_files":0,"os_bytes_in_sec":120778,"os_bytes_out_sec":2715,"total_procs":482},"count":1},{"date":1636666860,"epoch_div":27277781,"totals":{"load_avg":2.42626953125,"cpu_usage":100,"mem_used":8307699712,"mem_free":6047309824,"tcp_conns":17,"disk_usage_root":6.12,"disk_read_sec":19387,"disk_write_sec":85879,"disk_iops_sec":14,"io_wait":0,"open_files":0,"os_bytes_in_sec":140317,"os_bytes_out_sec":2863,"total_procs":482},"count":1},{"date":1636666920,"epoch_div":27277782,"totals":{"load_avg":2.31005859375,"cpu_usage":100,"mem_used":8301813760,"mem_free":6052708352,"tcp_conns":17,"disk_usage_root":6.12,"disk_read_sec":0,"disk_write_sec":63078,"disk_iops_sec":11,"io_wait":0,"open_files":0,"os_bytes_in_sec":126696,"os_bytes_out_sec":2536,"total_procs":479},"count":1},{"date":1636666980,"epoch_div":27277783,"totals":{"load_avg":2.86328125,"cpu_usage":100,"mem_used":8309383168,"mem_free":6044528640,"tcp_conns":16,"disk_usage_root":6.12,"disk_read_sec":0,"disk_write_sec":75324,"disk_iops_sec":13,"io_wait":0,"open_files":0,"os_bytes_in_sec":115393,"os_bytes_out_sec":2729,"total_procs":483},"count":1},{"date":1636667040,"epoch_div":27277784,"totals":{"load_avg":3.17919921875,"cpu_usage":100,"mem_used":8308781056,"mem_free":6044356608,"tcp_conns":17,"disk_usage_root":6.12,"disk_read_sec":268,"disk_write_sec":71042,"disk_iops_sec":12,"io_wait":0,"open_files":0,"os_bytes_in_sec":154101,"os_bytes_out_sec":2809,"total_procs":482},"count":1},{"date":1636667100,"epoch_div":27277785,"totals":{"load_avg":3.58349609375,"cpu_usage":100,"mem_used":8312819712,"mem_free":6040690688,"tcp_conns":17,"disk_usage_root":6.12,"disk_read_sec":54545,"disk_write_sec":94481,"disk_iops_sec":18,"io_wait":0,"open_files":0,"os_bytes_in_sec":130222,"os_bytes_out_sec":2727,"total_procs":482},"count":1},{"date":1636667160,"epoch_div":27277786,"totals":{"load_avg":2.80029296875,"cpu_usage":100,"mem_used":8316035072,"mem_free":6037438464,"tcp_conns":17,"disk_usage_root":6.12,"disk_read_sec":1297,"disk_write_sec":101512,"disk_iops_sec":18,"io_wait":0,"open_files":0,"os_bytes_in_sec":121965,"os_bytes_out_sec":3018,"total_procs":483},"count":1},{"date":1636667220,"epoch_div":27277787,"totals":{"load_avg":2.14599609375,"cpu_usage":100,"mem_used":8314716160,"mem_free":6037987328,"tcp_conns":17,"disk_usage_root":6.12,"disk_read_sec":5393,"disk_write_sec":109226,"disk_iops_sec":16,"io_wait":0,"open_files":0,"os_bytes_in_sec":135850,"os_bytes_out_sec":2801,"total_procs":482},"count":1},{"date":1636667280,"epoch_div":27277788,"totals":{"load_avg":2.22900390625,"cpu_usage":100,"mem_used":8317956096,"mem_free":6035046400,"tcp_conns":16,"disk_usage_root":6.12,"disk_read_sec":614,"disk_write_sec":98918,"disk_iops_sec":17,"io_wait":0,"open_files":0,"os_bytes_in_sec":122850,"os_bytes_out_sec":3160,"total_procs":483},"count":1},{"date":1636667340,"epoch_div":27277789,"totals":{"load_avg":1.96240234375,"cpu_usage":100,"mem_used":8312389632,"mem_free":6041391104,"tcp_conns":17,"disk_usage_root":6.12,"disk_read_sec":614,"disk_write_sec":99396,"disk_iops_sec":17,"io_wait":0,"open_files":0,"os_bytes_in_sec":120270,"os_bytes_out_sec":2765,"total_procs":482},"count":1},{"date":1636667400,"epoch_div":27277790,"totals":{"load_avg":2.49755859375,"cpu_usage":100,"mem_used":8308092928,"mem_free":6043299840,"tcp_conns":17,"disk_usage_root":6.12,"disk_read_sec":4437,"disk_write_sec":70109,"disk_iops_sec":12,"io_wait":0,"open_files":0,"os_bytes_in_sec":119680,"os_bytes_out_sec":2673,"total_procs":480},"count":1},{"date":1636667460,"epoch_div":27277791,"totals":{"load_avg":3.2080078125,"cpu_usage":100,"mem_used":8306212864,"mem_free":6044495872,"tcp_conns":17,"disk_usage_root":6.12,"disk_read_sec":136,"disk_write_sec":55022,"disk_iops_sec":10,"io_wait":0,"open_files":0,"os_bytes_in_sec":125701,"os_bytes_out_sec":2693,"total_procs":479},"count":1},{"date":1636667520,"epoch_div":27277792,"totals":{"load_avg":2.701171875,"cpu_usage":100,"mem_used":8307998720,"mem_free":6044319744,"tcp_conns":17,"disk_usage_root":6.12,"disk_read_sec":0,"disk_write_sec":65672,"disk_iops_sec":11,"io_wait":0,"open_files":0,"os_bytes_in_sec":146264,"os_bytes_out_sec":2679,"total_procs":479},"count":1},{"date":1636667580,"epoch_div":27277793,"totals":{"load_avg":2.39892578125,"cpu_usage":100,"mem_used":8363278336,"mem_free":5977194496,"tcp_conns":16,"disk_usage_root":6.12,"disk_read_sec":5256,"disk_write_sec":402363,"disk_iops_sec":16,"io_wait":0,"open_files":0,"os_bytes_in_sec":132482,"os_bytes_out_sec":2968,"total_procs":482},"count":1},{"date":1636667640,"epoch_div":27277794,"totals":{"load_avg":2.5302734375,"cpu_usage":100,"mem_used":8382386176,"mem_free":5957644288,"tcp_conns":19,"disk_usage_root":6.12,"disk_read_sec":84104,"disk_write_sec":431308,"disk_iops_sec":42,"io_wait":0,"open_files":0,"os_bytes_in_sec":125951,"os_bytes_out_sec":7256,"total_procs":485},"count":1},{"date":1636667700,"epoch_div":27277795,"totals":{"load_avg":2.4833984375,"cpu_usage":100,"mem_used":8394772480,"mem_free":5962108928,"tcp_conns":19,"disk_usage_root":6.12,"disk_read_sec":435950,"disk_write_sec":99532,"disk_iops_sec":44,"io_wait":0,"open_files":0,"os_bytes_in_sec":117799,"os_bytes_out_sec":3377,"total_procs":484},"count":1},{"date":1636667760,"epoch_div":27277796,"totals":{"load_avg":2.17578125,"cpu_usage":100,"mem_used":8389898240,"mem_free":5964800000,"tcp_conns":17,"disk_usage_root":6.12,"disk_read_sec":1570,"disk_write_sec":123426,"disk_iops_sec":20,"io_wait":0,"open_files":0,"os_bytes_in_sec":120269,"os_bytes_out_sec":2719,"total_procs":482},"count":1},{"date":1636667820,"epoch_div":27277797,"totals":{"load_avg":1.96875,"cpu_usage":100,"mem_used":8394731520,"mem_free":5955063808,"tcp_conns":17,"disk_usage_root":6.12,"disk_read_sec":68,"disk_write_sec":85265,"disk_iops_sec":14,"io_wait":0,"open_files":0,"os_bytes_in_sec":105943,"os_bytes_out_sec":2893,"total_procs":482},"count":1},{"date":1636667880,"epoch_div":27277798,"totals":{"load_avg":2.26806640625,"cpu_usage":100,"mem_used":8395632640,"mem_free":5954695168,"tcp_conns":16,"disk_usage_root":6.12,"disk_read_sec":1092,"disk_write_sec":74205,"disk_iops_sec":13,"io_wait":0,"open_files":0,"os_bytes_in_sec":143673,"os_bytes_out_sec":2883,"total_procs":482},"count":1},{"date":1636667940,"epoch_div":27277799,"totals":{"load_avg":2.04931640625,"cpu_usage":100,"mem_used":8382267392,"mem_free":5963067392,"tcp_conns":17,"disk_usage_root":6.12,"disk_read_sec":24166,"disk_write_sec":242961,"disk_iops_sec":37,"io_wait":0,"open_files":0,"os_bytes_in_sec":148233,"os_bytes_out_sec":3599,"total_procs":480},"count":1}]}