{"type":"list_page","items":[{"date":1638420960,"epoch_div":13653508,"totals":{"load_avg":5.4873046875,"cpu_usage":200,"mem_used":16198193152,"mem_free":12767961088,"tcp_conns":190,"disk_usage_root":12.24,"disk_read_sec":24577910,"disk_write_sec":28936465,"disk_iops_sec":302,"io_wait":0,"open_files":0,"os_bytes_in_sec":87834,"os_bytes_out_sec":4312,"total_procs":876},"count":2},{"date":1638421080,"epoch_div":13653509,"totals":{"load_avg":5.75830078125,"cpu_usage":200,"mem_used":15891902464,"mem_free":12473057280,"tcp_conns":195,"disk_usage_root":12.24,"disk_read_sec":36183073,"disk_write_sec":43064375,"disk_iops_sec":484,"io_wait":0,"open_files":0,"os_bytes_in_sec":39631,"os_bytes_out_sec":3582,"total_procs":889},"count":2}]}