{"type":"list_page","items":[{"date":1637679600,"epoch_div":27294660,"totals":{"load_avg":1.95703125,"cpu_usage":100,"mem_used":8536264704,"mem_free":6652887040,"tcp_conns":82,"disk_usage_root":6.12,"disk_read_sec":6348,"disk_write_sec":4931,"disk_iops_sec":1,"io_wait":0,"open_files":0,"os_bytes_in_sec":1212,"os_bytes_out_sec":144,"total_procs":437},"count":1},{"date":1637679660,"epoch_div":27294661,"totals":{"load_avg":2.09326171875,"cpu_usage":100,"mem_used":8546160640,"mem_free":6625292288,"tcp_conns":82,"disk_usage_root":6.12,"disk_read_sec":93115,"disk_write_sec":459093,"disk_iops_sec":30,"io_wait":0,"open_files":0,"os_bytes_in_sec":116102,"os_bytes_out_sec":8196,"total_procs":436},"count":1},{"date":1637679720,"epoch_div":27294662,"totals":{"load_avg":2.5986328125,"cpu_usage":100,"mem_used":8534618112,"mem_free":6673100800,"tcp_conns":80,"disk_usage_root":6.12,"disk_read_sec":7164389,"disk_write_sec":5562229,"disk_iops_sec":167,"io_wait":0,"open_files":0,"os_bytes_in_sec":35098,"os_bytes_out_sec":2318,"total_procs":451},"count":1},{"date":1637679780,"epoch_div":27294663,"totals":{"load_avg":2.79736328125,"cpu_usage":100,"mem_used":8493117440,"mem_free":6676107264,"tcp_conns":79,"disk_usage_root":6.12,"disk_read_sec":117896,"disk_write_sec":111069,"disk_iops_sec":25,"io_wait":0,"open_files":0,"os_bytes_in_sec":227,"os_bytes_out_sec":258,"total_procs":436},"count":1},{"date":1637679840,"epoch_div":27294664,"totals":{"load_avg":3.22900390625,"cpu_usage":100,"mem_used":8531427328,"mem_free":6688428032,"tcp_conns":78,"disk_usage_root":6.12,"disk_read_sec":15906,"disk_write_sec":69973,"disk_iops_sec":12,"io_wait":0,"open_files":0,"os_bytes_in_sec":217,"os_bytes_out_sec":294,"total_procs":436},"count":1},{"date":1637679900,"epoch_div":27294665,"totals":{"load_avg":2.43115234375,"cpu_usage":100,"mem_used":8521170944,"mem_free":6644457472,"tcp_conns":78,"disk_usage_root":6.12,"disk_read_sec":243885,"disk_write_sec":81364,"disk_iops_sec":34,"io_wait":0,"open_files":0,"os_bytes_in_sec":215,"os_bytes_out_sec":429,"total_procs":438},"count":1},{"date":1637679960,"epoch_div":27294666,"totals":{"load_avg":3.1279296875,"cpu_usage":100,"mem_used":8517996544,"mem_free":6667964416,"tcp_conns":78,"disk_usage_root":6.12,"disk_read_sec":1745,"disk_write_sec":67147,"disk_iops_sec":12,"io_wait":0,"open_files":0,"os_bytes_in_sec":124,"os_bytes_out_sec":129,"total_procs":436},"count":1},{"date":1637682840,"epoch_div":27294714,"totals":{"load_avg":2.8564453125,"cpu_usage":100,"mem_used":8536199168,"mem_free":6679666688,"tcp_conns":85,"disk_usage_root":6.12,"disk_read_sec":4311,"disk_write_sec":16854,"disk_iops_sec":0,"io_wait":0,"open_files":0,"os_bytes_in_sec":129,"os_bytes_out_sec":25,"total_procs":438},"count":1},{"date":1637682900,"epoch_div":27294715,"totals":{"load_avg":3.33154296875,"cpu_usage":100,"mem_used":8534671360,"mem_free":6675550208,"tcp_conns":80,"disk_usage_root":6.12,"disk_read_sec":108544,"disk_write_sec":296960,"disk_iops_sec":58,"io_wait":0,"open_files":0,"os_bytes_in_sec":827,"os_bytes_out_sec":1628,"total_procs":438},"count":1},{"date":1637682960,"epoch_div":27294716,"totals":{"load_avg":2.75634765625,"cpu_usage":100,"mem_used":8514248704,"mem_free":6673387520,"tcp_conns":79,"disk_usage_root":6.12,"disk_read_sec":341945,"disk_write_sec":433964,"disk_iops_sec":27,"io_wait":0,"open_files":0,"os_bytes_in_sec":3680,"os_bytes_out_sec":7672,"total_procs":436},"count":1},{"date":1637683020,"epoch_div":27294717,"totals":{"load_avg":2.53955078125,"cpu_usage":100,"mem_used":8532049920,"mem_free":6668550144,"tcp_conns":78,"disk_usage_root":6.12,"disk_read_sec":955,"disk_write_sec":77687,"disk_iops_sec":13,"io_wait":0,"open_files":0,"os_bytes_in_sec":574,"os_bytes_out_sec":920,"total_procs":436},"count":1},{"date":1637683080,"epoch_div":27294718,"totals":{"load_avg":2.48291015625,"cpu_usage":100,"mem_used":8531697664,"mem_free":6635307008,"tcp_conns":78,"disk_usage_root":6.12,"disk_read_sec":136,"disk_write_sec":62054,"disk_iops_sec":11,"io_wait":0,"open_files":0,"os_bytes_in_sec":128,"os_bytes_out_sec":149,"total_procs":436},"count":1},{"date":1637683140,"epoch_div":27294719,"totals":{"load_avg":2.4873046875,"cpu_usage":100,"mem_used":8558358528,"mem_free":6625583104,"tcp_conns":83,"disk_usage_root":6.12,"disk_read_sec":5870,"disk_write_sec":70519,"disk_iops_sec":14,"io_wait":0,"open_files":0,"os_bytes_in_sec":1321,"os_bytes_out_sec":597,"total_procs":436},"count":1}]}