{"type":"list_page","items":[{"date":1636495200,"epoch_div":27274920,"totals":{"load_avg":2.21240234375,"cpu_usage":100,"mem_used":7910100992,"mem_free":6236798976,"tcp_conns":24,"disk_usage_root":6.12,"disk_read_sec":68608,"disk_write_sec":135782,"disk_iops_sec":29,"io_wait":0,"open_files":0,"os_bytes_in_sec":1162,"os_bytes_out_sec":847,"total_procs":483},"count":1},{"date":1636495260,"epoch_div":27274921,"totals":{"load_avg":1.88818359375,"cpu_usage":100,"mem_used":7951597568,"mem_free":6205517824,"tcp_conns":23,"disk_usage_root":6.12,"disk_read_sec":295731,"disk_write_sec":268902,"disk_iops_sec":53,"io_wait":0,"open_files":0,"os_bytes_in_sec":168,"os_bytes_out_sec":221,"total_procs":481},"count":1},{"date":1636495320,"epoch_div":27274922,"totals":{"load_avg":1.89404296875,"cpu_usage":100,"mem_used":8278933504,"mem_free":6145662976,"tcp_conns":24,"disk_usage_root":6.12,"disk_read_sec":160699,"disk_write_sec":186777,"disk_iops_sec":35,"io_wait":0,"open_files":0,"os_bytes_in_sec":351,"os_bytes_out_sec":407,"total_procs":483},"count":1},{"date":1636495380,"epoch_div":27274923,"totals":{"load_avg":3.166015625,"cpu_usage":100,"mem_used":8198782976,"mem_free":6139817984,"tcp_conns":23,"disk_usage_root":6.12,"disk_read_sec":9352,"disk_write_sec":88541,"disk_iops_sec":16,"io_wait":0,"open_files":0,"os_bytes_in_sec":310,"os_bytes_out_sec":439,"total_procs":480},"count":1},{"date":1636495440,"epoch_div":27274924,"totals":{"load_avg":3.0771484375,"cpu_usage":100,"mem_used":8155070464,"mem_free":6129733632,"tcp_conns":23,"disk_usage_root":6.12,"disk_read_sec":9079,"disk_write_sec":65809,"disk_iops_sec":12,"io_wait":0,"open_files":0,"os_bytes_in_sec":170,"os_bytes_out_sec":257,"total_procs":480},"count":1},{"date":1636495500,"epoch_div":27274925,"totals":{"load_avg":2.47216796875,"cpu_usage":100,"mem_used":8228519936,"mem_free":6090682368,"tcp_conns":22,"disk_usage_root":6.12,"disk_read_sec":2152,"disk_write_sec":100803,"disk_iops_sec":16,"io_wait":0,"open_files":0,"os_bytes_in_sec":181,"os_bytes_out_sec":239,"total_procs":480},"count":1},{"date":1636495560,"epoch_div":27274926,"totals":{"load_avg":2.00048828125,"cpu_usage":100,"mem_used":8251260928,"mem_free":6071894016,"tcp_conns":22,"disk_usage_root":6.12,"disk_read_sec":192853,"disk_write_sec":418816,"disk_iops_sec":19,"io_wait":0,"open_files":0,"os_bytes_in_sec":5983,"os_bytes_out_sec":1106,"total_procs":480},"count":1},{"date":1636495620,"epoch_div":27274927,"totals":{"load_avg":2.0205078125,"cpu_usage":100,"mem_used":8244580352,"mem_free":6103171072,"tcp_conns":26,"disk_usage_root":6.12,"disk_read_sec":12690,"disk_write_sec":99579,"disk_iops_sec":17,"io_wait":0,"open_files":0,"os_bytes_in_sec":209,"os_bytes_out_sec":239,"total_procs":475},"count":1},{"date":1636495680,"epoch_div":27274928,"totals":{"load_avg":1.9619140625,"cpu_usage":100,"mem_used":8343379968,"mem_free":6017437696,"tcp_conns":24,"disk_usage_root":6.12,"disk_read_sec":347272,"disk_write_sec":107520,"disk_iops_sec":28,"io_wait":0,"open_files":0,"os_bytes_in_sec":818,"os_bytes_out_sec":1052,"total_procs":475},"count":1},{"date":1636495740,"epoch_div":27274929,"totals":{"load_avg":2.44970703125,"cpu_usage":100,"mem_used":8145633280,"mem_free":6030462976,"tcp_conns":22,"disk_usage_root":6.12,"disk_read_sec":33723,"disk_write_sec":75025,"disk_iops_sec":14,"io_wait":0,"open_files":0,"os_bytes_in_sec":385,"os_bytes_out_sec":469,"total_procs":475},"count":1},{"date":1636495800,"epoch_div":27274930,"totals":{"load_avg":2.2021484375,"cpu_usage":100,"mem_used":8201379840,"mem_free":6089723904,"tcp_conns":23,"disk_usage_root":6.12,"disk_read_sec":41028,"disk_write_sec":150050,"disk_iops_sec":25,"io_wait":0,"open_files":0,"os_bytes_in_sec":1078,"os_bytes_out_sec":810,"total_procs":478},"count":1},{"date":1636495860,"epoch_div":27274931,"totals":{"load_avg":2.1884765625,"cpu_usage":100,"mem_used":8294129664,"mem_free":6090055680,"tcp_conns":26,"disk_usage_root":6.12,"disk_read_sec":127931,"disk_write_sec":171758,"disk_iops_sec":25,"io_wait":0,"open_files":0,"os_bytes_in_sec":589,"os_bytes_out_sec":805,"total_procs":477},"count":1},{"date":1636495920,"epoch_div":27274932,"totals":{"load_avg":3.04052734375,"cpu_usage":100,"mem_used":8265035776,"mem_free":6093799424,"tcp_conns":21,"disk_usage_root":6.12,"disk_read_sec":11741,"disk_write_sec":157013,"disk_iops_sec":25,"io_wait":0,"open_files":0,"os_bytes_in_sec":464,"os_bytes_out_sec":691,"total_procs":478},"count":1},{"date":1636495980,"epoch_div":27274933,"totals":{"load_avg":2.34814453125,"cpu_usage":100,"mem_used":8308244480,"mem_free":6073724928,"tcp_conns":23,"disk_usage_root":6.12,"disk_read_sec":176613,"disk_write_sec":91222,"disk_iops_sec":16,"io_wait":0,"open_files":0,"os_bytes_in_sec":535,"os_bytes_out_sec":689,"total_procs":476},"count":1},{"date":1636496040,"epoch_div":27274934,"totals":{"load_avg":2.544921875,"cpu_usage":100,"mem_used":8336846848,"mem_free":6062628864,"tcp_conns":24,"disk_usage_root":6.12,"disk_read_sec":38434,"disk_write_sec":99737,"disk_iops_sec":22,"io_wait":0,"open_files":0,"os_bytes_in_sec":692,"os_bytes_out_sec":618,"total_procs":475},"count":1},{"date":1636496100,"epoch_div":27274935,"totals":{"load_avg":2.2529296875,"cpu_usage":100,"mem_used":8320303104,"mem_free":5948981248,"tcp_conns":24,"disk_usage_root":6.12,"disk_read_sec":5573,"disk_write_sec":102937,"disk_iops_sec":17,"io_wait":0,"open_files":0,"os_bytes_in_sec":634,"os_bytes_out_sec":619,"total_procs":477},"count":1},{"date":1636496160,"epoch_div":27274936,"totals":{"load_avg":2.04541015625,"cpu_usage":100,"mem_used":8351903744,"mem_free":6062268416,"tcp_conns":22,"disk_usage_root":6.12,"disk_read_sec":2867,"disk_write_sec":76185,"disk_iops_sec":14,"io_wait":0,"open_files":0,"os_bytes_in_sec":176,"os_bytes_out_sec":191,"total_procs":475},"count":1},{"date":1636496220,"epoch_div":27274937,"totals":{"load_avg":1.9130859375,"cpu_usage":100,"mem_used":8321789952,"mem_free":5990793216,"tcp_conns":21,"disk_usage_root":6.12,"disk_read_sec":7168,"disk_write_sec":79667,"disk_iops_sec":13,"io_wait":0,"open_files":0,"os_bytes_in_sec":301,"os_bytes_out_sec":486,"total_procs":475},"count":1},{"date":1636496280,"epoch_div":27274938,"totals":{"load_avg":1.48828125,"cpu_usage":100,"mem_used":8391766016,"mem_free":6048276480,"tcp_conns":22,"disk_usage_root":6.12,"disk_read_sec":27170,"disk_write_sec":158378,"disk_iops_sec":26,"io_wait":0,"open_files":0,"os_bytes_in_sec":619,"os_bytes_out_sec":834,"total_procs":478},"count":1},{"date":1636496340,"epoch_div":27274939,"totals":{"load_avg":2,"cpu_usage":100,"mem_used":8568791040,"mem_free":6066982912,"tcp_conns":31,"disk_usage_root":6.12,"disk_read_sec":1114453,"disk_write_sec":267264,"disk_iops_sec":122,"io_wait":0,"open_files":0,"os_bytes_in_sec":9760,"os_bytes_out_sec":2062,"total_procs":485},"count":1},{"date":1636496400,"epoch_div":27274940,"totals":{"load_avg":2.35546875,"cpu_usage":100,"mem_used":8523563008,"mem_free":6062333952,"tcp_conns":35,"disk_usage_root":6.12,"disk_read_sec":103697,"disk_write_sec":164113,"disk_iops_sec":37,"io_wait":0,"open_files":0,"os_bytes_in_sec":961,"os_bytes_out_sec":675,"total_procs":484},"count":1},{"date":1636496520,"epoch_div":27274942,"totals":{"load_avg":2.1484375,"cpu_usage":100,"mem_used":8433512448,"mem_free":6078459904,"tcp_conns":35,"disk_usage_root":6.12,"disk_read_sec":2353356,"disk_write_sec":237465,"disk_iops_sec":73,"io_wait":0,"open_files":0,"os_bytes_in_sec":3499,"os_bytes_out_sec":2456,"total_procs":483},"count":1},{"date":1636496580,"epoch_div":27274943,"totals":{"load_avg":3.79638671875,"cpu_usage":100,"mem_used":8409731072,"mem_free":6003752960,"tcp_conns":27,"disk_usage_root":6.12,"disk_read_sec":148753,"disk_write_sec":382566,"disk_iops_sec":38,"io_wait":0,"open_files":0,"os_bytes_in_sec":894,"os_bytes_out_sec":1373,"total_procs":483},"count":1},{"date":1636496640,"epoch_div":27274944,"totals":{"load_avg":3.330078125,"cpu_usage":100,"mem_used":8387149824,"mem_free":5986525184,"tcp_conns":29,"disk_usage_root":6.12,"disk_read_sec":35225,"disk_write_sec":148821,"disk_iops_sec":26,"io_wait":0,"open_files":0,"os_bytes_in_sec":497,"os_bytes_out_sec":732,"total_procs":486},"count":1},{"date":1636496700,"epoch_div":27274945,"totals":{"load_avg":2.42333984375,"cpu_usage":100,"mem_used":8441839616,"mem_free":6013489152,"tcp_conns":29,"disk_usage_root":6.12,"disk_read_sec":125815,"disk_write_sec":139332,"disk_iops_sec":37,"io_wait":0,"open_files":0,"os_bytes_in_sec":1269,"os_bytes_out_sec":815,"total_procs":486},"count":1},{"date":1636496760,"epoch_div":27274946,"totals":{"load_avg":1.72900390625,"cpu_usage":100,"mem_used":8466579456,"mem_free":6046224384,"tcp_conns":25,"disk_usage_root":6.12,"disk_read_sec":52974,"disk_write_sec":101444,"disk_iops_sec":22,"io_wait":0,"open_files":0,"os_bytes_in_sec":427,"os_bytes_out_sec":615,"total_procs":485},"count":1},{"date":1636496820,"epoch_div":27274947,"totals":{"load_avg":1.77783203125,"cpu_usage":100,"mem_used":8571957248,"mem_free":5992738816,"tcp_conns":24,"disk_usage_root":6.12,"disk_read_sec":108370,"disk_write_sec":194247,"disk_iops_sec":34,"io_wait":0,"open_files":0,"os_bytes_in_sec":532,"os_bytes_out_sec":1135,"total_procs":485},"count":1},{"date":1636496880,"epoch_div":27274948,"totals":{"load_avg":2.53076171875,"cpu_usage":100,"mem_used":8550203392,"mem_free":6025818112,"tcp_conns":23,"disk_usage_root":6.12,"disk_read_sec":201375,"disk_write_sec":126103,"disk_iops_sec":34,"io_wait":0,"open_files":0,"os_bytes_in_sec":550,"os_bytes_out_sec":749,"total_procs":483},"count":1},{"date":1636496940,"epoch_div":27274949,"totals":{"load_avg":3.07666015625,"cpu_usage":100,"mem_used":8508461056,"mem_free":6024884224,"tcp_conns":27,"disk_usage_root":6.12,"disk_read_sec":171554,"disk_write_sec":572484,"disk_iops_sec":52,"io_wait":0,"open_files":0,"os_bytes_in_sec":4940,"os_bytes_out_sec":1301,"total_procs":486},"count":1},{"date":1636497000,"epoch_div":27274950,"totals":{"load_avg":3.10693359375,"cpu_usage":100,"mem_used":8509485056,"mem_free":6087462912,"tcp_conns":23,"disk_usage_root":6.12,"disk_read_sec":221457,"disk_write_sec":430489,"disk_iops_sec":60,"io_wait":0,"open_files":0,"os_bytes_in_sec":940,"os_bytes_out_sec":794,"total_procs":485},"count":1},{"date":1636497060,"epoch_div":27274951,"totals":{"load_avg":2.42333984375,"cpu_usage":100,"mem_used":8571437056,"mem_free":6080434176,"tcp_conns":23,"disk_usage_root":6.12,"disk_read_sec":65672,"disk_write_sec":126293,"disk_iops_sec":25,"io_wait":0,"open_files":0,"os_bytes_in_sec":332,"os_bytes_out_sec":671,"total_procs":486},"count":1},{"date":1636497120,"epoch_div":27274952,"totals":{"load_avg":1.94580078125,"cpu_usage":100,"mem_used":8564162560,"mem_free":6016237568,"tcp_conns":26,"disk_usage_root":6.12,"disk_read_sec":23620,"disk_write_sec":118169,"disk_iops_sec":23,"io_wait":0,"open_files":0,"os_bytes_in_sec":503,"os_bytes_out_sec":571,"total_procs":484},"count":1},{"date":1636497180,"epoch_div":27274953,"totals":{"load_avg":2.76123046875,"cpu_usage":100,"mem_used":8570167296,"mem_free":6051037184,"tcp_conns":26,"disk_usage_root":6.12,"disk_read_sec":118715,"disk_write_sec":197973,"disk_iops_sec":43,"io_wait":0,"open_files":0,"os_bytes_in_sec":610,"os_bytes_out_sec":1039,"total_procs":484},"count":1},{"date":1636497240,"epoch_div":27274954,"totals":{"load_avg":2.3251953125,"cpu_usage":100,"mem_used":8561651712,"mem_free":6095765504,"tcp_conns":26,"disk_usage_root":6.12,"disk_read_sec":325836,"disk_write_sec":763904,"disk_iops_sec":51,"io_wait":0,"open_files":0,"os_bytes_in_sec":1417,"os_bytes_out_sec":1061,"total_procs":486},"count":1},{"date":1636497300,"epoch_div":27274955,"totals":{"load_avg":2.701171875,"cpu_usage":100,"mem_used":8553578496,"mem_free":6109937664,"tcp_conns":27,"disk_usage_root":6.12,"disk_read_sec":70395,"disk_write_sec":169463,"disk_iops_sec":31,"io_wait":0,"open_files":0,"os_bytes_in_sec":442,"os_bytes_out_sec":711,"total_procs":485},"count":1},{"date":1636497360,"epoch_div":27274956,"totals":{"load_avg":2.28125,"cpu_usage":100,"mem_used":8545820672,"mem_free":6110371840,"tcp_conns":23,"disk_usage_root":6.12,"disk_read_sec":91320,"disk_write_sec":400333,"disk_iops_sec":27,"io_wait":0,"open_files":0,"os_bytes_in_sec":799,"os_bytes_out_sec":633,"total_procs":484},"count":1},{"date":1636497480,"epoch_div":27274958,"totals":{"load_avg":2.04345703125,"cpu_usage":100,"mem_used":8461840384,"mem_free":6132305920,"tcp_conns":22,"disk_usage_root":6.12,"disk_read_sec":80145,"disk_write_sec":110284,"disk_iops_sec":25,"io_wait":0,"open_files":0,"os_bytes_in_sec":395,"os_bytes_out_sec":538,"total_procs":484},"count":1},{"date":1636497540,"epoch_div":27274959,"totals":{"load_avg":2.47998046875,"cpu_usage":100,"mem_used":8569831424,"mem_free":6131310592,"tcp_conns":21,"disk_usage_root":6.12,"disk_read_sec":290816,"disk_write_sec":201864,"disk_iops_sec":37,"io_wait":0,"open_files":0,"os_bytes_in_sec":6047,"os_bytes_out_sec":1117,"total_procs":484},"count":1},{"date":1636497600,"epoch_div":27274960,"totals":{"load_avg":2.38916015625,"cpu_usage":100,"mem_used":8561721344,"mem_free":6126706688,"tcp_conns":21,"disk_usage_root":6.12,"disk_read_sec":102468,"disk_write_sec":136396,"disk_iops_sec":32,"io_wait":0,"open_files":0,"os_bytes_in_sec":881,"os_bytes_out_sec":715,"total_procs":482},"count":1},{"date":1636497660,"epoch_div":27274961,"totals":{"load_avg":2.18359375,"cpu_usage":100,"mem_used":8514797568,"mem_free":6136066048,"tcp_conns":22,"disk_usage_root":6.12,"disk_read_sec":16314,"disk_write_sec":71298,"disk_iops_sec":14,"io_wait":0,"open_files":0,"os_bytes_in_sec":195,"os_bytes_out_sec":447,"total_procs":482},"count":1},{"date":1636497720,"epoch_div":27274962,"totals":{"load_avg":2.05615234375,"cpu_usage":100,"mem_used":8535162880,"mem_free":6161145856,"tcp_conns":22,"disk_usage_root":6.12,"disk_read_sec":56605,"disk_write_sec":78428,"disk_iops_sec":19,"io_wait":0,"open_files":0,"os_bytes_in_sec":447,"os_bytes_out_sec":545,"total_procs":482},"count":1},{"date":1636497780,"epoch_div":27274963,"totals":{"load_avg":1.412109375,"cpu_usage":100,"mem_used":8531910656,"mem_free":6162161664,"tcp_conns":23,"disk_usage_root":6.12,"disk_read_sec":6963,"disk_write_sec":76663,"disk_iops_sec":13,"io_wait":0,"open_files":0,"os_bytes_in_sec":339,"os_bytes_out_sec":384,"total_procs":482},"count":1},{"date":1636497840,"epoch_div":27274964,"totals":{"load_avg":2.259765625,"cpu_usage":100,"mem_used":8499621888,"mem_free":6185246720,"tcp_conns":23,"disk_usage_root":6.12,"disk_read_sec":73181,"disk_write_sec":75639,"disk_iops_sec":18,"io_wait":0,"open_files":0,"os_bytes_in_sec":147,"os_bytes_out_sec":147,"total_procs":482},"count":1},{"date":1636497900,"epoch_div":27274965,"totals":{"load_avg":3.0048828125,"cpu_usage":100,"mem_used":8529530880,"mem_free":6174052352,"tcp_conns":23,"disk_usage_root":6.12,"disk_read_sec":32153,"disk_write_sec":94549,"disk_iops_sec":18,"io_wait":0,"open_files":0,"os_bytes_in_sec":170,"os_bytes_out_sec":193,"total_procs":482},"count":1},{"date":1636497960,"epoch_div":27274966,"totals":{"load_avg":2.4189453125,"cpu_usage":100,"mem_used":8538046464,"mem_free":6185328640,"tcp_conns":23,"disk_usage_root":6.12,"disk_read_sec":73181,"disk_write_sec":75776,"disk_iops_sec":23,"io_wait":0,"open_files":0,"os_bytes_in_sec":311,"os_bytes_out_sec":353,"total_procs":481},"count":1},{"date":1636498020,"epoch_div":27274967,"totals":{"load_avg":2.22705078125,"cpu_usage":100,"mem_used":8518414336,"mem_free":6197772288,"tcp_conns":21,"disk_usage_root":6.12,"disk_read_sec":5120,"disk_write_sec":66764,"disk_iops_sec":12,"io_wait":0,"open_files":0,"os_bytes_in_sec":81,"os_bytes_out_sec":110,"total_procs":482},"count":1},{"date":1636498080,"epoch_div":27274968,"totals":{"load_avg":2.529296875,"cpu_usage":100,"mem_used":8565358592,"mem_free":6161866752,"tcp_conns":23,"disk_usage_root":6.12,"disk_read_sec":65467,"disk_write_sec":66696,"disk_iops_sec":14,"io_wait":0,"open_files":0,"os_bytes_in_sec":532,"os_bytes_out_sec":660,"total_procs":483},"count":1},{"date":1636498140,"epoch_div":27274969,"totals":{"load_avg":2.30810546875,"cpu_usage":100,"mem_used":8526270464,"mem_free":6164410368,"tcp_conns":22,"disk_usage_root":6.12,"disk_read_sec":35406,"disk_write_sec":79906,"disk_iops_sec":14,"io_wait":0,"open_files":0,"os_bytes_in_sec":448,"os_bytes_out_sec":537,"total_procs":481},"count":1},{"date":1636498200,"epoch_div":27274970,"totals":{"load_avg":1.96337890625,"cpu_usage":100,"mem_used":8513945600,"mem_free":6171078656,"tcp_conns":22,"disk_usage_root":6.12,"disk_read_sec":52576,"disk_write_sec":66274,"disk_iops_sec":16,"io_wait":0,"open_files":0,"os_bytes_in_sec":752,"os_bytes_out_sec":416,"total_procs":481},"count":1},{"date":1636498260,"epoch_div":27274971,"totals":{"load_avg":4.06005859375,"cpu_usage":100,"mem_used":8565354496,"mem_free":6163177472,"tcp_conns":22,"disk_usage_root":6.12,"disk_read_sec":64170,"disk_write_sec":85674,"disk_iops_sec":21,"io_wait":0,"open_files":0,"os_bytes_in_sec":276,"os_bytes_out_sec":437,"total_procs":481},"count":1},{"date":1636498320,"epoch_div":27274972,"totals":{"load_avg":2.6767578125,"cpu_usage":100,"mem_used":8549724160,"mem_free":6167375872,"tcp_conns":22,"disk_usage_root":6.12,"disk_read_sec":42325,"disk_write_sec":92433,"disk_iops_sec":20,"io_wait":0,"open_files":0,"os_bytes_in_sec":466,"os_bytes_out_sec":486,"total_procs":483},"count":1},{"date":1636498380,"epoch_div":27274973,"totals":{"load_avg":2.68798828125,"cpu_usage":100,"mem_used":8480374784,"mem_free":6180925440,"tcp_conns":23,"disk_usage_root":6.12,"disk_read_sec":209646,"disk_write_sec":124654,"disk_iops_sec":19,"io_wait":0,"open_files":0,"os_bytes_in_sec":392,"os_bytes_out_sec":583,"total_procs":482},"count":1},{"date":1636498440,"epoch_div":27274974,"totals":{"load_avg":1.93896484375,"cpu_usage":100,"mem_used":8526409728,"mem_free":6180220928,"tcp_conns":22,"disk_usage_root":6.12,"disk_read_sec":11400,"disk_write_sec":77414,"disk_iops_sec":15,"io_wait":0,"open_files":0,"os_bytes_in_sec":205,"os_bytes_out_sec":260,"total_procs":481},"count":1},{"date":1636498500,"epoch_div":27274975,"totals":{"load_avg":1.62841796875,"cpu_usage":100,"mem_used":8462016512,"mem_free":6130364416,"tcp_conns":23,"disk_usage_root":6.12,"disk_read_sec":7031,"disk_write_sec":78848,"disk_iops_sec":14,"io_wait":0,"open_files":0,"os_bytes_in_sec":460,"os_bytes_out_sec":664,"total_procs":481},"count":1},{"date":1636498560,"epoch_div":27274976,"totals":{"load_avg":1.51611328125,"cpu_usage":100,"mem_used":8474980352,"mem_free":6129401856,"tcp_conns":23,"disk_usage_root":6.12,"disk_read_sec":39085,"disk_write_sec":87057,"disk_iops_sec":15,"io_wait":0,"open_files":0,"os_bytes_in_sec":176,"os_bytes_out_sec":128,"total_procs":481},"count":1},{"date":1636498620,"epoch_div":27274977,"totals":{"load_avg":1.6591796875,"cpu_usage":100,"mem_used":8493654016,"mem_free":6119247872,"tcp_conns":22,"disk_usage_root":6.12,"disk_read_sec":40482,"disk_write_sec":64853,"disk_iops_sec":15,"io_wait":0,"open_files":0,"os_bytes_in_sec":86,"os_bytes_out_sec":98,"total_procs":481},"count":1},{"date":1636498680,"epoch_div":27274978,"totals":{"load_avg":1.9013671875,"cpu_usage":100,"mem_used":8499273728,"mem_free":6116257792,"tcp_conns":23,"disk_usage_root":6.12,"disk_read_sec":184857,"disk_write_sec":67147,"disk_iops_sec":25,"io_wait":0,"open_files":0,"os_bytes_in_sec":248,"os_bytes_out_sec":215,"total_procs":481},"count":1},{"date":1636498740,"epoch_div":27274979,"totals":{"load_avg":2.3828125,"cpu_usage":100,"mem_used":8356188160,"mem_free":6166663168,"tcp_conns":24,"disk_usage_root":6.12,"disk_read_sec":1484936,"disk_write_sec":514389,"disk_iops_sec":100,"io_wait":0,"open_files":0,"os_bytes_in_sec":15921,"os_bytes_out_sec":2531,"total_procs":483},"count":1}]}