{"type":"list_page","items":[{"date":1636680240,"epoch_div":27278004,"totals":{"load_avg":2.2099609375,"cpu_usage":100,"mem_used":8504827904,"mem_free":6142435328,"tcp_conns":27,"disk_usage_root":6.12,"disk_read_sec":1160,"disk_write_sec":3074,"disk_iops_sec":0,"io_wait":0,"open_files":0,"os_bytes_in_sec":202,"os_bytes_out_sec":39,"total_procs":494},"count":1},{"date":1636680300,"epoch_div":27278005,"totals":{"load_avg":2.01318359375,"cpu_usage":100,"mem_used":8494632960,"mem_free":6132846592,"tcp_conns":24,"disk_usage_root":6.12,"disk_read_sec":25804,"disk_write_sec":122470,"disk_iops_sec":22,"io_wait":0,"open_files":0,"os_bytes_in_sec":2045,"os_bytes_out_sec":4686,"total_procs":495},"count":1},{"date":1636682040,"epoch_div":27278034,"totals":{"load_avg":1.7822265625,"cpu_usage":100,"mem_used":8502431744,"mem_free":6135181312,"tcp_conns":25,"disk_usage_root":6.12,"disk_read_sec":1599,"disk_write_sec":2522,"disk_iops_sec":0,"io_wait":0,"open_files":0,"os_bytes_in_sec":14,"os_bytes_out_sec":18,"total_procs":495},"count":1}]}