{"type":"list_page","items":[{"date":1639111500,"epoch_div":27318525,"totals":{"load_avg":2.37353515625,"cpu_usage":100,"mem_used":8534163456,"mem_free":6295625728,"tcp_conns":104,"disk_usage_root":8.83,"disk_read_sec":39986,"disk_write_sec":4283,"disk_iops_sec":1,"io_wait":0,"open_files":0,"os_bytes_in_sec":103,"os_bytes_out_sec":120,"total_procs":484},"count":1},{"date":1639111560,"epoch_div":27318526,"totals":{"load_avg":3.501953125,"cpu_usage":100,"mem_used":8568033280,"mem_free":6298157056,"tcp_conns":103,"disk_usage_root":8.83,"disk_read_sec":3352576,"disk_write_sec":2497313,"disk_iops_sec":96,"io_wait":0,"open_files":0,"os_bytes_in_sec":4136,"os_bytes_out_sec":3102,"total_procs":491},"count":1}]}