{"type":"list_page","items":[{"date":1638313200,"epoch_div":27305220,"totals":{"load_avg":3.34033203125,"cpu_usage":100,"mem_used":8457355264,"mem_free":6331621376,"tcp_conns":133,"disk_usage_root":6.12,"disk_read_sec":3430946,"disk_write_sec":253064,"disk_iops_sec":67,"io_wait":0,"open_files":0,"os_bytes_in_sec":77257,"os_bytes_out_sec":12482,"total_procs":449},"count":1},{"date":1638313260,"epoch_div":27305221,"totals":{"load_avg":3.119140625,"cpu_usage":100,"mem_used":8336642048,"mem_free":6315532288,"tcp_conns":132,"disk_usage_root":6.12,"disk_read_sec":4816076,"disk_write_sec":4211234,"disk_iops_sec":183,"io_wait":0,"open_files":0,"os_bytes_in_sec":62341,"os_bytes_out_sec":15463,"total_procs":450},"count":1},{"date":1638313320,"epoch_div":27305222,"totals":{"load_avg":5.15869140625,"cpu_usage":100,"mem_used":7912398848,"mem_free":6434324480,"tcp_conns":156,"disk_usage_root":6.12,"disk_read_sec":18794018,"disk_write_sec":22421572,"disk_iops_sec":287,"io_wait":0,"open_files":0,"os_bytes_in_sec":66436,"os_bytes_out_sec":19696,"total_procs":448},"count":1},{"date":1638313380,"epoch_div":27305223,"totals":{"load_avg":3.57275390625,"cpu_usage":100,"mem_used":8267505664,"mem_free":6339481600,"tcp_conns":128,"disk_usage_root":6.12,"disk_read_sec":4962963,"disk_write_sec":240275,"disk_iops_sec":66,"io_wait":0,"open_files":0,"os_bytes_in_sec":76468,"os_bytes_out_sec":19198,"total_procs":448},"count":1},{"date":1638313440,"epoch_div":27305224,"totals":{"load_avg":3.9677734375,"cpu_usage":100,"mem_used":8311029760,"mem_free":6323089408,"tcp_conns":120,"disk_usage_root":6.12,"disk_read_sec":363268,"disk_write_sec":183312,"disk_iops_sec":22,"io_wait":0,"open_files":0,"os_bytes_in_sec":60210,"os_bytes_out_sec":1703,"total_procs":447},"count":1},{"date":1638313500,"epoch_div":27305225,"totals":{"load_avg":3.72802734375,"cpu_usage":100,"mem_used":8408264704,"mem_free":6301749248,"tcp_conns":114,"disk_usage_root":6.12,"disk_read_sec":1032396,"disk_write_sec":226781,"disk_iops_sec":32,"io_wait":0,"open_files":0,"os_bytes_in_sec":78615,"os_bytes_out_sec":5349,"total_procs":449},"count":1},{"date":1638313560,"epoch_div":27305226,"totals":{"load_avg":3.61474609375,"cpu_usage":100,"mem_used":8555470848,"mem_free":6334431232,"tcp_conns":115,"disk_usage_root":6.12,"disk_read_sec":12080561,"disk_write_sec":9837203,"disk_iops_sec":125,"io_wait":0,"open_files":0,"os_bytes_in_sec":68024,"os_bytes_out_sec":5814,"total_procs":449},"count":1},{"date":1638313620,"epoch_div":27305227,"totals":{"load_avg":7.1826171875,"cpu_usage":100,"mem_used":7925288960,"mem_free":6455541760,"tcp_conns":104,"disk_usage_root":6.12,"disk_read_sec":4187924,"disk_write_sec":12583784,"disk_iops_sec":104,"io_wait":0,"open_files":0,"os_bytes_in_sec":71658,"os_bytes_out_sec":5246,"total_procs":446},"count":1},{"date":1638313680,"epoch_div":27305228,"totals":{"load_avg":4.18017578125,"cpu_usage":100,"mem_used":8021979136,"mem_free":6412173312,"tcp_conns":99,"disk_usage_root":6.12,"disk_read_sec":970956,"disk_write_sec":197495,"disk_iops_sec":49,"io_wait":0,"open_files":0,"os_bytes_in_sec":68916,"os_bytes_out_sec":1883,"total_procs":446},"count":1},{"date":1638313740,"epoch_div":27305229,"totals":{"load_avg":4.1533203125,"cpu_usage":100,"mem_used":8498978816,"mem_free":6227738624,"tcp_conns":136,"disk_usage_root":6.12,"disk_read_sec":5487479,"disk_write_sec":285218,"disk_iops_sec":122,"io_wait":0,"open_files":0,"os_bytes_in_sec":94937,"os_bytes_out_sec":20475,"total_procs":451},"count":1},{"date":1638313800,"epoch_div":27305230,"totals":{"load_avg":3.22021484375,"cpu_usage":100,"mem_used":8473866240,"mem_free":6276923392,"tcp_conns":140,"disk_usage_root":6.12,"disk_read_sec":7659315,"disk_write_sec":216132,"disk_iops_sec":181,"io_wait":0,"open_files":0,"os_bytes_in_sec":77927,"os_bytes_out_sec":15441,"total_procs":451},"count":1},{"date":1638313860,"epoch_div":27305231,"totals":{"load_avg":5.6953125,"cpu_usage":100,"mem_used":8241086464,"mem_free":6234103808,"tcp_conns":156,"disk_usage_root":6.12,"disk_read_sec":6534963,"disk_write_sec":7516637,"disk_iops_sec":256,"io_wait":0,"open_files":0,"os_bytes_in_sec":60515,"os_bytes_out_sec":19358,"total_procs":451},"count":1},{"date":1638313920,"epoch_div":27305232,"totals":{"load_avg":3.962890625,"cpu_usage":100,"mem_used":8423940096,"mem_free":6227902464,"tcp_conns":141,"disk_usage_root":6.12,"disk_read_sec":2319155,"disk_write_sec":202820,"disk_iops_sec":63,"io_wait":0,"open_files":0,"os_bytes_in_sec":75079,"os_bytes_out_sec":10672,"total_procs":450},"count":1},{"date":1638313980,"epoch_div":27305233,"totals":{"load_avg":3.37548828125,"cpu_usage":100,"mem_used":8416096256,"mem_free":6260736000,"tcp_conns":133,"disk_usage_root":6.12,"disk_read_sec":9638843,"disk_write_sec":7787315,"disk_iops_sec":173,"io_wait":0,"open_files":0,"os_bytes_in_sec":71230,"os_bytes_out_sec":18865,"total_procs":450},"count":1},{"date":1638314040,"epoch_div":27305234,"totals":{"load_avg":2.94140625,"cpu_usage":100,"mem_used":8516739072,"mem_free":6244253696,"tcp_conns":118,"disk_usage_root":6.12,"disk_read_sec":1287304,"disk_write_sec":227601,"disk_iops_sec":36,"io_wait":0,"open_files":0,"os_bytes_in_sec":80357,"os_bytes_out_sec":4303,"total_procs":450},"count":1},{"date":1638314100,"epoch_div":27305235,"totals":{"load_avg":3.119140625,"cpu_usage":100,"mem_used":8384647168,"mem_free":6244900864,"tcp_conns":111,"disk_usage_root":6.12,"disk_read_sec":2487227,"disk_write_sec":4736887,"disk_iops_sec":60,"io_wait":0,"open_files":0,"os_bytes_in_sec":64393,"os_bytes_out_sec":5859,"total_procs":450},"count":1},{"date":1638314160,"epoch_div":27305236,"totals":{"load_avg":2.734375,"cpu_usage":100,"mem_used":8529772544,"mem_free":6232907776,"tcp_conns":105,"disk_usage_root":6.12,"disk_read_sec":2388718,"disk_write_sec":682803,"disk_iops_sec":76,"io_wait":0,"open_files":0,"os_bytes_in_sec":67406,"os_bytes_out_sec":1841,"total_procs":449},"count":1},{"date":1638314220,"epoch_div":27305237,"totals":{"load_avg":2.74169921875,"cpu_usage":100,"mem_used":8570454016,"mem_free":6233743360,"tcp_conns":100,"disk_usage_root":6.12,"disk_read_sec":919210,"disk_write_sec":199133,"disk_iops_sec":30,"io_wait":0,"open_files":0,"os_bytes_in_sec":71888,"os_bytes_out_sec":5820,"total_procs":449},"count":1},{"date":1638314280,"epoch_div":27305238,"totals":{"load_avg":3.37109375,"cpu_usage":100,"mem_used":8415522816,"mem_free":6216904704,"tcp_conns":97,"disk_usage_root":6.12,"disk_read_sec":1872418,"disk_write_sec":6671155,"disk_iops_sec":58,"io_wait":0,"open_files":0,"os_bytes_in_sec":48233,"os_bytes_out_sec":1842,"total_procs":450},"count":1},{"date":1638314340,"epoch_div":27305239,"totals":{"load_avg":2.39697265625,"cpu_usage":100,"mem_used":8499671040,"mem_free":6164246528,"tcp_conns":144,"disk_usage_root":6.12,"disk_read_sec":5291008,"disk_write_sec":1150702,"disk_iops_sec":152,"io_wait":0,"open_files":0,"os_bytes_in_sec":78307,"os_bytes_out_sec":19538,"total_procs":450},"count":1},{"date":1638314400,"epoch_div":27305240,"totals":{"load_avg":2.77490234375,"cpu_usage":100,"mem_used":8474787840,"mem_free":6129324032,"tcp_conns":135,"disk_usage_root":6.12,"disk_read_sec":5949576,"disk_write_sec":5368763,"disk_iops_sec":174,"io_wait":0,"open_files":0,"os_bytes_in_sec":66678,"os_bytes_out_sec":19293,"total_procs":453},"count":1},{"date":1638314460,"epoch_div":27305241,"totals":{"load_avg":3.22509765625,"cpu_usage":100,"mem_used":8285114368,"mem_free":6118600704,"tcp_conns":129,"disk_usage_root":6.12,"disk_read_sec":7308014,"disk_write_sec":6158677,"disk_iops_sec":300,"io_wait":0,"open_files":0,"os_bytes_in_sec":54211,"os_bytes_out_sec":8996,"total_procs":452},"count":1},{"date":1638314520,"epoch_div":27305242,"totals":{"load_avg":5.12744140625,"cpu_usage":100,"mem_used":8433242112,"mem_free":6100606976,"tcp_conns":135,"disk_usage_root":6.12,"disk_read_sec":3003255,"disk_write_sec":210670,"disk_iops_sec":90,"io_wait":0,"open_files":0,"os_bytes_in_sec":75867,"os_bytes_out_sec":19785,"total_procs":449},"count":1},{"date":1638314580,"epoch_div":27305243,"totals":{"load_avg":3.94482421875,"cpu_usage":100,"mem_used":8243339264,"mem_free":6130860032,"tcp_conns":136,"disk_usage_root":6.12,"disk_read_sec":4793291,"disk_write_sec":5370203,"disk_iops_sec":118,"io_wait":0,"open_files":0,"os_bytes_in_sec":75827,"os_bytes_out_sec":15264,"total_procs":451},"count":1},{"date":1638314640,"epoch_div":27305244,"totals":{"load_avg":3.5400390625,"cpu_usage":100,"mem_used":8277794816,"mem_free":6134968320,"tcp_conns":126,"disk_usage_root":6.12,"disk_read_sec":869963,"disk_write_sec":192377,"disk_iops_sec":44,"io_wait":0,"open_files":0,"os_bytes_in_sec":69833,"os_bytes_out_sec":8176,"total_procs":449},"count":1},{"date":1638314700,"epoch_div":27305245,"totals":{"load_avg":3.181640625,"cpu_usage":100,"mem_used":8343347200,"mem_free":6132420608,"tcp_conns":120,"disk_usage_root":6.12,"disk_read_sec":1139302,"disk_write_sec":280302,"disk_iops_sec":62,"io_wait":0,"open_files":0,"os_bytes_in_sec":71320,"os_bytes_out_sec":8146,"total_procs":450},"count":1},{"date":1638314760,"epoch_div":27305246,"totals":{"load_avg":3.70654296875,"cpu_usage":100,"mem_used":8376676352,"mem_free":6126768128,"tcp_conns":114,"disk_usage_root":6.12,"disk_read_sec":546816,"disk_write_sec":165000,"disk_iops_sec":24,"io_wait":0,"open_files":0,"os_bytes_in_sec":50183,"os_bytes_out_sec":1877,"total_procs":448},"count":1},{"date":1638314820,"epoch_div":27305247,"totals":{"load_avg":3.41357421875,"cpu_usage":100,"mem_used":8464244736,"mem_free":6135005184,"tcp_conns":111,"disk_usage_root":6.12,"disk_read_sec":1312153,"disk_write_sec":244121,"disk_iops_sec":35,"io_wait":0,"open_files":0,"os_bytes_in_sec":76322,"os_bytes_out_sec":7861,"total_procs":449},"count":1},{"date":1638314880,"epoch_div":27305248,"totals":{"load_avg":3.29345703125,"cpu_usage":100,"mem_used":8507600896,"mem_free":6154256384,"tcp_conns":106,"disk_usage_root":6.12,"disk_read_sec":685602,"disk_write_sec":203298,"disk_iops_sec":27,"io_wait":0,"open_files":0,"os_bytes_in_sec":77104,"os_bytes_out_sec":2382,"total_procs":448},"count":1},{"date":1638314940,"epoch_div":27305249,"totals":{"load_avg":3.345703125,"cpu_usage":100,"mem_used":8304431104,"mem_free":6232649728,"tcp_conns":102,"disk_usage_root":6.12,"disk_read_sec":4339097,"disk_write_sec":6837998,"disk_iops_sec":73,"io_wait":0,"open_files":0,"os_bytes_in_sec":70347,"os_bytes_out_sec":5110,"total_procs":449},"count":1},{"date":1638315000,"epoch_div":27305250,"totals":{"load_avg":2.50146484375,"cpu_usage":100,"mem_used":8486637568,"mem_free":6165848064,"tcp_conns":136,"disk_usage_root":6.12,"disk_read_sec":3850513,"disk_write_sec":162474,"disk_iops_sec":103,"io_wait":0,"open_files":0,"os_bytes_in_sec":25199,"os_bytes_out_sec":10317,"total_procs":450},"count":1},{"date":1638315060,"epoch_div":27305251,"totals":{"load_avg":3.2666015625,"cpu_usage":100,"mem_used":8326217728,"mem_free":6061084672,"tcp_conns":135,"disk_usage_root":6.12,"disk_read_sec":9461418,"disk_write_sec":9280307,"disk_iops_sec":320,"io_wait":0,"open_files":0,"os_bytes_in_sec":73745,"os_bytes_out_sec":25988,"total_procs":452},"count":1},{"date":1638315120,"epoch_div":27305252,"totals":{"load_avg":3.57763671875,"cpu_usage":100,"mem_used":8459137024,"mem_free":6111244288,"tcp_conns":125,"disk_usage_root":6.12,"disk_read_sec":3965132,"disk_write_sec":1731857,"disk_iops_sec":87,"io_wait":0,"open_files":0,"os_bytes_in_sec":59448,"os_bytes_out_sec":8213,"total_procs":449},"count":1},{"date":1638315180,"epoch_div":27305253,"totals":{"load_avg":4.78369140625,"cpu_usage":100,"mem_used":8434724864,"mem_free":6000979968,"tcp_conns":152,"disk_usage_root":6.12,"disk_read_sec":3882803,"disk_write_sec":3712341,"disk_iops_sec":109,"io_wait":0,"open_files":0,"os_bytes_in_sec":52795,"os_bytes_out_sec":23665,"total_procs":449},"count":1},{"date":1638315240,"epoch_div":27305254,"totals":{"load_avg":4.12353515625,"cpu_usage":100,"mem_used":8462946304,"mem_free":6007083008,"tcp_conns":135,"disk_usage_root":6.12,"disk_read_sec":3333188,"disk_write_sec":200499,"disk_iops_sec":114,"io_wait":0,"open_files":0,"os_bytes_in_sec":57644,"os_bytes_out_sec":16365,"total_procs":450},"count":1},{"date":1638315300,"epoch_div":27305255,"totals":{"load_avg":3.02294921875,"cpu_usage":100,"mem_used":8518455296,"mem_free":6015725568,"tcp_conns":130,"disk_usage_root":6.12,"disk_read_sec":780970,"disk_write_sec":185275,"disk_iops_sec":37,"io_wait":0,"open_files":0,"os_bytes_in_sec":62564,"os_bytes_out_sec":7732,"total_procs":449},"count":1},{"date":1638315360,"epoch_div":27305256,"totals":{"load_avg":3.44140625,"cpu_usage":100,"mem_used":8564248576,"mem_free":6038093824,"tcp_conns":114,"disk_usage_root":6.12,"disk_read_sec":1016149,"disk_write_sec":244667,"disk_iops_sec":58,"io_wait":0,"open_files":0,"os_bytes_in_sec":58164,"os_bytes_out_sec":2136,"total_procs":448},"count":1},{"date":1638315420,"epoch_div":27305257,"totals":{"load_avg":2.80810546875,"cpu_usage":100,"mem_used":8265277440,"mem_free":6050086912,"tcp_conns":120,"disk_usage_root":6.12,"disk_read_sec":2743432,"disk_write_sec":4567381,"disk_iops_sec":115,"io_wait":0,"open_files":0,"os_bytes_in_sec":48248,"os_bytes_out_sec":5974,"total_procs":449},"count":1},{"date":1638315480,"epoch_div":27305258,"totals":{"load_avg":2.66259765625,"cpu_usage":100,"mem_used":8323416064,"mem_free":6045081600,"tcp_conns":110,"disk_usage_root":6.12,"disk_read_sec":764723,"disk_write_sec":197017,"disk_iops_sec":27,"io_wait":0,"open_files":0,"os_bytes_in_sec":60537,"os_bytes_out_sec":3944,"total_procs":448},"count":1},{"date":1638315540,"epoch_div":27305259,"totals":{"load_avg":3.875,"cpu_usage":100,"mem_used":8476160000,"mem_free":6029897728,"tcp_conns":109,"disk_usage_root":6.12,"disk_read_sec":2205764,"disk_write_sec":176401,"disk_iops_sec":61,"io_wait":0,"open_files":0,"os_bytes_in_sec":59351,"os_bytes_out_sec":6971,"total_procs":450},"count":1},{"date":1638315600,"epoch_div":27305260,"totals":{"load_avg":3.35791015625,"cpu_usage":100,"mem_used":8516661248,"mem_free":6043287552,"tcp_conns":102,"disk_usage_root":6.12,"disk_read_sec":602043,"disk_write_sec":208145,"disk_iops_sec":34,"io_wait":0,"open_files":0,"os_bytes_in_sec":49023,"os_bytes_out_sec":2191,"total_procs":448},"count":1},{"date":1638315660,"epoch_div":27305261,"totals":{"load_avg":3.0859375,"cpu_usage":100,"mem_used":8435810304,"mem_free":6090321920,"tcp_conns":136,"disk_usage_root":6.12,"disk_read_sec":7038088,"disk_write_sec":6269405,"disk_iops_sec":132,"io_wait":0,"open_files":0,"os_bytes_in_sec":66105,"os_bytes_out_sec":12881,"total_procs":449},"count":1},{"date":1638315720,"epoch_div":27305262,"totals":{"load_avg":3.89453125,"cpu_usage":100,"mem_used":8366710784,"mem_free":6003740672,"tcp_conns":140,"disk_usage_root":6.12,"disk_read_sec":6835473,"disk_write_sec":3554235,"disk_iops_sec":257,"io_wait":0,"open_files":0,"os_bytes_in_sec":62802,"os_bytes_out_sec":27354,"total_procs":449},"count":1},{"date":1638315780,"epoch_div":27305263,"totals":{"load_avg":3.54931640625,"cpu_usage":100,"mem_used":8515702784,"mem_free":6007877632,"tcp_conns":136,"disk_usage_root":6.12,"disk_read_sec":1968856,"disk_write_sec":193622,"disk_iops_sec":35,"io_wait":0,"open_files":0,"os_bytes_in_sec":58791,"os_bytes_out_sec":13167,"total_procs":449},"count":1},{"date":1638315840,"epoch_div":27305264,"totals":{"load_avg":3.29736328125,"cpu_usage":100,"mem_used":8354816000,"mem_free":6013939712,"tcp_conns":127,"disk_usage_root":6.12,"disk_read_sec":3464611,"disk_write_sec":3138878,"disk_iops_sec":137,"io_wait":0,"open_files":0,"os_bytes_in_sec":70510,"os_bytes_out_sec":9449,"total_procs":449},"count":1},{"date":1638315900,"epoch_div":27305265,"totals":{"load_avg":2.9453125,"cpu_usage":100,"mem_used":8477511680,"mem_free":6017273856,"tcp_conns":133,"disk_usage_root":6.12,"disk_read_sec":1750357,"disk_write_sec":191283,"disk_iops_sec":37,"io_wait":0,"open_files":0,"os_bytes_in_sec":53846,"os_bytes_out_sec":19219,"total_procs":449},"count":1},{"date":1638315960,"epoch_div":27305266,"totals":{"load_avg":3.224609375,"cpu_usage":100,"mem_used":8548581376,"mem_free":6221746176,"tcp_conns":119,"disk_usage_root":6.12,"disk_read_sec":9373730,"disk_write_sec":4755803,"disk_iops_sec":123,"io_wait":0,"open_files":0,"os_bytes_in_sec":63493,"os_bytes_out_sec":7440,"total_procs":449},"count":1},{"date":1638316020,"epoch_div":27305267,"totals":{"load_avg":3.06201171875,"cpu_usage":100,"mem_used":8070836224,"mem_free":6206033920,"tcp_conns":117,"disk_usage_root":6.12,"disk_read_sec":2021208,"disk_write_sec":8176623,"disk_iops_sec":107,"io_wait":0,"open_files":0,"os_bytes_in_sec":42771,"os_bytes_out_sec":5627,"total_procs":450},"count":1},{"date":1638316080,"epoch_div":27305268,"totals":{"load_avg":3.236328125,"cpu_usage":100,"mem_used":8263331840,"mem_free":6153269248,"tcp_conns":112,"disk_usage_root":6.12,"disk_read_sec":2136746,"disk_write_sec":165000,"disk_iops_sec":34,"io_wait":0,"open_files":0,"os_bytes_in_sec":49854,"os_bytes_out_sec":2312,"total_procs":450},"count":1},{"date":1638316140,"epoch_div":27305269,"totals":{"load_avg":3.08544921875,"cpu_usage":100,"mem_used":8454090752,"mem_free":6129238016,"tcp_conns":109,"disk_usage_root":6.12,"disk_read_sec":2781457,"disk_write_sec":879411,"disk_iops_sec":41,"io_wait":0,"open_files":0,"os_bytes_in_sec":56885,"os_bytes_out_sec":5826,"total_procs":449},"count":1},{"date":1638316200,"epoch_div":27305270,"totals":{"load_avg":2.54052734375,"cpu_usage":100,"mem_used":8550699008,"mem_free":6137851904,"tcp_conns":110,"disk_usage_root":6.12,"disk_read_sec":628872,"disk_write_sec":500258,"disk_iops_sec":35,"io_wait":0,"open_files":0,"os_bytes_in_sec":50870,"os_bytes_out_sec":12250,"total_procs":451},"count":1},{"date":1638316260,"epoch_div":27305271,"totals":{"load_avg":2.81689453125,"cpu_usage":100,"mem_used":8563240960,"mem_free":6149402624,"tcp_conns":99,"disk_usage_root":6.12,"disk_read_sec":1075677,"disk_write_sec":493704,"disk_iops_sec":73,"io_wait":0,"open_files":0,"os_bytes_in_sec":58727,"os_bytes_out_sec":15510,"total_procs":448},"count":1},{"date":1638316320,"epoch_div":27305272,"totals":{"load_avg":3.2861328125,"cpu_usage":100,"mem_used":8184979456,"mem_free":6145638400,"tcp_conns":129,"disk_usage_root":6.12,"disk_read_sec":3711726,"disk_write_sec":7625045,"disk_iops_sec":137,"io_wait":0,"open_files":0,"os_bytes_in_sec":44629,"os_bytes_out_sec":21395,"total_procs":451},"count":1},{"date":1638316380,"epoch_div":27305273,"totals":{"load_avg":2.93798828125,"cpu_usage":100,"mem_used":8430718976,"mem_free":6093680640,"tcp_conns":118,"disk_usage_root":6.12,"disk_read_sec":3049992,"disk_write_sec":272071,"disk_iops_sec":54,"io_wait":0,"open_files":0,"os_bytes_in_sec":84045,"os_bytes_out_sec":20071,"total_procs":452},"count":1},{"date":1638316440,"epoch_div":27305274,"totals":{"load_avg":4.21142578125,"cpu_usage":100,"mem_used":8450826240,"mem_free":6092754944,"tcp_conns":113,"disk_usage_root":6.12,"disk_read_sec":453850,"disk_write_sec":181701,"disk_iops_sec":29,"io_wait":0,"open_files":0,"os_bytes_in_sec":52843,"os_bytes_out_sec":4712,"total_procs":449},"count":1},{"date":1638316500,"epoch_div":27305275,"totals":{"load_avg":4.04931640625,"cpu_usage":100,"mem_used":8259133440,"mem_free":6133841920,"tcp_conns":129,"disk_usage_root":6.12,"disk_read_sec":5113582,"disk_write_sec":5687569,"disk_iops_sec":210,"io_wait":0,"open_files":0,"os_bytes_in_sec":53361,"os_bytes_out_sec":10832,"total_procs":451},"count":1},{"date":1638316560,"epoch_div":27305276,"totals":{"load_avg":4.482421875,"cpu_usage":100,"mem_used":8310272000,"mem_free":6099742720,"tcp_conns":129,"disk_usage_root":6.12,"disk_read_sec":2222253,"disk_write_sec":179668,"disk_iops_sec":68,"io_wait":0,"open_files":0,"os_bytes_in_sec":54252,"os_bytes_out_sec":11268,"total_procs":449},"count":1},{"date":1638316620,"epoch_div":27305277,"totals":{"load_avg":3.64697265625,"cpu_usage":100,"mem_used":8414396416,"mem_free":6090108928,"tcp_conns":131,"disk_usage_root":6.12,"disk_read_sec":1484967,"disk_write_sec":211783,"disk_iops_sec":32,"io_wait":0,"open_files":0,"os_bytes_in_sec":61528,"os_bytes_out_sec":17633,"total_procs":449},"count":1},{"date":1638316680,"epoch_div":27305278,"totals":{"load_avg":3.17138671875,"cpu_usage":100,"mem_used":8482684928,"mem_free":6093627392,"tcp_conns":126,"disk_usage_root":6.12,"disk_read_sec":790937,"disk_write_sec":183296,"disk_iops_sec":28,"io_wait":0,"open_files":0,"os_bytes_in_sec":54183,"os_bytes_out_sec":14321,"total_procs":450},"count":1},{"date":1638316740,"epoch_div":27305279,"totals":{"load_avg":3.4482421875,"cpu_usage":100,"mem_used":8561795072,"mem_free":6119841792,"tcp_conns":109,"disk_usage_root":6.12,"disk_read_sec":1120013,"disk_write_sec":203758,"disk_iops_sec":34,"io_wait":0,"open_files":0,"os_bytes_in_sec":58256,"os_bytes_out_sec":2267,"total_procs":449},"count":1}]}