{"type":"list_page","items":[{"date":1639312620,"epoch_div":27321877,"totals":{"load_avg":2.43017578125,"cpu_usage":100,"mem_used":8469196800,"mem_free":6026215424,"tcp_conns":106,"disk_usage_root":8.83,"disk_read_sec":11644,"disk_write_sec":2787,"disk_iops_sec":0,"io_wait":0,"open_files":0,"os_bytes_in_sec":18,"os_bytes_out_sec":40,"total_procs":492},"count":1},{"date":1639312680,"epoch_div":27321878,"totals":{"load_avg":2.15380859375,"cpu_usage":100,"mem_used":8501473280,"mem_free":6026784768,"tcp_conns":111,"disk_usage_root":8.83,"disk_read_sec":734993,"disk_write_sec":594491,"disk_iops_sec":108,"io_wait":0,"open_files":0,"os_bytes_in_sec":24133,"os_bytes_out_sec":6833,"total_procs":488},"count":1}]}