{"type":"list_page","items":[{"date":1636627080,"epoch_div":27277118,"totals":{"load_avg":1.10546875,"cpu_usage":100,"mem_used":8394784768,"mem_free":5816078336,"tcp_conns":16,"disk_usage_root":6.12,"disk_read_sec":3769,"disk_write_sec":3182,"disk_iops_sec":0,"io_wait":0,"open_files":0,"os_bytes_in_sec":28,"os_bytes_out_sec":21,"total_procs":473},"count":1},{"date":1636627140,"epoch_div":27277119,"totals":{"load_avg":1.4921875,"cpu_usage":100,"mem_used":8370626560,"mem_free":5821829120,"tcp_conns":15,"disk_usage_root":6.12,"disk_read_sec":126076,"disk_write_sec":186917,"disk_iops_sec":31,"io_wait":0,"open_files":0,"os_bytes_in_sec":7340,"os_bytes_out_sec":1034,"total_procs":474},"count":1}]}