{"type":"list_page","items":[{"date":1636570920,"epoch_div":27276182,"totals":{"load_avg":2.45361328125,"cpu_usage":100,"mem_used":8329703424,"mem_free":5824819200,"tcp_conns":14,"disk_usage_root":6.12,"disk_read_sec":50714,"disk_write_sec":20328,"disk_iops_sec":11,"io_wait":0,"open_files":0,"os_bytes_in_sec":28,"os_bytes_out_sec":57,"total_procs":474},"count":1},{"date":1636570980,"epoch_div":27276183,"totals":{"load_avg":2.03125,"cpu_usage":100,"mem_used":8327180288,"mem_free":5822742528,"tcp_conns":14,"disk_usage_root":6.12,"disk_read_sec":4802,"disk_write_sec":109744,"disk_iops_sec":22,"io_wait":0,"open_files":0,"os_bytes_in_sec":23,"os_bytes_out_sec":76,"total_procs":473},"count":1},{"date":1636574160,"epoch_div":27276236,"totals":{"load_avg":1.95703125,"cpu_usage":100,"mem_used":8341778432,"mem_free":5818441728,"tcp_conns":22,"disk_usage_root":6.12,"disk_read_sec":1096,"disk_write_sec":1888,"disk_iops_sec":0,"io_wait":0,"open_files":0,"os_bytes_in_sec":168,"os_bytes_out_sec":25,"total_procs":473},"count":1},{"date":1636574220,"epoch_div":27276237,"totals":{"load_avg":1.751953125,"cpu_usage":100,"mem_used":8330829824,"mem_free":5819363328,"tcp_conns":15,"disk_usage_root":6.12,"disk_read_sec":61261,"disk_write_sec":330529,"disk_iops_sec":49,"io_wait":0,"open_files":0,"os_bytes_in_sec":774,"os_bytes_out_sec":602,"total_procs":475},"count":1}]}