{"type":"list_page","items":[{"date":1638105060,"epoch_div":27301751,"totals":{"load_avg":2.51806640625,"cpu_usage":100,"mem_used":8547078144,"mem_free":6408114176,"tcp_conns":89,"disk_usage_root":6.12,"disk_read_sec":18052,"disk_write_sec":6074,"disk_iops_sec":0,"io_wait":0,"open_files":0,"os_bytes_in_sec":196,"os_bytes_out_sec":32,"total_procs":485},"count":1},{"date":1638105120,"epoch_div":27301752,"totals":{"load_avg":2.22900390625,"cpu_usage":100,"mem_used":8498757632,"mem_free":6363893760,"tcp_conns":84,"disk_usage_root":6.12,"disk_read_sec":597895,"disk_write_sec":248651,"disk_iops_sec":63,"io_wait":0,"open_files":0,"os_bytes_in_sec":6012,"os_bytes_out_sec":12245,"total_procs":484},"count":1}]}