{"type":"list_page","items":[{"date":1637598540,"epoch_div":27293309,"totals":{"load_avg":2.39404296875,"cpu_usage":100,"mem_used":4003459072,"mem_free":8013787136,"tcp_conns":61,"disk_usage_root":6.12,"disk_read_sec":75223,"disk_write_sec":65682,"disk_iops_sec":1,"io_wait":0,"open_files":0,"os_bytes_in_sec":0,"os_bytes_out_sec":0,"total_procs":423},"count":1},{"date":1637598840,"epoch_div":27293314,"totals":{"load_avg":2.07373046875,"cpu_usage":100,"mem_used":5724827648,"mem_free":7215534080,"tcp_conns":72,"disk_usage_root":6.12,"disk_read_sec":4029309,"disk_write_sec":920743,"disk_iops_sec":67,"io_wait":0,"open_files":0,"os_bytes_in_sec":0,"os_bytes_out_sec":0,"total_procs":426},"count":1},{"date":1637598900,"epoch_div":27293315,"totals":{"load_avg":2.3828125,"cpu_usage":100,"mem_used":6238126080,"mem_free":7031160832,"tcp_conns":81,"disk_usage_root":6.12,"disk_read_sec":19845120,"disk_write_sec":2644570,"disk_iops_sec":568,"io_wait":0,"open_files":0,"os_bytes_in_sec":16370,"os_bytes_out_sec":8157,"total_procs":427},"count":1},{"date":1637598960,"epoch_div":27293316,"totals":{"load_avg":2.33740234375,"cpu_usage":100,"mem_used":7028154368,"mem_free":6635446272,"tcp_conns":88,"disk_usage_root":6.12,"disk_read_sec":4954112,"disk_write_sec":459844,"disk_iops_sec":153,"io_wait":0,"open_files":0,"os_bytes_in_sec":30754,"os_bytes_out_sec":5170,"total_procs":415},"count":1},{"date":1637599020,"epoch_div":27293317,"totals":{"load_avg":1.99462890625,"cpu_usage":100,"mem_used":7142248448,"mem_free":6597844992,"tcp_conns":83,"disk_usage_root":6.12,"disk_read_sec":1666377,"disk_write_sec":349548,"disk_iops_sec":100,"io_wait":0,"open_files":0,"os_bytes_in_sec":5665,"os_bytes_out_sec":4766,"total_procs":419},"count":1},{"date":1637599080,"epoch_div":27293318,"totals":{"load_avg":1.8525390625,"cpu_usage":100,"mem_used":7883444224,"mem_free":6304645120,"tcp_conns":80,"disk_usage_root":6.12,"disk_read_sec":37725320,"disk_write_sec":936891,"disk_iops_sec":1273,"io_wait":0,"open_files":0,"os_bytes_in_sec":10788,"os_bytes_out_sec":11366,"total_procs":439},"count":1},{"date":1637599140,"epoch_div":27293319,"totals":{"load_avg":2.6884765625,"cpu_usage":100,"mem_used":7960793088,"mem_free":6268661760,"tcp_conns":77,"disk_usage_root":6.12,"disk_read_sec":699878,"disk_write_sec":762326,"disk_iops_sec":52,"io_wait":0,"open_files":0,"os_bytes_in_sec":1500,"os_bytes_out_sec":736,"total_procs":432},"count":1},{"date":1637599200,"epoch_div":27293320,"totals":{"load_avg":2.39111328125,"cpu_usage":100,"mem_used":8012976128,"mem_free":6189015040,"tcp_conns":69,"disk_usage_root":6.12,"disk_read_sec":135782,"disk_write_sec":408439,"disk_iops_sec":16,"io_wait":0,"open_files":0,"os_bytes_in_sec":3272,"os_bytes_out_sec":431,"total_procs":428},"count":1},{"date":1637599260,"epoch_div":27293321,"totals":{"load_avg":1.98193359375,"cpu_usage":100,"mem_used":8043655168,"mem_free":6118367232,"tcp_conns":75,"disk_usage_root":6.12,"disk_read_sec":17219652,"disk_write_sec":177288,"disk_iops_sec":726,"io_wait":0,"open_files":0,"os_bytes_in_sec":1365,"os_bytes_out_sec":1122,"total_procs":433},"count":1},{"date":1637599320,"epoch_div":27293322,"totals":{"load_avg":2.501953125,"cpu_usage":100,"mem_used":8054202368,"mem_free":6137065472,"tcp_conns":74,"disk_usage_root":6.12,"disk_read_sec":136556,"disk_write_sec":736724,"disk_iops_sec":33,"io_wait":0,"open_files":0,"os_bytes_in_sec":341,"os_bytes_out_sec":443,"total_procs":432},"count":1},{"date":1637599380,"epoch_div":27293323,"totals":{"load_avg":3.2060546875,"cpu_usage":100,"mem_used":8042348544,"mem_free":6133174272,"tcp_conns":69,"disk_usage_root":6.12,"disk_read_sec":121939,"disk_write_sec":1497054,"disk_iops_sec":31,"io_wait":0,"open_files":0,"os_bytes_in_sec":85,"os_bytes_out_sec":108,"total_procs":432},"count":1},{"date":1637599440,"epoch_div":27293324,"totals":{"load_avg":3.07958984375,"cpu_usage":100,"mem_used":8054657024,"mem_free":6101884928,"tcp_conns":74,"disk_usage_root":6.12,"disk_read_sec":84923,"disk_write_sec":715844,"disk_iops_sec":28,"io_wait":0,"open_files":0,"os_bytes_in_sec":1392,"os_bytes_out_sec":733,"total_procs":434},"count":1},{"date":1637599500,"epoch_div":27293325,"totals":{"load_avg":2.357421875,"cpu_usage":100,"mem_used":8061341696,"mem_free":6089756672,"tcp_conns":72,"disk_usage_root":6.12,"disk_read_sec":47902,"disk_write_sec":1279271,"disk_iops_sec":26,"io_wait":0,"open_files":0,"os_bytes_in_sec":279,"os_bytes_out_sec":284,"total_procs":435},"count":1}]}