{"type":"list_page","items":[{"date":1637265600,"epoch_div":27287760,"totals":{"load_avg":2.576171875,"cpu_usage":100,"mem_used":8564281344,"mem_free":6494732288,"tcp_conns":45,"disk_usage_root":6.12,"disk_read_sec":63897,"disk_write_sec":100147,"disk_iops_sec":15,"io_wait":0,"open_files":0,"os_bytes_in_sec":583,"os_bytes_out_sec":1097,"total_procs":384},"count":1},{"date":1637265660,"epoch_div":27287761,"totals":{"load_avg":2.29345703125,"cpu_usage":100,"mem_used":8550682624,"mem_free":6518726656,"tcp_conns":48,"disk_usage_root":6.12,"disk_read_sec":2325319,"disk_write_sec":1546877,"disk_iops_sec":138,"io_wait":0,"open_files":0,"os_bytes_in_sec":12551,"os_bytes_out_sec":3692,"total_procs":385},"count":1},{"date":1637265720,"epoch_div":27287762,"totals":{"load_avg":2.16796875,"cpu_usage":100,"mem_used":8502951936,"mem_free":6471524352,"tcp_conns":46,"disk_usage_root":6.12,"disk_read_sec":417583,"disk_write_sec":1186798,"disk_iops_sec":50,"io_wait":0,"open_files":0,"os_bytes_in_sec":595,"os_bytes_out_sec":1086,"total_procs":385},"count":1},{"date":1637265780,"epoch_div":27287763,"totals":{"load_avg":2.2919921875,"cpu_usage":100,"mem_used":8499933184,"mem_free":6519074816,"tcp_conns":45,"disk_usage_root":6.12,"disk_read_sec":341128,"disk_write_sec":867805,"disk_iops_sec":22,"io_wait":0,"open_files":0,"os_bytes_in_sec":548,"os_bytes_out_sec":884,"total_procs":384},"count":1},{"date":1637265840,"epoch_div":27287764,"totals":{"load_avg":2.072265625,"cpu_usage":100,"mem_used":8493129728,"mem_free":6477008896,"tcp_conns":45,"disk_usage_root":6.12,"disk_read_sec":48128,"disk_write_sec":89292,"disk_iops_sec":14,"io_wait":0,"open_files":0,"os_bytes_in_sec":338,"os_bytes_out_sec":642,"total_procs":383},"count":1},{"date":1637265900,"epoch_div":27287765,"totals":{"load_avg":1.998046875,"cpu_usage":100,"mem_used":8510078976,"mem_free":6456983552,"tcp_conns":45,"disk_usage_root":6.12,"disk_read_sec":63078,"disk_write_sec":91682,"disk_iops_sec":14,"io_wait":0,"open_files":0,"os_bytes_in_sec":411,"os_bytes_out_sec":977,"total_procs":383},"count":1},{"date":1637265960,"epoch_div":27287766,"totals":{"load_avg":2.8857421875,"cpu_usage":100,"mem_used":8569090048,"mem_free":6445473792,"tcp_conns":46,"disk_usage_root":6.12,"disk_read_sec":250675,"disk_write_sec":139264,"disk_iops_sec":23,"io_wait":0,"open_files":0,"os_bytes_in_sec":939,"os_bytes_out_sec":1269,"total_procs":387},"count":1},{"date":1637266020,"epoch_div":27287767,"totals":{"load_avg":2.65234375,"cpu_usage":100,"mem_used":8561795072,"mem_free":6447788032,"tcp_conns":45,"disk_usage_root":6.12,"disk_read_sec":94412,"disk_write_sec":115234,"disk_iops_sec":21,"io_wait":0,"open_files":0,"os_bytes_in_sec":502,"os_bytes_out_sec":704,"total_procs":383},"count":1},{"date":1637266080,"epoch_div":27287768,"totals":{"load_avg":3.01025390625,"cpu_usage":100,"mem_used":8559837184,"mem_free":6437892096,"tcp_conns":44,"disk_usage_root":6.12,"disk_read_sec":58026,"disk_write_sec":108475,"disk_iops_sec":18,"io_wait":0,"open_files":0,"os_bytes_in_sec":428,"os_bytes_out_sec":629,"total_procs":382},"count":1},{"date":1637266140,"epoch_div":27287769,"totals":{"load_avg":2.14794921875,"cpu_usage":100,"mem_used":8554745856,"mem_free":6437969920,"tcp_conns":44,"disk_usage_root":6.12,"disk_read_sec":159539,"disk_write_sec":97484,"disk_iops_sec":20,"io_wait":0,"open_files":0,"os_bytes_in_sec":518,"os_bytes_out_sec":914,"total_procs":382},"count":1},{"date":1637266200,"epoch_div":27287770,"totals":{"load_avg":2.59326171875,"cpu_usage":100,"mem_used":8572452864,"mem_free":6431580160,"tcp_conns":45,"disk_usage_root":6.12,"disk_read_sec":69358,"disk_write_sec":98918,"disk_iops_sec":17,"io_wait":0,"open_files":0,"os_bytes_in_sec":473,"os_bytes_out_sec":837,"total_procs":382},"count":1},{"date":1637266260,"epoch_div":27287771,"totals":{"load_avg":2.4453125,"cpu_usage":100,"mem_used":8565604352,"mem_free":6444318720,"tcp_conns":46,"disk_usage_root":6.12,"disk_read_sec":157081,"disk_write_sec":437111,"disk_iops_sec":26,"io_wait":0,"open_files":0,"os_bytes_in_sec":628,"os_bytes_out_sec":849,"total_procs":386},"count":1},{"date":1637268060,"epoch_div":27287801,"totals":{"load_avg":2.35546875,"cpu_usage":100,"mem_used":8534138880,"mem_free":6548807680,"tcp_conns":54,"disk_usage_root":6.12,"disk_read_sec":79904,"disk_write_sec":151929,"disk_iops_sec":5,"io_wait":0,"open_files":0,"os_bytes_in_sec":403,"os_bytes_out_sec":307,"total_procs":406},"count":1},{"date":1637268120,"epoch_div":27287802,"totals":{"load_avg":2.24267578125,"cpu_usage":100,"mem_used":8330338304,"mem_free":6430810112,"tcp_conns":54,"disk_usage_root":6.12,"disk_read_sec":11181747,"disk_write_sec":16412782,"disk_iops_sec":429,"io_wait":0,"open_files":0,"os_bytes_in_sec":44945,"os_bytes_out_sec":17603,"total_procs":415},"count":1},{"date":1637268180,"epoch_div":27287803,"totals":{"load_avg":2.3125,"cpu_usage":100,"mem_used":8452431872,"mem_free":6345072640,"tcp_conns":51,"disk_usage_root":6.12,"disk_read_sec":423253,"disk_write_sec":194423,"disk_iops_sec":29,"io_wait":0,"open_files":0,"os_bytes_in_sec":7263,"os_bytes_out_sec":1703,"total_procs":402},"count":1},{"date":1637268240,"epoch_div":27287804,"totals":{"load_avg":2.62060546875,"cpu_usage":100,"mem_used":8516820992,"mem_free":6310846464,"tcp_conns":50,"disk_usage_root":6.12,"disk_read_sec":357323,"disk_write_sec":111841,"disk_iops_sec":21,"io_wait":0,"open_files":0,"os_bytes_in_sec":1999,"os_bytes_out_sec":2549,"total_procs":404},"count":1},{"date":1637268300,"epoch_div":27287805,"totals":{"load_avg":1.7978515625,"cpu_usage":100,"mem_used":8537387008,"mem_free":6302908416,"tcp_conns":49,"disk_usage_root":6.12,"disk_read_sec":123148,"disk_write_sec":127983,"disk_iops_sec":22,"io_wait":0,"open_files":0,"os_bytes_in_sec":665,"os_bytes_out_sec":1272,"total_procs":404},"count":1},{"date":1637268360,"epoch_div":27287806,"totals":{"load_avg":2.13671875,"cpu_usage":100,"mem_used":8549748736,"mem_free":6303363072,"tcp_conns":49,"disk_usage_root":6.12,"disk_read_sec":88541,"disk_write_sec":98781,"disk_iops_sec":15,"io_wait":0,"open_files":0,"os_bytes_in_sec":421,"os_bytes_out_sec":575,"total_procs":402},"count":1},{"date":1637268420,"epoch_div":27287807,"totals":{"load_avg":2.00927734375,"cpu_usage":100,"mem_used":8559255552,"mem_free":6304047104,"tcp_conns":48,"disk_usage_root":6.12,"disk_read_sec":132300,"disk_write_sec":235383,"disk_iops_sec":44,"io_wait":0,"open_files":0,"os_bytes_in_sec":359,"os_bytes_out_sec":620,"total_procs":401},"count":1},{"date":1637268480,"epoch_div":27287808,"totals":{"load_avg":2.90625,"cpu_usage":100,"mem_used":8208674816,"mem_free":6681305088,"tcp_conns":54,"disk_usage_root":6.12,"disk_read_sec":11628544,"disk_write_sec":479368,"disk_iops_sec":179,"io_wait":0,"open_files":0,"os_bytes_in_sec":20411,"os_bytes_out_sec":4278,"total_procs":400},"count":1},{"date":1637268540,"epoch_div":27287809,"totals":{"load_avg":2.1689453125,"cpu_usage":100,"mem_used":8321462272,"mem_free":6485209088,"tcp_conns":52,"disk_usage_root":6.12,"disk_read_sec":516443,"disk_write_sec":114965,"disk_iops_sec":23,"io_wait":0,"open_files":0,"os_bytes_in_sec":321,"os_bytes_out_sec":412,"total_procs":395},"count":1},{"date":1637268600,"epoch_div":27287810,"totals":{"load_avg":2.14111328125,"cpu_usage":100,"mem_used":8569253888,"mem_free":6458916864,"tcp_conns":53,"disk_usage_root":6.12,"disk_read_sec":1524531,"disk_write_sec":126976,"disk_iops_sec":44,"io_wait":0,"open_files":0,"os_bytes_in_sec":2794,"os_bytes_out_sec":942,"total_procs":400},"count":1},{"date":1637268660,"epoch_div":27287811,"totals":{"load_avg":2.09130859375,"cpu_usage":100,"mem_used":8358322176,"mem_free":6545326080,"tcp_conns":57,"disk_usage_root":6.12,"disk_read_sec":456871,"disk_write_sec":192243,"disk_iops_sec":43,"io_wait":0,"open_files":0,"os_bytes_in_sec":23553,"os_bytes_out_sec":2333,"total_procs":390},"count":1},{"date":1637268720,"epoch_div":27287812,"totals":{"load_avg":2.01904296875,"cpu_usage":100,"mem_used":8540983296,"mem_free":6499241984,"tcp_conns":54,"disk_usage_root":6.12,"disk_read_sec":3383227,"disk_write_sec":121241,"disk_iops_sec":64,"io_wait":0,"open_files":0,"os_bytes_in_sec":2330,"os_bytes_out_sec":1152,"total_procs":392},"count":1},{"date":1637268780,"epoch_div":27287813,"totals":{"load_avg":2.0087890625,"cpu_usage":100,"mem_used":8568143872,"mem_free":6477103104,"tcp_conns":48,"disk_usage_root":6.12,"disk_read_sec":414242,"disk_write_sec":108407,"disk_iops_sec":26,"io_wait":0,"open_files":0,"os_bytes_in_sec":497,"os_bytes_out_sec":528,"total_procs":389},"count":1},{"date":1637268840,"epoch_div":27287814,"totals":{"load_avg":1.8115234375,"cpu_usage":100,"mem_used":8569937920,"mem_free":6455709696,"tcp_conns":43,"disk_usage_root":6.12,"disk_read_sec":279961,"disk_write_sec":81920,"disk_iops_sec":21,"io_wait":0,"open_files":0,"os_bytes_in_sec":337,"os_bytes_out_sec":532,"total_procs":390},"count":1},{"date":1637268900,"epoch_div":27287815,"totals":{"load_avg":2.66259765625,"cpu_usage":100,"mem_used":8495415296,"mem_free":6447095808,"tcp_conns":43,"disk_usage_root":6.12,"disk_read_sec":1606256,"disk_write_sec":101289,"disk_iops_sec":71,"io_wait":0,"open_files":0,"os_bytes_in_sec":305,"os_bytes_out_sec":465,"total_procs":390},"count":1},{"date":1637268960,"epoch_div":27287816,"totals":{"load_avg":2.7568359375,"cpu_usage":100,"mem_used":8532975616,"mem_free":6463885312,"tcp_conns":44,"disk_usage_root":6.12,"disk_read_sec":338329,"disk_write_sec":659865,"disk_iops_sec":21,"io_wait":0,"open_files":0,"os_bytes_in_sec":1091,"os_bytes_out_sec":505,"total_procs":390},"count":1},{"date":1637269020,"epoch_div":27287817,"totals":{"load_avg":2.74560546875,"cpu_usage":100,"mem_used":8485769216,"mem_free":6448979968,"tcp_conns":43,"disk_usage_root":6.12,"disk_read_sec":1579243,"disk_write_sec":108779,"disk_iops_sec":73,"io_wait":0,"open_files":0,"os_bytes_in_sec":345,"os_bytes_out_sec":460,"total_procs":390},"count":1},{"date":1637269080,"epoch_div":27287818,"totals":{"load_avg":3.51416015625,"cpu_usage":100,"mem_used":8500977664,"mem_free":6479052800,"tcp_conns":47,"disk_usage_root":6.12,"disk_read_sec":140834,"disk_write_sec":84377,"disk_iops_sec":23,"io_wait":0,"open_files":0,"os_bytes_in_sec":622,"os_bytes_out_sec":567,"total_procs":388},"count":1},{"date":1637269140,"epoch_div":27287819,"totals":{"load_avg":3.25830078125,"cpu_usage":100,"mem_used":8557068288,"mem_free":6479351808,"tcp_conns":49,"disk_usage_root":6.12,"disk_read_sec":2619665,"disk_write_sec":278596,"disk_iops_sec":159,"io_wait":0,"open_files":0,"os_bytes_in_sec":24475,"os_bytes_out_sec":4020,"total_procs":392},"count":1}]}