{"type":"list_page","items":[{"date":1636604340,"epoch_div":27276739,"totals":{"load_avg":1.734375,"cpu_usage":100,"mem_used":8452857856,"mem_free":5827100672,"tcp_conns":21,"disk_usage_root":6.12,"disk_read_sec":178213,"disk_write_sec":41006,"disk_iops_sec":9,"io_wait":0,"open_files":0,"os_bytes_in_sec":136,"os_bytes_out_sec":31,"total_procs":476},"count":1},{"date":1636604400,"epoch_div":27276740,"totals":{"load_avg":1.32763671875,"cpu_usage":100,"mem_used":8458584064,"mem_free":5844152320,"tcp_conns":17,"disk_usage_root":6.12,"disk_read_sec":127463,"disk_write_sec":132144,"disk_iops_sec":29,"io_wait":0,"open_files":0,"os_bytes_in_sec":451,"os_bytes_out_sec":656,"total_procs":476},"count":1}]}