{"type":"list_page","items":[{"date":1636698360,"epoch_div":27278306,"totals":{"load_avg":2.49462890625,"cpu_usage":100,"mem_used":8523825152,"mem_free":6149480448,"tcp_conns":34,"disk_usage_root":6.12,"disk_read_sec":2713,"disk_write_sec":8155,"disk_iops_sec":0,"io_wait":0,"open_files":0,"os_bytes_in_sec":133,"os_bytes_out_sec":28,"total_procs":494},"count":1},{"date":1636698420,"epoch_div":27278307,"totals":{"load_avg":3.28173828125,"cpu_usage":100,"mem_used":8498552832,"mem_free":6135058432,"tcp_conns":32,"disk_usage_root":6.12,"disk_read_sec":342227,"disk_write_sec":1779500,"disk_iops_sec":78,"io_wait":0,"open_files":0,"os_bytes_in_sec":6154,"os_bytes_out_sec":1095,"total_procs":496},"count":1}]}