{"type":"list_page","items":[{"date":1638414540,"epoch_div":27306909,"totals":{"load_avg":20.158203125,"cpu_usage":100,"mem_used":8237297664,"mem_free":6177046528,"tcp_conns":102,"disk_usage_root":6.12,"disk_read_sec":583091,"disk_write_sec":632066,"disk_iops_sec":7,"io_wait":0,"open_files":0,"os_bytes_in_sec":195,"os_bytes_out_sec":200,"total_procs":433},"count":1},{"date":1638414600,"epoch_div":27306910,"totals":{"load_avg":18.7041015625,"cpu_usage":100,"mem_used":8305909760,"mem_free":6140604416,"tcp_conns":99,"disk_usage_root":6.12,"disk_read_sec":83781632,"disk_write_sec":65044480,"disk_iops_sec":1596,"io_wait":0,"open_files":0,"os_bytes_in_sec":34149,"os_bytes_out_sec":71880,"total_procs":431},"count":1},{"date":1638416280,"epoch_div":27306938,"totals":{"load_avg":10.94921875,"cpu_usage":100,"mem_used":8158556160,"mem_free":6157967360,"tcp_conns":107,"disk_usage_root":6.12,"disk_read_sec":1297266,"disk_write_sec":1165258,"disk_iops_sec":12,"io_wait":0,"open_files":0,"os_bytes_in_sec":184,"os_bytes_out_sec":288,"total_procs":433},"count":1},{"date":1638416340,"epoch_div":27306939,"totals":{"load_avg":9.15087890625,"cpu_usage":100,"mem_used":7115563008,"mem_free":7114452992,"tcp_conns":111,"disk_usage_root":6.12,"disk_read_sec":245064772,"disk_write_sec":233703560,"disk_iops_sec":3294,"io_wait":0,"open_files":0,"os_bytes_in_sec":17623,"os_bytes_out_sec":19604,"total_procs":425},"count":1},{"date":1638416400,"epoch_div":27306940,"totals":{"load_avg":4.87548828125,"cpu_usage":100,"mem_used":7983169536,"mem_free":6720815104,"tcp_conns":103,"disk_usage_root":6.12,"disk_read_sec":20755797,"disk_write_sec":12854067,"disk_iops_sec":265,"io_wait":0,"open_files":0,"os_bytes_in_sec":16491,"os_bytes_out_sec":6738,"total_procs":426},"count":1},{"date":1638416460,"epoch_div":27306941,"totals":{"load_avg":3.68701171875,"cpu_usage":100,"mem_used":8226504704,"mem_free":6607077376,"tcp_conns":100,"disk_usage_root":6.12,"disk_read_sec":3423709,"disk_write_sec":2119611,"disk_iops_sec":89,"io_wait":0,"open_files":0,"os_bytes_in_sec":1273,"os_bytes_out_sec":2602,"total_procs":424},"count":1},{"date":1638416520,"epoch_div":27306942,"totals":{"load_avg":2.8955078125,"cpu_usage":100,"mem_used":7244603392,"mem_free":6369898496,"tcp_conns":99,"disk_usage_root":6.12,"disk_read_sec":13239705,"disk_write_sec":30348697,"disk_iops_sec":191,"io_wait":0,"open_files":0,"os_bytes_in_sec":876,"os_bytes_out_sec":1770,"total_procs":423},"count":1},{"date":1638416580,"epoch_div":27306943,"totals":{"load_avg":2.31005859375,"cpu_usage":100,"mem_used":7195205632,"mem_free":6356430848,"tcp_conns":101,"disk_usage_root":6.12,"disk_read_sec":17400149,"disk_write_sec":22174242,"disk_iops_sec":189,"io_wait":0,"open_files":0,"os_bytes_in_sec":1790,"os_bytes_out_sec":1994,"total_procs":423},"count":1},{"date":1638416640,"epoch_div":27306944,"totals":{"load_avg":2.267578125,"cpu_usage":100,"mem_used":7775309824,"mem_free":6033653760,"tcp_conns":98,"disk_usage_root":6.12,"disk_read_sec":20823994,"disk_write_sec":13507913,"disk_iops_sec":169,"io_wait":0,"open_files":0,"os_bytes_in_sec":5322,"os_bytes_out_sec":3701,"total_procs":430},"count":1},{"date":1638416700,"epoch_div":27306945,"totals":{"load_avg":1.64501953125,"cpu_usage":100,"mem_used":8534036480,"mem_free":6256066560,"tcp_conns":98,"disk_usage_root":6.12,"disk_read_sec":10813305,"disk_write_sec":241798,"disk_iops_sec":127,"io_wait":0,"open_files":0,"os_bytes_in_sec":9112,"os_bytes_out_sec":1956,"total_procs":424},"count":1},{"date":1638416760,"epoch_div":27306946,"totals":{"load_avg":1.82373046875,"cpu_usage":100,"mem_used":8547147776,"mem_free":6195322880,"tcp_conns":97,"disk_usage_root":6.12,"disk_read_sec":538350,"disk_write_sec":106291,"disk_iops_sec":22,"io_wait":0,"open_files":0,"os_bytes_in_sec":575,"os_bytes_out_sec":1043,"total_procs":423},"count":1},{"date":1638416820,"epoch_div":27306947,"totals":{"load_avg":2.53759765625,"cpu_usage":100,"mem_used":8485117952,"mem_free":6236770304,"tcp_conns":98,"disk_usage_root":6.12,"disk_read_sec":4798122,"disk_write_sec":5360776,"disk_iops_sec":105,"io_wait":0,"open_files":0,"os_bytes_in_sec":4588,"os_bytes_out_sec":3634,"total_procs":424},"count":1},{"date":1638416880,"epoch_div":27306948,"totals":{"load_avg":2.25048828125,"cpu_usage":100,"mem_used":8421048320,"mem_free":6190891008,"tcp_conns":97,"disk_usage_root":6.12,"disk_read_sec":1601945,"disk_write_sec":2505728,"disk_iops_sec":60,"io_wait":0,"open_files":0,"os_bytes_in_sec":913,"os_bytes_out_sec":1594,"total_procs":425},"count":1},{"date":1638416940,"epoch_div":27306949,"totals":{"load_avg":2.3408203125,"cpu_usage":100,"mem_used":8343113728,"mem_free":6113710080,"tcp_conns":94,"disk_usage_root":6.12,"disk_read_sec":5687910,"disk_write_sec":5484270,"disk_iops_sec":133,"io_wait":0,"open_files":0,"os_bytes_in_sec":903,"os_bytes_out_sec":1444,"total_procs":426},"count":1},{"date":1638417000,"epoch_div":27306950,"totals":{"load_avg":2.3037109375,"cpu_usage":100,"mem_used":8378175488,"mem_free":6116368384,"tcp_conns":94,"disk_usage_root":6.12,"disk_read_sec":773461,"disk_write_sec":139400,"disk_iops_sec":28,"io_wait":0,"open_files":0,"os_bytes_in_sec":594,"os_bytes_out_sec":1085,"total_procs":423},"count":1},{"date":1638417060,"epoch_div":27306951,"totals":{"load_avg":2.16455078125,"cpu_usage":100,"mem_used":8510922752,"mem_free":6128263168,"tcp_conns":94,"disk_usage_root":6.12,"disk_read_sec":1721344,"disk_write_sec":131003,"disk_iops_sec":33,"io_wait":0,"open_files":0,"os_bytes_in_sec":2227,"os_bytes_out_sec":1070,"total_procs":424},"count":1},{"date":1638417120,"epoch_div":27306952,"totals":{"load_avg":2.23046875,"cpu_usage":100,"mem_used":8500142080,"mem_free":6228451328,"tcp_conns":93,"disk_usage_root":6.12,"disk_read_sec":1360964,"disk_write_sec":2240443,"disk_iops_sec":44,"io_wait":0,"open_files":0,"os_bytes_in_sec":2348,"os_bytes_out_sec":1342,"total_procs":426},"count":1},{"date":1638417180,"epoch_div":27306953,"totals":{"load_avg":2.67041015625,"cpu_usage":100,"mem_used":8371138560,"mem_free":6131404800,"tcp_conns":99,"disk_usage_root":6.12,"disk_read_sec":4675515,"disk_write_sec":5364940,"disk_iops_sec":126,"io_wait":0,"open_files":0,"os_bytes_in_sec":3382,"os_bytes_out_sec":1910,"total_procs":426},"count":1},{"date":1638417240,"epoch_div":27306954,"totals":{"load_avg":2.3603515625,"cpu_usage":100,"mem_used":8459759616,"mem_free":6132477952,"tcp_conns":97,"disk_usage_root":6.12,"disk_read_sec":1675059,"disk_write_sec":123289,"disk_iops_sec":33,"io_wait":0,"open_files":0,"os_bytes_in_sec":2439,"os_bytes_out_sec":1856,"total_procs":423},"count":1},{"date":1638417300,"epoch_div":27306955,"totals":{"load_avg":2.26806640625,"cpu_usage":100,"mem_used":8539721728,"mem_free":6191550464,"tcp_conns":94,"disk_usage_root":6.12,"disk_read_sec":1337070,"disk_write_sec":153941,"disk_iops_sec":37,"io_wait":0,"open_files":0,"os_bytes_in_sec":2249,"os_bytes_out_sec":1219,"total_procs":423},"count":1},{"date":1638417360,"epoch_div":27306956,"totals":{"load_avg":1.96826171875,"cpu_usage":100,"mem_used":8559558656,"mem_free":6226784256,"tcp_conns":94,"disk_usage_root":6.12,"disk_read_sec":2218325,"disk_write_sec":2030592,"disk_iops_sec":55,"io_wait":0,"open_files":0,"os_bytes_in_sec":12934,"os_bytes_out_sec":1798,"total_procs":422},"count":1},{"date":1638417420,"epoch_div":27306957,"totals":{"load_avg":2.41259765625,"cpu_usage":100,"mem_used":8426614784,"mem_free":6193930240,"tcp_conns":93,"disk_usage_root":6.12,"disk_read_sec":3460027,"disk_write_sec":4621107,"disk_iops_sec":95,"io_wait":0,"open_files":0,"os_bytes_in_sec":6724,"os_bytes_out_sec":1406,"total_procs":422},"count":1},{"date":1638417480,"epoch_div":27306958,"totals":{"load_avg":1.8779296875,"cpu_usage":100,"mem_used":8472256512,"mem_free":6248398848,"tcp_conns":93,"disk_usage_root":6.12,"disk_read_sec":22151645,"disk_write_sec":16187801,"disk_iops_sec":439,"io_wait":0,"open_files":0,"os_bytes_in_sec":4313,"os_bytes_out_sec":2752,"total_procs":426},"count":1},{"date":1638417540,"epoch_div":27306959,"totals":{"load_avg":2.16455078125,"cpu_usage":100,"mem_used":8484925440,"mem_free":6173921280,"tcp_conns":93,"disk_usage_root":6.12,"disk_read_sec":951227,"disk_write_sec":119603,"disk_iops_sec":26,"io_wait":0,"open_files":0,"os_bytes_in_sec":2307,"os_bytes_out_sec":989,"total_procs":423},"count":1}]}