{"type":"list_page","items":[{"date":1638864000,"epoch_div":27314400,"totals":{"load_avg":2.14453125,"cpu_usage":100,"mem_used":8447856640,"mem_free":6206062592,"tcp_conns":19,"disk_usage_root":6.12,"disk_read_sec":3367536,"disk_write_sec":812951,"disk_iops_sec":214,"io_wait":0,"open_files":0,"os_bytes_in_sec":50217,"os_bytes_out_sec":23485,"total_procs":459},"count":1},{"date":1638864060,"epoch_div":27314401,"totals":{"load_avg":3.0546875,"cpu_usage":100,"mem_used":8424206336,"mem_free":6261686272,"tcp_conns":19,"disk_usage_root":6.12,"disk_read_sec":225348,"disk_write_sec":183227,"disk_iops_sec":33,"io_wait":0,"open_files":0,"os_bytes_in_sec":1659,"os_bytes_out_sec":999,"total_procs":448},"count":1},{"date":1638864120,"epoch_div":27314402,"totals":{"load_avg":2.8935546875,"cpu_usage":100,"mem_used":8548712448,"mem_free":6276481024,"tcp_conns":25,"disk_usage_root":6.12,"disk_read_sec":361388,"disk_write_sec":336073,"disk_iops_sec":73,"io_wait":0,"open_files":0,"os_bytes_in_sec":1481,"os_bytes_out_sec":2045,"total_procs":447},"count":1},{"date":1638864180,"epoch_div":27314403,"totals":{"load_avg":4.55224609375,"cpu_usage":100,"mem_used":8567672832,"mem_free":6192943104,"tcp_conns":26,"disk_usage_root":6.12,"disk_read_sec":100420,"disk_write_sec":218726,"disk_iops_sec":34,"io_wait":0,"open_files":0,"os_bytes_in_sec":481,"os_bytes_out_sec":892,"total_procs":448},"count":1},{"date":1638864240,"epoch_div":27314404,"totals":{"load_avg":3.02197265625,"cpu_usage":100,"mem_used":8460115968,"mem_free":6224519168,"tcp_conns":21,"disk_usage_root":6.12,"disk_read_sec":2051891,"disk_write_sec":578218,"disk_iops_sec":92,"io_wait":0,"open_files":0,"os_bytes_in_sec":831,"os_bytes_out_sec":1144,"total_procs":453},"count":1},{"date":1638864300,"epoch_div":27314405,"totals":{"load_avg":2.84375,"cpu_usage":100,"mem_used":8522588160,"mem_free":6180552704,"tcp_conns":19,"disk_usage_root":6.12,"disk_read_sec":105676,"disk_write_sec":237636,"disk_iops_sec":37,"io_wait":0,"open_files":0,"os_bytes_in_sec":763,"os_bytes_out_sec":1428,"total_procs":448},"count":1},{"date":1638864360,"epoch_div":27314406,"totals":{"load_avg":2.26171875,"cpu_usage":100,"mem_used":8519843840,"mem_free":6191341568,"tcp_conns":20,"disk_usage_root":6.12,"disk_read_sec":32836,"disk_write_sec":214903,"disk_iops_sec":31,"io_wait":0,"open_files":0,"os_bytes_in_sec":496,"os_bytes_out_sec":682,"total_procs":447},"count":1},{"date":1638864420,"epoch_div":27314407,"totals":{"load_avg":2.17626953125,"cpu_usage":100,"mem_used":8569823232,"mem_free":6214242304,"tcp_conns":18,"disk_usage_root":6.12,"disk_read_sec":149504,"disk_write_sec":216200,"disk_iops_sec":39,"io_wait":0,"open_files":0,"os_bytes_in_sec":1006,"os_bytes_out_sec":1061,"total_procs":448},"count":1},{"date":1638864480,"epoch_div":27314408,"totals":{"load_avg":3.57421875,"cpu_usage":100,"mem_used":8568938496,"mem_free":6252429312,"tcp_conns":16,"disk_usage_root":6.12,"disk_read_sec":71784,"disk_write_sec":319349,"disk_iops_sec":29,"io_wait":0,"open_files":0,"os_bytes_in_sec":383,"os_bytes_out_sec":584,"total_procs":449},"count":1},{"date":1638864540,"epoch_div":27314409,"totals":{"load_avg":2.97021484375,"cpu_usage":100,"mem_used":8562151424,"mem_free":6259195904,"tcp_conns":15,"disk_usage_root":6.12,"disk_read_sec":3747705,"disk_write_sec":419537,"disk_iops_sec":171,"io_wait":0,"open_files":0,"os_bytes_in_sec":417,"os_bytes_out_sec":644,"total_procs":454},"count":1},{"date":1638864600,"epoch_div":27314410,"totals":{"load_avg":2.447265625,"cpu_usage":100,"mem_used":8563101696,"mem_free":6204182528,"tcp_conns":16,"disk_usage_root":6.12,"disk_read_sec":210807,"disk_write_sec":453563,"disk_iops_sec":56,"io_wait":0,"open_files":0,"os_bytes_in_sec":1729,"os_bytes_out_sec":1319,"total_procs":450},"count":1},{"date":1638864660,"epoch_div":27314411,"totals":{"load_avg":2.87255859375,"cpu_usage":100,"mem_used":8391819264,"mem_free":6358970368,"tcp_conns":20,"disk_usage_root":6.12,"disk_read_sec":530432,"disk_write_sec":945902,"disk_iops_sec":70,"io_wait":0,"open_files":0,"os_bytes_in_sec":926,"os_bytes_out_sec":1220,"total_procs":448},"count":1},{"date":1638864720,"epoch_div":27314412,"totals":{"load_avg":2.47802734375,"cpu_usage":100,"mem_used":8475762688,"mem_free":6345076736,"tcp_conns":18,"disk_usage_root":6.12,"disk_read_sec":1679496,"disk_write_sec":438272,"disk_iops_sec":92,"io_wait":0,"open_files":0,"os_bytes_in_sec":2363,"os_bytes_out_sec":2046,"total_procs":452},"count":1},{"date":1638864780,"epoch_div":27314413,"totals":{"load_avg":3.31494140625,"cpu_usage":100,"mem_used":8466247680,"mem_free":6153633792,"tcp_conns":21,"disk_usage_root":6.12,"disk_read_sec":3999266,"disk_write_sec":6507042,"disk_iops_sec":293,"io_wait":0,"open_files":0,"os_bytes_in_sec":60738,"os_bytes_out_sec":32165,"total_procs":450},"count":1},{"date":1638864840,"epoch_div":27314414,"totals":{"load_avg":3.0859375,"cpu_usage":100,"mem_used":8466833408,"mem_free":6142959616,"tcp_conns":27,"disk_usage_root":6.12,"disk_read_sec":7373073,"disk_write_sec":449740,"disk_iops_sec":309,"io_wait":0,"open_files":0,"os_bytes_in_sec":36321,"os_bytes_out_sec":57657,"total_procs":461},"count":1},{"date":1638864900,"epoch_div":27314415,"totals":{"load_avg":2.91796875,"cpu_usage":100,"mem_used":7819206656,"mem_free":6404362240,"tcp_conns":29,"disk_usage_root":6.12,"disk_read_sec":5318382,"disk_write_sec":5789218,"disk_iops_sec":305,"io_wait":0,"open_files":0,"os_bytes_in_sec":83539,"os_bytes_out_sec":22116,"total_procs":456},"count":1},{"date":1638864960,"epoch_div":27314416,"totals":{"load_avg":3.28857421875,"cpu_usage":100,"mem_used":8187482112,"mem_free":6192381952,"tcp_conns":28,"disk_usage_root":6.12,"disk_read_sec":1917413,"disk_write_sec":279708,"disk_iops_sec":78,"io_wait":0,"open_files":0,"os_bytes_in_sec":519,"os_bytes_out_sec":840,"total_procs":451},"count":1},{"date":1638865020,"epoch_div":27314417,"totals":{"load_avg":2.34765625,"cpu_usage":100,"mem_used":8273223680,"mem_free":6091292672,"tcp_conns":25,"disk_usage_root":6.12,"disk_read_sec":1006387,"disk_write_sec":159470,"disk_iops_sec":21,"io_wait":0,"open_files":0,"os_bytes_in_sec":17420,"os_bytes_out_sec":1669467,"total_procs":451},"count":1},{"date":1638865080,"epoch_div":27314418,"totals":{"load_avg":3.13720703125,"cpu_usage":100,"mem_used":8563601408,"mem_free":6023700480,"tcp_conns":26,"disk_usage_root":6.12,"disk_read_sec":572231,"disk_write_sec":270000,"disk_iops_sec":27,"io_wait":0,"open_files":0,"os_bytes_in_sec":198072,"os_bytes_out_sec":941509,"total_procs":452},"count":1},{"date":1638865140,"epoch_div":27314419,"totals":{"load_avg":2.89208984375,"cpu_usage":100,"mem_used":8480141312,"mem_free":5999960064,"tcp_conns":19,"disk_usage_root":6.12,"disk_read_sec":1549653,"disk_write_sec":193126,"disk_iops_sec":80,"io_wait":0,"open_files":0,"os_bytes_in_sec":766,"os_bytes_out_sec":841,"total_procs":454},"count":1},{"date":1638865200,"epoch_div":27314420,"totals":{"load_avg":2.287109375,"cpu_usage":100,"mem_used":8398852096,"mem_free":6039601152,"tcp_conns":18,"disk_usage_root":6.12,"disk_read_sec":87586,"disk_write_sec":174830,"disk_iops_sec":29,"io_wait":0,"open_files":0,"os_bytes_in_sec":894,"os_bytes_out_sec":781,"total_procs":451},"count":1},{"date":1638865260,"epoch_div":27314421,"totals":{"load_avg":2.423828125,"cpu_usage":100,"mem_used":8564596736,"mem_free":6027513856,"tcp_conns":21,"disk_usage_root":6.12,"disk_read_sec":1418240,"disk_write_sec":458274,"disk_iops_sec":51,"io_wait":0,"open_files":0,"os_bytes_in_sec":1801,"os_bytes_out_sec":1516,"total_procs":449},"count":1},{"date":1638865320,"epoch_div":27314422,"totals":{"load_avg":2.3798828125,"cpu_usage":100,"mem_used":8567611392,"mem_free":6090113024,"tcp_conns":29,"disk_usage_root":6.12,"disk_read_sec":2022604,"disk_write_sec":313890,"disk_iops_sec":132,"io_wait":0,"open_files":0,"os_bytes_in_sec":20241,"os_bytes_out_sec":6541,"total_procs":451},"count":1},{"date":1638865380,"epoch_div":27314423,"totals":{"load_avg":3.6328125,"cpu_usage":100,"mem_used":8551165952,"mem_free":6112411648,"tcp_conns":29,"disk_usage_root":6.12,"disk_read_sec":2108347,"disk_write_sec":815650,"disk_iops_sec":207,"io_wait":0,"open_files":0,"os_bytes_in_sec":78802,"os_bytes_out_sec":1816,"total_procs":465},"count":1},{"date":1638865440,"epoch_div":27314424,"totals":{"load_avg":2.876953125,"cpu_usage":100,"mem_used":8313733120,"mem_free":6147047424,"tcp_conns":33,"disk_usage_root":6.12,"disk_read_sec":6766387,"disk_write_sec":5955788,"disk_iops_sec":281,"io_wait":0,"open_files":0,"os_bytes_in_sec":178689,"os_bytes_out_sec":7139,"total_procs":464},"count":1},{"date":1638865500,"epoch_div":27314425,"totals":{"load_avg":2.26318359375,"cpu_usage":100,"mem_used":8462827520,"mem_free":6063792128,"tcp_conns":31,"disk_usage_root":6.12,"disk_read_sec":706525,"disk_write_sec":306991,"disk_iops_sec":76,"io_wait":0,"open_files":0,"os_bytes_in_sec":5887,"os_bytes_out_sec":116469,"total_procs":460},"count":1},{"date":1638865560,"epoch_div":27314426,"totals":{"load_avg":2.43798828125,"cpu_usage":100,"mem_used":8560844800,"mem_free":6188056576,"tcp_conns":30,"disk_usage_root":6.12,"disk_read_sec":3359122,"disk_write_sec":237097,"disk_iops_sec":107,"io_wait":0,"open_files":0,"os_bytes_in_sec":24410,"os_bytes_out_sec":983023,"total_procs":466},"count":1},{"date":1638865620,"epoch_div":27314427,"totals":{"load_avg":2.0810546875,"cpu_usage":100,"mem_used":8367308800,"mem_free":6273687552,"tcp_conns":29,"disk_usage_root":6.12,"disk_read_sec":890129,"disk_write_sec":144861,"disk_iops_sec":42,"io_wait":0,"open_files":0,"os_bytes_in_sec":12032,"os_bytes_out_sec":1009749,"total_procs":470},"count":1},{"date":1638865680,"epoch_div":27314428,"totals":{"load_avg":1.84521484375,"cpu_usage":100,"mem_used":8533577728,"mem_free":6184636416,"tcp_conns":23,"disk_usage_root":6.12,"disk_read_sec":330956,"disk_write_sec":171281,"disk_iops_sec":36,"io_wait":0,"open_files":0,"os_bytes_in_sec":6643,"os_bytes_out_sec":504851,"total_procs":467},"count":1},{"date":1638865740,"epoch_div":27314429,"totals":{"load_avg":3.22021484375,"cpu_usage":100,"mem_used":8500957184,"mem_free":6214541312,"tcp_conns":21,"disk_usage_root":6.12,"disk_read_sec":2742681,"disk_write_sec":584908,"disk_iops_sec":199,"io_wait":0,"open_files":0,"os_bytes_in_sec":519,"os_bytes_out_sec":546,"total_procs":468},"count":1},{"date":1638865800,"epoch_div":27314430,"totals":{"load_avg":2.34521484375,"cpu_usage":100,"mem_used":8565895168,"mem_free":6222708736,"tcp_conns":21,"disk_usage_root":6.12,"disk_read_sec":1033352,"disk_write_sec":282282,"disk_iops_sec":81,"io_wait":0,"open_files":0,"os_bytes_in_sec":630,"os_bytes_out_sec":874,"total_procs":475},"count":1},{"date":1638865860,"epoch_div":27314431,"totals":{"load_avg":1.84814453125,"cpu_usage":100,"mem_used":8515039232,"mem_free":6219239424,"tcp_conns":20,"disk_usage_root":6.12,"disk_read_sec":604706,"disk_write_sec":1083460,"disk_iops_sec":34,"io_wait":0,"open_files":0,"os_bytes_in_sec":1056,"os_bytes_out_sec":398,"total_procs":467},"count":1},{"date":1638865920,"epoch_div":27314432,"totals":{"load_avg":3.02734375,"cpu_usage":100,"mem_used":8555712512,"mem_free":6343090176,"tcp_conns":18,"disk_usage_root":6.12,"disk_read_sec":6935552,"disk_write_sec":1013282,"disk_iops_sec":896,"io_wait":0,"open_files":0,"os_bytes_in_sec":790,"os_bytes_out_sec":523,"total_procs":483},"count":1},{"date":1638865980,"epoch_div":27314433,"totals":{"load_avg":2.13525390625,"cpu_usage":100,"mem_used":8551161856,"mem_free":6398222336,"tcp_conns":20,"disk_usage_root":6.12,"disk_read_sec":3308407,"disk_write_sec":721169,"disk_iops_sec":188,"io_wait":0,"open_files":0,"os_bytes_in_sec":225315,"os_bytes_out_sec":2655,"total_procs":473},"count":1},{"date":1638866040,"epoch_div":27314434,"totals":{"load_avg":2.15673828125,"cpu_usage":100,"mem_used":8439771136,"mem_free":6391984128,"tcp_conns":17,"disk_usage_root":6.12,"disk_read_sec":1927031,"disk_write_sec":1163673,"disk_iops_sec":124,"io_wait":0,"open_files":0,"os_bytes_in_sec":534,"os_bytes_out_sec":619,"total_procs":475},"count":1},{"date":1638866100,"epoch_div":27314435,"totals":{"load_avg":2.78271484375,"cpu_usage":100,"mem_used":8472903680,"mem_free":6388355072,"tcp_conns":24,"disk_usage_root":6.12,"disk_read_sec":2471936,"disk_write_sec":521352,"disk_iops_sec":126,"io_wait":0,"open_files":0,"os_bytes_in_sec":33596,"os_bytes_out_sec":3864,"total_procs":478},"count":1},{"date":1638866160,"epoch_div":27314436,"totals":{"load_avg":3.4140625,"cpu_usage":100,"mem_used":8494080000,"mem_free":6521532416,"tcp_conns":22,"disk_usage_root":6.12,"disk_read_sec":305152,"disk_write_sec":219272,"disk_iops_sec":51,"io_wait":0,"open_files":0,"os_bytes_in_sec":529,"os_bytes_out_sec":5794,"total_procs":474},"count":1},{"date":1638866220,"epoch_div":27314437,"totals":{"load_avg":3.48193359375,"cpu_usage":100,"mem_used":8568238080,"mem_free":6463746048,"tcp_conns":20,"disk_usage_root":6.12,"disk_read_sec":107246,"disk_write_sec":110796,"disk_iops_sec":20,"io_wait":0,"open_files":0,"os_bytes_in_sec":170,"os_bytes_out_sec":201,"total_procs":471},"count":1},{"date":1638866280,"epoch_div":27314438,"totals":{"load_avg":4.00146484375,"cpu_usage":100,"mem_used":8439431168,"mem_free":6549561344,"tcp_conns":20,"disk_usage_root":6.12,"disk_read_sec":1753907,"disk_write_sec":159744,"disk_iops_sec":98,"io_wait":0,"open_files":0,"os_bytes_in_sec":286,"os_bytes_out_sec":492,"total_procs":476},"count":1},{"date":1638866340,"epoch_div":27314439,"totals":{"load_avg":3.42236328125,"cpu_usage":100,"mem_used":8506974208,"mem_free":6513393664,"tcp_conns":21,"disk_usage_root":6.12,"disk_read_sec":444006,"disk_write_sec":230809,"disk_iops_sec":58,"io_wait":0,"open_files":0,"os_bytes_in_sec":2552,"os_bytes_out_sec":617,"total_procs":470},"count":1},{"date":1638866400,"epoch_div":27314440,"totals":{"load_avg":4.15185546875,"cpu_usage":100,"mem_used":8499998720,"mem_free":6544588800,"tcp_conns":25,"disk_usage_root":6.12,"disk_read_sec":2855259,"disk_write_sec":303589,"disk_iops_sec":142,"io_wait":0,"open_files":0,"os_bytes_in_sec":9321,"os_bytes_out_sec":9111,"total_procs":472},"count":1},{"date":1638866460,"epoch_div":27314441,"totals":{"load_avg":3.03271484375,"cpu_usage":100,"mem_used":8378880000,"mem_free":6642692096,"tcp_conns":24,"disk_usage_root":6.12,"disk_read_sec":1807007,"disk_write_sec":284436,"disk_iops_sec":112,"io_wait":0,"open_files":0,"os_bytes_in_sec":2081,"os_bytes_out_sec":42491,"total_procs":473},"count":1},{"date":1638866520,"epoch_div":27314442,"totals":{"load_avg":2.0986328125,"cpu_usage":100,"mem_used":8279781376,"mem_free":6602149888,"tcp_conns":20,"disk_usage_root":6.12,"disk_read_sec":1850350,"disk_write_sec":267211,"disk_iops_sec":91,"io_wait":0,"open_files":0,"os_bytes_in_sec":22050,"os_bytes_out_sec":580188,"total_procs":470},"count":1},{"date":1638866580,"epoch_div":27314443,"totals":{"load_avg":1.82421875,"cpu_usage":100,"mem_used":8436264960,"mem_free":6509228032,"tcp_conns":19,"disk_usage_root":6.12,"disk_read_sec":922405,"disk_write_sec":243678,"disk_iops_sec":61,"io_wait":0,"open_files":0,"os_bytes_in_sec":13805,"os_bytes_out_sec":1027177,"total_procs":473},"count":1},{"date":1638866640,"epoch_div":27314444,"totals":{"load_avg":2.00927734375,"cpu_usage":100,"mem_used":8379662336,"mem_free":6511607808,"tcp_conns":18,"disk_usage_root":6.12,"disk_read_sec":475204,"disk_write_sec":177015,"disk_iops_sec":32,"io_wait":0,"open_files":0,"os_bytes_in_sec":12922,"os_bytes_out_sec":938584,"total_procs":471},"count":1},{"date":1638866700,"epoch_div":27314445,"totals":{"load_avg":1.876953125,"cpu_usage":100,"mem_used":8410595328,"mem_free":6485192704,"tcp_conns":19,"disk_usage_root":6.12,"disk_read_sec":37683,"disk_write_sec":201386,"disk_iops_sec":32,"io_wait":0,"open_files":0,"os_bytes_in_sec":1683,"os_bytes_out_sec":58628,"total_procs":473},"count":1},{"date":1638866760,"epoch_div":27314446,"totals":{"load_avg":1.90380859375,"cpu_usage":100,"mem_used":8461352960,"mem_free":6486183936,"tcp_conns":21,"disk_usage_root":6.12,"disk_read_sec":107588,"disk_write_sec":151074,"disk_iops_sec":23,"io_wait":0,"open_files":0,"os_bytes_in_sec":1287,"os_bytes_out_sec":1242,"total_procs":470},"count":1},{"date":1638866820,"epoch_div":27314447,"totals":{"load_avg":1.91748046875,"cpu_usage":100,"mem_used":8565432320,"mem_free":6473818112,"tcp_conns":18,"disk_usage_root":6.12,"disk_read_sec":416290,"disk_write_sec":439022,"disk_iops_sec":42,"io_wait":0,"open_files":0,"os_bytes_in_sec":219977,"os_bytes_out_sec":4504,"total_procs":470},"count":1},{"date":1638866880,"epoch_div":27314448,"totals":{"load_avg":2.095703125,"cpu_usage":100,"mem_used":8542019584,"mem_free":6447063040,"tcp_conns":21,"disk_usage_root":6.12,"disk_read_sec":2815931,"disk_write_sec":213265,"disk_iops_sec":150,"io_wait":0,"open_files":0,"os_bytes_in_sec":3959,"os_bytes_out_sec":2917,"total_procs":478},"count":1},{"date":1638866940,"epoch_div":27314449,"totals":{"load_avg":2.8046875,"cpu_usage":100,"mem_used":8330375168,"mem_free":6627364864,"tcp_conns":19,"disk_usage_root":6.12,"disk_read_sec":163076,"disk_write_sec":150927,"disk_iops_sec":34,"io_wait":0,"open_files":0,"os_bytes_in_sec":356,"os_bytes_out_sec":4948,"total_procs":472},"count":1},{"date":1638867000,"epoch_div":27314450,"totals":{"load_avg":2.330078125,"cpu_usage":100,"mem_used":8424280064,"mem_free":6511280128,"tcp_conns":22,"disk_usage_root":6.12,"disk_read_sec":1568153,"disk_write_sec":216064,"disk_iops_sec":85,"io_wait":0,"open_files":0,"os_bytes_in_sec":3436,"os_bytes_out_sec":115777,"total_procs":473},"count":1},{"date":1638867060,"epoch_div":27314451,"totals":{"load_avg":2.3369140625,"cpu_usage":100,"mem_used":8408084480,"mem_free":6529712128,"tcp_conns":20,"disk_usage_root":6.12,"disk_read_sec":1003318,"disk_write_sec":398520,"disk_iops_sec":26,"io_wait":0,"open_files":0,"os_bytes_in_sec":13986,"os_bytes_out_sec":1109521,"total_procs":466},"count":1},{"date":1638867120,"epoch_div":27314452,"totals":{"load_avg":2.251953125,"cpu_usage":100,"mem_used":8469078016,"mem_free":6495059968,"tcp_conns":19,"disk_usage_root":6.12,"disk_read_sec":427281,"disk_write_sec":79121,"disk_iops_sec":15,"io_wait":0,"open_files":0,"os_bytes_in_sec":11690,"os_bytes_out_sec":979613,"total_procs":466},"count":1},{"date":1638867180,"epoch_div":27314453,"totals":{"load_avg":2.1025390625,"cpu_usage":100,"mem_used":8547258368,"mem_free":6443081728,"tcp_conns":19,"disk_usage_root":6.12,"disk_read_sec":641774,"disk_write_sec":140151,"disk_iops_sec":55,"io_wait":0,"open_files":0,"os_bytes_in_sec":5213,"os_bytes_out_sec":382908,"total_procs":472},"count":1},{"date":1638867240,"epoch_div":27314454,"totals":{"load_avg":2.54638671875,"cpu_usage":100,"mem_used":8489865216,"mem_free":6473269248,"tcp_conns":18,"disk_usage_root":6.12,"disk_read_sec":3003,"disk_write_sec":132369,"disk_iops_sec":20,"io_wait":0,"open_files":0,"os_bytes_in_sec":526,"os_bytes_out_sec":581,"total_procs":468},"count":1},{"date":1638867300,"epoch_div":27314455,"totals":{"load_avg":2.58154296875,"cpu_usage":100,"mem_used":8527060992,"mem_free":6523940864,"tcp_conns":21,"disk_usage_root":6.12,"disk_read_sec":220296,"disk_write_sec":355737,"disk_iops_sec":39,"io_wait":0,"open_files":0,"os_bytes_in_sec":221621,"os_bytes_out_sec":3629,"total_procs":465},"count":1},{"date":1638867360,"epoch_div":27314456,"totals":{"load_avg":2.4306640625,"cpu_usage":100,"mem_used":8510795776,"mem_free":6454816768,"tcp_conns":19,"disk_usage_root":6.12,"disk_read_sec":36239,"disk_write_sec":169255,"disk_iops_sec":22,"io_wait":0,"open_files":0,"os_bytes_in_sec":405,"os_bytes_out_sec":474,"total_procs":466},"count":1},{"date":1638867420,"epoch_div":27314457,"totals":{"load_avg":2.51513671875,"cpu_usage":100,"mem_used":8512569344,"mem_free":6463447040,"tcp_conns":17,"disk_usage_root":6.12,"disk_read_sec":5461,"disk_write_sec":75298,"disk_iops_sec":12,"io_wait":0,"open_files":0,"os_bytes_in_sec":367,"os_bytes_out_sec":406,"total_procs":465},"count":1},{"date":1638867480,"epoch_div":27314458,"totals":{"load_avg":2.1044921875,"cpu_usage":100,"mem_used":8486957056,"mem_free":6415163392,"tcp_conns":17,"disk_usage_root":6.12,"disk_read_sec":1715888,"disk_write_sec":93469,"disk_iops_sec":75,"io_wait":0,"open_files":0,"os_bytes_in_sec":333,"os_bytes_out_sec":398,"total_procs":468},"count":1},{"date":1638867540,"epoch_div":27314459,"totals":{"load_avg":2.70703125,"cpu_usage":100,"mem_used":8429891584,"mem_free":6453669888,"tcp_conns":16,"disk_usage_root":6.12,"disk_read_sec":19046,"disk_write_sec":82329,"disk_iops_sec":14,"io_wait":0,"open_files":0,"os_bytes_in_sec":72,"os_bytes_out_sec":119,"total_procs":466},"count":1}]}