{"type":"list_page","items":[{"groups":{"main":{"totals":{"load_avg":3.0361328125,"cpu_usage":100,"mem_used":8510476288,"mem_free":6085271552,"tcp_conns":21,"disk_usage_root":6.12,"disk_read_sec":355669,"disk_write_sec":280439,"disk_iops_sec":51,"io_wait":0,"open_files":0,"os_bytes_in_sec":13935,"os_bytes_out_sec":2103,"total_procs":487},"count":1}},"date":1638843960,"epoch_div":27314066},{"groups":{"main":{"totals":{"load_avg":2.54541015625,"cpu_usage":100,"mem_used":8503001088,"mem_free":6041468928,"tcp_conns":21,"disk_usage_root":6.12,"disk_read_sec":2115479,"disk_write_sec":499017,"disk_iops_sec":116,"io_wait":0,"open_files":0,"os_bytes_in_sec":7855,"os_bytes_out_sec":2895,"total_procs":482},"count":1}},"date":1638844020,"epoch_div":27314067},{"groups":{"main":{"totals":{"load_avg":2.4892578125,"cpu_usage":100,"mem_used":8467288064,"mem_free":6142853120,"tcp_conns":19,"disk_usage_root":6.12,"disk_read_sec":3430433,"disk_write_sec":1000095,"disk_iops_sec":198,"io_wait":0,"open_files":0,"os_bytes_in_sec":3970,"os_bytes_out_sec":1321,"total_procs":488},"count":1}},"date":1638844080,"epoch_div":27314068},{"groups":{"main":{"totals":{"load_avg":2.0869140625,"cpu_usage":100,"mem_used":8567554048,"mem_free":6032134144,"tcp_conns":16,"disk_usage_root":6.12,"disk_read_sec":284876,"disk_write_sec":210534,"disk_iops_sec":50,"io_wait":0,"open_files":0,"os_bytes_in_sec":1862,"os_bytes_out_sec":1254,"total_procs":483},"count":1}},"date":1638844140,"epoch_div":27314069},{"groups":{"main":{"totals":{"load_avg":1.95556640625,"cpu_usage":100,"mem_used":8570609664,"mem_free":6161047552,"tcp_conns":16,"disk_usage_root":6.12,"disk_read_sec":1507464,"disk_write_sec":244736,"disk_iops_sec":97,"io_wait":0,"open_files":0,"os_bytes_in_sec":3509,"os_bytes_out_sec":862,"total_procs":484},"count":1}},"date":1638844200,"epoch_div":27314070},{"groups":{"main":{"totals":{"load_avg":1.92333984375,"cpu_usage":100,"mem_used":8541741056,"mem_free":6355738624,"tcp_conns":16,"disk_usage_root":6.12,"disk_read_sec":292590,"disk_write_sec":117145,"disk_iops_sec":42,"io_wait":0,"open_files":0,"os_bytes_in_sec":3395,"os_bytes_out_sec":571,"total_procs":490},"count":1}},"date":1638844260,"epoch_div":27314071},{"groups":{"main":{"totals":{"load_avg":1.7998046875,"cpu_usage":100,"mem_used":8553459712,"mem_free":6184955904,"tcp_conns":14,"disk_usage_root":6.12,"disk_read_sec":1504392,"disk_write_sec":283306,"disk_iops_sec":96,"io_wait":0,"open_files":0,"os_bytes_in_sec":6668,"os_bytes_out_sec":808,"total_procs":483},"count":1}},"date":1638844320,"epoch_div":27314072},{"groups":{"main":{"totals":{"load_avg":2.20751953125,"cpu_usage":100,"mem_used":8563679232,"mem_free":6349651968,"tcp_conns":14,"disk_usage_root":6.12,"disk_read_sec":1579281,"disk_write_sec":104925,"disk_iops_sec":88,"io_wait":0,"open_files":0,"os_bytes_in_sec":416,"os_bytes_out_sec":424,"total_procs":484},"count":1}},"date":1638844380,"epoch_div":27314073},{"groups":{"main":{"totals":{"load_avg":2.60400390625,"cpu_usage":100,"mem_used":8419721216,"mem_free":6210637824,"tcp_conns":14,"disk_usage_root":6.12,"disk_read_sec":2265907,"disk_write_sec":4498568,"disk_iops_sec":117,"io_wait":0,"open_files":0,"os_bytes_in_sec":7045,"os_bytes_out_sec":1460,"total_procs":482},"count":1}},"date":1638844440,"epoch_div":27314074},{"groups":{"main":{"totals":{"load_avg":1.82373046875,"cpu_usage":100,"mem_used":8568684544,"mem_free":6177533952,"tcp_conns":14,"disk_usage_root":6.12,"disk_read_sec":118647,"disk_write_sec":160221,"disk_iops_sec":34,"io_wait":0,"open_files":0,"os_bytes_in_sec":286,"os_bytes_out_sec":326,"total_procs":480},"count":1}},"date":1638844500,"epoch_div":27314075},{"groups":{"main":{"totals":{"load_avg":1.74462890625,"cpu_usage":100,"mem_used":8342892544,"mem_free":6334799872,"tcp_conns":14,"disk_usage_root":6.12,"disk_read_sec":107259,"disk_write_sec":77476,"disk_iops_sec":21,"io_wait":0,"open_files":0,"os_bytes_in_sec":3488,"os_bytes_out_sec":744,"total_procs":480},"count":1}},"date":1638844560,"epoch_div":27314076},{"groups":{"main":{"totals":{"load_avg":2.71337890625,"cpu_usage":100,"mem_used":8559063040,"mem_free":6237810688,"tcp_conns":13,"disk_usage_root":6.12,"disk_read_sec":25583,"disk_write_sec":111062,"disk_iops_sec":16,"io_wait":0,"open_files":0,"os_bytes_in_sec":200,"os_bytes_out_sec":229,"total_procs":480},"count":1}},"date":1638844620,"epoch_div":27314077},{"groups":{"main":{"totals":{"load_avg":2.96923828125,"cpu_usage":100,"mem_used":8529874944,"mem_free":6323453952,"tcp_conns":14,"disk_usage_root":6.12,"disk_read_sec":1732266,"disk_write_sec":145954,"disk_iops_sec":90,"io_wait":0,"open_files":0,"os_bytes_in_sec":438,"os_bytes_out_sec":634,"total_procs":483},"count":1}},"date":1638844680,"epoch_div":27314078},{"groups":{"main":{"totals":{"load_avg":2.24609375,"cpu_usage":100,"mem_used":8563703808,"mem_free":6184091648,"tcp_conns":15,"disk_usage_root":6.12,"disk_read_sec":3164501,"disk_write_sec":260642,"disk_iops_sec":118,"io_wait":0,"open_files":0,"os_bytes_in_sec":3109,"os_bytes_out_sec":1518,"total_procs":484},"count":1}},"date":1638844740,"epoch_div":27314079},{"groups":{"main":{"totals":{"load_avg":1.9814453125,"cpu_usage":100,"mem_used":8497438720,"mem_free":6207713280,"tcp_conns":25,"disk_usage_root":6.12,"disk_read_sec":2401348,"disk_write_sec":358468,"disk_iops_sec":138,"io_wait":0,"open_files":0,"os_bytes_in_sec":30253,"os_bytes_out_sec":4249,"total_procs":483},"count":1}},"date":1638844800,"epoch_div":27314080},{"groups":{"main":{"totals":{"load_avg":2.20458984375,"cpu_usage":100,"mem_used":8078135296,"mem_free":6136758272,"tcp_conns":23,"disk_usage_root":6.12,"disk_read_sec":599057,"disk_write_sec":9660311,"disk_iops_sec":75,"io_wait":0,"open_files":0,"os_bytes_in_sec":508,"os_bytes_out_sec":694,"total_procs":485},"count":1}},"date":1638844860,"epoch_div":27314081},{"groups":{"main":{"totals":{"load_avg":2.15478515625,"cpu_usage":100,"mem_used":8184528896,"mem_free":6096228352,"tcp_conns":21,"disk_usage_root":6.12,"disk_read_sec":496162,"disk_write_sec":207325,"disk_iops_sec":37,"io_wait":0,"open_files":0,"os_bytes_in_sec":563,"os_bytes_out_sec":604,"total_procs":485},"count":1}},"date":1638844920,"epoch_div":27314082},{"groups":{"main":{"totals":{"load_avg":1.71826171875,"cpu_usage":100,"mem_used":8362942464,"mem_free":5884694528,"tcp_conns":21,"disk_usage_root":6.12,"disk_read_sec":1677144,"disk_write_sec":158871,"disk_iops_sec":80,"io_wait":0,"open_files":0,"os_bytes_in_sec":1885,"os_bytes_out_sec":1159,"total_procs":489},"count":1}},"date":1638844980,"epoch_div":27314083},{"groups":{"main":{"totals":{"load_avg":2.40966796875,"cpu_usage":100,"mem_used":8559771648,"mem_free":5877346304,"tcp_conns":43,"disk_usage_root":6.12,"disk_read_sec":1533747,"disk_write_sec":438681,"disk_iops_sec":82,"io_wait":0,"open_files":0,"os_bytes_in_sec":45888,"os_bytes_out_sec":7586,"total_procs":484},"count":1}},"date":1638845040,"epoch_div":27314084},{"groups":{"main":{"totals":{"load_avg":3.17626953125,"cpu_usage":100,"mem_used":8561410048,"mem_free":5882277888,"tcp_conns":30,"disk_usage_root":6.12,"disk_read_sec":1338982,"disk_write_sec":174353,"disk_iops_sec":54,"io_wait":0,"open_files":0,"os_bytes_in_sec":904,"os_bytes_out_sec":733,"total_procs":484},"count":1}},"date":1638845100,"epoch_div":27314085},{"groups":{"main":{"totals":{"load_avg":2.4375,"cpu_usage":100,"mem_used":8570634240,"mem_free":5896273920,"tcp_conns":30,"disk_usage_root":6.12,"disk_read_sec":369186,"disk_write_sec":125405,"disk_iops_sec":28,"io_wait":0,"open_files":0,"os_bytes_in_sec":8941,"os_bytes_out_sec":1143,"total_procs":484},"count":1}},"date":1638845160,"epoch_div":27314086},{"groups":{"main":{"totals":{"load_avg":1.6650390625,"cpu_usage":100,"mem_used":8568446976,"mem_free":6114439168,"tcp_conns":30,"disk_usage_root":6.12,"disk_read_sec":416085,"disk_write_sec":73250,"disk_iops_sec":28,"io_wait":0,"open_files":0,"os_bytes_in_sec":374,"os_bytes_out_sec":401,"total_procs":484},"count":1}},"date":1638845220,"epoch_div":27314087},{"groups":{"main":{"totals":{"load_avg":2.29296875,"cpu_usage":100,"mem_used":8469925888,"mem_free":5989130240,"tcp_conns":20,"disk_usage_root":6.12,"disk_read_sec":2481898,"disk_write_sec":159119,"disk_iops_sec":92,"io_wait":0,"open_files":0,"os_bytes_in_sec":424,"os_bytes_out_sec":683,"total_procs":485},"count":1}},"date":1638845280,"epoch_div":27314088},{"groups":{"main":{"totals":{"load_avg":2.60986328125,"cpu_usage":100,"mem_used":8245432320,"mem_free":5944610816,"tcp_conns":41,"disk_usage_root":6.12,"disk_read_sec":6201209,"disk_write_sec":3147742,"disk_iops_sec":222,"io_wait":0,"open_files":0,"os_bytes_in_sec":113807,"os_bytes_out_sec":12496,"total_procs":485},"count":1}},"date":1638845340,"epoch_div":27314089},{"groups":{"main":{"totals":{"load_avg":2.45263671875,"cpu_usage":100,"mem_used":8484012032,"mem_free":5896998912,"tcp_conns":54,"disk_usage_root":6.12,"disk_read_sec":589277,"disk_write_sec":365704,"disk_iops_sec":54,"io_wait":0,"open_files":0,"os_bytes_in_sec":119298,"os_bytes_out_sec":4514,"total_procs":485},"count":1}},"date":1638845400,"epoch_div":27314090},{"groups":{"main":{"totals":{"load_avg":1.61474609375,"cpu_usage":100,"mem_used":8194584576,"mem_free":5975470080,"tcp_conns":35,"disk_usage_root":6.12,"disk_read_sec":1275357,"disk_write_sec":5362688,"disk_iops_sec":80,"io_wait":0,"open_files":0,"os_bytes_in_sec":459,"os_bytes_out_sec":821,"total_procs":485},"count":1}},"date":1638845460,"epoch_div":27314091},{"groups":{"main":{"totals":{"load_avg":1.75341796875,"cpu_usage":100,"mem_used":8543313920,"mem_free":5868822528,"tcp_conns":34,"disk_usage_root":6.12,"disk_read_sec":1357960,"disk_write_sec":276343,"disk_iops_sec":56,"io_wait":0,"open_files":0,"os_bytes_in_sec":374,"os_bytes_out_sec":525,"total_procs":483},"count":1}},"date":1638845520,"epoch_div":27314092},{"groups":{"main":{"totals":{"load_avg":2.1259765625,"cpu_usage":100,"mem_used":8502034432,"mem_free":5867237376,"tcp_conns":33,"disk_usage_root":6.12,"disk_read_sec":2573858,"disk_write_sec":336827,"disk_iops_sec":131,"io_wait":0,"open_files":0,"os_bytes_in_sec":1614,"os_bytes_out_sec":1083,"total_procs":487},"count":1}},"date":1638845580,"epoch_div":27314093},{"groups":{"main":{"totals":{"load_avg":2.08056640625,"cpu_usage":100,"mem_used":8244981760,"mem_free":5997498368,"tcp_conns":27,"disk_usage_root":6.12,"disk_read_sec":2056874,"disk_write_sec":316006,"disk_iops_sec":109,"io_wait":0,"open_files":0,"os_bytes_in_sec":483,"os_bytes_out_sec":852,"total_procs":485},"count":1}},"date":1638845640,"epoch_div":27314094},{"groups":{"main":{"totals":{"load_avg":2.4677734375,"cpu_usage":100,"mem_used":8097284096,"mem_free":5965410304,"tcp_conns":28,"disk_usage_root":6.12,"disk_read_sec":327065,"disk_write_sec":246852,"disk_iops_sec":44,"io_wait":0,"open_files":0,"os_bytes_in_sec":1634,"os_bytes_out_sec":975,"total_procs":477},"count":1}},"date":1638845700,"epoch_div":27314095},{"groups":{"main":{"totals":{"load_avg":2.40087890625,"cpu_usage":100,"mem_used":8201900032,"mem_free":5946388480,"tcp_conns":23,"disk_usage_root":6.12,"disk_read_sec":1327867,"disk_write_sec":77268,"disk_iops_sec":18,"io_wait":0,"open_files":0,"os_bytes_in_sec":417,"os_bytes_out_sec":439,"total_procs":474},"count":1}},"date":1638845760,"epoch_div":27314096},{"groups":{"main":{"totals":{"load_avg":2.16357421875,"cpu_usage":100,"mem_used":8203595776,"mem_free":5934596096,"tcp_conns":22,"disk_usage_root":6.12,"disk_read_sec":35722,"disk_write_sec":75608,"disk_iops_sec":13,"io_wait":0,"open_files":0,"os_bytes_in_sec":347,"os_bytes_out_sec":336,"total_procs":474},"count":1}},"date":1638845820,"epoch_div":27314097},{"groups":{"main":{"totals":{"load_avg":1.79443359375,"cpu_usage":100,"mem_used":8345460736,"mem_free":5850427392,"tcp_conns":22,"disk_usage_root":6.12,"disk_read_sec":47718,"disk_write_sec":426666,"disk_iops_sec":19,"io_wait":0,"open_files":0,"os_bytes_in_sec":579,"os_bytes_out_sec":430,"total_procs":482},"count":1}},"date":1638845880,"epoch_div":27314098},{"groups":{"main":{"totals":{"load_avg":1.83349609375,"cpu_usage":100,"mem_used":8286138368,"mem_free":5880184832,"tcp_conns":18,"disk_usage_root":6.12,"disk_read_sec":59118,"disk_write_sec":94139,"disk_iops_sec":17,"io_wait":0,"open_files":0,"os_bytes_in_sec":327,"os_bytes_out_sec":438,"total_procs":476},"count":1}},"date":1638845940,"epoch_div":27314099},{"groups":{"main":{"totals":{"load_avg":2.09326171875,"cpu_usage":100,"mem_used":8368451584,"mem_free":5860229120,"tcp_conns":19,"disk_usage_root":6.12,"disk_read_sec":1124078,"disk_write_sec":109294,"disk_iops_sec":38,"io_wait":0,"open_files":0,"os_bytes_in_sec":529,"os_bytes_out_sec":480,"total_procs":474},"count":1}},"date":1638846000,"epoch_div":27314100},{"groups":{"main":{"totals":{"load_avg":2.3115234375,"cpu_usage":100,"mem_used":8251150336,"mem_free":5926764544,"tcp_conns":21,"disk_usage_root":6.12,"disk_read_sec":467985,"disk_write_sec":154120,"disk_iops_sec":50,"io_wait":0,"open_files":0,"os_bytes_in_sec":344,"os_bytes_out_sec":358,"total_procs":478},"count":1}},"date":1638846060,"epoch_div":27314101},{"groups":{"main":{"totals":{"load_avg":4.04296875,"cpu_usage":100,"mem_used":8543391744,"mem_free":5885112320,"tcp_conns":19,"disk_usage_root":6.12,"disk_read_sec":223668,"disk_write_sec":265568,"disk_iops_sec":51,"io_wait":0,"open_files":0,"os_bytes_in_sec":1605,"os_bytes_out_sec":1049,"total_procs":479},"count":1}},"date":1638846120,"epoch_div":27314102},{"groups":{"main":{"totals":{"load_avg":2.17236328125,"cpu_usage":100,"mem_used":8564854784,"mem_free":5957967872,"tcp_conns":17,"disk_usage_root":6.12,"disk_read_sec":2265224,"disk_write_sec":139673,"disk_iops_sec":110,"io_wait":0,"open_files":0,"os_bytes_in_sec":445,"os_bytes_out_sec":531,"total_procs":484},"count":1}},"date":1638846180,"epoch_div":27314103},{"groups":{"main":{"totals":{"load_avg":1.94189453125,"cpu_usage":100,"mem_used":8453488640,"mem_free":5923053568,"tcp_conns":17,"disk_usage_root":6.12,"disk_read_sec":343040,"disk_write_sec":204253,"disk_iops_sec":72,"io_wait":0,"open_files":0,"os_bytes_in_sec":423,"os_bytes_out_sec":404,"total_procs":481},"count":1}},"date":1638846240,"epoch_div":27314104},{"groups":{"main":{"totals":{"load_avg":1.9833984375,"cpu_usage":100,"mem_used":8447475712,"mem_free":5938118656,"tcp_conns":17,"disk_usage_root":6.12,"disk_read_sec":1325260,"disk_write_sec":106496,"disk_iops_sec":64,"io_wait":0,"open_files":0,"os_bytes_in_sec":324,"os_bytes_out_sec":383,"total_procs":479},"count":1}},"date":1638846300,"epoch_div":27314105},{"groups":{"main":{"totals":{"load_avg":2.40478515625,"cpu_usage":100,"mem_used":8451518464,"mem_free":5834657792,"tcp_conns":17,"disk_usage_root":6.12,"disk_read_sec":4573,"disk_write_sec":123289,"disk_iops_sec":19,"io_wait":0,"open_files":0,"os_bytes_in_sec":363,"os_bytes_out_sec":465,"total_procs":480},"count":1}},"date":1638846360,"epoch_div":27314106},{"groups":{"main":{"totals":{"load_avg":2.07177734375,"cpu_usage":100,"mem_used":8451731456,"mem_free":5890998272,"tcp_conns":16,"disk_usage_root":6.12,"disk_read_sec":7775,"disk_write_sec":98026,"disk_iops_sec":18,"io_wait":0,"open_files":0,"os_bytes_in_sec":496,"os_bytes_out_sec":644,"total_procs":481},"count":1}},"date":1638846420,"epoch_div":27314107},{"groups":{"main":{"totals":{"load_avg":2.11669921875,"cpu_usage":100,"mem_used":8486789120,"mem_free":5889052672,"tcp_conns":17,"disk_usage_root":6.12,"disk_read_sec":1555674,"disk_write_sec":156453,"disk_iops_sec":85,"io_wait":0,"open_files":0,"os_bytes_in_sec":563,"os_bytes_out_sec":669,"total_procs":483},"count":1}},"date":1638846480,"epoch_div":27314108},{"groups":{"main":{"totals":{"load_avg":2.4365234375,"cpu_usage":100,"mem_used":8445239296,"mem_free":5857329152,"tcp_conns":17,"disk_usage_root":6.12,"disk_read_sec":997444,"disk_write_sec":168004,"disk_iops_sec":82,"io_wait":0,"open_files":0,"os_bytes_in_sec":305,"os_bytes_out_sec":279,"total_procs":481},"count":1}},"date":1638846540,"epoch_div":27314109},{"groups":{"main":{"totals":{"load_avg":2.42822265625,"cpu_usage":100,"mem_used":8464711680,"mem_free":5891215360,"tcp_conns":17,"disk_usage_root":6.12,"disk_read_sec":244394,"disk_write_sec":171144,"disk_iops_sec":35,"io_wait":0,"open_files":0,"os_bytes_in_sec":406,"os_bytes_out_sec":536,"total_procs":480},"count":1}},"date":1638846600,"epoch_div":27314110},{"groups":{"main":{"totals":{"load_avg":2.61279296875,"cpu_usage":100,"mem_used":8462381056,"mem_free":5905031168,"tcp_conns":17,"disk_usage_root":6.12,"disk_read_sec":358018,"disk_write_sec":123157,"disk_iops_sec":31,"io_wait":0,"open_files":0,"os_bytes_in_sec":497,"os_bytes_out_sec":465,"total_procs":479},"count":1}},"date":1638846660,"epoch_div":27314111},{"groups":{"main":{"totals":{"load_avg":2.51416015625,"cpu_usage":100,"mem_used":8567664640,"mem_free":6077661184,"tcp_conns":22,"disk_usage_root":6.12,"disk_read_sec":2335525,"disk_write_sec":258585,"disk_iops_sec":144,"io_wait":0,"open_files":0,"os_bytes_in_sec":2276,"os_bytes_out_sec":1229,"total_procs":487},"count":1}},"date":1638846720,"epoch_div":27314112},{"groups":{"main":{"totals":{"load_avg":2.25439453125,"cpu_usage":100,"mem_used":8566558720,"mem_free":5970792448,"tcp_conns":26,"disk_usage_root":6.12,"disk_read_sec":2517469,"disk_write_sec":263236,"disk_iops_sec":127,"io_wait":0,"open_files":0,"os_bytes_in_sec":695,"os_bytes_out_sec":1349,"total_procs":486},"count":1}},"date":1638846780,"epoch_div":27314113},{"groups":{"main":{"totals":{"load_avg":3.35546875,"cpu_usage":100,"mem_used":8456511488,"mem_free":5971009536,"tcp_conns":19,"disk_usage_root":6.12,"disk_read_sec":139332,"disk_write_sec":165273,"disk_iops_sec":30,"io_wait":0,"open_files":0,"os_bytes_in_sec":471,"os_bytes_out_sec":611,"total_procs":478},"count":1}},"date":1638846840,"epoch_div":27314114},{"groups":{"main":{"totals":{"load_avg":2.154296875,"cpu_usage":100,"mem_used":8467791872,"mem_free":5961695232,"tcp_conns":17,"disk_usage_root":6.12,"disk_read_sec":33792,"disk_write_sec":128887,"disk_iops_sec":23,"io_wait":0,"open_files":0,"os_bytes_in_sec":644,"os_bytes_out_sec":721,"total_procs":478},"count":1}},"date":1638846900,"epoch_div":27314115},{"groups":{"main":{"totals":{"load_avg":1.95703125,"cpu_usage":100,"mem_used":8476217344,"mem_free":5942751232,"tcp_conns":17,"disk_usage_root":6.12,"disk_read_sec":1615257,"disk_write_sec":164590,"disk_iops_sec":76,"io_wait":0,"open_files":0,"os_bytes_in_sec":5414,"os_bytes_out_sec":902,"total_procs":478},"count":1}},"date":1638846960,"epoch_div":27314116},{"groups":{"main":{"totals":{"load_avg":2.5712890625,"cpu_usage":100,"mem_used":8473100288,"mem_free":5893234688,"tcp_conns":16,"disk_usage_root":6.12,"disk_read_sec":20206,"disk_write_sec":89907,"disk_iops_sec":17,"io_wait":0,"open_files":0,"os_bytes_in_sec":180,"os_bytes_out_sec":177,"total_procs":476},"count":1}},"date":1638847020,"epoch_div":27314117},{"groups":{"main":{"totals":{"load_avg":2.37353515625,"cpu_usage":100,"mem_used":8484413440,"mem_free":5900279808,"tcp_conns":18,"disk_usage_root":6.12,"disk_read_sec":121005,"disk_write_sec":68521,"disk_iops_sec":13,"io_wait":0,"open_files":0,"os_bytes_in_sec":412,"os_bytes_out_sec":420,"total_procs":476},"count":1}},"date":1638847080,"epoch_div":27314118},{"groups":{"main":{"totals":{"load_avg":2.00244140625,"cpu_usage":100,"mem_used":8540176384,"mem_free":6217027584,"tcp_conns":70,"disk_usage_root":6.12,"disk_read_sec":7253411,"disk_write_sec":684367,"disk_iops_sec":375,"io_wait":0,"open_files":0,"os_bytes_in_sec":145001,"os_bytes_out_sec":37105,"total_procs":495},"count":1}},"date":1638847140,"epoch_div":27314119},{"groups":{"main":{"totals":{"load_avg":2.544921875,"cpu_usage":100,"mem_used":8413741056,"mem_free":6361276416,"tcp_conns":48,"disk_usage_root":6.12,"disk_read_sec":4729036,"disk_write_sec":257843,"disk_iops_sec":193,"io_wait":0,"open_files":0,"os_bytes_in_sec":769,"os_bytes_out_sec":1963,"total_procs":484},"count":1}},"date":1638847200,"epoch_div":27314120},{"groups":{"main":{"totals":{"load_avg":2.45947265625,"cpu_usage":100,"mem_used":8565092352,"mem_free":6291968000,"tcp_conns":52,"disk_usage_root":6.12,"disk_read_sec":2944682,"disk_write_sec":4143172,"disk_iops_sec":163,"io_wait":0,"open_files":0,"os_bytes_in_sec":2274,"os_bytes_out_sec":1368,"total_procs":493},"count":1}},"date":1638847260,"epoch_div":27314121},{"groups":{"main":{"totals":{"load_avg":2.708984375,"cpu_usage":100,"mem_used":8569602048,"mem_free":6097772544,"tcp_conns":50,"disk_usage_root":6.12,"disk_read_sec":2761591,"disk_write_sec":6283673,"disk_iops_sec":164,"io_wait":0,"open_files":0,"os_bytes_in_sec":20327,"os_bytes_out_sec":5691,"total_procs":493},"count":1}},"date":1638847320,"epoch_div":27314122},{"groups":{"main":{"totals":{"load_avg":3.24365234375,"cpu_usage":100,"mem_used":8399015936,"mem_free":6109851648,"tcp_conns":40,"disk_usage_root":6.12,"disk_read_sec":4135867,"disk_write_sec":6107272,"disk_iops_sec":150,"io_wait":0,"open_files":0,"os_bytes_in_sec":1746,"os_bytes_out_sec":1232,"total_procs":502},"count":1}},"date":1638847380,"epoch_div":27314123},{"groups":{"main":{"totals":{"load_avg":3.64892578125,"cpu_usage":100,"mem_used":8468492288,"mem_free":6195281920,"tcp_conns":33,"disk_usage_root":6.12,"disk_read_sec":6732253,"disk_write_sec":1127697,"disk_iops_sec":159,"io_wait":0,"open_files":0,"os_bytes_in_sec":8280,"os_bytes_out_sec":1461,"total_procs":494},"count":1}},"date":1638847440,"epoch_div":27314124},{"groups":{"main":{"totals":{"load_avg":2.76953125,"cpu_usage":100,"mem_used":8566595584,"mem_free":6222016512,"tcp_conns":23,"disk_usage_root":6.12,"disk_read_sec":4190003,"disk_write_sec":175513,"disk_iops_sec":482,"io_wait":0,"open_files":0,"os_bytes_in_sec":1977,"os_bytes_out_sec":2362,"total_procs":491},"count":1}},"date":1638847500,"epoch_div":27314125},{"groups":{"main":{"totals":{"load_avg":2.880859375,"cpu_usage":100,"mem_used":8497922048,"mem_free":6160269312,"tcp_conns":21,"disk_usage_root":6.12,"disk_read_sec":1912558,"disk_write_sec":3565499,"disk_iops_sec":61,"io_wait":0,"open_files":0,"os_bytes_in_sec":468,"os_bytes_out_sec":568,"total_procs":491},"count":1}},"date":1638847560,"epoch_div":27314126},{"groups":{"main":{"totals":{"load_avg":2.36962890625,"cpu_usage":100,"mem_used":8554987520,"mem_free":6159736832,"tcp_conns":20,"disk_usage_root":6.12,"disk_read_sec":213606,"disk_write_sec":136942,"disk_iops_sec":24,"io_wait":0,"open_files":0,"os_bytes_in_sec":596,"os_bytes_out_sec":805,"total_procs":491},"count":1}},"date":1638847620,"epoch_div":27314127},{"groups":{"main":{"totals":{"load_avg":1.9140625,"cpu_usage":100,"mem_used":8481071104,"mem_free":6132936704,"tcp_conns":20,"disk_usage_root":6.12,"disk_read_sec":2246860,"disk_write_sec":1234670,"disk_iops_sec":140,"io_wait":0,"open_files":0,"os_bytes_in_sec":26912,"os_bytes_out_sec":1622,"total_procs":506},"count":1}},"date":1638847680,"epoch_div":27314128},{"groups":{"main":{"totals":{"load_avg":2.404296875,"cpu_usage":100,"mem_used":8388964352,"mem_free":6280200192,"tcp_conns":18,"disk_usage_root":6.12,"disk_read_sec":151688,"disk_write_sec":148411,"disk_iops_sec":30,"io_wait":0,"open_files":0,"os_bytes_in_sec":550,"os_bytes_out_sec":576,"total_procs":493},"count":1}},"date":1638847740,"epoch_div":27314129},{"groups":{"main":{"totals":{"load_avg":2.69140625,"cpu_usage":100,"mem_used":8558587904,"mem_free":6246211584,"tcp_conns":19,"disk_usage_root":6.12,"disk_read_sec":685875,"disk_write_sec":287744,"disk_iops_sec":61,"io_wait":0,"open_files":0,"os_bytes_in_sec":11179,"os_bytes_out_sec":3161,"total_procs":491},"count":1}},"date":1638847800,"epoch_div":27314130},{"groups":{"main":{"totals":{"load_avg":2.9921875,"cpu_usage":100,"mem_used":8566874112,"mem_free":6213914624,"tcp_conns":20,"disk_usage_root":6.12,"disk_read_sec":470084,"disk_write_sec":284262,"disk_iops_sec":56,"io_wait":0,"open_files":0,"os_bytes_in_sec":2574,"os_bytes_out_sec":2374,"total_procs":489},"count":1}},"date":1638847860,"epoch_div":27314131},{"groups":{"main":{"totals":{"load_avg":2.2529296875,"cpu_usage":100,"mem_used":8568320000,"mem_free":6247763968,"tcp_conns":19,"disk_usage_root":6.12,"disk_read_sec":108509,"disk_write_sec":93166,"disk_iops_sec":28,"io_wait":0,"open_files":0,"os_bytes_in_sec":465,"os_bytes_out_sec":327,"total_procs":488},"count":1}},"date":1638847920,"epoch_div":27314132},{"groups":{"main":{"totals":{"load_avg":2.60302734375,"cpu_usage":100,"mem_used":8500416512,"mem_free":6308311040,"tcp_conns":20,"disk_usage_root":6.12,"disk_read_sec":1951911,"disk_write_sec":179149,"disk_iops_sec":97,"io_wait":0,"open_files":0,"os_bytes_in_sec":721,"os_bytes_out_sec":893,"total_procs":492},"count":1}},"date":1638847980,"epoch_div":27314133},{"groups":{"main":{"totals":{"load_avg":2.666015625,"cpu_usage":100,"mem_used":8439578624,"mem_free":6249304064,"tcp_conns":18,"disk_usage_root":6.12,"disk_read_sec":66013,"disk_write_sec":123562,"disk_iops_sec":26,"io_wait":0,"open_files":0,"os_bytes_in_sec":639,"os_bytes_out_sec":627,"total_procs":489},"count":1}},"date":1638848040,"epoch_div":27314134},{"groups":{"main":{"totals":{"load_avg":2.00537109375,"cpu_usage":100,"mem_used":8553594880,"mem_free":6344826880,"tcp_conns":17,"disk_usage_root":6.12,"disk_read_sec":197427,"disk_write_sec":162201,"disk_iops_sec":30,"io_wait":0,"open_files":0,"os_bytes_in_sec":561,"os_bytes_out_sec":676,"total_procs":490},"count":1}},"date":1638848100,"epoch_div":27314135},{"groups":{"main":{"totals":{"load_avg":2.19873046875,"cpu_usage":100,"mem_used":8571961344,"mem_free":6296338432,"tcp_conns":17,"disk_usage_root":6.12,"disk_read_sec":78643,"disk_write_sec":108680,"disk_iops_sec":21,"io_wait":0,"open_files":0,"os_bytes_in_sec":110,"os_bytes_out_sec":179,"total_procs":488},"count":1}},"date":1638848160,"epoch_div":27314136},{"groups":{"main":{"totals":{"load_avg":2.2451171875,"cpu_usage":100,"mem_used":8504442880,"mem_free":6277111808,"tcp_conns":16,"disk_usage_root":6.12,"disk_read_sec":1584947,"disk_write_sec":214493,"disk_iops_sec":96,"io_wait":0,"open_files":0,"os_bytes_in_sec":667,"os_bytes_out_sec":1368,"total_procs":500},"count":1}},"date":1638848220,"epoch_div":27314137},{"groups":{"main":{"totals":{"load_avg":2.4169921875,"cpu_usage":100,"mem_used":8538824704,"mem_free":6411968512,"tcp_conns":18,"disk_usage_root":6.12,"disk_read_sec":1896994,"disk_write_sec":220433,"disk_iops_sec":109,"io_wait":0,"open_files":0,"os_bytes_in_sec":7224,"os_bytes_out_sec":2414,"total_procs":491},"count":1}},"date":1638848280,"epoch_div":27314138},{"groups":{"main":{"totals":{"load_avg":3.1015625,"cpu_usage":100,"mem_used":8412143616,"mem_free":6463369216,"tcp_conns":25,"disk_usage_root":6.12,"disk_read_sec":1809876,"disk_write_sec":373569,"disk_iops_sec":117,"io_wait":0,"open_files":0,"os_bytes_in_sec":5868,"os_bytes_out_sec":3279,"total_procs":492},"count":1}},"date":1638848340,"epoch_div":27314139},{"groups":{"main":{"totals":{"load_avg":3.3857421875,"cpu_usage":100,"mem_used":8552189952,"mem_free":6382542848,"tcp_conns":23,"disk_usage_root":6.12,"disk_read_sec":397448,"disk_write_sec":250333,"disk_iops_sec":43,"io_wait":0,"open_files":0,"os_bytes_in_sec":2062,"os_bytes_out_sec":1815,"total_procs":488},"count":1}},"date":1638848400,"epoch_div":27314140},{"groups":{"main":{"totals":{"load_avg":2.2314453125,"cpu_usage":100,"mem_used":8568725504,"mem_free":6275493888,"tcp_conns":23,"disk_usage_root":6.12,"disk_read_sec":199965,"disk_write_sec":120059,"disk_iops_sec":29,"io_wait":0,"open_files":0,"os_bytes_in_sec":325,"os_bytes_out_sec":433,"total_procs":488},"count":1}},"date":1638848460,"epoch_div":27314141},{"groups":{"main":{"totals":{"load_avg":2.08935546875,"cpu_usage":100,"mem_used":8570208256,"mem_free":6264475648,"tcp_conns":21,"disk_usage_root":6.12,"disk_read_sec":430148,"disk_write_sec":124108,"disk_iops_sec":49,"io_wait":0,"open_files":0,"os_bytes_in_sec":634,"os_bytes_out_sec":648,"total_procs":487},"count":1}},"date":1638848520,"epoch_div":27314142},{"groups":{"main":{"totals":{"load_avg":3.611328125,"cpu_usage":100,"mem_used":8526049280,"mem_free":6159106048,"tcp_conns":22,"disk_usage_root":6.12,"disk_read_sec":2238395,"disk_write_sec":3241574,"disk_iops_sec":126,"io_wait":0,"open_files":0,"os_bytes_in_sec":1922,"os_bytes_out_sec":2394,"total_procs":493},"count":1}},"date":1638848580,"epoch_div":27314143},{"groups":{"main":{"totals":{"load_avg":2.515625,"cpu_usage":100,"mem_used":8561442816,"mem_free":6289104896,"tcp_conns":24,"disk_usage_root":6.12,"disk_read_sec":2654549,"disk_write_sec":1450939,"disk_iops_sec":145,"io_wait":0,"open_files":0,"os_bytes_in_sec":4590,"os_bytes_out_sec":3910,"total_procs":503},"count":1}},"date":1638848640,"epoch_div":27314144},{"groups":{"main":{"totals":{"load_avg":3.49169921875,"cpu_usage":100,"mem_used":8569614336,"mem_free":6374150144,"tcp_conns":22,"disk_usage_root":6.12,"disk_read_sec":339012,"disk_write_sec":165751,"disk_iops_sec":44,"io_wait":0,"open_files":0,"os_bytes_in_sec":456,"os_bytes_out_sec":665,"total_procs":489},"count":1}},"date":1638848700,"epoch_div":27314145},{"groups":{"main":{"totals":{"load_avg":2.83349609375,"cpu_usage":100,"mem_used":8138289152,"mem_free":6690041856,"tcp_conns":21,"disk_usage_root":6.12,"disk_read_sec":574411,"disk_write_sec":234374,"disk_iops_sec":51,"io_wait":0,"open_files":0,"os_bytes_in_sec":571,"os_bytes_out_sec":778,"total_procs":490},"count":1}},"date":1638848760,"epoch_div":27314146},{"groups":{"main":{"totals":{"load_avg":2.18408203125,"cpu_usage":100,"mem_used":8569786368,"mem_free":6472589312,"tcp_conns":21,"disk_usage_root":6.12,"disk_read_sec":246431,"disk_write_sec":169883,"disk_iops_sec":41,"io_wait":0,"open_files":0,"os_bytes_in_sec":830,"os_bytes_out_sec":967,"total_procs":492},"count":1}},"date":1638848820,"epoch_div":27314147},{"groups":{"main":{"totals":{"load_avg":2.24072265625,"cpu_usage":100,"mem_used":8567099392,"mem_free":6527221760,"tcp_conns":19,"disk_usage_root":6.12,"disk_read_sec":480460,"disk_write_sec":192580,"disk_iops_sec":47,"io_wait":0,"open_files":0,"os_bytes_in_sec":846,"os_bytes_out_sec":925,"total_procs":489},"count":1}},"date":1638848880,"epoch_div":27314148},{"groups":{"main":{"totals":{"load_avg":2.18896484375,"cpu_usage":100,"mem_used":8522936320,"mem_free":6475874304,"tcp_conns":18,"disk_usage_root":6.12,"disk_read_sec":1789542,"disk_write_sec":215176,"disk_iops_sec":98,"io_wait":0,"open_files":0,"os_bytes_in_sec":893,"os_bytes_out_sec":1013,"total_procs":494},"count":1}},"date":1638848940,"epoch_div":27314149},{"groups":{"main":{"totals":{"load_avg":2.29638671875,"cpu_usage":100,"mem_used":8569569280,"mem_free":6483800064,"tcp_conns":18,"disk_usage_root":6.12,"disk_read_sec":335462,"disk_write_sec":203434,"disk_iops_sec":53,"io_wait":0,"open_files":0,"os_bytes_in_sec":675,"os_bytes_out_sec":1039,"total_procs":489},"count":1}},"date":1638849000,"epoch_div":27314150},{"groups":{"main":{"totals":{"load_avg":2.25390625,"cpu_usage":100,"mem_used":8561979392,"mem_free":6461960192,"tcp_conns":18,"disk_usage_root":6.12,"disk_read_sec":290611,"disk_write_sec":229580,"disk_iops_sec":53,"io_wait":0,"open_files":0,"os_bytes_in_sec":5450,"os_bytes_out_sec":1182,"total_procs":493},"count":1}},"date":1638849060,"epoch_div":27314151},{"groups":{"main":{"totals":{"load_avg":3.3486328125,"cpu_usage":100,"mem_used":8540725248,"mem_free":6488870912,"tcp_conns":27,"disk_usage_root":6.12,"disk_read_sec":2518425,"disk_write_sec":299076,"disk_iops_sec":164,"io_wait":0,"open_files":0,"os_bytes_in_sec":27102,"os_bytes_out_sec":4792,"total_procs":494},"count":1}},"date":1638849120,"epoch_div":27314152},{"groups":{"main":{"totals":{"load_avg":2.98974609375,"cpu_usage":100,"mem_used":8565661696,"mem_free":6377832448,"tcp_conns":29,"disk_usage_root":6.12,"disk_read_sec":2123639,"disk_write_sec":275797,"disk_iops_sec":123,"io_wait":0,"open_files":0,"os_bytes_in_sec":9788,"os_bytes_out_sec":3237,"total_procs":493},"count":1}},"date":1638849180,"epoch_div":27314153},{"groups":{"main":{"totals":{"load_avg":2.923828125,"cpu_usage":100,"mem_used":8569380864,"mem_free":6392320000,"tcp_conns":28,"disk_usage_root":6.12,"disk_read_sec":872106,"disk_write_sec":384614,"disk_iops_sec":89,"io_wait":0,"open_files":0,"os_bytes_in_sec":16229,"os_bytes_out_sec":3877,"total_procs":503},"count":1}},"date":1638849240,"epoch_div":27314154},{"groups":{"main":{"totals":{"load_avg":2.84521484375,"cpu_usage":100,"mem_used":8558063616,"mem_free":6573432832,"tcp_conns":24,"disk_usage_root":6.12,"disk_read_sec":306107,"disk_write_sec":203502,"disk_iops_sec":61,"io_wait":0,"open_files":0,"os_bytes_in_sec":709,"os_bytes_out_sec":1073,"total_procs":492},"count":1}},"date":1638849300,"epoch_div":27314155},{"groups":{"main":{"totals":{"load_avg":2.0810546875,"cpu_usage":100,"mem_used":8484954112,"mem_free":6617370624,"tcp_conns":21,"disk_usage_root":6.12,"disk_read_sec":196266,"disk_write_sec":186368,"disk_iops_sec":39,"io_wait":0,"open_files":0,"os_bytes_in_sec":619,"os_bytes_out_sec":636,"total_procs":490},"count":1}},"date":1638849360,"epoch_div":27314156},{"groups":{"main":{"totals":{"load_avg":2.1376953125,"cpu_usage":100,"mem_used":8561090560,"mem_free":6626455552,"tcp_conns":20,"disk_usage_root":6.12,"disk_read_sec":275456,"disk_write_sec":177698,"disk_iops_sec":44,"io_wait":0,"open_files":0,"os_bytes_in_sec":656,"os_bytes_out_sec":942,"total_procs":490},"count":1}},"date":1638849420,"epoch_div":27314157},{"groups":{"main":{"totals":{"load_avg":2.4501953125,"cpu_usage":100,"mem_used":8489824256,"mem_free":6575685632,"tcp_conns":19,"disk_usage_root":6.12,"disk_read_sec":1938568,"disk_write_sec":570504,"disk_iops_sec":109,"io_wait":0,"open_files":0,"os_bytes_in_sec":1082,"os_bytes_out_sec":1351,"total_procs":496},"count":1}},"date":1638849480,"epoch_div":27314158},{"groups":{"main":{"totals":{"load_avg":2.4833984375,"cpu_usage":100,"mem_used":8556515328,"mem_free":6516916224,"tcp_conns":20,"disk_usage_root":6.12,"disk_read_sec":880162,"disk_write_sec":201454,"disk_iops_sec":43,"io_wait":0,"open_files":0,"os_bytes_in_sec":477,"os_bytes_out_sec":610,"total_procs":491},"count":1}},"date":1638849540,"epoch_div":27314159},{"groups":{"main":{"totals":{"load_avg":2.380859375,"cpu_usage":100,"mem_used":8478720000,"mem_free":6509649920,"tcp_conns":29,"disk_usage_root":6.12,"disk_read_sec":3543654,"disk_write_sec":410419,"disk_iops_sec":190,"io_wait":0,"open_files":0,"os_bytes_in_sec":9761,"os_bytes_out_sec":4853,"total_procs":498},"count":1}},"date":1638849600,"epoch_div":27314160},{"groups":{"main":{"totals":{"load_avg":2.68994140625,"cpu_usage":100,"mem_used":8382685184,"mem_free":6251737088,"tcp_conns":22,"disk_usage_root":6.12,"disk_read_sec":2013730,"disk_write_sec":3835084,"disk_iops_sec":146,"io_wait":0,"open_files":0,"os_bytes_in_sec":4657,"os_bytes_out_sec":2351,"total_procs":498},"count":1}},"date":1638849660,"epoch_div":27314161},{"groups":{"main":{"totals":{"load_avg":2.38134765625,"cpu_usage":100,"mem_used":8570114048,"mem_free":6353571840,"tcp_conns":28,"disk_usage_root":6.12,"disk_read_sec":1323417,"disk_write_sec":237909,"disk_iops_sec":65,"io_wait":0,"open_files":0,"os_bytes_in_sec":2028,"os_bytes_out_sec":2545,"total_procs":492},"count":1}},"date":1638849720,"epoch_div":27314162},{"groups":{"main":{"totals":{"load_avg":1.89990234375,"cpu_usage":100,"mem_used":8382328832,"mem_free":6175649792,"tcp_conns":24,"disk_usage_root":6.12,"disk_read_sec":2164394,"disk_write_sec":5360435,"disk_iops_sec":112,"io_wait":0,"open_files":0,"os_bytes_in_sec":2115,"os_bytes_out_sec":597,"total_procs":494},"count":1}},"date":1638849780,"epoch_div":27314163},{"groups":{"main":{"totals":{"load_avg":2.20361328125,"cpu_usage":100,"mem_used":8524365824,"mem_free":6169235456,"tcp_conns":21,"disk_usage_root":6.12,"disk_read_sec":1647547,"disk_write_sec":273339,"disk_iops_sec":68,"io_wait":0,"open_files":0,"os_bytes_in_sec":1508,"os_bytes_out_sec":1808,"total_procs":492},"count":1}},"date":1638849840,"epoch_div":27314164},{"groups":{"main":{"totals":{"load_avg":2.63623046875,"cpu_usage":100,"mem_used":8544276480,"mem_free":6138982400,"tcp_conns":20,"disk_usage_root":6.12,"disk_read_sec":401271,"disk_write_sec":268765,"disk_iops_sec":52,"io_wait":0,"open_files":0,"os_bytes_in_sec":2724,"os_bytes_out_sec":1460,"total_procs":492},"count":1}},"date":1638849900,"epoch_div":27314165}]}