{"type":"list_page","items":[{"date":1639168020,"epoch_div":27319467,"totals":{"load_avg":2.22412109375,"cpu_usage":100,"mem_used":8561074176,"mem_free":6458421248,"tcp_conns":108,"disk_usage_root":8.83,"disk_read_sec":61402,"disk_write_sec":61320,"disk_iops_sec":2,"io_wait":0,"open_files":0,"os_bytes_in_sec":135,"os_bytes_out_sec":97,"total_procs":490},"count":1},{"date":1639168080,"epoch_div":27319468,"totals":{"load_avg":1.916015625,"cpu_usage":100,"mem_used":8556048384,"mem_free":6446227456,"tcp_conns":106,"disk_usage_root":8.83,"disk_read_sec":2192543,"disk_write_sec":2010680,"disk_iops_sec":62,"io_wait":0,"open_files":0,"os_bytes_in_sec":15854,"os_bytes_out_sec":6801,"total_procs":485},"count":1}]}