{"type":"list_page","items":[{"date":1637936820,"epoch_div":27298947,"totals":{"load_avg":2.65283203125,"cpu_usage":100,"mem_used":8505876480,"mem_free":6120411136,"tcp_conns":90,"disk_usage_root":6.12,"disk_read_sec":19510,"disk_write_sec":12856,"disk_iops_sec":0,"io_wait":0,"open_files":0,"os_bytes_in_sec":215,"os_bytes_out_sec":148,"total_procs":468},"count":1},{"date":1637936880,"epoch_div":27298948,"totals":{"load_avg":2.00244140625,"cpu_usage":100,"mem_used":8509820928,"mem_free":6058651648,"tcp_conns":85,"disk_usage_root":6.12,"disk_read_sec":2998599,"disk_write_sec":371752,"disk_iops_sec":111,"io_wait":0,"open_files":0,"os_bytes_in_sec":2627,"os_bytes_out_sec":3862,"total_procs":471},"count":1}]}