{"type":"list_page","items":[{"date":1639195200,"epoch_div":27319920,"totals":{"load_avg":2.48876953125,"cpu_usage":100,"mem_used":8519589888,"mem_free":6509830144,"tcp_conns":100,"disk_usage_root":8.83,"disk_read_sec":73033,"disk_write_sec":244579,"disk_iops_sec":43,"io_wait":0,"open_files":0,"os_bytes_in_sec":43193,"os_bytes_out_sec":3242,"total_procs":481},"count":1},{"date":1639195260,"epoch_div":27319921,"totals":{"load_avg":1.92333984375,"cpu_usage":100,"mem_used":8559505408,"mem_free":6486560768,"tcp_conns":100,"disk_usage_root":8.83,"disk_read_sec":32085,"disk_write_sec":229034,"disk_iops_sec":33,"io_wait":0,"open_files":0,"os_bytes_in_sec":42066,"os_bytes_out_sec":2649,"total_procs":481},"count":1},{"date":1639195320,"epoch_div":27319922,"totals":{"load_avg":3.220703125,"cpu_usage":100,"mem_used":8568872960,"mem_free":6506029056,"tcp_conns":99,"disk_usage_root":8.83,"disk_read_sec":69632,"disk_write_sec":224608,"disk_iops_sec":39,"io_wait":0,"open_files":0,"os_bytes_in_sec":40768,"os_bytes_out_sec":2560,"total_procs":479},"count":1},{"date":1639195380,"epoch_div":27319923,"totals":{"load_avg":4.53125,"cpu_usage":100,"mem_used":8570146816,"mem_free":6437036032,"tcp_conns":97,"disk_usage_root":8.83,"disk_read_sec":192989,"disk_write_sec":247125,"disk_iops_sec":44,"io_wait":0,"open_files":0,"os_bytes_in_sec":58968,"os_bytes_out_sec":2531,"total_procs":481},"count":1},{"date":1639195440,"epoch_div":27319924,"totals":{"load_avg":3.19384765625,"cpu_usage":100,"mem_used":8569225216,"mem_free":6445998080,"tcp_conns":97,"disk_usage_root":8.83,"disk_read_sec":314299,"disk_write_sec":261529,"disk_iops_sec":57,"io_wait":0,"open_files":0,"os_bytes_in_sec":51792,"os_bytes_out_sec":3633,"total_procs":482},"count":1},{"date":1639195500,"epoch_div":27319925,"totals":{"load_avg":2.4794921875,"cpu_usage":100,"mem_used":8521322496,"mem_free":6454124544,"tcp_conns":95,"disk_usage_root":8.83,"disk_read_sec":76157,"disk_write_sec":235415,"disk_iops_sec":38,"io_wait":0,"open_files":0,"os_bytes_in_sec":30171,"os_bytes_out_sec":1481,"total_procs":482},"count":1},{"date":1639195560,"epoch_div":27319926,"totals":{"load_avg":2.712890625,"cpu_usage":100,"mem_used":8542355456,"mem_free":6442123264,"tcp_conns":98,"disk_usage_root":8.83,"disk_read_sec":165854,"disk_write_sec":241865,"disk_iops_sec":51,"io_wait":0,"open_files":0,"os_bytes_in_sec":42373,"os_bytes_out_sec":2996,"total_procs":480},"count":1},{"date":1639195620,"epoch_div":27319927,"totals":{"load_avg":2.583984375,"cpu_usage":100,"mem_used":8556744704,"mem_free":6439194624,"tcp_conns":94,"disk_usage_root":8.83,"disk_read_sec":34406,"disk_write_sec":262212,"disk_iops_sec":43,"io_wait":0,"open_files":0,"os_bytes_in_sec":57464,"os_bytes_out_sec":1601,"total_procs":482},"count":1},{"date":1639195680,"epoch_div":27319928,"totals":{"load_avg":2.5126953125,"cpu_usage":100,"mem_used":8564793344,"mem_free":6437040128,"tcp_conns":99,"disk_usage_root":8.83,"disk_read_sec":38638,"disk_write_sec":235793,"disk_iops_sec":38,"io_wait":0,"open_files":0,"os_bytes_in_sec":42586,"os_bytes_out_sec":3320,"total_procs":480},"count":1},{"date":1639195740,"epoch_div":27319929,"totals":{"load_avg":1.66455078125,"cpu_usage":100,"mem_used":8568754176,"mem_free":6463320064,"tcp_conns":93,"disk_usage_root":8.83,"disk_read_sec":266376,"disk_write_sec":232516,"disk_iops_sec":53,"io_wait":0,"open_files":0,"os_bytes_in_sec":44486,"os_bytes_out_sec":1712,"total_procs":483},"count":1},{"date":1639195800,"epoch_div":27319930,"totals":{"load_avg":2.482421875,"cpu_usage":100,"mem_used":8217239552,"mem_free":6545571840,"tcp_conns":97,"disk_usage_root":8.83,"disk_read_sec":492134,"disk_write_sec":246510,"disk_iops_sec":58,"io_wait":0,"open_files":0,"os_bytes_in_sec":26759,"os_bytes_out_sec":3167,"total_procs":480},"count":1},{"date":1639195860,"epoch_div":27319931,"totals":{"load_avg":2.369140625,"cpu_usage":100,"mem_used":8215384064,"mem_free":6559633408,"tcp_conns":97,"disk_usage_root":8.83,"disk_read_sec":10990,"disk_write_sec":89429,"disk_iops_sec":15,"io_wait":0,"open_files":0,"os_bytes_in_sec":1621,"os_bytes_out_sec":943,"total_procs":477},"count":1},{"date":1639195920,"epoch_div":27319932,"totals":{"load_avg":2.37744140625,"cpu_usage":100,"mem_used":8226086912,"mem_free":6571274240,"tcp_conns":98,"disk_usage_root":8.83,"disk_read_sec":11741,"disk_write_sec":103355,"disk_iops_sec":16,"io_wait":0,"open_files":0,"os_bytes_in_sec":4550,"os_bytes_out_sec":2014,"total_procs":478},"count":1},{"date":1639195980,"epoch_div":27319933,"totals":{"load_avg":2.4248046875,"cpu_usage":100,"mem_used":8229457920,"mem_free":6565806080,"tcp_conns":97,"disk_usage_root":8.83,"disk_read_sec":32768,"disk_write_sec":93661,"disk_iops_sec":15,"io_wait":0,"open_files":0,"os_bytes_in_sec":1396,"os_bytes_out_sec":709,"total_procs":477},"count":1},{"date":1639196040,"epoch_div":27319934,"totals":{"load_avg":2.78759765625,"cpu_usage":100,"mem_used":8305168384,"mem_free":6511624192,"tcp_conns":98,"disk_usage_root":8.83,"disk_read_sec":107451,"disk_write_sec":106837,"disk_iops_sec":23,"io_wait":0,"open_files":0,"os_bytes_in_sec":3657,"os_bytes_out_sec":1872,"total_procs":479},"count":1},{"date":1639196100,"epoch_div":27319935,"totals":{"load_avg":2.890625,"cpu_usage":100,"mem_used":8278982656,"mem_free":6504996864,"tcp_conns":98,"disk_usage_root":8.83,"disk_read_sec":157764,"disk_write_sec":151483,"disk_iops_sec":38,"io_wait":0,"open_files":0,"os_bytes_in_sec":1367,"os_bytes_out_sec":836,"total_procs":479},"count":1},{"date":1639196160,"epoch_div":27319936,"totals":{"load_avg":2.4140625,"cpu_usage":100,"mem_used":8288620544,"mem_free":6524514304,"tcp_conns":101,"disk_usage_root":8.83,"disk_read_sec":207598,"disk_write_sec":83148,"disk_iops_sec":30,"io_wait":0,"open_files":0,"os_bytes_in_sec":4998,"os_bytes_out_sec":2238,"total_procs":477},"count":1},{"date":1639196220,"epoch_div":27319937,"totals":{"load_avg":2.5009765625,"cpu_usage":100,"mem_used":8315822080,"mem_free":6513106944,"tcp_conns":97,"disk_usage_root":8.83,"disk_read_sec":109363,"disk_write_sec":587844,"disk_iops_sec":64,"io_wait":0,"open_files":0,"os_bytes_in_sec":998,"os_bytes_out_sec":780,"total_procs":481},"count":1},{"date":1639196280,"epoch_div":27319938,"totals":{"load_avg":2.44482421875,"cpu_usage":100,"mem_used":8436633600,"mem_free":6445637632,"tcp_conns":105,"disk_usage_root":8.83,"disk_read_sec":408576,"disk_write_sec":228829,"disk_iops_sec":48,"io_wait":0,"open_files":0,"os_bytes_in_sec":13326,"os_bytes_out_sec":2991,"total_procs":479},"count":1},{"date":1639196340,"epoch_div":27319939,"totals":{"load_avg":2.443359375,"cpu_usage":100,"mem_used":8528695296,"mem_free":6396223488,"tcp_conns":94,"disk_usage_root":8.83,"disk_read_sec":174626,"disk_write_sec":138717,"disk_iops_sec":22,"io_wait":0,"open_files":0,"os_bytes_in_sec":188,"os_bytes_out_sec":284,"total_procs":480},"count":1},{"date":1639196400,"epoch_div":27319940,"totals":{"load_avg":2.74462890625,"cpu_usage":100,"mem_used":8474984448,"mem_free":6388293632,"tcp_conns":98,"disk_usage_root":8.83,"disk_read_sec":9441,"disk_write_sec":93305,"disk_iops_sec":15,"io_wait":0,"open_files":0,"os_bytes_in_sec":4794,"os_bytes_out_sec":2066,"total_procs":479},"count":1},{"date":1639196460,"epoch_div":27319941,"totals":{"load_avg":2.13671875,"cpu_usage":100,"mem_used":8479236096,"mem_free":6417108992,"tcp_conns":100,"disk_usage_root":8.83,"disk_read_sec":4633,"disk_write_sec":87896,"disk_iops_sec":14,"io_wait":0,"open_files":0,"os_bytes_in_sec":4361,"os_bytes_out_sec":2212,"total_procs":477},"count":1},{"date":1639196520,"epoch_div":27319942,"totals":{"load_avg":2.453125,"cpu_usage":100,"mem_used":8483729408,"mem_free":6415429632,"tcp_conns":95,"disk_usage_root":8.83,"disk_read_sec":14267,"disk_write_sec":101649,"disk_iops_sec":15,"io_wait":0,"open_files":0,"os_bytes_in_sec":678,"os_bytes_out_sec":399,"total_procs":477},"count":1},{"date":1639196580,"epoch_div":27319943,"totals":{"load_avg":2.60205078125,"cpu_usage":100,"mem_used":8564375552,"mem_free":6390726656,"tcp_conns":99,"disk_usage_root":8.83,"disk_read_sec":192928,"disk_write_sec":351006,"disk_iops_sec":76,"io_wait":0,"open_files":0,"os_bytes_in_sec":4938,"os_bytes_out_sec":2321,"total_procs":481},"count":1},{"date":1639196640,"epoch_div":27319944,"totals":{"load_avg":2.32470703125,"cpu_usage":100,"mem_used":8513908736,"mem_free":6384054272,"tcp_conns":93,"disk_usage_root":8.83,"disk_read_sec":161288,"disk_write_sec":172502,"disk_iops_sec":25,"io_wait":0,"open_files":0,"os_bytes_in_sec":383,"os_bytes_out_sec":373,"total_procs":480},"count":1},{"date":1639196700,"epoch_div":27319945,"totals":{"load_avg":3.27587890625,"cpu_usage":100,"mem_used":8514424832,"mem_free":6409150464,"tcp_conns":98,"disk_usage_root":8.83,"disk_read_sec":28330,"disk_write_sec":152166,"disk_iops_sec":24,"io_wait":0,"open_files":0,"os_bytes_in_sec":4960,"os_bytes_out_sec":2314,"total_procs":478},"count":1},{"date":1639196760,"epoch_div":27319946,"totals":{"load_avg":2.7138671875,"cpu_usage":100,"mem_used":8521089024,"mem_free":6402809856,"tcp_conns":94,"disk_usage_root":8.83,"disk_read_sec":159744,"disk_write_sec":128503,"disk_iops_sec":34,"io_wait":0,"open_files":0,"os_bytes_in_sec":407,"os_bytes_out_sec":126,"total_procs":479},"count":1},{"date":1639196820,"epoch_div":27319947,"totals":{"load_avg":3.9111328125,"cpu_usage":100,"mem_used":8570503168,"mem_free":6405316608,"tcp_conns":97,"disk_usage_root":8.83,"disk_read_sec":868486,"disk_write_sec":117441,"disk_iops_sec":26,"io_wait":0,"open_files":0,"os_bytes_in_sec":4787,"os_bytes_out_sec":2383,"total_procs":480},"count":1},{"date":1639196880,"epoch_div":27319948,"totals":{"load_avg":3.03564453125,"cpu_usage":100,"mem_used":8569888768,"mem_free":6416183296,"tcp_conns":100,"disk_usage_root":8.83,"disk_read_sec":345975,"disk_write_sec":498210,"disk_iops_sec":46,"io_wait":0,"open_files":0,"os_bytes_in_sec":4330,"os_bytes_out_sec":2443,"total_procs":481},"count":1},{"date":1639196940,"epoch_div":27319949,"totals":{"load_avg":3.2099609375,"cpu_usage":100,"mem_used":8518737920,"mem_free":6440407040,"tcp_conns":96,"disk_usage_root":8.83,"disk_read_sec":414788,"disk_write_sec":1527261,"disk_iops_sec":36,"io_wait":0,"open_files":0,"os_bytes_in_sec":62586,"os_bytes_out_sec":1111,"total_procs":479},"count":1},{"date":1639197000,"epoch_div":27319950,"totals":{"load_avg":2.8173828125,"cpu_usage":100,"mem_used":8569470976,"mem_free":6431862784,"tcp_conns":100,"disk_usage_root":8.83,"disk_read_sec":38912,"disk_write_sec":222549,"disk_iops_sec":21,"io_wait":0,"open_files":0,"os_bytes_in_sec":4742,"os_bytes_out_sec":2119,"total_procs":478},"count":1},{"date":1639197060,"epoch_div":27319951,"totals":{"load_avg":2.3095703125,"cpu_usage":100,"mem_used":8570101760,"mem_free":6412898304,"tcp_conns":97,"disk_usage_root":8.83,"disk_read_sec":74547,"disk_write_sec":106973,"disk_iops_sec":23,"io_wait":0,"open_files":0,"os_bytes_in_sec":595,"os_bytes_out_sec":423,"total_procs":477},"count":1},{"date":1639197120,"epoch_div":27319952,"totals":{"load_avg":3.22119140625,"cpu_usage":100,"mem_used":8512327680,"mem_free":6405341184,"tcp_conns":98,"disk_usage_root":8.83,"disk_read_sec":272725,"disk_write_sec":92706,"disk_iops_sec":30,"io_wait":0,"open_files":0,"os_bytes_in_sec":4415,"os_bytes_out_sec":1911,"total_procs":477},"count":1},{"date":1639197180,"epoch_div":27319953,"totals":{"load_avg":2.66552734375,"cpu_usage":100,"mem_used":8541319168,"mem_free":6389882880,"tcp_conns":100,"disk_usage_root":8.83,"disk_read_sec":295116,"disk_write_sec":109021,"disk_iops_sec":34,"io_wait":0,"open_files":0,"os_bytes_in_sec":2889,"os_bytes_out_sec":1552,"total_procs":480},"count":1},{"date":1639197240,"epoch_div":27319954,"totals":{"load_avg":2.71044921875,"cpu_usage":100,"mem_used":8487104512,"mem_free":6397267968,"tcp_conns":97,"disk_usage_root":8.83,"disk_read_sec":12629,"disk_write_sec":112981,"disk_iops_sec":16,"io_wait":0,"open_files":0,"os_bytes_in_sec":2495,"os_bytes_out_sec":907,"total_procs":479},"count":1},{"date":1639197300,"epoch_div":27319955,"totals":{"load_avg":2.5078125,"cpu_usage":100,"mem_used":8555081728,"mem_free":6368522240,"tcp_conns":97,"disk_usage_root":8.83,"disk_read_sec":88931,"disk_write_sec":82128,"disk_iops_sec":15,"io_wait":0,"open_files":0,"os_bytes_in_sec":3237,"os_bytes_out_sec":1352,"total_procs":477},"count":1},{"date":1639197360,"epoch_div":27319956,"totals":{"load_avg":2.1533203125,"cpu_usage":100,"mem_used":8560918528,"mem_free":6365720576,"tcp_conns":98,"disk_usage_root":8.83,"disk_read_sec":679197,"disk_write_sec":619167,"disk_iops_sec":83,"io_wait":0,"open_files":0,"os_bytes_in_sec":360716,"os_bytes_out_sec":7628,"total_procs":481},"count":1},{"date":1639197420,"epoch_div":27319957,"totals":{"load_avg":2.02001953125,"cpu_usage":100,"mem_used":8546312192,"mem_free":6390439936,"tcp_conns":98,"disk_usage_root":8.83,"disk_read_sec":55227,"disk_write_sec":1095270,"disk_iops_sec":87,"io_wait":0,"open_files":0,"os_bytes_in_sec":2384,"os_bytes_out_sec":1357,"total_procs":480},"count":1},{"date":1639197480,"epoch_div":27319958,"totals":{"load_avg":2.40234375,"cpu_usage":100,"mem_used":8510029824,"mem_free":6418808832,"tcp_conns":98,"disk_usage_root":8.83,"disk_read_sec":277913,"disk_write_sec":2231978,"disk_iops_sec":58,"io_wait":0,"open_files":0,"os_bytes_in_sec":2630,"os_bytes_out_sec":1197,"total_procs":480},"count":1},{"date":1639197540,"epoch_div":27319959,"totals":{"load_avg":3.76904296875,"cpu_usage":100,"mem_used":8447135744,"mem_free":6437445632,"tcp_conns":95,"disk_usage_root":8.83,"disk_read_sec":13516,"disk_write_sec":113186,"disk_iops_sec":17,"io_wait":0,"open_files":0,"os_bytes_in_sec":2267,"os_bytes_out_sec":870,"total_procs":478},"count":1},{"date":1639197600,"epoch_div":27319960,"totals":{"load_avg":3.18505859375,"cpu_usage":100,"mem_used":8396648448,"mem_free":6617649152,"tcp_conns":91,"disk_usage_root":8.83,"disk_read_sec":1312860,"disk_write_sec":2192983,"disk_iops_sec":61,"io_wait":0,"open_files":0,"os_bytes_in_sec":2205,"os_bytes_out_sec":1220,"total_procs":480},"count":1},{"date":1639197660,"epoch_div":27319961,"totals":{"load_avg":3.01513671875,"cpu_usage":100,"mem_used":8313094144,"mem_free":6539542528,"tcp_conns":92,"disk_usage_root":8.83,"disk_read_sec":584817,"disk_write_sec":364999,"disk_iops_sec":90,"io_wait":0,"open_files":0,"os_bytes_in_sec":1164,"os_bytes_out_sec":2675,"total_procs":478},"count":1},{"date":1639197720,"epoch_div":27319962,"totals":{"load_avg":2.97314453125,"cpu_usage":100,"mem_used":8495648768,"mem_free":6327562240,"tcp_conns":95,"disk_usage_root":8.83,"disk_read_sec":397374,"disk_write_sec":138271,"disk_iops_sec":23,"io_wait":0,"open_files":0,"os_bytes_in_sec":2102,"os_bytes_out_sec":1498,"total_procs":479},"count":1}]}