{"type":"list_page","items":[{"date":1638178860,"epoch_div":27302981,"totals":{"load_avg":3.66943359375,"cpu_usage":100,"mem_used":8548806656,"mem_free":6065209344,"tcp_conns":98,"disk_usage_root":6.12,"disk_read_sec":35184,"disk_write_sec":33645,"disk_iops_sec":1,"io_wait":0,"open_files":0,"os_bytes_in_sec":109,"os_bytes_out_sec":36,"total_procs":504},"count":1},{"date":1638178920,"epoch_div":27302982,"totals":{"load_avg":5.06982421875,"cpu_usage":100,"mem_used":8568573952,"mem_free":6056706048,"tcp_conns":92,"disk_usage_root":6.12,"disk_read_sec":2298368,"disk_write_sec":1512755,"disk_iops_sec":96,"io_wait":0,"open_files":0,"os_bytes_in_sec":4839,"os_bytes_out_sec":14196,"total_procs":503},"count":1}]}