{"type":"list_page","items":[{"date":1636560000,"epoch_div":27276000,"totals":{"load_avg":2.0908203125,"cpu_usage":100,"mem_used":8093552640,"mem_free":5704507392,"tcp_conns":15,"disk_usage_root":6.12,"disk_read_sec":18196,"disk_write_sec":62111,"disk_iops_sec":15,"io_wait":0,"open_files":0,"os_bytes_in_sec":292,"os_bytes_out_sec":162,"total_procs":467},"count":1},{"date":1636560060,"epoch_div":27276001,"totals":{"load_avg":1.7783203125,"cpu_usage":100,"mem_used":8091172864,"mem_free":5704806400,"tcp_conns":15,"disk_usage_root":6.12,"disk_read_sec":1774,"disk_write_sec":69768,"disk_iops_sec":13,"io_wait":0,"open_files":0,"os_bytes_in_sec":97,"os_bytes_out_sec":62,"total_procs":466},"count":1},{"date":1636560120,"epoch_div":27276002,"totals":{"load_avg":2.2646484375,"cpu_usage":100,"mem_used":8090836992,"mem_free":5702479872,"tcp_conns":15,"disk_usage_root":6.12,"disk_read_sec":546,"disk_write_sec":58299,"disk_iops_sec":10,"io_wait":0,"open_files":0,"os_bytes_in_sec":122,"os_bytes_out_sec":104,"total_procs":466},"count":1},{"date":1636560180,"epoch_div":27276003,"totals":{"load_avg":2.0654296875,"cpu_usage":100,"mem_used":8094752768,"mem_free":5703049216,"tcp_conns":14,"disk_usage_root":6.12,"disk_read_sec":9557,"disk_write_sec":73864,"disk_iops_sec":11,"io_wait":0,"open_files":0,"os_bytes_in_sec":143,"os_bytes_out_sec":167,"total_procs":467},"count":1},{"date":1636560240,"epoch_div":27276004,"totals":{"load_avg":1.638671875,"cpu_usage":100,"mem_used":8098848768,"mem_free":5720322048,"tcp_conns":15,"disk_usage_root":6.12,"disk_read_sec":5692,"disk_write_sec":67826,"disk_iops_sec":13,"io_wait":0,"open_files":0,"os_bytes_in_sec":446,"os_bytes_out_sec":309,"total_procs":467},"count":1},{"date":1636560300,"epoch_div":27276005,"totals":{"load_avg":1.7236328125,"cpu_usage":100,"mem_used":8123023360,"mem_free":5695193088,"tcp_conns":15,"disk_usage_root":6.12,"disk_read_sec":6110,"disk_write_sec":365282,"disk_iops_sec":14,"io_wait":0,"open_files":0,"os_bytes_in_sec":174,"os_bytes_out_sec":157,"total_procs":472},"count":1},{"date":1636560360,"epoch_div":27276006,"totals":{"load_avg":2.197265625,"cpu_usage":100,"mem_used":8110952448,"mem_free":5707128832,"tcp_conns":15,"disk_usage_root":6.12,"disk_read_sec":1024,"disk_write_sec":53316,"disk_iops_sec":10,"io_wait":0,"open_files":0,"os_bytes_in_sec":13,"os_bytes_out_sec":29,"total_procs":466},"count":1},{"date":1636560420,"epoch_div":27276007,"totals":{"load_avg":1.86767578125,"cpu_usage":100,"mem_used":8116080640,"mem_free":5711233024,"tcp_conns":15,"disk_usage_root":6.12,"disk_read_sec":34920,"disk_write_sec":244093,"disk_iops_sec":48,"io_wait":0,"open_files":0,"os_bytes_in_sec":88,"os_bytes_out_sec":55,"total_procs":466},"count":1},{"date":1636560480,"epoch_div":27276008,"totals":{"load_avg":1.71044921875,"cpu_usage":100,"mem_used":8114819072,"mem_free":5714391040,"tcp_conns":14,"disk_usage_root":6.12,"disk_read_sec":1812,"disk_write_sec":61305,"disk_iops_sec":11,"io_wait":0,"open_files":0,"os_bytes_in_sec":94,"os_bytes_out_sec":32,"total_procs":466},"count":1},{"date":1636560540,"epoch_div":27276009,"totals":{"load_avg":1.6650390625,"cpu_usage":100,"mem_used":8113192960,"mem_free":5731655680,"tcp_conns":15,"disk_usage_root":6.12,"disk_read_sec":8806,"disk_write_sec":86562,"disk_iops_sec":12,"io_wait":0,"open_files":0,"os_bytes_in_sec":5863,"os_bytes_out_sec":728,"total_procs":466},"count":1},{"date":1636560600,"epoch_div":27276010,"totals":{"load_avg":1.6455078125,"cpu_usage":100,"mem_used":8115126272,"mem_free":5730652160,"tcp_conns":15,"disk_usage_root":6.12,"disk_read_sec":2221,"disk_write_sec":66924,"disk_iops_sec":12,"io_wait":0,"open_files":0,"os_bytes_in_sec":36,"os_bytes_out_sec":19,"total_procs":467},"count":1},{"date":1636560660,"epoch_div":27276011,"totals":{"load_avg":1.83056640625,"cpu_usage":100,"mem_used":8112857088,"mem_free":5706526720,"tcp_conns":15,"disk_usage_root":6.12,"disk_read_sec":1007,"disk_write_sec":51703,"disk_iops_sec":10,"io_wait":0,"open_files":0,"os_bytes_in_sec":402,"os_bytes_out_sec":63,"total_procs":466},"count":1},{"date":1636560720,"epoch_div":27276012,"totals":{"load_avg":1.86083984375,"cpu_usage":100,"mem_used":8115630080,"mem_free":5710495744,"tcp_conns":15,"disk_usage_root":6.12,"disk_read_sec":614,"disk_write_sec":65126,"disk_iops_sec":12,"io_wait":0,"open_files":0,"os_bytes_in_sec":392,"os_bytes_out_sec":19,"total_procs":467},"count":1},{"date":1636560780,"epoch_div":27276013,"totals":{"load_avg":1.2822265625,"cpu_usage":100,"mem_used":8113053696,"mem_free":5711794176,"tcp_conns":14,"disk_usage_root":6.12,"disk_read_sec":138,"disk_write_sec":53386,"disk_iops_sec":9,"io_wait":0,"open_files":0,"os_bytes_in_sec":125,"os_bytes_out_sec":70,"total_procs":466},"count":1},{"date":1636560840,"epoch_div":27276014,"totals":{"load_avg":1.36669921875,"cpu_usage":100,"mem_used":8117436416,"mem_free":5729521664,"tcp_conns":15,"disk_usage_root":6.12,"disk_read_sec":9669,"disk_write_sec":82457,"disk_iops_sec":12,"io_wait":0,"open_files":0,"os_bytes_in_sec":509,"os_bytes_out_sec":382,"total_procs":467},"count":1},{"date":1636560900,"epoch_div":27276015,"totals":{"load_avg":1.54833984375,"cpu_usage":100,"mem_used":8116195328,"mem_free":5730603008,"tcp_conns":15,"disk_usage_root":6.12,"disk_read_sec":4778,"disk_write_sec":70792,"disk_iops_sec":14,"io_wait":0,"open_files":0,"os_bytes_in_sec":97,"os_bytes_out_sec":58,"total_procs":467},"count":1},{"date":1636560960,"epoch_div":27276016,"totals":{"load_avg":1.17724609375,"cpu_usage":100,"mem_used":8103124992,"mem_free":5704609792,"tcp_conns":15,"disk_usage_root":6.12,"disk_read_sec":2776,"disk_write_sec":67479,"disk_iops_sec":13,"io_wait":0,"open_files":0,"os_bytes_in_sec":95,"os_bytes_out_sec":149,"total_procs":469},"count":1},{"date":1636561020,"epoch_div":27276017,"totals":{"load_avg":1.390625,"cpu_usage":100,"mem_used":8097275904,"mem_free":5719494656,"tcp_conns":15,"disk_usage_root":6.12,"disk_read_sec":671,"disk_write_sec":52912,"disk_iops_sec":10,"io_wait":0,"open_files":0,"os_bytes_in_sec":236,"os_bytes_out_sec":77,"total_procs":466},"count":1},{"date":1636561080,"epoch_div":27276018,"totals":{"load_avg":1.61279296875,"cpu_usage":100,"mem_used":8097280000,"mem_free":5719470080,"tcp_conns":14,"disk_usage_root":6.12,"disk_read_sec":204,"disk_write_sec":56251,"disk_iops_sec":10,"io_wait":0,"open_files":0,"os_bytes_in_sec":99,"os_bytes_out_sec":25,"total_procs":466},"count":1},{"date":1636561140,"epoch_div":27276019,"totals":{"load_avg":1.61083984375,"cpu_usage":100,"mem_used":8098824192,"mem_free":5738860544,"tcp_conns":15,"disk_usage_root":6.12,"disk_read_sec":0,"disk_write_sec":49637,"disk_iops_sec":9,"io_wait":0,"open_files":0,"os_bytes_in_sec":250,"os_bytes_out_sec":136,"total_procs":466},"count":1},{"date":1636561200,"epoch_div":27276020,"totals":{"load_avg":1.384765625,"cpu_usage":100,"mem_used":8101511168,"mem_free":5737488384,"tcp_conns":15,"disk_usage_root":6.12,"disk_read_sec":7654,"disk_write_sec":80107,"disk_iops_sec":12,"io_wait":0,"open_files":0,"os_bytes_in_sec":122,"os_bytes_out_sec":84,"total_procs":467},"count":1},{"date":1636561260,"epoch_div":27276021,"totals":{"load_avg":1.21240234375,"cpu_usage":100,"mem_used":8099459072,"mem_free":5715714048,"tcp_conns":15,"disk_usage_root":6.12,"disk_read_sec":0,"disk_write_sec":48878,"disk_iops_sec":9,"io_wait":0,"open_files":0,"os_bytes_in_sec":110,"os_bytes_out_sec":71,"total_procs":466},"count":1},{"date":1636561320,"epoch_div":27276022,"totals":{"load_avg":1.173828125,"cpu_usage":100,"mem_used":8099459072,"mem_free":5718716416,"tcp_conns":15,"disk_usage_root":6.12,"disk_read_sec":69,"disk_write_sec":54358,"disk_iops_sec":10,"io_wait":0,"open_files":0,"os_bytes_in_sec":38,"os_bytes_out_sec":32,"total_procs":466},"count":1},{"date":1636561380,"epoch_div":27276023,"totals":{"load_avg":1.7373046875,"cpu_usage":100,"mem_used":8111554560,"mem_free":5698633728,"tcp_conns":15,"disk_usage_root":6.12,"disk_read_sec":6916,"disk_write_sec":1501687,"disk_iops_sec":17,"io_wait":0,"open_files":0,"os_bytes_in_sec":147,"os_bytes_out_sec":206,"total_procs":469},"count":1},{"date":1636561440,"epoch_div":27276024,"totals":{"load_avg":1.75439453125,"cpu_usage":100,"mem_used":8110227456,"mem_free":5719711744,"tcp_conns":16,"disk_usage_root":6.12,"disk_read_sec":24029,"disk_write_sec":62600,"disk_iops_sec":13,"io_wait":0,"open_files":0,"os_bytes_in_sec":175,"os_bytes_out_sec":210,"total_procs":468},"count":1},{"date":1636561500,"epoch_div":27276025,"totals":{"load_avg":1.42919921875,"cpu_usage":100,"mem_used":8103419904,"mem_free":5723267072,"tcp_conns":15,"disk_usage_root":6.12,"disk_read_sec":12970,"disk_write_sec":77892,"disk_iops_sec":16,"io_wait":0,"open_files":0,"os_bytes_in_sec":92,"os_bytes_out_sec":67,"total_procs":468},"count":1},{"date":1636561560,"epoch_div":27276026,"totals":{"load_avg":1.66357421875,"cpu_usage":100,"mem_used":8101027840,"mem_free":5695066112,"tcp_conns":15,"disk_usage_root":6.12,"disk_read_sec":14648,"disk_write_sec":74561,"disk_iops_sec":13,"io_wait":0,"open_files":0,"os_bytes_in_sec":26,"os_bytes_out_sec":21,"total_procs":467},"count":1},{"date":1636561620,"epoch_div":27276027,"totals":{"load_avg":1.8203125,"cpu_usage":100,"mem_used":8110501888,"mem_free":5706424320,"tcp_conns":16,"disk_usage_root":6.12,"disk_read_sec":14302,"disk_write_sec":944094,"disk_iops_sec":17,"io_wait":0,"open_files":0,"os_bytes_in_sec":200,"os_bytes_out_sec":160,"total_procs":468},"count":1},{"date":1636561680,"epoch_div":27276028,"totals":{"load_avg":1.29150390625,"cpu_usage":100,"mem_used":8108179456,"mem_free":5707104256,"tcp_conns":15,"disk_usage_root":6.12,"disk_read_sec":4846,"disk_write_sec":58368,"disk_iops_sec":12,"io_wait":0,"open_files":0,"os_bytes_in_sec":104,"os_bytes_out_sec":27,"total_procs":467},"count":1},{"date":1636561740,"epoch_div":27276029,"totals":{"load_avg":1.5048828125,"cpu_usage":100,"mem_used":8098045952,"mem_free":5730893824,"tcp_conns":15,"disk_usage_root":6.12,"disk_read_sec":7358,"disk_write_sec":52692,"disk_iops_sec":11,"io_wait":0,"open_files":0,"os_bytes_in_sec":218,"os_bytes_out_sec":135,"total_procs":466},"count":1},{"date":1636561800,"epoch_div":27276030,"totals":{"load_avg":1.1318359375,"cpu_usage":100,"mem_used":8099667968,"mem_free":5703368704,"tcp_conns":15,"disk_usage_root":6.12,"disk_read_sec":537,"disk_write_sec":53046,"disk_iops_sec":9,"io_wait":0,"open_files":0,"os_bytes_in_sec":108,"os_bytes_out_sec":18,"total_procs":466},"count":1},{"date":1636561860,"epoch_div":27276031,"totals":{"load_avg":2.02001953125,"cpu_usage":100,"mem_used":8111689728,"mem_free":5701795840,"tcp_conns":16,"disk_usage_root":6.12,"disk_read_sec":19319,"disk_write_sec":1328537,"disk_iops_sec":30,"io_wait":0,"open_files":0,"os_bytes_in_sec":161,"os_bytes_out_sec":194,"total_procs":470},"count":1},{"date":1636561920,"epoch_div":27276032,"totals":{"load_avg":1.7138671875,"cpu_usage":100,"mem_used":8110071808,"mem_free":5702836224,"tcp_conns":16,"disk_usage_root":6.12,"disk_read_sec":22732,"disk_write_sec":88951,"disk_iops_sec":17,"io_wait":0,"open_files":0,"os_bytes_in_sec":32,"os_bytes_out_sec":26,"total_procs":468},"count":1},{"date":1636561980,"epoch_div":27276033,"totals":{"load_avg":1.1416015625,"cpu_usage":100,"mem_used":8098934784,"mem_free":5709107200,"tcp_conns":16,"disk_usage_root":6.12,"disk_read_sec":7509,"disk_write_sec":58572,"disk_iops_sec":13,"io_wait":0,"open_files":0,"os_bytes_in_sec":178,"os_bytes_out_sec":275,"total_procs":466},"count":1},{"date":1636562040,"epoch_div":27276034,"totals":{"load_avg":1.580078125,"cpu_usage":100,"mem_used":8123363328,"mem_free":5760921600,"tcp_conns":18,"disk_usage_root":6.12,"disk_read_sec":6144,"disk_write_sec":2235938,"disk_iops_sec":24,"io_wait":0,"open_files":0,"os_bytes_in_sec":1025,"os_bytes_out_sec":325,"total_procs":468},"count":1},{"date":1636562100,"epoch_div":27276035,"totals":{"load_avg":1.720703125,"cpu_usage":100,"mem_used":8132218880,"mem_free":5756428288,"tcp_conns":17,"disk_usage_root":6.12,"disk_read_sec":6212,"disk_write_sec":608119,"disk_iops_sec":15,"io_wait":0,"open_files":0,"os_bytes_in_sec":181,"os_bytes_out_sec":175,"total_procs":473},"count":1},{"date":1636562160,"epoch_div":27276036,"totals":{"load_avg":1.81201171875,"cpu_usage":100,"mem_used":8115064832,"mem_free":5746143232,"tcp_conns":17,"disk_usage_root":6.12,"disk_read_sec":5188,"disk_write_sec":65331,"disk_iops_sec":13,"io_wait":0,"open_files":0,"os_bytes_in_sec":187,"os_bytes_out_sec":189,"total_procs":467},"count":1},{"date":1636562220,"epoch_div":27276037,"totals":{"load_avg":1.39208984375,"cpu_usage":100,"mem_used":8119558144,"mem_free":5742653440,"tcp_conns":16,"disk_usage_root":6.12,"disk_read_sec":32221,"disk_write_sec":70314,"disk_iops_sec":13,"io_wait":0,"open_files":0,"os_bytes_in_sec":131,"os_bytes_out_sec":81,"total_procs":467},"count":1},{"date":1636562280,"epoch_div":27276038,"totals":{"load_avg":1.74755859375,"cpu_usage":100,"mem_used":8117972992,"mem_free":5744386048,"tcp_conns":15,"disk_usage_root":6.12,"disk_read_sec":3276,"disk_write_sec":61849,"disk_iops_sec":12,"io_wait":0,"open_files":0,"os_bytes_in_sec":321,"os_bytes_out_sec":195,"total_procs":467},"count":1},{"date":1636562340,"epoch_div":27276039,"totals":{"load_avg":1.37109375,"cpu_usage":100,"mem_used":8113168384,"mem_free":5765111808,"tcp_conns":15,"disk_usage_root":6.12,"disk_read_sec":0,"disk_write_sec":47308,"disk_iops_sec":9,"io_wait":0,"open_files":0,"os_bytes_in_sec":213,"os_bytes_out_sec":156,"total_procs":466},"count":1},{"date":1636562400,"epoch_div":27276040,"totals":{"load_avg":1.22509765625,"cpu_usage":100,"mem_used":8116269056,"mem_free":5731897344,"tcp_conns":15,"disk_usage_root":6.12,"disk_read_sec":1943,"disk_write_sec":60329,"disk_iops_sec":10,"io_wait":0,"open_files":0,"os_bytes_in_sec":40,"os_bytes_out_sec":27,"total_procs":467},"count":1},{"date":1636562460,"epoch_div":27276041,"totals":{"load_avg":1.48193359375,"cpu_usage":100,"mem_used":8114454528,"mem_free":5744730112,"tcp_conns":15,"disk_usage_root":6.12,"disk_read_sec":0,"disk_write_sec":43645,"disk_iops_sec":8,"io_wait":0,"open_files":0,"os_bytes_in_sec":77,"os_bytes_out_sec":61,"total_procs":466},"count":1},{"date":1636562520,"epoch_div":27276042,"totals":{"load_avg":1.02197265625,"cpu_usage":100,"mem_used":8113770496,"mem_free":5747707904,"tcp_conns":15,"disk_usage_root":6.12,"disk_read_sec":1774,"disk_write_sec":52838,"disk_iops_sec":10,"io_wait":0,"open_files":0,"os_bytes_in_sec":42,"os_bytes_out_sec":26,"total_procs":466},"count":1},{"date":1636562580,"epoch_div":27276043,"totals":{"load_avg":1.33203125,"cpu_usage":100,"mem_used":8117264384,"mem_free":5743800320,"tcp_conns":15,"disk_usage_root":6.12,"disk_read_sec":1559688,"disk_write_sec":98304,"disk_iops_sec":392,"io_wait":0,"open_files":0,"os_bytes_in_sec":6606,"os_bytes_out_sec":1022,"total_procs":468},"count":1},{"date":1636562640,"epoch_div":27276044,"totals":{"load_avg":1.4755859375,"cpu_usage":100,"mem_used":8118468608,"mem_free":5761605632,"tcp_conns":15,"disk_usage_root":6.12,"disk_read_sec":3072,"disk_write_sec":59528,"disk_iops_sec":11,"io_wait":0,"open_files":0,"os_bytes_in_sec":154,"os_bytes_out_sec":121,"total_procs":468},"count":1},{"date":1636562700,"epoch_div":27276045,"totals":{"load_avg":1.423828125,"cpu_usage":100,"mem_used":8124116992,"mem_free":5734076416,"tcp_conns":16,"disk_usage_root":6.12,"disk_read_sec":10513,"disk_write_sec":1335978,"disk_iops_sec":21,"io_wait":0,"open_files":0,"os_bytes_in_sec":96,"os_bytes_out_sec":317,"total_procs":468},"count":1},{"date":1636562760,"epoch_div":27276046,"totals":{"load_avg":1.55419921875,"cpu_usage":100,"mem_used":8129228800,"mem_free":5724614656,"tcp_conns":16,"disk_usage_root":6.12,"disk_read_sec":10041,"disk_write_sec":674386,"disk_iops_sec":17,"io_wait":0,"open_files":0,"os_bytes_in_sec":196,"os_bytes_out_sec":273,"total_procs":469},"count":1},{"date":1636562820,"epoch_div":27276047,"totals":{"load_avg":1.2021484375,"cpu_usage":100,"mem_used":8124833792,"mem_free":5725966336,"tcp_conns":15,"disk_usage_root":6.12,"disk_read_sec":2594,"disk_write_sec":68676,"disk_iops_sec":12,"io_wait":0,"open_files":0,"os_bytes_in_sec":86,"os_bytes_out_sec":219,"total_procs":468},"count":1},{"date":1636562880,"epoch_div":27276048,"totals":{"load_avg":1.64013671875,"cpu_usage":100,"mem_used":8130600960,"mem_free":5719973888,"tcp_conns":15,"disk_usage_root":6.12,"disk_read_sec":17147,"disk_write_sec":1109738,"disk_iops_sec":21,"io_wait":0,"open_files":0,"os_bytes_in_sec":33,"os_bytes_out_sec":200,"total_procs":468},"count":1},{"date":1636562940,"epoch_div":27276049,"totals":{"load_avg":1.4228515625,"cpu_usage":100,"mem_used":8130154496,"mem_free":5723525120,"tcp_conns":16,"disk_usage_root":6.12,"disk_read_sec":3276,"disk_write_sec":558899,"disk_iops_sec":15,"io_wait":0,"open_files":0,"os_bytes_in_sec":211,"os_bytes_out_sec":312,"total_procs":467},"count":1},{"date":1636563000,"epoch_div":27276050,"totals":{"load_avg":1.212890625,"cpu_usage":100,"mem_used":8121368576,"mem_free":5708320768,"tcp_conns":15,"disk_usage_root":6.12,"disk_read_sec":1365,"disk_write_sec":88746,"disk_iops_sec":15,"io_wait":0,"open_files":0,"os_bytes_in_sec":183,"os_bytes_out_sec":344,"total_procs":467},"count":1},{"date":1636563060,"epoch_div":27276051,"totals":{"load_avg":1.0107421875,"cpu_usage":100,"mem_used":8117575680,"mem_free":5714452480,"tcp_conns":15,"disk_usage_root":6.12,"disk_read_sec":138,"disk_write_sec":69423,"disk_iops_sec":13,"io_wait":0,"open_files":0,"os_bytes_in_sec":97,"os_bytes_out_sec":259,"total_procs":466},"count":1},{"date":1636563120,"epoch_div":27276052,"totals":{"load_avg":1.31640625,"cpu_usage":100,"mem_used":8119095296,"mem_free":5714063360,"tcp_conns":15,"disk_usage_root":6.12,"disk_read_sec":65,"disk_write_sec":62870,"disk_iops_sec":11,"io_wait":0,"open_files":0,"os_bytes_in_sec":54,"os_bytes_out_sec":194,"total_procs":467},"count":1},{"date":1636563180,"epoch_div":27276053,"totals":{"load_avg":1.49365234375,"cpu_usage":100,"mem_used":8117555200,"mem_free":5714108416,"tcp_conns":15,"disk_usage_root":6.12,"disk_read_sec":1553,"disk_write_sec":63205,"disk_iops_sec":11,"io_wait":0,"open_files":0,"os_bytes_in_sec":216,"os_bytes_out_sec":414,"total_procs":466},"count":1},{"date":1636563240,"epoch_div":27276054,"totals":{"load_avg":1.8173828125,"cpu_usage":100,"mem_used":8130080768,"mem_free":5730283520,"tcp_conns":15,"disk_usage_root":6.12,"disk_read_sec":8886,"disk_write_sec":98234,"disk_iops_sec":16,"io_wait":0,"open_files":0,"os_bytes_in_sec":170,"os_bytes_out_sec":246,"total_procs":468},"count":1},{"date":1636563300,"epoch_div":27276055,"totals":{"load_avg":2.3291015625,"cpu_usage":100,"mem_used":8122863616,"mem_free":5711241216,"tcp_conns":15,"disk_usage_root":6.12,"disk_read_sec":1228,"disk_write_sec":72908,"disk_iops_sec":12,"io_wait":0,"open_files":0,"os_bytes_in_sec":72,"os_bytes_out_sec":239,"total_procs":467},"count":1},{"date":1636563360,"epoch_div":27276056,"totals":{"load_avg":1.56884765625,"cpu_usage":100,"mem_used":8136499200,"mem_free":5699407872,"tcp_conns":16,"disk_usage_root":6.12,"disk_read_sec":273,"disk_write_sec":217429,"disk_iops_sec":14,"io_wait":0,"open_files":0,"os_bytes_in_sec":46,"os_bytes_out_sec":248,"total_procs":468},"count":1},{"date":1636563420,"epoch_div":27276057,"totals":{"load_avg":2.77197265625,"cpu_usage":100,"mem_used":8101056512,"mem_free":5723389952,"tcp_conns":16,"disk_usage_root":6.12,"disk_read_sec":6963,"disk_write_sec":1317137,"disk_iops_sec":19,"io_wait":0,"open_files":0,"os_bytes_in_sec":74,"os_bytes_out_sec":258,"total_procs":467},"count":1},{"date":1636563480,"epoch_div":27276058,"totals":{"load_avg":2.65234375,"cpu_usage":100,"mem_used":8101339136,"mem_free":5719539712,"tcp_conns":15,"disk_usage_root":6.12,"disk_read_sec":23340,"disk_write_sec":2214180,"disk_iops_sec":29,"io_wait":0,"open_files":0,"os_bytes_in_sec":55,"os_bytes_out_sec":192,"total_procs":468},"count":1},{"date":1636563540,"epoch_div":27276059,"totals":{"load_avg":2.12255859375,"cpu_usage":100,"mem_used":8087781376,"mem_free":5734690816,"tcp_conns":16,"disk_usage_root":6.12,"disk_read_sec":14124,"disk_write_sec":839962,"disk_iops_sec":20,"io_wait":0,"open_files":0,"os_bytes_in_sec":202,"os_bytes_out_sec":277,"total_procs":467},"count":1}]}