{"type":"list_page","items":[{"date":1637890920,"epoch_div":13649091,"totals":{"load_avg":6.20263671875,"cpu_usage":200,"mem_used":17010040832,"mem_free":12409344000,"tcp_conns":157,"disk_usage_root":12.24,"disk_read_sec":5467818,"disk_write_sec":444962,"disk_iops_sec":924,"io_wait":0,"open_files":0,"os_bytes_in_sec":6333,"os_bytes_out_sec":1656,"total_procs":954},"count":2},{"date":1637891040,"epoch_div":13649092,"totals":{"load_avg":6.22900390625,"cpu_usage":200,"mem_used":17012416512,"mem_free":12507095040,"tcp_conns":154,"disk_usage_root":12.24,"disk_read_sec":320784,"disk_write_sec":282077,"disk_iops_sec":60,"io_wait":0,"open_files":0,"os_bytes_in_sec":82409,"os_bytes_out_sec":2255,"total_procs":951},"count":2},{"date":1637891160,"epoch_div":13649093,"totals":{"load_avg":5.09912109375,"cpu_usage":200,"mem_used":17108770816,"mem_free":12475940864,"tcp_conns":156,"disk_usage_root":12.24,"disk_read_sec":95914,"disk_write_sec":780628,"disk_iops_sec":63,"io_wait":0,"open_files":0,"os_bytes_in_sec":197721,"os_bytes_out_sec":4579,"total_procs":955},"count":2},{"date":1637891280,"epoch_div":13649094,"totals":{"load_avg":5.90576171875,"cpu_usage":200,"mem_used":17133809664,"mem_free":12445011968,"tcp_conns":153,"disk_usage_root":12.24,"disk_read_sec":160904,"disk_write_sec":620406,"disk_iops_sec":77,"io_wait":0,"open_files":0,"os_bytes_in_sec":326309,"os_bytes_out_sec":5860,"total_procs":948},"count":2},{"date":1637891400,"epoch_div":13649095,"totals":{"load_avg":5.72802734375,"cpu_usage":200,"mem_used":17107468288,"mem_free":12467339264,"tcp_conns":154,"disk_usage_root":12.24,"disk_read_sec":446190,"disk_write_sec":611054,"disk_iops_sec":131,"io_wait":0,"open_files":0,"os_bytes_in_sec":315920,"os_bytes_out_sec":6267,"total_procs":948},"count":2},{"date":1637891520,"epoch_div":13649096,"totals":{"load_avg":5.25537109375,"cpu_usage":200,"mem_used":17083699200,"mem_free":12492783616,"tcp_conns":154,"disk_usage_root":12.24,"disk_read_sec":372803,"disk_write_sec":556372,"disk_iops_sec":90,"io_wait":0,"open_files":0,"os_bytes_in_sec":277153,"os_bytes_out_sec":5045,"total_procs":948},"count":2},{"date":1637891640,"epoch_div":13649097,"totals":{"load_avg":5.4130859375,"cpu_usage":200,"mem_used":17037643776,"mem_free":12532645888,"tcp_conns":155,"disk_usage_root":12.24,"disk_read_sec":102697,"disk_write_sec":442079,"disk_iops_sec":55,"io_wait":0,"open_files":0,"os_bytes_in_sec":177947,"os_bytes_out_sec":3715,"total_procs":948},"count":2},{"date":1637891760,"epoch_div":13649098,"totals":{"load_avg":4.923828125,"cpu_usage":200,"mem_used":17106051072,"mem_free":12503375872,"tcp_conns":156,"disk_usage_root":12.24,"disk_read_sec":56455,"disk_write_sec":443664,"disk_iops_sec":55,"io_wait":0,"open_files":0,"os_bytes_in_sec":175824,"os_bytes_out_sec":3716,"total_procs":951},"count":2},{"date":1637891880,"epoch_div":13649099,"totals":{"load_avg":6.7421875,"cpu_usage":200,"mem_used":17108189184,"mem_free":12505661440,"tcp_conns":154,"disk_usage_root":12.24,"disk_read_sec":222359,"disk_write_sec":382597,"disk_iops_sec":59,"io_wait":0,"open_files":0,"os_bytes_in_sec":122747,"os_bytes_out_sec":3898,"total_procs":950},"count":2},{"date":1637892000,"epoch_div":13649100,"totals":{"load_avg":6.0185546875,"cpu_usage":200,"mem_used":17129623552,"mem_free":12486307840,"tcp_conns":159,"disk_usage_root":12.24,"disk_read_sec":204458,"disk_write_sec":436815,"disk_iops_sec":65,"io_wait":0,"open_files":0,"os_bytes_in_sec":112018,"os_bytes_out_sec":3337,"total_procs":948},"count":2},{"date":1637892120,"epoch_div":13649101,"totals":{"load_avg":4.8486328125,"cpu_usage":200,"mem_used":17131257856,"mem_free":12489170944,"tcp_conns":157,"disk_usage_root":12.24,"disk_read_sec":371527,"disk_write_sec":363908,"disk_iops_sec":72,"io_wait":0,"open_files":0,"os_bytes_in_sec":104029,"os_bytes_out_sec":2736,"total_procs":952},"count":2},{"date":1637892240,"epoch_div":13649102,"totals":{"load_avg":5.81298828125,"cpu_usage":200,"mem_used":17005850624,"mem_free":12551131136,"tcp_conns":154,"disk_usage_root":12.24,"disk_read_sec":192007,"disk_write_sec":364644,"disk_iops_sec":77,"io_wait":0,"open_files":0,"os_bytes_in_sec":129786,"os_bytes_out_sec":2755,"total_procs":948},"count":2},{"date":1637892360,"epoch_div":13649103,"totals":{"load_avg":6.01220703125,"cpu_usage":200,"mem_used":17046052864,"mem_free":12524474368,"tcp_conns":154,"disk_usage_root":12.24,"disk_read_sec":117827,"disk_write_sec":450354,"disk_iops_sec":61,"io_wait":0,"open_files":0,"os_bytes_in_sec":167221,"os_bytes_out_sec":3280,"total_procs":951},"count":2},{"date":1637892480,"epoch_div":13649104,"totals":{"load_avg":5.46728515625,"cpu_usage":200,"mem_used":17075175424,"mem_free":12510040064,"tcp_conns":152,"disk_usage_root":12.24,"disk_read_sec":122157,"disk_write_sec":752321,"disk_iops_sec":61,"io_wait":0,"open_files":0,"os_bytes_in_sec":182557,"os_bytes_out_sec":4637,"total_procs":949},"count":2},{"date":1637892600,"epoch_div":13649105,"totals":{"load_avg":5.392578125,"cpu_usage":200,"mem_used":17085128704,"mem_free":12514635776,"tcp_conns":154,"disk_usage_root":12.24,"disk_read_sec":415538,"disk_write_sec":1065573,"disk_iops_sec":123,"io_wait":0,"open_files":0,"os_bytes_in_sec":233500,"os_bytes_out_sec":4930,"total_procs":949},"count":2},{"date":1637892720,"epoch_div":13649106,"totals":{"load_avg":7.20458984375,"cpu_usage":200,"mem_used":17102925824,"mem_free":12536152064,"tcp_conns":155,"disk_usage_root":12.24,"disk_read_sec":323826,"disk_write_sec":449730,"disk_iops_sec":85,"io_wait":0,"open_files":0,"os_bytes_in_sec":171787,"os_bytes_out_sec":3483,"total_procs":949},"count":2},{"date":1637892840,"epoch_div":13649107,"totals":{"load_avg":6.04150390625,"cpu_usage":200,"mem_used":16981159936,"mem_free":12603920384,"tcp_conns":154,"disk_usage_root":12.24,"disk_read_sec":32503,"disk_write_sec":442773,"disk_iops_sec":53,"io_wait":0,"open_files":0,"os_bytes_in_sec":191148,"os_bytes_out_sec":3893,"total_procs":948},"count":2},{"date":1637892960,"epoch_div":13649108,"totals":{"load_avg":4.8525390625,"cpu_usage":200,"mem_used":17070194688,"mem_free":12541886464,"tcp_conns":154,"disk_usage_root":12.24,"disk_read_sec":31340,"disk_write_sec":742594,"disk_iops_sec":48,"io_wait":0,"open_files":0,"os_bytes_in_sec":180753,"os_bytes_out_sec":3734,"total_procs":954},"count":2},{"date":1637893080,"epoch_div":13649109,"totals":{"load_avg":5.00146484375,"cpu_usage":200,"mem_used":17107709952,"mem_free":12544294912,"tcp_conns":153,"disk_usage_root":12.24,"disk_read_sec":167047,"disk_write_sec":509043,"disk_iops_sec":83,"io_wait":0,"open_files":0,"os_bytes_in_sec":231701,"os_bytes_out_sec":5685,"total_procs":948},"count":2},{"date":1637893200,"epoch_div":13649110,"totals":{"load_avg":5.5224609375,"cpu_usage":200,"mem_used":17102692352,"mem_free":12563042304,"tcp_conns":155,"disk_usage_root":12.24,"disk_read_sec":120489,"disk_write_sec":428986,"disk_iops_sec":60,"io_wait":0,"open_files":0,"os_bytes_in_sec":160549,"os_bytes_out_sec":4224,"total_procs":950},"count":2},{"date":1637893320,"epoch_div":13649111,"totals":{"load_avg":5.05322265625,"cpu_usage":200,"mem_used":17099898880,"mem_free":12557447168,"tcp_conns":156,"disk_usage_root":12.24,"disk_read_sec":306653,"disk_write_sec":373280,"disk_iops_sec":78,"io_wait":0,"open_files":0,"os_bytes_in_sec":125914,"os_bytes_out_sec":2876,"total_procs":949},"count":2},{"date":1637893440,"epoch_div":13649112,"totals":{"load_avg":5.45751953125,"cpu_usage":200,"mem_used":16925683712,"mem_free":12642881536,"tcp_conns":155,"disk_usage_root":12.24,"disk_read_sec":179063,"disk_write_sec":391850,"disk_iops_sec":56,"io_wait":0,"open_files":0,"os_bytes_in_sec":138002,"os_bytes_out_sec":3300,"total_procs":949},"count":2},{"date":1637893560,"epoch_div":13649113,"totals":{"load_avg":5.96142578125,"cpu_usage":200,"mem_used":16912637952,"mem_free":12642193408,"tcp_conns":157,"disk_usage_root":12.24,"disk_read_sec":455027,"disk_write_sec":1279904,"disk_iops_sec":69,"io_wait":0,"open_files":0,"os_bytes_in_sec":168570,"os_bytes_out_sec":4240,"total_procs":952},"count":2},{"date":1637893680,"epoch_div":13649114,"totals":{"load_avg":5.357421875,"cpu_usage":200,"mem_used":16918122496,"mem_free":12639834112,"tcp_conns":151,"disk_usage_root":12.24,"disk_read_sec":107792,"disk_write_sec":401885,"disk_iops_sec":63,"io_wait":0,"open_files":0,"os_bytes_in_sec":153178,"os_bytes_out_sec":3377,"total_procs":951},"count":2},{"date":1637893800,"epoch_div":13649115,"totals":{"load_avg":5.41064453125,"cpu_usage":200,"mem_used":16936607744,"mem_free":12622069760,"tcp_conns":153,"disk_usage_root":12.24,"disk_read_sec":55772,"disk_write_sec":462583,"disk_iops_sec":58,"io_wait":0,"open_files":0,"os_bytes_in_sec":186211,"os_bytes_out_sec":4129,"total_procs":949},"count":2},{"date":1637893920,"epoch_div":13649116,"totals":{"load_avg":5.93408203125,"cpu_usage":200,"mem_used":17012764672,"mem_free":12584419328,"tcp_conns":154,"disk_usage_root":12.24,"disk_read_sec":298982,"disk_write_sec":509640,"disk_iops_sec":90,"io_wait":0,"open_files":0,"os_bytes_in_sec":219882,"os_bytes_out_sec":4475,"total_procs":948},"count":2},{"date":1637894040,"epoch_div":13649117,"totals":{"load_avg":5.8193359375,"cpu_usage":200,"mem_used":16941117440,"mem_free":12630040576,"tcp_conns":152,"disk_usage_root":12.24,"disk_read_sec":85195,"disk_write_sec":351026,"disk_iops_sec":47,"io_wait":0,"open_files":0,"os_bytes_in_sec":133487,"os_bytes_out_sec":3120,"total_procs":949},"count":2},{"date":1637894160,"epoch_div":13649118,"totals":{"load_avg":6.77734375,"cpu_usage":200,"mem_used":17087590400,"mem_free":12558426112,"tcp_conns":163,"disk_usage_root":12.24,"disk_read_sec":1184357,"disk_write_sec":2570512,"disk_iops_sec":136,"io_wait":0,"open_files":0,"os_bytes_in_sec":83016,"os_bytes_out_sec":11982,"total_procs":951},"count":2},{"date":1637894280,"epoch_div":13649119,"totals":{"load_avg":6.48291015625,"cpu_usage":200,"mem_used":17124634624,"mem_free":12536414208,"tcp_conns":159,"disk_usage_root":12.24,"disk_read_sec":601360,"disk_write_sec":823637,"disk_iops_sec":105,"io_wait":0,"open_files":0,"os_bytes_in_sec":40858,"os_bytes_out_sec":5993,"total_procs":953},"count":2},{"date":1637894400,"epoch_div":13649120,"totals":{"load_avg":7.07373046875,"cpu_usage":200,"mem_used":17096404992,"mem_free":12588613632,"tcp_conns":159,"disk_usage_root":12.24,"disk_read_sec":423321,"disk_write_sec":1063252,"disk_iops_sec":62,"io_wait":0,"open_files":0,"os_bytes_in_sec":20890,"os_bytes_out_sec":4876,"total_procs":950},"count":2},{"date":1637894520,"epoch_div":13649121,"totals":{"load_avg":6.44189453125,"cpu_usage":200,"mem_used":17079631872,"mem_free":12503252992,"tcp_conns":160,"disk_usage_root":12.24,"disk_read_sec":594465,"disk_write_sec":1379054,"disk_iops_sec":74,"io_wait":0,"open_files":0,"os_bytes_in_sec":1243,"os_bytes_out_sec":1686,"total_procs":950},"count":2},{"date":1637894640,"epoch_div":13649122,"totals":{"load_avg":4.87939453125,"cpu_usage":200,"mem_used":16959832064,"mem_free":12518846464,"tcp_conns":158,"disk_usage_root":12.24,"disk_read_sec":355411,"disk_write_sec":195899,"disk_iops_sec":43,"io_wait":0,"open_files":0,"os_bytes_in_sec":1081,"os_bytes_out_sec":982,"total_procs":949},"count":2},{"date":1637894760,"epoch_div":13649123,"totals":{"load_avg":4.865234375,"cpu_usage":200,"mem_used":17114685440,"mem_free":12452061184,"tcp_conns":159,"disk_usage_root":12.24,"disk_read_sec":214310,"disk_write_sec":517625,"disk_iops_sec":55,"io_wait":0,"open_files":0,"os_bytes_in_sec":1522,"os_bytes_out_sec":1614,"total_procs":950},"count":2},{"date":1637894880,"epoch_div":13649124,"totals":{"load_avg":6.19873046875,"cpu_usage":200,"mem_used":17120641024,"mem_free":12444958720,"tcp_conns":156,"disk_usage_root":12.24,"disk_read_sec":162731,"disk_write_sec":164039,"disk_iops_sec":33,"io_wait":0,"open_files":0,"os_bytes_in_sec":1035,"os_bytes_out_sec":1851,"total_procs":948},"count":2},{"date":1637895000,"epoch_div":13649125,"totals":{"load_avg":2.71337890625,"cpu_usage":100,"mem_used":8556638208,"mem_free":6221770752,"tcp_conns":79,"disk_usage_root":6.12,"disk_read_sec":171494,"disk_write_sec":80644,"disk_iops_sec":22,"io_wait":0,"open_files":0,"os_bytes_in_sec":293,"os_bytes_out_sec":360,"total_procs":474},"count":1},{"date":1637896800,"epoch_div":13649140,"totals":{"load_avg":6.17041015625,"cpu_usage":200,"mem_used":17036365824,"mem_free":12036444160,"tcp_conns":165,"disk_usage_root":12.24,"disk_read_sec":21070783,"disk_write_sec":18070466,"disk_iops_sec":2015,"io_wait":0,"open_files":0,"os_bytes_in_sec":422580,"os_bytes_out_sec":56002,"total_procs":968},"count":2},{"date":1637897760,"epoch_div":13649148,"totals":{"load_avg":5.5830078125,"cpu_usage":200,"mem_used":17035866112,"mem_free":12400410624,"tcp_conns":176,"disk_usage_root":12.24,"disk_read_sec":10619948,"disk_write_sec":4021133,"disk_iops_sec":381,"io_wait":0,"open_files":0,"os_bytes_in_sec":55915,"os_bytes_out_sec":16988,"total_procs":949},"count":2},{"date":1637897880,"epoch_div":13649149,"totals":{"load_avg":7.40185546875,"cpu_usage":200,"mem_used":16528801792,"mem_free":12912795648,"tcp_conns":306,"disk_usage_root":12.24,"disk_read_sec":7399355,"disk_write_sec":2905838,"disk_iops_sec":466,"io_wait":0,"open_files":0,"os_bytes_in_sec":673259,"os_bytes_out_sec":58393,"total_procs":945},"count":2},{"date":1637898000,"epoch_div":13649150,"totals":{"load_avg":5.85693359375,"cpu_usage":200,"mem_used":16794460160,"mem_free":12735090688,"tcp_conns":264,"disk_usage_root":12.24,"disk_read_sec":2649906,"disk_write_sec":2862215,"disk_iops_sec":234,"io_wait":0,"open_files":0,"os_bytes_in_sec":865408,"os_bytes_out_sec":52947,"total_procs":945},"count":2},{"date":1637898120,"epoch_div":13649151,"totals":{"load_avg":6.44384765625,"cpu_usage":200,"mem_used":16716152832,"mem_free":12743516160,"tcp_conns":337,"disk_usage_root":12.24,"disk_read_sec":3293797,"disk_write_sec":2786235,"disk_iops_sec":262,"io_wait":0,"open_files":0,"os_bytes_in_sec":295558,"os_bytes_out_sec":170220,"total_procs":961},"count":2},{"date":1637898240,"epoch_div":13649152,"totals":{"load_avg":11.5,"cpu_usage":200,"mem_used":16801546240,"mem_free":12735729664,"tcp_conns":393,"disk_usage_root":12.24,"disk_read_sec":3848328,"disk_write_sec":3409513,"disk_iops_sec":313,"io_wait":0,"open_files":0,"os_bytes_in_sec":159906,"os_bytes_out_sec":216145,"total_procs":957},"count":2},{"date":1637898360,"epoch_div":13649153,"totals":{"load_avg":9.15234375,"cpu_usage":200,"mem_used":16953860096,"mem_free":12554772480,"tcp_conns":365,"disk_usage_root":12.24,"disk_read_sec":10020148,"disk_write_sec":6215204,"disk_iops_sec":563,"io_wait":0,"open_files":0,"os_bytes_in_sec":309479,"os_bytes_out_sec":227375,"total_procs":965},"count":2},{"date":1637898480,"epoch_div":13649154,"totals":{"load_avg":9.4365234375,"cpu_usage":200,"mem_used":16473067520,"mem_free":12679372800,"tcp_conns":307,"disk_usage_root":12.24,"disk_read_sec":3300548,"disk_write_sec":1543074,"disk_iops_sec":278,"io_wait":0,"open_files":0,"os_bytes_in_sec":72594,"os_bytes_out_sec":159408,"total_procs":963},"count":2},{"date":1637898600,"epoch_div":13649155,"totals":{"load_avg":8.27685546875,"cpu_usage":200,"mem_used":15893749760,"mem_free":13011447808,"tcp_conns":287,"disk_usage_root":12.24,"disk_read_sec":3440844,"disk_write_sec":3286015,"disk_iops_sec":274,"io_wait":0,"open_files":0,"os_bytes_in_sec":98221,"os_bytes_out_sec":248903,"total_procs":951},"count":2},{"date":1637898720,"epoch_div":13649156,"totals":{"load_avg":6.7255859375,"cpu_usage":200,"mem_used":16581378048,"mem_free":12707713024,"tcp_conns":265,"disk_usage_root":12.24,"disk_read_sec":1797665,"disk_write_sec":1064891,"disk_iops_sec":133,"io_wait":0,"open_files":0,"os_bytes_in_sec":134748,"os_bytes_out_sec":236188,"total_procs":955},"count":2},{"date":1637898840,"epoch_div":13649157,"totals":{"load_avg":6.77294921875,"cpu_usage":200,"mem_used":16727162880,"mem_free":12702785536,"tcp_conns":248,"disk_usage_root":12.24,"disk_read_sec":7576329,"disk_write_sec":4277185,"disk_iops_sec":386,"io_wait":0,"open_files":0,"os_bytes_in_sec":90324,"os_bytes_out_sec":102113,"total_procs":963},"count":2},{"date":1637898960,"epoch_div":13649158,"totals":{"load_avg":8.3994140625,"cpu_usage":200,"mem_used":17005707264,"mem_free":12549861376,"tcp_conns":259,"disk_usage_root":12.24,"disk_read_sec":7046279,"disk_write_sec":2988031,"disk_iops_sec":431,"io_wait":0,"open_files":0,"os_bytes_in_sec":116659,"os_bytes_out_sec":139562,"total_procs":966},"count":2},{"date":1637899080,"epoch_div":13649159,"totals":{"load_avg":8.07861328125,"cpu_usage":200,"mem_used":16590286848,"mem_free":12657532928,"tcp_conns":241,"disk_usage_root":12.24,"disk_read_sec":5440989,"disk_write_sec":1366151,"disk_iops_sec":361,"io_wait":0,"open_files":0,"os_bytes_in_sec":116046,"os_bytes_out_sec":200435,"total_procs":963},"count":2},{"date":1637899200,"epoch_div":13649160,"totals":{"load_avg":7.4306640625,"cpu_usage":200,"mem_used":16284811264,"mem_free":12862341120,"tcp_conns":234,"disk_usage_root":12.24,"disk_read_sec":4861336,"disk_write_sec":1943483,"disk_iops_sec":280,"io_wait":0,"open_files":0,"os_bytes_in_sec":159393,"os_bytes_out_sec":146957,"total_procs":957},"count":2},{"date":1637899320,"epoch_div":13649161,"totals":{"load_avg":6.90625,"cpu_usage":200,"mem_used":16735838208,"mem_free":12606226432,"tcp_conns":313,"disk_usage_root":12.24,"disk_read_sec":12814989,"disk_write_sec":4653272,"disk_iops_sec":732,"io_wait":0,"open_files":0,"os_bytes_in_sec":359735,"os_bytes_out_sec":150286,"total_procs":959},"count":2},{"date":1637899440,"epoch_div":13649162,"totals":{"load_avg":6.6396484375,"cpu_usage":200,"mem_used":16650653696,"mem_free":12668186624,"tcp_conns":349,"disk_usage_root":12.24,"disk_read_sec":6103814,"disk_write_sec":3313937,"disk_iops_sec":394,"io_wait":0,"open_files":0,"os_bytes_in_sec":164802,"os_bytes_out_sec":90637,"total_procs":957},"count":2},{"date":1637899560,"epoch_div":13649163,"totals":{"load_avg":8.98486328125,"cpu_usage":200,"mem_used":16836452352,"mem_free":12445593600,"tcp_conns":335,"disk_usage_root":12.24,"disk_read_sec":2576110,"disk_write_sec":503329,"disk_iops_sec":165,"io_wait":0,"open_files":0,"os_bytes_in_sec":93330,"os_bytes_out_sec":7221,"total_procs":951},"count":2},{"date":1637899680,"epoch_div":13649164,"totals":{"load_avg":6.54541015625,"cpu_usage":200,"mem_used":16959938560,"mem_free":12540760064,"tcp_conns":291,"disk_usage_root":12.24,"disk_read_sec":5162597,"disk_write_sec":410555,"disk_iops_sec":216,"io_wait":0,"open_files":0,"os_bytes_in_sec":36971,"os_bytes_out_sec":16864,"total_procs":957},"count":2},{"date":1637899800,"epoch_div":13649165,"totals":{"load_avg":5.79736328125,"cpu_usage":200,"mem_used":17021046784,"mem_free":12582141952,"tcp_conns":213,"disk_usage_root":12.24,"disk_read_sec":664749,"disk_write_sec":1603163,"disk_iops_sec":44,"io_wait":0,"open_files":0,"os_bytes_in_sec":60492,"os_bytes_out_sec":1587,"total_procs":955},"count":2},{"date":1637899920,"epoch_div":13649166,"totals":{"load_avg":4.6943359375,"cpu_usage":200,"mem_used":16995835904,"mem_free":12594958336,"tcp_conns":172,"disk_usage_root":12.24,"disk_read_sec":184251,"disk_write_sec":299622,"disk_iops_sec":61,"io_wait":0,"open_files":0,"os_bytes_in_sec":591,"os_bytes_out_sec":1042,"total_procs":952},"count":2},{"date":1637900040,"epoch_div":13649167,"totals":{"load_avg":6.05712890625,"cpu_usage":200,"mem_used":17113829376,"mem_free":12576288768,"tcp_conns":184,"disk_usage_root":12.24,"disk_read_sec":1119777,"disk_write_sec":327337,"disk_iops_sec":123,"io_wait":0,"open_files":0,"os_bytes_in_sec":14456,"os_bytes_out_sec":7395,"total_procs":957},"count":2},{"date":1637900160,"epoch_div":13649168,"totals":{"load_avg":5.408203125,"cpu_usage":200,"mem_used":16986632192,"mem_free":12497715200,"tcp_conns":192,"disk_usage_root":12.24,"disk_read_sec":2674619,"disk_write_sec":5035758,"disk_iops_sec":172,"io_wait":0,"open_files":0,"os_bytes_in_sec":9055,"os_bytes_out_sec":9124,"total_procs":952},"count":2},{"date":1637900280,"epoch_div":13649169,"totals":{"load_avg":5.9150390625,"cpu_usage":200,"mem_used":16819261440,"mem_free":12405612544,"tcp_conns":234,"disk_usage_root":12.24,"disk_read_sec":3132757,"disk_write_sec":1587609,"disk_iops_sec":248,"io_wait":0,"open_files":0,"os_bytes_in_sec":142999,"os_bytes_out_sec":26069,"total_procs":952},"count":2},{"date":1637900400,"epoch_div":13649170,"totals":{"load_avg":6.234375,"cpu_usage":200,"mem_used":16376008704,"mem_free":12672737280,"tcp_conns":253,"disk_usage_root":12.24,"disk_read_sec":3151256,"disk_write_sec":2370286,"disk_iops_sec":378,"io_wait":0,"open_files":0,"os_bytes_in_sec":1008928,"os_bytes_out_sec":56602,"total_procs":947},"count":2},{"date":1637900520,"epoch_div":13649171,"totals":{"load_avg":6.53271484375,"cpu_usage":200,"mem_used":16245981184,"mem_free":12716597248,"tcp_conns":247,"disk_usage_root":12.24,"disk_read_sec":1250098,"disk_write_sec":1319867,"disk_iops_sec":179,"io_wait":0,"open_files":0,"os_bytes_in_sec":194052,"os_bytes_out_sec":33903,"total_procs":949},"count":2},{"date":1637900640,"epoch_div":13649172,"totals":{"load_avg":4.67822265625,"cpu_usage":200,"mem_used":16573734912,"mem_free":12594053120,"tcp_conns":261,"disk_usage_root":12.24,"disk_read_sec":2738236,"disk_write_sec":611804,"disk_iops_sec":161,"io_wait":0,"open_files":0,"os_bytes_in_sec":55916,"os_bytes_out_sec":14399,"total_procs":951},"count":2},{"date":1637900760,"epoch_div":13649173,"totals":{"load_avg":7.78759765625,"cpu_usage":200,"mem_used":17077833728,"mem_free":12558319616,"tcp_conns":239,"disk_usage_root":12.24,"disk_read_sec":3005249,"disk_write_sec":561568,"disk_iops_sec":213,"io_wait":0,"open_files":0,"os_bytes_in_sec":47348,"os_bytes_out_sec":13657,"total_procs":957},"count":2},{"date":1637900880,"epoch_div":13649174,"totals":{"load_avg":11.404296875,"cpu_usage":200,"mem_used":17078550528,"mem_free":12484005888,"tcp_conns":227,"disk_usage_root":12.24,"disk_read_sec":8225176,"disk_write_sec":6354602,"disk_iops_sec":480,"io_wait":0,"open_files":0,"os_bytes_in_sec":87563,"os_bytes_out_sec":29076,"total_procs":959},"count":2},{"date":1637901000,"epoch_div":13649175,"totals":{"load_avg":11.59375,"cpu_usage":200,"mem_used":17020399616,"mem_free":12655120384,"tcp_conns":365,"disk_usage_root":12.24,"disk_read_sec":12873385,"disk_write_sec":6759628,"disk_iops_sec":618,"io_wait":0,"open_files":0,"os_bytes_in_sec":156900,"os_bytes_out_sec":61560,"total_procs":964},"count":2},{"date":1637901120,"epoch_div":13649176,"totals":{"load_avg":8.48828125,"cpu_usage":200,"mem_used":16425598976,"mem_free":12780339200,"tcp_conns":377,"disk_usage_root":12.24,"disk_read_sec":5116107,"disk_write_sec":8633480,"disk_iops_sec":357,"io_wait":0,"open_files":0,"os_bytes_in_sec":71082,"os_bytes_out_sec":31896,"total_procs":961},"count":2},{"date":1637901240,"epoch_div":13649177,"totals":{"load_avg":7.93310546875,"cpu_usage":200,"mem_used":17106989056,"mem_free":12389711872,"tcp_conns":385,"disk_usage_root":12.24,"disk_read_sec":6307413,"disk_write_sec":1255862,"disk_iops_sec":373,"io_wait":0,"open_files":0,"os_bytes_in_sec":391319,"os_bytes_out_sec":50345,"total_procs":969},"count":2},{"date":1637901360,"epoch_div":13649178,"totals":{"load_avg":6.7890625,"cpu_usage":200,"mem_used":15933124608,"mem_free":13194862592,"tcp_conns":311,"disk_usage_root":12.24,"disk_read_sec":3777057,"disk_write_sec":823978,"disk_iops_sec":271,"io_wait":0,"open_files":0,"os_bytes_in_sec":99999,"os_bytes_out_sec":31503,"total_procs":953},"count":2},{"date":1637901480,"epoch_div":13649179,"totals":{"load_avg":6.9970703125,"cpu_usage":200,"mem_used":15756943360,"mem_free":12969648128,"tcp_conns":428,"disk_usage_root":12.24,"disk_read_sec":4926326,"disk_write_sec":1469166,"disk_iops_sec":384,"io_wait":0,"open_files":0,"os_bytes_in_sec":191843,"os_bytes_out_sec":69275,"total_procs":954},"count":2},{"date":1637901600,"epoch_div":13649180,"totals":{"load_avg":4.6884765625,"cpu_usage":200,"mem_used":15281258496,"mem_free":13202018304,"tcp_conns":398,"disk_usage_root":12.24,"disk_read_sec":1194288,"disk_write_sec":940666,"disk_iops_sec":157,"io_wait":0,"open_files":0,"os_bytes_in_sec":186318,"os_bytes_out_sec":44414,"total_procs":947},"count":2},{"date":1637901720,"epoch_div":13649181,"totals":{"load_avg":5.626953125,"cpu_usage":200,"mem_used":15334318080,"mem_free":13147979776,"tcp_conns":315,"disk_usage_root":12.24,"disk_read_sec":1318964,"disk_write_sec":341165,"disk_iops_sec":63,"io_wait":0,"open_files":0,"os_bytes_in_sec":10905,"os_bytes_out_sec":6386,"total_procs":940},"count":2},{"date":1637901840,"epoch_div":13649182,"totals":{"load_avg":4.1357421875,"cpu_usage":200,"mem_used":15600287744,"mem_free":13041356800,"tcp_conns":219,"disk_usage_root":12.24,"disk_read_sec":811417,"disk_write_sec":199679,"disk_iops_sec":49,"io_wait":0,"open_files":0,"os_bytes_in_sec":12805,"os_bytes_out_sec":2849,"total_procs":936},"count":2},{"date":1637901960,"epoch_div":13649183,"totals":{"load_avg":3.77490234375,"cpu_usage":200,"mem_used":15643115520,"mem_free":13019213824,"tcp_conns":187,"disk_usage_root":12.24,"disk_read_sec":260982,"disk_write_sec":238387,"disk_iops_sec":52,"io_wait":0,"open_files":0,"os_bytes_in_sec":1383,"os_bytes_out_sec":966,"total_procs":936},"count":2},{"date":1637902080,"epoch_div":13649184,"totals":{"load_avg":4.5146484375,"cpu_usage":200,"mem_used":15661883392,"mem_free":13003669504,"tcp_conns":166,"disk_usage_root":12.24,"disk_read_sec":197085,"disk_write_sec":151415,"disk_iops_sec":61,"io_wait":0,"open_files":0,"os_bytes_in_sec":1056,"os_bytes_out_sec":637,"total_procs":934},"count":2},{"date":1637902200,"epoch_div":13649185,"totals":{"load_avg":5.5673828125,"cpu_usage":200,"mem_used":15679217664,"mem_free":12997627904,"tcp_conns":160,"disk_usage_root":12.24,"disk_read_sec":114618,"disk_write_sec":142062,"disk_iops_sec":26,"io_wait":0,"open_files":0,"os_bytes_in_sec":420,"os_bytes_out_sec":627,"total_procs":934},"count":2},{"date":1637902320,"epoch_div":13649186,"totals":{"load_avg":2.53515625,"cpu_usage":100,"mem_used":8223985664,"mem_free":6269038592,"tcp_conns":79,"disk_usage_root":6.12,"disk_read_sec":925354,"disk_write_sec":487628,"disk_iops_sec":37,"io_wait":0,"open_files":0,"os_bytes_in_sec":4347,"os_bytes_out_sec":7586,"total_procs":470},"count":1}]}