{"type":"list_page","items":[{"date":1639268100,"epoch_div":27321135,"totals":{"load_avg":3.30029296875,"cpu_usage":100,"mem_used":8475979776,"mem_free":6147883008,"tcp_conns":110,"disk_usage_root":8.83,"disk_read_sec":14866,"disk_write_sec":2297,"disk_iops_sec":0,"io_wait":0,"open_files":0,"os_bytes_in_sec":129,"os_bytes_out_sec":65,"total_procs":482},"count":1},{"date":1639268160,"epoch_div":27321136,"totals":{"load_avg":7.14599609375,"cpu_usage":100,"mem_used":8571674624,"mem_free":6107357184,"tcp_conns":110,"disk_usage_root":8.83,"disk_read_sec":8877056,"disk_write_sec":11329792,"disk_iops_sec":197,"io_wait":0,"open_files":0,"os_bytes_in_sec":35381,"os_bytes_out_sec":5144,"total_procs":486},"count":1}]}