{"type":"list_page","items":[{"date":1639287000,"epoch_div":13660725,"totals":{"load_avg":5.66259765625,"cpu_usage":200,"mem_used":17102344192,"mem_free":12113674240,"tcp_conns":204,"disk_usage_root":17.66,"disk_read_sec":2512599,"disk_write_sec":2159940,"disk_iops_sec":131,"io_wait":0,"open_files":0,"os_bytes_in_sec":5163,"os_bytes_out_sec":3011,"total_procs":984},"count":2},{"date":1639290240,"epoch_div":13660752,"totals":{"load_avg":5.14111328125,"cpu_usage":200,"mem_used":16984469504,"mem_free":12072022016,"tcp_conns":205,"disk_usage_root":17.66,"disk_read_sec":6791086,"disk_write_sec":5362694,"disk_iops_sec":262,"io_wait":0,"open_files":0,"os_bytes_in_sec":1746,"os_bytes_out_sec":1855,"total_procs":992},"count":2},{"date":1639293480,"epoch_div":13660779,"totals":{"load_avg":4.93212890625,"cpu_usage":200,"mem_used":17113575424,"mem_free":12057927680,"tcp_conns":212,"disk_usage_root":17.66,"disk_read_sec":5747213,"disk_write_sec":3729354,"disk_iops_sec":135,"io_wait":0,"open_files":0,"os_bytes_in_sec":21726,"os_bytes_out_sec":6366,"total_procs":989},"count":2},{"date":1639296720,"epoch_div":13660806,"totals":{"load_avg":4.38818359375,"cpu_usage":200,"mem_used":17085456384,"mem_free":12075204608,"tcp_conns":202,"disk_usage_root":17.66,"disk_read_sec":5620023,"disk_write_sec":2716892,"disk_iops_sec":144,"io_wait":0,"open_files":0,"os_bytes_in_sec":6913,"os_bytes_out_sec":8608,"total_procs":976},"count":2},{"date":1639299480,"epoch_div":13660829,"totals":{"load_avg":2.08740234375,"cpu_usage":100,"mem_used":8560398336,"mem_free":6073036800,"tcp_conns":99,"disk_usage_root":8.83,"disk_read_sec":22802,"disk_write_sec":12762,"disk_iops_sec":1,"io_wait":0,"open_files":0,"os_bytes_in_sec":31,"os_bytes_out_sec":30,"total_procs":489},"count":1},{"date":1639299600,"epoch_div":13660830,"totals":{"load_avg":2.3203125,"cpu_usage":100,"mem_used":8557031424,"mem_free":6074933248,"tcp_conns":99,"disk_usage_root":8.83,"disk_read_sec":809984,"disk_write_sec":854016,"disk_iops_sec":204,"io_wait":0,"open_files":0,"os_bytes_in_sec":1297,"os_bytes_out_sec":1779,"total_procs":489},"count":1},{"date":1639300080,"epoch_div":13660834,"totals":{"load_avg":5.21484375,"cpu_usage":200,"mem_used":16980549632,"mem_free":12069818368,"tcp_conns":198,"disk_usage_root":17.66,"disk_read_sec":654435,"disk_write_sec":1332246,"disk_iops_sec":205,"io_wait":0,"open_files":0,"os_bytes_in_sec":453,"os_bytes_out_sec":1684,"total_procs":980},"count":2},{"date":1639302840,"epoch_div":13660857,"totals":{"load_avg":3.27294921875,"cpu_usage":100,"mem_used":8559001600,"mem_free":6025392128,"tcp_conns":104,"disk_usage_root":8.83,"disk_read_sec":35463,"disk_write_sec":20851,"disk_iops_sec":3,"io_wait":0,"open_files":0,"os_bytes_in_sec":109,"os_bytes_out_sec":148,"total_procs":493},"count":1},{"date":1639306080,"epoch_div":13660884,"totals":{"load_avg":2.9384765625,"cpu_usage":100,"mem_used":8551649280,"mem_free":6063681536,"tcp_conns":110,"disk_usage_root":8.83,"disk_read_sec":60790,"disk_write_sec":42148,"disk_iops_sec":1,"io_wait":0,"open_files":0,"os_bytes_in_sec":92,"os_bytes_out_sec":93,"total_procs":492},"count":1},{"date":1639309320,"epoch_div":13660911,"totals":{"load_avg":2.56640625,"cpu_usage":100,"mem_used":8525737984,"mem_free":6052474880,"tcp_conns":107,"disk_usage_root":8.83,"disk_read_sec":296776,"disk_write_sec":70234,"disk_iops_sec":14,"io_wait":0,"open_files":0,"os_bytes_in_sec":72,"os_bytes_out_sec":137,"total_procs":493},"count":1},{"date":1639312560,"epoch_div":13660938,"totals":{"load_avg":2.43017578125,"cpu_usage":100,"mem_used":8469196800,"mem_free":6026215424,"tcp_conns":106,"disk_usage_root":8.83,"disk_read_sec":11644,"disk_write_sec":2787,"disk_iops_sec":0,"io_wait":0,"open_files":0,"os_bytes_in_sec":18,"os_bytes_out_sec":40,"total_procs":492},"count":1},{"date":1639312680,"epoch_div":13660939,"totals":{"load_avg":2.15380859375,"cpu_usage":100,"mem_used":8501473280,"mem_free":6026784768,"tcp_conns":111,"disk_usage_root":8.83,"disk_read_sec":734993,"disk_write_sec":594491,"disk_iops_sec":108,"io_wait":0,"open_files":0,"os_bytes_in_sec":24133,"os_bytes_out_sec":6833,"total_procs":488},"count":1},{"date":1639315800,"epoch_div":13660965,"totals":{"load_avg":1.9755859375,"cpu_usage":100,"mem_used":8561680384,"mem_free":6052777984,"tcp_conns":109,"disk_usage_root":8.83,"disk_read_sec":17808,"disk_write_sec":10323,"disk_iops_sec":1,"io_wait":0,"open_files":0,"os_bytes_in_sec":13,"os_bytes_out_sec":28,"total_procs":489},"count":1},{"date":1639315920,"epoch_div":13660966,"totals":{"load_avg":9.0439453125,"cpu_usage":100,"mem_used":8491544576,"mem_free":6417920000,"tcp_conns":109,"disk_usage_root":8.83,"disk_read_sec":32185868,"disk_write_sec":21313885,"disk_iops_sec":477,"io_wait":0,"open_files":0,"os_bytes_in_sec":68287,"os_bytes_out_sec":6113,"total_procs":492},"count":1,"alerts":{"load_avg_high":true}},{"date":1639319040,"epoch_div":13660992,"totals":{"load_avg":9.189453125,"cpu_usage":100,"mem_used":8085278720,"mem_free":6461661184,"tcp_conns":116,"disk_usage_root":8.83,"disk_read_sec":145692,"disk_write_sec":324196,"disk_iops_sec":3,"io_wait":0,"open_files":0,"os_bytes_in_sec":358,"os_bytes_out_sec":69,"total_procs":493},"count":1},{"date":1639319160,"epoch_div":13660993,"totals":{"load_avg":7.2060546875,"cpu_usage":100,"mem_used":8327618560,"mem_free":6140035072,"tcp_conns":98,"disk_usage_root":8.83,"disk_read_sec":11070464,"disk_write_sec":6263076,"disk_iops_sec":268,"io_wait":0,"open_files":0,"os_bytes_in_sec":2463,"os_bytes_out_sec":5911,"total_procs":493},"count":1},{"date":1639319400,"epoch_div":13660995,"totals":{"load_avg":10.37158203125,"cpu_usage":200,"mem_used":17048567808,"mem_free":12295938048,"tcp_conns":199,"disk_usage_root":17.66,"disk_read_sec":9439146,"disk_write_sec":8676208,"disk_iops_sec":192,"io_wait":0,"open_files":0,"os_bytes_in_sec":30984,"os_bytes_out_sec":7215,"total_procs":989},"count":2},{"date":1639319520,"epoch_div":13660996,"totals":{"load_avg":6.90625,"cpu_usage":200,"mem_used":16939565056,"mem_free":12191760384,"tcp_conns":189,"disk_usage_root":17.66,"disk_read_sec":4186315,"disk_write_sec":1662733,"disk_iops_sec":161,"io_wait":0,"open_files":0,"os_bytes_in_sec":2099,"os_bytes_out_sec":988,"total_procs":977},"count":2},{"date":1639319640,"epoch_div":13660997,"totals":{"load_avg":4.23828125,"cpu_usage":200,"mem_used":17035071488,"mem_free":12165001216,"tcp_conns":194,"disk_usage_root":17.66,"disk_read_sec":1351173,"disk_write_sec":200670,"disk_iops_sec":40,"io_wait":0,"open_files":0,"os_bytes_in_sec":2620,"os_bytes_out_sec":1577,"total_procs":971},"count":2},{"date":1639319760,"epoch_div":13660998,"totals":{"load_avg":5.02099609375,"cpu_usage":200,"mem_used":17021984768,"mem_free":12199014400,"tcp_conns":195,"disk_usage_root":17.66,"disk_read_sec":291123,"disk_write_sec":265505,"disk_iops_sec":34,"io_wait":0,"open_files":0,"os_bytes_in_sec":5881,"os_bytes_out_sec":2881,"total_procs":970},"count":2},{"date":1639319880,"epoch_div":13660999,"totals":{"load_avg":4.9482421875,"cpu_usage":200,"mem_used":16946790400,"mem_free":12211728384,"tcp_conns":191,"disk_usage_root":17.66,"disk_read_sec":3347248,"disk_write_sec":807700,"disk_iops_sec":163,"io_wait":0,"open_files":0,"os_bytes_in_sec":5629,"os_bytes_out_sec":2611,"total_procs":974},"count":2},{"date":1639320000,"epoch_div":13661000,"totals":{"load_avg":4.00732421875,"cpu_usage":200,"mem_used":17123897344,"mem_free":12259270656,"tcp_conns":194,"disk_usage_root":17.66,"disk_read_sec":2008516,"disk_write_sec":561688,"disk_iops_sec":75,"io_wait":0,"open_files":0,"os_bytes_in_sec":5730,"os_bytes_out_sec":3194,"total_procs":971},"count":2},{"date":1639320120,"epoch_div":13661001,"totals":{"load_avg":3.4287109375,"cpu_usage":200,"mem_used":17036537856,"mem_free":12226113536,"tcp_conns":193,"disk_usage_root":17.66,"disk_read_sec":2792148,"disk_write_sec":2392034,"disk_iops_sec":128,"io_wait":0,"open_files":0,"os_bytes_in_sec":5340,"os_bytes_out_sec":3284,"total_procs":980},"count":2},{"date":1639320240,"epoch_div":13661002,"totals":{"load_avg":5.046875,"cpu_usage":200,"mem_used":16856985600,"mem_free":12252852224,"tcp_conns":195,"disk_usage_root":17.66,"disk_read_sec":220569,"disk_write_sec":227396,"disk_iops_sec":46,"io_wait":0,"open_files":0,"os_bytes_in_sec":5598,"os_bytes_out_sec":2729,"total_procs":972},"count":2},{"date":1639320360,"epoch_div":13661003,"totals":{"load_avg":5.5087890625,"cpu_usage":200,"mem_used":16898510848,"mem_free":12253683712,"tcp_conns":192,"disk_usage_root":17.66,"disk_read_sec":141585,"disk_write_sec":175581,"disk_iops_sec":33,"io_wait":0,"open_files":0,"os_bytes_in_sec":4719,"os_bytes_out_sec":2566,"total_procs":970},"count":2},{"date":1639320480,"epoch_div":13661004,"totals":{"load_avg":4.55908203125,"cpu_usage":200,"mem_used":17034727424,"mem_free":12262313984,"tcp_conns":190,"disk_usage_root":17.66,"disk_read_sec":1407317,"disk_write_sec":360584,"disk_iops_sec":139,"io_wait":0,"open_files":0,"os_bytes_in_sec":5134,"os_bytes_out_sec":2959,"total_procs":974},"count":2},{"date":1639320600,"epoch_div":13661005,"totals":{"load_avg":5.0869140625,"cpu_usage":200,"mem_used":17014685696,"mem_free":12285861888,"tcp_conns":191,"disk_usage_root":17.66,"disk_read_sec":132436,"disk_write_sec":206574,"disk_iops_sec":31,"io_wait":0,"open_files":0,"os_bytes_in_sec":4578,"os_bytes_out_sec":2422,"total_procs":970},"count":2},{"date":1639320720,"epoch_div":13661006,"totals":{"load_avg":4.47021484375,"cpu_usage":200,"mem_used":16991162368,"mem_free":12244545536,"tcp_conns":191,"disk_usage_root":17.66,"disk_read_sec":2477738,"disk_write_sec":891494,"disk_iops_sec":109,"io_wait":0,"open_files":0,"os_bytes_in_sec":6638,"os_bytes_out_sec":3091,"total_procs":973},"count":2},{"date":1639320840,"epoch_div":13661007,"totals":{"load_avg":4.9443359375,"cpu_usage":200,"mem_used":16860577792,"mem_free":12238041088,"tcp_conns":192,"disk_usage_root":17.66,"disk_read_sec":168072,"disk_write_sec":194218,"disk_iops_sec":35,"io_wait":0,"open_files":0,"os_bytes_in_sec":5824,"os_bytes_out_sec":2933,"total_procs":970},"count":2},{"date":1639320960,"epoch_div":13661008,"totals":{"load_avg":4.748046875,"cpu_usage":200,"mem_used":17044742144,"mem_free":12148989952,"tcp_conns":193,"disk_usage_root":17.66,"disk_read_sec":787055,"disk_write_sec":923779,"disk_iops_sec":128,"io_wait":0,"open_files":0,"os_bytes_in_sec":5639,"os_bytes_out_sec":2737,"total_procs":971},"count":2},{"date":1639321080,"epoch_div":13661009,"totals":{"load_avg":5.3623046875,"cpu_usage":200,"mem_used":16873418752,"mem_free":12160573440,"tcp_conns":191,"disk_usage_root":17.66,"disk_read_sec":2603348,"disk_write_sec":1048712,"disk_iops_sec":109,"io_wait":0,"open_files":0,"os_bytes_in_sec":5977,"os_bytes_out_sec":2811,"total_procs":973},"count":2},{"date":1639321200,"epoch_div":13661010,"totals":{"load_avg":5.0390625,"cpu_usage":200,"mem_used":16835579904,"mem_free":12172120064,"tcp_conns":192,"disk_usage_root":17.66,"disk_read_sec":144314,"disk_write_sec":197699,"disk_iops_sec":34,"io_wait":0,"open_files":0,"os_bytes_in_sec":4451,"os_bytes_out_sec":2319,"total_procs":970},"count":2},{"date":1639321320,"epoch_div":13661011,"totals":{"load_avg":7.32666015625,"cpu_usage":200,"mem_used":16932311040,"mem_free":12162408448,"tcp_conns":192,"disk_usage_root":17.66,"disk_read_sec":2601390,"disk_write_sec":352593,"disk_iops_sec":140,"io_wait":0,"open_files":0,"os_bytes_in_sec":5191,"os_bytes_out_sec":2755,"total_procs":973},"count":2},{"date":1639321440,"epoch_div":13661012,"totals":{"load_avg":5.91357421875,"cpu_usage":200,"mem_used":16933576704,"mem_free":12185489408,"tcp_conns":193,"disk_usage_root":17.66,"disk_read_sec":284262,"disk_write_sec":189780,"disk_iops_sec":45,"io_wait":0,"open_files":0,"os_bytes_in_sec":4319,"os_bytes_out_sec":2501,"total_procs":971},"count":2},{"date":1639321560,"epoch_div":13661013,"totals":{"load_avg":5.5146484375,"cpu_usage":200,"mem_used":17044504576,"mem_free":12160155648,"tcp_conns":196,"disk_usage_root":17.66,"disk_read_sec":8790870,"disk_write_sec":445310,"disk_iops_sec":1495,"io_wait":0,"open_files":0,"os_bytes_in_sec":11337,"os_bytes_out_sec":3391,"total_procs":973},"count":2},{"date":1639321680,"epoch_div":13661014,"totals":{"load_avg":5.9560546875,"cpu_usage":200,"mem_used":16879230976,"mem_free":12146016256,"tcp_conns":192,"disk_usage_root":17.66,"disk_read_sec":3036976,"disk_write_sec":513493,"disk_iops_sec":145,"io_wait":0,"open_files":0,"os_bytes_in_sec":7926,"os_bytes_out_sec":4760,"total_procs":979},"count":2},{"date":1639321800,"epoch_div":13661015,"totals":{"load_avg":4.951171875,"cpu_usage":200,"mem_used":16854188032,"mem_free":12187820032,"tcp_conns":193,"disk_usage_root":17.66,"disk_read_sec":226836,"disk_write_sec":200641,"disk_iops_sec":36,"io_wait":0,"open_files":0,"os_bytes_in_sec":4491,"os_bytes_out_sec":2243,"total_procs":975},"count":2},{"date":1639321920,"epoch_div":13661016,"totals":{"load_avg":4.89306640625,"cpu_usage":200,"mem_used":16938819584,"mem_free":12146466816,"tcp_conns":191,"disk_usage_root":17.66,"disk_read_sec":3269957,"disk_write_sec":1744910,"disk_iops_sec":128,"io_wait":0,"open_files":0,"os_bytes_in_sec":6742,"os_bytes_out_sec":4035,"total_procs":984},"count":2},{"date":1639322040,"epoch_div":13661017,"totals":{"load_avg":5.6015625,"cpu_usage":200,"mem_used":16729976832,"mem_free":12224512000,"tcp_conns":192,"disk_usage_root":17.66,"disk_read_sec":467830,"disk_write_sec":194149,"disk_iops_sec":43,"io_wait":0,"open_files":0,"os_bytes_in_sec":4834,"os_bytes_out_sec":2479,"total_procs":974},"count":2},{"date":1639322160,"epoch_div":13661018,"totals":{"load_avg":5.25,"cpu_usage":200,"mem_used":16851836928,"mem_free":12165525504,"tcp_conns":192,"disk_usage_root":17.66,"disk_read_sec":345437,"disk_write_sec":191827,"disk_iops_sec":37,"io_wait":0,"open_files":0,"os_bytes_in_sec":4458,"os_bytes_out_sec":2291,"total_procs":973},"count":2},{"date":1639322280,"epoch_div":13661019,"totals":{"load_avg":5.22119140625,"cpu_usage":200,"mem_used":16901550080,"mem_free":12158599168,"tcp_conns":190,"disk_usage_root":17.66,"disk_read_sec":792184,"disk_write_sec":207490,"disk_iops_sec":68,"io_wait":0,"open_files":0,"os_bytes_in_sec":3978,"os_bytes_out_sec":2151,"total_procs":975},"count":2},{"date":1639322400,"epoch_div":13661020,"totals":{"load_avg":7.1220703125,"cpu_usage":200,"mem_used":16873844736,"mem_free":12211621888,"tcp_conns":191,"disk_usage_root":17.66,"disk_read_sec":79121,"disk_write_sec":209702,"disk_iops_sec":33,"io_wait":0,"open_files":0,"os_bytes_in_sec":4605,"os_bytes_out_sec":2485,"total_procs":972},"count":2},{"date":1639322520,"epoch_div":13661021,"totals":{"load_avg":5.51123046875,"cpu_usage":200,"mem_used":16910888960,"mem_free":12194738176,"tcp_conns":190,"disk_usage_root":17.66,"disk_read_sec":127552,"disk_write_sec":182892,"disk_iops_sec":30,"io_wait":0,"open_files":0,"os_bytes_in_sec":4641,"os_bytes_out_sec":2449,"total_procs":974},"count":2},{"date":1639322640,"epoch_div":13661022,"totals":{"load_avg":7.20849609375,"cpu_usage":200,"mem_used":16910966784,"mem_free":12194627584,"tcp_conns":192,"disk_usage_root":17.66,"disk_read_sec":2988778,"disk_write_sec":885679,"disk_iops_sec":204,"io_wait":0,"open_files":0,"os_bytes_in_sec":6538,"os_bytes_out_sec":3629,"total_procs":980},"count":2},{"date":1639322760,"epoch_div":13661023,"totals":{"load_avg":6.296875,"cpu_usage":200,"mem_used":16874450944,"mem_free":12218421248,"tcp_conns":192,"disk_usage_root":17.66,"disk_read_sec":197062,"disk_write_sec":213307,"disk_iops_sec":42,"io_wait":0,"open_files":0,"os_bytes_in_sec":4436,"os_bytes_out_sec":2227,"total_procs":973},"count":2},{"date":1639322880,"epoch_div":13661024,"totals":{"load_avg":5.92041015625,"cpu_usage":200,"mem_used":16924467200,"mem_free":12207173632,"tcp_conns":190,"disk_usage_root":17.66,"disk_read_sec":2152720,"disk_write_sec":209236,"disk_iops_sec":137,"io_wait":0,"open_files":0,"os_bytes_in_sec":3735,"os_bytes_out_sec":2397,"total_procs":976},"count":2},{"date":1639323000,"epoch_div":13661025,"totals":{"load_avg":1.9404296875,"cpu_usage":100,"mem_used":8524423168,"mem_free":6098489344,"tcp_conns":97,"disk_usage_root":8.83,"disk_read_sec":261051,"disk_write_sec":308019,"disk_iops_sec":21,"io_wait":0,"open_files":0,"os_bytes_in_sec":2600,"os_bytes_out_sec":1157,"total_procs":486},"count":1},{"date":1639324800,"epoch_div":13661040,"totals":{"load_avg":1.86474609375,"cpu_usage":100,"mem_used":8549896192,"mem_free":6322135040,"tcp_conns":104,"disk_usage_root":8.83,"disk_read_sec":139479,"disk_write_sec":200050,"disk_iops_sec":3,"io_wait":0,"open_files":0,"os_bytes_in_sec":86,"os_bytes_out_sec":44,"total_procs":489},"count":1},{"date":1639324920,"epoch_div":13661041,"totals":{"load_avg":4.19482421875,"cpu_usage":200,"mem_used":16875307008,"mem_free":12143734784,"tcp_conns":200,"disk_usage_root":17.66,"disk_read_sec":16049549,"disk_write_sec":20684309,"disk_iops_sec":542,"io_wait":0,"open_files":0,"os_bytes_in_sec":9431,"os_bytes_out_sec":12812,"total_procs":988},"count":2},{"date":1639325040,"epoch_div":13661042,"totals":{"load_avg":4.3505859375,"cpu_usage":200,"mem_used":16797147136,"mem_free":12270174208,"tcp_conns":198,"disk_usage_root":17.66,"disk_read_sec":9407408,"disk_write_sec":7333989,"disk_iops_sec":284,"io_wait":0,"open_files":0,"os_bytes_in_sec":4823,"os_bytes_out_sec":3283,"total_procs":980},"count":2},{"date":1639325160,"epoch_div":13661043,"totals":{"load_avg":3.9736328125,"cpu_usage":200,"mem_used":16854740992,"mem_free":12327546880,"tcp_conns":203,"disk_usage_root":17.66,"disk_read_sec":1099707,"disk_write_sec":191965,"disk_iops_sec":40,"io_wait":0,"open_files":0,"os_bytes_in_sec":5562,"os_bytes_out_sec":4067,"total_procs":978},"count":2},{"date":1639325280,"epoch_div":13661044,"totals":{"load_avg":4.0517578125,"cpu_usage":200,"mem_used":16763465728,"mem_free":12316811264,"tcp_conns":194,"disk_usage_root":17.66,"disk_read_sec":2561296,"disk_write_sec":3340901,"disk_iops_sec":117,"io_wait":0,"open_files":0,"os_bytes_in_sec":4729,"os_bytes_out_sec":2973,"total_procs":982},"count":2},{"date":1639325400,"epoch_div":13661045,"totals":{"load_avg":4.93896484375,"cpu_usage":200,"mem_used":16766869504,"mem_free":12218281984,"tcp_conns":199,"disk_usage_root":17.66,"disk_read_sec":1505644,"disk_write_sec":256985,"disk_iops_sec":83,"io_wait":0,"open_files":0,"os_bytes_in_sec":4211,"os_bytes_out_sec":2928,"total_procs":978},"count":2},{"date":1639325520,"epoch_div":13661046,"totals":{"load_avg":6.17529296875,"cpu_usage":200,"mem_used":16880066560,"mem_free":12184461312,"tcp_conns":205,"disk_usage_root":17.66,"disk_read_sec":3784566,"disk_write_sec":605251,"disk_iops_sec":147,"io_wait":0,"open_files":0,"os_bytes_in_sec":3862,"os_bytes_out_sec":3214,"total_procs":982},"count":2},{"date":1639325640,"epoch_div":13661047,"totals":{"load_avg":4.96923828125,"cpu_usage":200,"mem_used":16828436480,"mem_free":12235333632,"tcp_conns":204,"disk_usage_root":17.66,"disk_read_sec":371574,"disk_write_sec":194559,"disk_iops_sec":37,"io_wait":0,"open_files":0,"os_bytes_in_sec":4730,"os_bytes_out_sec":2867,"total_procs":976},"count":2},{"date":1639325760,"epoch_div":13661048,"totals":{"load_avg":5.732421875,"cpu_usage":200,"mem_used":16915226624,"mem_free":12212105216,"tcp_conns":198,"disk_usage_root":17.66,"disk_read_sec":351436,"disk_write_sec":216147,"disk_iops_sec":39,"io_wait":0,"open_files":0,"os_bytes_in_sec":4528,"os_bytes_out_sec":2721,"total_procs":978},"count":2},{"date":1639325880,"epoch_div":13661049,"totals":{"load_avg":6.1240234375,"cpu_usage":200,"mem_used":16709746688,"mem_free":12243857408,"tcp_conns":193,"disk_usage_root":17.66,"disk_read_sec":3394007,"disk_write_sec":1923854,"disk_iops_sec":162,"io_wait":0,"open_files":0,"os_bytes_in_sec":3568,"os_bytes_out_sec":2623,"total_procs":982},"count":2},{"date":1639326000,"epoch_div":13661050,"totals":{"load_avg":5.89404296875,"cpu_usage":200,"mem_used":16697270272,"mem_free":12238610432,"tcp_conns":194,"disk_usage_root":17.66,"disk_read_sec":492842,"disk_write_sec":310060,"disk_iops_sec":76,"io_wait":0,"open_files":0,"os_bytes_in_sec":3458,"os_bytes_out_sec":2279,"total_procs":977},"count":2},{"date":1639326120,"epoch_div":13661051,"totals":{"load_avg":7.54736328125,"cpu_usage":200,"mem_used":16871006208,"mem_free":12169891840,"tcp_conns":195,"disk_usage_root":17.66,"disk_read_sec":2035817,"disk_write_sec":306605,"disk_iops_sec":113,"io_wait":0,"open_files":0,"os_bytes_in_sec":3610,"os_bytes_out_sec":2777,"total_procs":982},"count":2},{"date":1639326240,"epoch_div":13661052,"totals":{"load_avg":6.02294921875,"cpu_usage":200,"mem_used":16890957824,"mem_free":12168343552,"tcp_conns":193,"disk_usage_root":17.66,"disk_read_sec":359764,"disk_write_sec":359697,"disk_iops_sec":48,"io_wait":0,"open_files":0,"os_bytes_in_sec":3862,"os_bytes_out_sec":2536,"total_procs":979},"count":2},{"date":1639326360,"epoch_div":13661053,"totals":{"load_avg":5.65771484375,"cpu_usage":200,"mem_used":16940756992,"mem_free":12176457728,"tcp_conns":194,"disk_usage_root":17.66,"disk_read_sec":390962,"disk_write_sec":191487,"disk_iops_sec":36,"io_wait":0,"open_files":0,"os_bytes_in_sec":3800,"os_bytes_out_sec":2287,"total_procs":977},"count":2},{"date":1639326480,"epoch_div":13661054,"totals":{"load_avg":5.23193359375,"cpu_usage":200,"mem_used":16879501312,"mem_free":12194922496,"tcp_conns":193,"disk_usage_root":17.66,"disk_read_sec":5278992,"disk_write_sec":2778384,"disk_iops_sec":241,"io_wait":0,"open_files":0,"os_bytes_in_sec":4923,"os_bytes_out_sec":3310,"total_procs":982},"count":2},{"date":1639326600,"epoch_div":13661055,"totals":{"load_avg":4.99755859375,"cpu_usage":200,"mem_used":17054355456,"mem_free":12227792896,"tcp_conns":195,"disk_usage_root":17.66,"disk_read_sec":416290,"disk_write_sec":197972,"disk_iops_sec":53,"io_wait":0,"open_files":0,"os_bytes_in_sec":4391,"os_bytes_out_sec":2801,"total_procs":977},"count":2},{"date":1639326720,"epoch_div":13661056,"totals":{"load_avg":5.1875,"cpu_usage":200,"mem_used":16952717312,"mem_free":12216418304,"tcp_conns":198,"disk_usage_root":17.66,"disk_read_sec":3965541,"disk_write_sec":3986431,"disk_iops_sec":177,"io_wait":0,"open_files":0,"os_bytes_in_sec":7154,"os_bytes_out_sec":8712,"total_procs":983},"count":2},{"date":1639326840,"epoch_div":13661057,"totals":{"load_avg":2.32861328125,"cpu_usage":100,"mem_used":8380411904,"mem_free":6104924160,"tcp_conns":97,"disk_usage_root":8.83,"disk_read_sec":397173,"disk_write_sec":106773,"disk_iops_sec":19,"io_wait":0,"open_files":0,"os_bytes_in_sec":3142,"os_bytes_out_sec":1838,"total_procs":489},"count":1},{"date":1639326960,"epoch_div":13661058,"totals":{"load_avg":4.8369140625,"cpu_usage":200,"mem_used":16668188672,"mem_free":12606836736,"tcp_conns":194,"disk_usage_root":17.66,"disk_read_sec":7179696,"disk_write_sec":4209018,"disk_iops_sec":271,"io_wait":0,"open_files":0,"os_bytes_in_sec":1427,"os_bytes_out_sec":1524,"total_procs":983},"count":2},{"date":1639327080,"epoch_div":13661059,"totals":{"load_avg":2.10693359375,"cpu_usage":100,"mem_used":8299360256,"mem_free":6297661440,"tcp_conns":97,"disk_usage_root":8.83,"disk_read_sec":2928844,"disk_write_sec":505582,"disk_iops_sec":101,"io_wait":0,"open_files":0,"os_bytes_in_sec":2047,"os_bytes_out_sec":3223,"total_procs":494},"count":1}]}