{"type":"list_page","items":[{"date":1638351900,"epoch_div":27305865,"totals":{"load_avg":2.20849609375,"cpu_usage":100,"mem_used":7245217792,"mem_free":6797709312,"tcp_conns":102,"disk_usage_root":6.12,"disk_read_sec":320352,"disk_write_sec":3160,"disk_iops_sec":2,"io_wait":0,"open_files":0,"os_bytes_in_sec":172,"os_bytes_out_sec":126,"total_procs":410},"count":1},{"date":1638352440,"epoch_div":27305874,"totals":{"load_avg":2.6142578125,"cpu_usage":100,"mem_used":8543416320,"mem_free":7018831872,"tcp_conns":94,"disk_usage_root":6.12,"disk_read_sec":2817825,"disk_write_sec":276903,"disk_iops_sec":18,"io_wait":0,"open_files":0,"os_bytes_in_sec":0,"os_bytes_out_sec":0,"total_procs":411},"count":1},{"date":1638352500,"epoch_div":27305875,"totals":{"load_avg":19.30615234375,"cpu_usage":100,"mem_used":8405409792,"mem_free":6986883072,"tcp_conns":106,"disk_usage_root":6.12,"disk_read_sec":59334656,"disk_write_sec":56715023,"disk_iops_sec":640,"io_wait":0,"open_files":0,"os_bytes_in_sec":0,"os_bytes_out_sec":0,"total_procs":402},"count":1,"alerts":{"load_avg_high":true}}]}