{"type":"list_page","items":[{"groups":{"main":{"totals":{"load_avg":1.9755859375,"cpu_usage":100,"mem_used":8412721152,"mem_free":5877862400,"tcp_conns":14,"disk_usage_root":6.12,"disk_read_sec":2048,"disk_write_sec":61371,"disk_iops_sec":12,"io_wait":0,"open_files":0,"os_bytes_in_sec":256,"os_bytes_out_sec":248,"total_procs":474},"count":1}},"date":1636650540,"epoch_div":27277509},{"groups":{"main":{"totals":{"load_avg":1.7099609375,"cpu_usage":100,"mem_used":8414072832,"mem_free":5837344768,"tcp_conns":14,"disk_usage_root":6.12,"disk_read_sec":2457,"disk_write_sec":68471,"disk_iops_sec":12,"io_wait":0,"open_files":0,"os_bytes_in_sec":390,"os_bytes_out_sec":324,"total_procs":474},"count":1}},"date":1636650600,"epoch_div":27277510},{"groups":{"main":{"totals":{"load_avg":1.22900390625,"cpu_usage":100,"mem_used":8418226176,"mem_free":5836914688,"tcp_conns":14,"disk_usage_root":6.12,"disk_read_sec":192373,"disk_write_sec":70117,"disk_iops_sec":27,"io_wait":0,"open_files":0,"os_bytes_in_sec":314,"os_bytes_out_sec":306,"total_procs":475},"count":1}},"date":1636650660,"epoch_div":27277511},{"groups":{"main":{"totals":{"load_avg":1.5498046875,"cpu_usage":100,"mem_used":8416722944,"mem_free":5841387520,"tcp_conns":14,"disk_usage_root":6.12,"disk_read_sec":1007,"disk_write_sec":58619,"disk_iops_sec":10,"io_wait":0,"open_files":0,"os_bytes_in_sec":89,"os_bytes_out_sec":153,"total_procs":473},"count":1}},"date":1636650720,"epoch_div":27277512},{"groups":{"main":{"totals":{"load_avg":1.49072265625,"cpu_usage":100,"mem_used":8425623552,"mem_free":5834186752,"tcp_conns":13,"disk_usage_root":6.12,"disk_read_sec":4300,"disk_write_sec":52838,"disk_iops_sec":10,"io_wait":0,"open_files":0,"os_bytes_in_sec":221,"os_bytes_out_sec":182,"total_procs":473},"count":1}},"date":1636650780,"epoch_div":27277513},{"groups":{"main":{"totals":{"load_avg":2.4677734375,"cpu_usage":100,"mem_used":8419045376,"mem_free":5880885248,"tcp_conns":14,"disk_usage_root":6.12,"disk_read_sec":4443,"disk_write_sec":75880,"disk_iops_sec":11,"io_wait":0,"open_files":0,"os_bytes_in_sec":384,"os_bytes_out_sec":347,"total_procs":474},"count":1}},"date":1636650840,"epoch_div":27277514},{"groups":{"main":{"totals":{"load_avg":2.240234375,"cpu_usage":100,"mem_used":8417189888,"mem_free":5835386880,"tcp_conns":14,"disk_usage_root":6.12,"disk_read_sec":5573,"disk_write_sec":106025,"disk_iops_sec":19,"io_wait":0,"open_files":0,"os_bytes_in_sec":158,"os_bytes_out_sec":179,"total_procs":473},"count":1}},"date":1636652760,"epoch_div":27277546},{"groups":{"main":{"totals":{"load_avg":2.140625,"cpu_usage":100,"mem_used":8427229184,"mem_free":5829193728,"tcp_conns":20,"disk_usage_root":6.12,"disk_read_sec":1035,"disk_write_sec":3988,"disk_iops_sec":0,"io_wait":0,"open_files":0,"os_bytes_in_sec":249,"os_bytes_out_sec":37,"total_procs":476},"count":1}},"date":1636652820,"epoch_div":27277547},{"groups":{"main":{"totals":{"load_avg":1.8173828125,"cpu_usage":100,"mem_used":8414400512,"mem_free":5826883584,"tcp_conns":14,"disk_usage_root":6.12,"disk_read_sec":4031985,"disk_write_sec":502403,"disk_iops_sec":134,"io_wait":0,"open_files":0,"os_bytes_in_sec":951,"os_bytes_out_sec":1914,"total_procs":480},"count":1}},"date":1636656060,"epoch_div":27277601},{"groups":{"main":{"totals":{"load_avg":1.783203125,"cpu_usage":100,"mem_used":8451444736,"mem_free":5855522816,"tcp_conns":22,"disk_usage_root":6.12,"disk_read_sec":1072,"disk_write_sec":1902,"disk_iops_sec":0,"io_wait":0,"open_files":0,"os_bytes_in_sec":164,"os_bytes_out_sec":21,"total_procs":475},"count":1}},"date":1636656060,"epoch_div":27277601},{"groups":{"main":{"totals":{"load_avg":1.50390625,"cpu_usage":100,"mem_used":8455766016,"mem_free":5806170112,"tcp_conns":15,"disk_usage_root":6.12,"disk_read_sec":43842,"disk_write_sec":207682,"disk_iops_sec":39,"io_wait":0,"open_files":0,"os_bytes_in_sec":1404,"os_bytes_out_sec":395,"total_procs":476},"count":1}},"date":1636659300,"epoch_div":27277655},{"groups":{"main":{"totals":{"load_avg":1.31396484375,"cpu_usage":100,"mem_used":8458358784,"mem_free":5784702976,"tcp_conns":21,"disk_usage_root":6.12,"disk_read_sec":330,"disk_write_sec":1919,"disk_iops_sec":0,"io_wait":0,"open_files":0,"os_bytes_in_sec":155,"os_bytes_out_sec":25,"total_procs":475},"count":1}},"date":1636659300,"epoch_div":27277655},{"groups":{"main":{"totals":{"load_avg":1.6630859375,"cpu_usage":100,"mem_used":8439631872,"mem_free":5788192768,"tcp_conns":16,"disk_usage_root":6.12,"disk_read_sec":19516,"disk_write_sec":198776,"disk_iops_sec":41,"io_wait":0,"open_files":0,"os_bytes_in_sec":757,"os_bytes_out_sec":1374,"total_procs":476},"count":1}},"date":1636660920,"epoch_div":27277682},{"groups":{"main":{"totals":{"load_avg":1.326171875,"cpu_usage":100,"mem_used":8426401792,"mem_free":5801623552,"tcp_conns":17,"disk_usage_root":6.12,"disk_read_sec":510,"disk_write_sec":4618,"disk_iops_sec":0,"io_wait":0,"open_files":0,"os_bytes_in_sec":21,"os_bytes_out_sec":23,"total_procs":475},"count":1}},"date":1636660980,"epoch_div":27277683},{"groups":{"main":{"totals":{"load_avg":1.6396484375,"cpu_usage":100,"mem_used":8397762560,"mem_free":5876985856,"tcp_conns":17,"disk_usage_root":6.12,"disk_read_sec":1705856,"disk_write_sec":1293568,"disk_iops_sec":83,"io_wait":0,"open_files":0,"os_bytes_in_sec":4111,"os_bytes_out_sec":2051,"total_procs":479},"count":1}},"date":1636662720,"epoch_div":27277712},{"groups":{"main":{"totals":{"load_avg":2.3408203125,"cpu_usage":100,"mem_used":8475873280,"mem_free":5825953792,"tcp_conns":24,"disk_usage_root":6.12,"disk_read_sec":9824,"disk_write_sec":11464,"disk_iops_sec":0,"io_wait":0,"open_files":0,"os_bytes_in_sec":299,"os_bytes_out_sec":41,"total_procs":480},"count":1}},"date":1636662720,"epoch_div":27277712},{"groups":{"main":{"totals":{"load_avg":2.55517578125,"cpu_usage":100,"mem_used":8397639680,"mem_free":5768069120,"tcp_conns":16,"disk_usage_root":6.12,"disk_read_sec":6277607,"disk_write_sec":1413900,"disk_iops_sec":206,"io_wait":0,"open_files":0,"os_bytes_in_sec":1376,"os_bytes_out_sec":1205,"total_procs":479},"count":1}},"date":1636665720,"epoch_div":27277762},{"groups":{"main":{"totals":{"load_avg":1.94091796875,"cpu_usage":100,"mem_used":8418320384,"mem_free":5791997952,"tcp_conns":22,"disk_usage_root":6.12,"disk_read_sec":4232,"disk_write_sec":2706,"disk_iops_sec":0,"io_wait":0,"open_files":0,"os_bytes_in_sec":131,"os_bytes_out_sec":25,"total_procs":476},"count":1}},"date":1636665780,"epoch_div":27277763},{"groups":{"main":{"totals":{"load_avg":3.27197265625,"cpu_usage":100,"mem_used":8387047424,"mem_free":5906743296,"tcp_conns":45,"disk_usage_root":6.12,"disk_read_sec":11662108,"disk_write_sec":1635896,"disk_iops_sec":688,"io_wait":0,"open_files":0,"os_bytes_in_sec":188539,"os_bytes_out_sec":22457,"total_procs":486},"count":1}},"date":1636665840,"epoch_div":27277764},{"groups":{"main":{"totals":{"load_avg":3.2138671875,"cpu_usage":100,"mem_used":8411271168,"mem_free":6022701056,"tcp_conns":66,"disk_usage_root":6.12,"disk_read_sec":5011387,"disk_write_sec":825548,"disk_iops_sec":465,"io_wait":0,"open_files":0,"os_bytes_in_sec":376343,"os_bytes_out_sec":123964,"total_procs":488},"count":1}},"date":1636665900,"epoch_div":27277765},{"groups":{"main":{"totals":{"load_avg":2.77587890625,"cpu_usage":100,"mem_used":8218091520,"mem_free":6163922944,"tcp_conns":42,"disk_usage_root":6.12,"disk_read_sec":360652,"disk_write_sec":347886,"disk_iops_sec":37,"io_wait":0,"open_files":0,"os_bytes_in_sec":244005,"os_bytes_out_sec":4585,"total_procs":483},"count":1}},"date":1636665960,"epoch_div":27277766},{"groups":{"main":{"totals":{"load_avg":2.74072265625,"cpu_usage":100,"mem_used":8222359552,"mem_free":6125264896,"tcp_conns":36,"disk_usage_root":6.12,"disk_read_sec":50244,"disk_write_sec":74820,"disk_iops_sec":17,"io_wait":0,"open_files":0,"os_bytes_in_sec":118953,"os_bytes_out_sec":3116,"total_procs":482},"count":1}},"date":1636666020,"epoch_div":27277767},{"groups":{"main":{"totals":{"load_avg":2.51708984375,"cpu_usage":100,"mem_used":8230600704,"mem_free":6107254784,"tcp_conns":34,"disk_usage_root":6.12,"disk_read_sec":149708,"disk_write_sec":53930,"disk_iops_sec":48,"io_wait":0,"open_files":0,"os_bytes_in_sec":115810,"os_bytes_out_sec":2800,"total_procs":481},"count":1}},"date":1636666080,"epoch_div":27277768},{"groups":{"main":{"totals":{"load_avg":2.0302734375,"cpu_usage":100,"mem_used":8225603584,"mem_free":6076420096,"tcp_conns":31,"disk_usage_root":6.12,"disk_read_sec":110933,"disk_write_sec":103082,"disk_iops_sec":24,"io_wait":0,"open_files":0,"os_bytes_in_sec":120819,"os_bytes_out_sec":3263,"total_procs":481},"count":1}},"date":1636666140,"epoch_div":27277769},{"groups":{"main":{"totals":{"load_avg":2.07373046875,"cpu_usage":100,"mem_used":8235986944,"mem_free":6069796864,"tcp_conns":28,"disk_usage_root":6.12,"disk_read_sec":54705,"disk_write_sec":119269,"disk_iops_sec":23,"io_wait":0,"open_files":0,"os_bytes_in_sec":118867,"os_bytes_out_sec":3010,"total_procs":484},"count":1}},"date":1636666200,"epoch_div":27277770},{"groups":{"main":{"totals":{"load_avg":1.9140625,"cpu_usage":100,"mem_used":8222445568,"mem_free":6073692160,"tcp_conns":27,"disk_usage_root":6.12,"disk_read_sec":1880,"disk_write_sec":50494,"disk_iops_sec":9,"io_wait":0,"open_files":0,"os_bytes_in_sec":116234,"os_bytes_out_sec":2750,"total_procs":479},"count":1}},"date":1636666260,"epoch_div":27277771},{"groups":{"main":{"totals":{"load_avg":2.2060546875,"cpu_usage":100,"mem_used":8289980416,"mem_free":6067572736,"tcp_conns":22,"disk_usage_root":6.12,"disk_read_sec":2992401,"disk_write_sec":66628,"disk_iops_sec":482,"io_wait":0,"open_files":0,"os_bytes_in_sec":123433,"os_bytes_out_sec":2911,"total_procs":483},"count":1}},"date":1636666320,"epoch_div":27277772},{"groups":{"main":{"totals":{"load_avg":2.42138671875,"cpu_usage":100,"mem_used":8286265344,"mem_free":6068379648,"tcp_conns":19,"disk_usage_root":6.12,"disk_read_sec":33450,"disk_write_sec":58641,"disk_iops_sec":13,"io_wait":0,"open_files":0,"os_bytes_in_sec":116296,"os_bytes_out_sec":2738,"total_procs":480},"count":1}},"date":1636666380,"epoch_div":27277773},{"groups":{"main":{"totals":{"load_avg":2.611328125,"cpu_usage":100,"mem_used":8299556864,"mem_free":6056259584,"tcp_conns":19,"disk_usage_root":6.12,"disk_read_sec":1688439,"disk_write_sec":99942,"disk_iops_sec":66,"io_wait":0,"open_files":0,"os_bytes_in_sec":123803,"os_bytes_out_sec":2956,"total_procs":484},"count":1}},"date":1636666440,"epoch_div":27277774},{"groups":{"main":{"totals":{"load_avg":2.81689453125,"cpu_usage":100,"mem_used":8312651776,"mem_free":6042423296,"tcp_conns":17,"disk_usage_root":6.12,"disk_read_sec":50790,"disk_write_sec":107997,"disk_iops_sec":20,"io_wait":0,"open_files":0,"os_bytes_in_sec":120068,"os_bytes_out_sec":2927,"total_procs":483},"count":1}},"date":1636666500,"epoch_div":27277775},{"groups":{"main":{"totals":{"load_avg":2.79248046875,"cpu_usage":100,"mem_used":8314650624,"mem_free":6039838720,"tcp_conns":17,"disk_usage_root":6.12,"disk_read_sec":6553,"disk_write_sec":110796,"disk_iops_sec":17,"io_wait":0,"open_files":0,"os_bytes_in_sec":116865,"os_bytes_out_sec":2916,"total_procs":484},"count":1}},"date":1636666560,"epoch_div":27277776},{"groups":{"main":{"totals":{"load_avg":2.7578125,"cpu_usage":100,"mem_used":8308436992,"mem_free":6045216768,"tcp_conns":17,"disk_usage_root":6.12,"disk_read_sec":68,"disk_write_sec":81783,"disk_iops_sec":14,"io_wait":0,"open_files":0,"os_bytes_in_sec":117172,"os_bytes_out_sec":2718,"total_procs":481},"count":1}},"date":1636666620,"epoch_div":27277777},{"groups":{"main":{"totals":{"load_avg":2.646484375,"cpu_usage":100,"mem_used":8311795712,"mem_free":6042775552,"tcp_conns":16,"disk_usage_root":6.12,"disk_read_sec":750,"disk_write_sec":92023,"disk_iops_sec":16,"io_wait":0,"open_files":0,"os_bytes_in_sec":116899,"os_bytes_out_sec":2977,"total_procs":482},"count":1}},"date":1636666680,"epoch_div":27277778},{"groups":{"main":{"totals":{"load_avg":2.74560546875,"cpu_usage":100,"mem_used":8311517184,"mem_free":6043910144,"tcp_conns":17,"disk_usage_root":6.12,"disk_read_sec":15496,"disk_write_sec":88610,"disk_iops_sec":16,"io_wait":0,"open_files":0,"os_bytes_in_sec":121565,"os_bytes_out_sec":2858,"total_procs":485},"count":1}},"date":1636666740,"epoch_div":27277779},{"groups":{"main":{"totals":{"load_avg":2.84912109375,"cpu_usage":100,"mem_used":8304582656,"mem_free":6049579008,"tcp_conns":17,"disk_usage_root":6.12,"disk_read_sec":7645,"disk_write_sec":96733,"disk_iops_sec":18,"io_wait":0,"open_files":0,"os_bytes_in_sec":120778,"os_bytes_out_sec":2715,"total_procs":482},"count":1}},"date":1636666800,"epoch_div":27277780},{"groups":{"main":{"totals":{"load_avg":2.42626953125,"cpu_usage":100,"mem_used":8307699712,"mem_free":6047309824,"tcp_conns":17,"disk_usage_root":6.12,"disk_read_sec":19387,"disk_write_sec":85879,"disk_iops_sec":14,"io_wait":0,"open_files":0,"os_bytes_in_sec":140317,"os_bytes_out_sec":2863,"total_procs":482},"count":1}},"date":1636666860,"epoch_div":27277781},{"groups":{"main":{"totals":{"load_avg":2.31005859375,"cpu_usage":100,"mem_used":8301813760,"mem_free":6052708352,"tcp_conns":17,"disk_usage_root":6.12,"disk_read_sec":0,"disk_write_sec":63078,"disk_iops_sec":11,"io_wait":0,"open_files":0,"os_bytes_in_sec":126696,"os_bytes_out_sec":2536,"total_procs":479},"count":1}},"date":1636666920,"epoch_div":27277782},{"groups":{"main":{"totals":{"load_avg":2.86328125,"cpu_usage":100,"mem_used":8309383168,"mem_free":6044528640,"tcp_conns":16,"disk_usage_root":6.12,"disk_read_sec":0,"disk_write_sec":75324,"disk_iops_sec":13,"io_wait":0,"open_files":0,"os_bytes_in_sec":115393,"os_bytes_out_sec":2729,"total_procs":483},"count":1}},"date":1636666980,"epoch_div":27277783},{"groups":{"main":{"totals":{"load_avg":3.17919921875,"cpu_usage":100,"mem_used":8308781056,"mem_free":6044356608,"tcp_conns":17,"disk_usage_root":6.12,"disk_read_sec":268,"disk_write_sec":71042,"disk_iops_sec":12,"io_wait":0,"open_files":0,"os_bytes_in_sec":154101,"os_bytes_out_sec":2809,"total_procs":482},"count":1}},"date":1636667040,"epoch_div":27277784},{"groups":{"main":{"totals":{"load_avg":3.58349609375,"cpu_usage":100,"mem_used":8312819712,"mem_free":6040690688,"tcp_conns":17,"disk_usage_root":6.12,"disk_read_sec":54545,"disk_write_sec":94481,"disk_iops_sec":18,"io_wait":0,"open_files":0,"os_bytes_in_sec":130222,"os_bytes_out_sec":2727,"total_procs":482},"count":1}},"date":1636667100,"epoch_div":27277785},{"groups":{"main":{"totals":{"load_avg":2.80029296875,"cpu_usage":100,"mem_used":8316035072,"mem_free":6037438464,"tcp_conns":17,"disk_usage_root":6.12,"disk_read_sec":1297,"disk_write_sec":101512,"disk_iops_sec":18,"io_wait":0,"open_files":0,"os_bytes_in_sec":121965,"os_bytes_out_sec":3018,"total_procs":483},"count":1}},"date":1636667160,"epoch_div":27277786},{"groups":{"main":{"totals":{"load_avg":2.14599609375,"cpu_usage":100,"mem_used":8314716160,"mem_free":6037987328,"tcp_conns":17,"disk_usage_root":6.12,"disk_read_sec":5393,"disk_write_sec":109226,"disk_iops_sec":16,"io_wait":0,"open_files":0,"os_bytes_in_sec":135850,"os_bytes_out_sec":2801,"total_procs":482},"count":1}},"date":1636667220,"epoch_div":27277787},{"groups":{"main":{"totals":{"load_avg":2.22900390625,"cpu_usage":100,"mem_used":8317956096,"mem_free":6035046400,"tcp_conns":16,"disk_usage_root":6.12,"disk_read_sec":614,"disk_write_sec":98918,"disk_iops_sec":17,"io_wait":0,"open_files":0,"os_bytes_in_sec":122850,"os_bytes_out_sec":3160,"total_procs":483},"count":1}},"date":1636667280,"epoch_div":27277788},{"groups":{"main":{"totals":{"load_avg":1.96240234375,"cpu_usage":100,"mem_used":8312389632,"mem_free":6041391104,"tcp_conns":17,"disk_usage_root":6.12,"disk_read_sec":614,"disk_write_sec":99396,"disk_iops_sec":17,"io_wait":0,"open_files":0,"os_bytes_in_sec":120270,"os_bytes_out_sec":2765,"total_procs":482},"count":1}},"date":1636667340,"epoch_div":27277789},{"groups":{"main":{"totals":{"load_avg":2.49755859375,"cpu_usage":100,"mem_used":8308092928,"mem_free":6043299840,"tcp_conns":17,"disk_usage_root":6.12,"disk_read_sec":4437,"disk_write_sec":70109,"disk_iops_sec":12,"io_wait":0,"open_files":0,"os_bytes_in_sec":119680,"os_bytes_out_sec":2673,"total_procs":480},"count":1}},"date":1636667400,"epoch_div":27277790},{"groups":{"main":{"totals":{"load_avg":3.2080078125,"cpu_usage":100,"mem_used":8306212864,"mem_free":6044495872,"tcp_conns":17,"disk_usage_root":6.12,"disk_read_sec":136,"disk_write_sec":55022,"disk_iops_sec":10,"io_wait":0,"open_files":0,"os_bytes_in_sec":125701,"os_bytes_out_sec":2693,"total_procs":479},"count":1}},"date":1636667460,"epoch_div":27277791},{"groups":{"main":{"totals":{"load_avg":2.701171875,"cpu_usage":100,"mem_used":8307998720,"mem_free":6044319744,"tcp_conns":17,"disk_usage_root":6.12,"disk_read_sec":0,"disk_write_sec":65672,"disk_iops_sec":11,"io_wait":0,"open_files":0,"os_bytes_in_sec":146264,"os_bytes_out_sec":2679,"total_procs":479},"count":1}},"date":1636667520,"epoch_div":27277792},{"groups":{"main":{"totals":{"load_avg":2.39892578125,"cpu_usage":100,"mem_used":8363278336,"mem_free":5977194496,"tcp_conns":16,"disk_usage_root":6.12,"disk_read_sec":5256,"disk_write_sec":402363,"disk_iops_sec":16,"io_wait":0,"open_files":0,"os_bytes_in_sec":132482,"os_bytes_out_sec":2968,"total_procs":482},"count":1}},"date":1636667580,"epoch_div":27277793},{"groups":{"main":{"totals":{"load_avg":2.5302734375,"cpu_usage":100,"mem_used":8382386176,"mem_free":5957644288,"tcp_conns":19,"disk_usage_root":6.12,"disk_read_sec":84104,"disk_write_sec":431308,"disk_iops_sec":42,"io_wait":0,"open_files":0,"os_bytes_in_sec":125951,"os_bytes_out_sec":7256,"total_procs":485},"count":1}},"date":1636667640,"epoch_div":27277794},{"groups":{"main":{"totals":{"load_avg":2.4833984375,"cpu_usage":100,"mem_used":8394772480,"mem_free":5962108928,"tcp_conns":19,"disk_usage_root":6.12,"disk_read_sec":435950,"disk_write_sec":99532,"disk_iops_sec":44,"io_wait":0,"open_files":0,"os_bytes_in_sec":117799,"os_bytes_out_sec":3377,"total_procs":484},"count":1}},"date":1636667700,"epoch_div":27277795},{"groups":{"main":{"totals":{"load_avg":2.17578125,"cpu_usage":100,"mem_used":8389898240,"mem_free":5964800000,"tcp_conns":17,"disk_usage_root":6.12,"disk_read_sec":1570,"disk_write_sec":123426,"disk_iops_sec":20,"io_wait":0,"open_files":0,"os_bytes_in_sec":120269,"os_bytes_out_sec":2719,"total_procs":482},"count":1}},"date":1636667760,"epoch_div":27277796},{"groups":{"main":{"totals":{"load_avg":1.96875,"cpu_usage":100,"mem_used":8394731520,"mem_free":5955063808,"tcp_conns":17,"disk_usage_root":6.12,"disk_read_sec":68,"disk_write_sec":85265,"disk_iops_sec":14,"io_wait":0,"open_files":0,"os_bytes_in_sec":105943,"os_bytes_out_sec":2893,"total_procs":482},"count":1}},"date":1636667820,"epoch_div":27277797},{"groups":{"main":{"totals":{"load_avg":2.26806640625,"cpu_usage":100,"mem_used":8395632640,"mem_free":5954695168,"tcp_conns":16,"disk_usage_root":6.12,"disk_read_sec":1092,"disk_write_sec":74205,"disk_iops_sec":13,"io_wait":0,"open_files":0,"os_bytes_in_sec":143673,"os_bytes_out_sec":2883,"total_procs":482},"count":1}},"date":1636667880,"epoch_div":27277798},{"groups":{"main":{"totals":{"load_avg":2.04931640625,"cpu_usage":100,"mem_used":8382267392,"mem_free":5963067392,"tcp_conns":17,"disk_usage_root":6.12,"disk_read_sec":24166,"disk_write_sec":242961,"disk_iops_sec":37,"io_wait":0,"open_files":0,"os_bytes_in_sec":148233,"os_bytes_out_sec":3599,"total_procs":480},"count":1}},"date":1636667940,"epoch_div":27277799},{"groups":{"main":{"totals":{"load_avg":2.7607421875,"cpu_usage":100,"mem_used":8380928000,"mem_free":5959880704,"tcp_conns":17,"disk_usage_root":6.12,"disk_read_sec":955,"disk_write_sec":67106,"disk_iops_sec":12,"io_wait":0,"open_files":0,"os_bytes_in_sec":242767,"os_bytes_out_sec":2647,"total_procs":480},"count":1}},"date":1636668000,"epoch_div":27277800},{"groups":{"main":{"totals":{"load_avg":2.1279296875,"cpu_usage":100,"mem_used":8385490944,"mem_free":5960110080,"tcp_conns":17,"disk_usage_root":6.12,"disk_read_sec":7236,"disk_write_sec":64443,"disk_iops_sec":12,"io_wait":0,"open_files":0,"os_bytes_in_sec":190559,"os_bytes_out_sec":2687,"total_procs":481},"count":1}},"date":1636668060,"epoch_div":27277801},{"groups":{"main":{"totals":{"load_avg":2.0048828125,"cpu_usage":100,"mem_used":8384278528,"mem_free":5957476352,"tcp_conns":17,"disk_usage_root":6.12,"disk_read_sec":2184,"disk_write_sec":63897,"disk_iops_sec":11,"io_wait":0,"open_files":0,"os_bytes_in_sec":178609,"os_bytes_out_sec":2438,"total_procs":480},"count":1}},"date":1636668120,"epoch_div":27277802},{"groups":{"main":{"totals":{"load_avg":1.8681640625,"cpu_usage":100,"mem_used":8381931520,"mem_free":5958021120,"tcp_conns":16,"disk_usage_root":6.12,"disk_read_sec":0,"disk_write_sec":52565,"disk_iops_sec":9,"io_wait":0,"open_files":0,"os_bytes_in_sec":148544,"os_bytes_out_sec":2516,"total_procs":479},"count":1}},"date":1636668180,"epoch_div":27277803},{"groups":{"main":{"totals":{"load_avg":2.4482421875,"cpu_usage":100,"mem_used":8383463424,"mem_free":5959229440,"tcp_conns":17,"disk_usage_root":6.12,"disk_read_sec":68,"disk_write_sec":58231,"disk_iops_sec":10,"io_wait":0,"open_files":0,"os_bytes_in_sec":162164,"os_bytes_out_sec":2600,"total_procs":479},"count":1}},"date":1636668240,"epoch_div":27277804},{"groups":{"main":{"totals":{"load_avg":2.4775390625,"cpu_usage":100,"mem_used":8385654784,"mem_free":5952962560,"tcp_conns":17,"disk_usage_root":6.12,"disk_read_sec":546,"disk_write_sec":47786,"disk_iops_sec":9,"io_wait":0,"open_files":0,"os_bytes_in_sec":156169,"os_bytes_out_sec":2605,"total_procs":479},"count":1}},"date":1636668300,"epoch_div":27277805},{"groups":{"main":{"totals":{"load_avg":2.87353515625,"cpu_usage":100,"mem_used":8393629696,"mem_free":5949251584,"tcp_conns":17,"disk_usage_root":6.12,"disk_read_sec":43417,"disk_write_sec":97006,"disk_iops_sec":17,"io_wait":0,"open_files":0,"os_bytes_in_sec":170668,"os_bytes_out_sec":2844,"total_procs":482},"count":1}},"date":1636668360,"epoch_div":27277806},{"groups":{"main":{"totals":{"load_avg":2.59130859375,"cpu_usage":100,"mem_used":8401584128,"mem_free":6000173056,"tcp_conns":17,"disk_usage_root":6.12,"disk_read_sec":21913,"disk_write_sec":59392,"disk_iops_sec":15,"io_wait":0,"open_files":0,"os_bytes_in_sec":172960,"os_bytes_out_sec":2513,"total_procs":479},"count":1}},"date":1636668420,"epoch_div":27277807},{"groups":{"main":{"totals":{"load_avg":2.595703125,"cpu_usage":100,"mem_used":8404467712,"mem_free":6007861248,"tcp_conns":16,"disk_usage_root":6.12,"disk_read_sec":682,"disk_write_sec":53794,"disk_iops_sec":10,"io_wait":0,"open_files":0,"os_bytes_in_sec":186157,"os_bytes_out_sec":2762,"total_procs":479},"count":1}},"date":1636668480,"epoch_div":27277808},{"groups":{"main":{"totals":{"load_avg":2.97705078125,"cpu_usage":100,"mem_used":8406724608,"mem_free":5997301760,"tcp_conns":17,"disk_usage_root":6.12,"disk_read_sec":1442133,"disk_write_sec":74410,"disk_iops_sec":52,"io_wait":0,"open_files":0,"os_bytes_in_sec":178784,"os_bytes_out_sec":2904,"total_procs":482},"count":1}},"date":1636668540,"epoch_div":27277809},{"groups":{"main":{"totals":{"load_avg":1.75439453125,"cpu_usage":100,"mem_used":8411590656,"mem_free":5991522304,"tcp_conns":17,"disk_usage_root":6.12,"disk_read_sec":273,"disk_write_sec":114346,"disk_iops_sec":19,"io_wait":0,"open_files":0,"os_bytes_in_sec":230166,"os_bytes_out_sec":3027,"total_procs":484},"count":1}},"date":1636668600,"epoch_div":27277810},{"groups":{"main":{"totals":{"load_avg":1.697265625,"cpu_usage":100,"mem_used":8405135360,"mem_free":5996347392,"tcp_conns":17,"disk_usage_root":6.12,"disk_read_sec":4983,"disk_write_sec":72704,"disk_iops_sec":11,"io_wait":0,"open_files":0,"os_bytes_in_sec":116268,"os_bytes_out_sec":2694,"total_procs":480},"count":1}},"date":1636668660,"epoch_div":27277811},{"groups":{"main":{"totals":{"load_avg":2.11474609375,"cpu_usage":100,"mem_used":8403677184,"mem_free":5996945408,"tcp_conns":17,"disk_usage_root":6.12,"disk_read_sec":955,"disk_write_sec":59665,"disk_iops_sec":10,"io_wait":0,"open_files":0,"os_bytes_in_sec":119806,"os_bytes_out_sec":2830,"total_procs":479},"count":1}},"date":1636668720,"epoch_div":27277812},{"groups":{"main":{"totals":{"load_avg":2.470703125,"cpu_usage":100,"mem_used":8403030016,"mem_free":5997035520,"tcp_conns":16,"disk_usage_root":6.12,"disk_read_sec":136,"disk_write_sec":58982,"disk_iops_sec":10,"io_wait":0,"open_files":0,"os_bytes_in_sec":185473,"os_bytes_out_sec":2697,"total_procs":479},"count":1}},"date":1636668780,"epoch_div":27277813},{"groups":{"main":{"totals":{"load_avg":3.484375,"cpu_usage":100,"mem_used":8401956864,"mem_free":5968396288,"tcp_conns":17,"disk_usage_root":6.12,"disk_read_sec":0,"disk_write_sec":61576,"disk_iops_sec":10,"io_wait":0,"open_files":0,"os_bytes_in_sec":156935,"os_bytes_out_sec":2607,"total_procs":479},"count":1}},"date":1636668840,"epoch_div":27277814},{"groups":{"main":{"totals":{"load_avg":2.85302734375,"cpu_usage":100,"mem_used":8412450816,"mem_free":5962616832,"tcp_conns":17,"disk_usage_root":6.12,"disk_read_sec":2887,"disk_write_sec":70639,"disk_iops_sec":13,"io_wait":0,"open_files":0,"os_bytes_in_sec":131706,"os_bytes_out_sec":2832,"total_procs":482},"count":1}},"date":1636668900,"epoch_div":27277815},{"groups":{"main":{"totals":{"load_avg":2.34521484375,"cpu_usage":100,"mem_used":8413249536,"mem_free":5960876032,"tcp_conns":17,"disk_usage_root":6.12,"disk_read_sec":4096,"disk_write_sec":83725,"disk_iops_sec":13,"io_wait":0,"open_files":0,"os_bytes_in_sec":140063,"os_bytes_out_sec":2679,"total_procs":482},"count":1}},"date":1636668960,"epoch_div":27277816},{"groups":{"main":{"totals":{"load_avg":2.05078125,"cpu_usage":100,"mem_used":8409878528,"mem_free":5962739712,"tcp_conns":17,"disk_usage_root":6.12,"disk_read_sec":0,"disk_write_sec":61644,"disk_iops_sec":11,"io_wait":0,"open_files":0,"os_bytes_in_sec":192163,"os_bytes_out_sec":3303,"total_procs":480},"count":1}},"date":1636669020,"epoch_div":27277817},{"groups":{"main":{"totals":{"load_avg":3.24267578125,"cpu_usage":100,"mem_used":8413327360,"mem_free":5960249344,"tcp_conns":16,"disk_usage_root":6.12,"disk_read_sec":0,"disk_write_sec":71816,"disk_iops_sec":12,"io_wait":0,"open_files":0,"os_bytes_in_sec":188389,"os_bytes_out_sec":3410,"total_procs":482},"count":1}},"date":1636669080,"epoch_div":27277818},{"groups":{"main":{"totals":{"load_avg":2.56591796875,"cpu_usage":100,"mem_used":8409542656,"mem_free":5966196736,"tcp_conns":17,"disk_usage_root":6.12,"disk_read_sec":1843,"disk_write_sec":172441,"disk_iops_sec":29,"io_wait":0,"open_files":0,"os_bytes_in_sec":181802,"os_bytes_out_sec":3707,"total_procs":482},"count":1}},"date":1636669140,"epoch_div":27277819},{"groups":{"main":{"totals":{"load_avg":2.9853515625,"cpu_usage":100,"mem_used":8408711168,"mem_free":5961019392,"tcp_conns":17,"disk_usage_root":6.12,"disk_read_sec":9489,"disk_write_sec":57753,"disk_iops_sec":11,"io_wait":0,"open_files":0,"os_bytes_in_sec":166605,"os_bytes_out_sec":3393,"total_procs":482},"count":1}},"date":1636669200,"epoch_div":27277820},{"groups":{"main":{"totals":{"load_avg":2.5107421875,"cpu_usage":100,"mem_used":8415137792,"mem_free":5977235456,"tcp_conns":17,"disk_usage_root":6.12,"disk_read_sec":200634,"disk_write_sec":202370,"disk_iops_sec":11,"io_wait":0,"open_files":0,"os_bytes_in_sec":121933,"os_bytes_out_sec":3642,"total_procs":479},"count":1}},"date":1636669260,"epoch_div":27277821},{"groups":{"main":{"totals":{"load_avg":3.05322265625,"cpu_usage":100,"mem_used":8423038976,"mem_free":5969969152,"tcp_conns":24,"disk_usage_root":6.12,"disk_read_sec":16048,"disk_write_sec":110592,"disk_iops_sec":19,"io_wait":0,"open_files":0,"os_bytes_in_sec":116242,"os_bytes_out_sec":3818,"total_procs":481},"count":1}},"date":1636669320,"epoch_div":27277822},{"groups":{"main":{"totals":{"load_avg":2.7431640625,"cpu_usage":100,"mem_used":8467349504,"mem_free":5953916928,"tcp_conns":23,"disk_usage_root":6.12,"disk_read_sec":1840810,"disk_write_sec":674747,"disk_iops_sec":71,"io_wait":0,"open_files":0,"os_bytes_in_sec":142272,"os_bytes_out_sec":3528,"total_procs":485},"count":1}},"date":1636669380,"epoch_div":27277823},{"groups":{"main":{"totals":{"load_avg":2.4658203125,"cpu_usage":100,"mem_used":8517509120,"mem_free":5924990976,"tcp_conns":25,"disk_usage_root":6.12,"disk_read_sec":27238,"disk_write_sec":662869,"disk_iops_sec":19,"io_wait":0,"open_files":0,"os_bytes_in_sec":141757,"os_bytes_out_sec":3646,"total_procs":481},"count":1}},"date":1636669440,"epoch_div":27277824},{"groups":{"main":{"totals":{"load_avg":2.3828125,"cpu_usage":100,"mem_used":8515526656,"mem_free":5941420032,"tcp_conns":24,"disk_usage_root":6.12,"disk_read_sec":244258,"disk_write_sec":74137,"disk_iops_sec":32,"io_wait":0,"open_files":0,"os_bytes_in_sec":127812,"os_bytes_out_sec":2736,"total_procs":479},"count":1}},"date":1636669500,"epoch_div":27277825},{"groups":{"main":{"totals":{"load_avg":2.64892578125,"cpu_usage":100,"mem_used":8520814592,"mem_free":5938450432,"tcp_conns":24,"disk_usage_root":6.12,"disk_read_sec":4027,"disk_write_sec":78574,"disk_iops_sec":15,"io_wait":0,"open_files":0,"os_bytes_in_sec":158610,"os_bytes_out_sec":2707,"total_procs":482},"count":1}},"date":1636669560,"epoch_div":27277826},{"groups":{"main":{"totals":{"load_avg":2.93310546875,"cpu_usage":100,"mem_used":8514834432,"mem_free":5941104640,"tcp_conns":24,"disk_usage_root":6.12,"disk_read_sec":204,"disk_write_sec":52838,"disk_iops_sec":9,"io_wait":0,"open_files":0,"os_bytes_in_sec":138852,"os_bytes_out_sec":2599,"total_procs":479},"count":1}},"date":1636669620,"epoch_div":27277827},{"groups":{"main":{"totals":{"load_avg":2.5478515625,"cpu_usage":100,"mem_used":8566333440,"mem_free":5963718656,"tcp_conns":16,"disk_usage_root":6.12,"disk_read_sec":114210,"disk_write_sec":83012,"disk_iops_sec":23,"io_wait":0,"open_files":0,"os_bytes_in_sec":160321,"os_bytes_out_sec":2854,"total_procs":480},"count":1}},"date":1636669680,"epoch_div":27277828},{"groups":{"main":{"totals":{"load_avg":2.73583984375,"cpu_usage":100,"mem_used":8424259584,"mem_free":5990612992,"tcp_conns":17,"disk_usage_root":6.12,"disk_read_sec":1752602,"disk_write_sec":77546,"disk_iops_sec":68,"io_wait":0,"open_files":0,"os_bytes_in_sec":134899,"os_bytes_out_sec":2703,"total_procs":482},"count":1}},"date":1636669740,"epoch_div":27277829},{"groups":{"main":{"totals":{"load_avg":2.7568359375,"cpu_usage":100,"mem_used":8423858176,"mem_free":5958529024,"tcp_conns":17,"disk_usage_root":6.12,"disk_read_sec":73257,"disk_write_sec":63857,"disk_iops_sec":14,"io_wait":0,"open_files":0,"os_bytes_in_sec":125472,"os_bytes_out_sec":2453,"total_procs":480},"count":1}},"date":1636669800,"epoch_div":27277830},{"groups":{"main":{"totals":{"load_avg":3.138671875,"cpu_usage":100,"mem_used":8422912000,"mem_free":5965905920,"tcp_conns":17,"disk_usage_root":6.12,"disk_read_sec":546,"disk_write_sec":53794,"disk_iops_sec":10,"io_wait":0,"open_files":0,"os_bytes_in_sec":125019,"os_bytes_out_sec":2550,"total_procs":479},"count":1}},"date":1636669860,"epoch_div":27277831},{"groups":{"main":{"totals":{"load_avg":2.73046875,"cpu_usage":100,"mem_used":8424321024,"mem_free":5958164480,"tcp_conns":17,"disk_usage_root":6.12,"disk_read_sec":1365,"disk_write_sec":56797,"disk_iops_sec":10,"io_wait":0,"open_files":0,"os_bytes_in_sec":125079,"os_bytes_out_sec":2521,"total_procs":479},"count":1}},"date":1636669920,"epoch_div":27277832},{"groups":{"main":{"totals":{"load_avg":2.76025390625,"cpu_usage":100,"mem_used":8440164352,"mem_free":5941440512,"tcp_conns":16,"disk_usage_root":6.12,"disk_read_sec":101922,"disk_write_sec":56729,"disk_iops_sec":19,"io_wait":0,"open_files":0,"os_bytes_in_sec":84703,"os_bytes_out_sec":2593,"total_procs":479},"count":1}},"date":1636669980,"epoch_div":27277833},{"groups":{"main":{"totals":{"load_avg":2.974609375,"cpu_usage":100,"mem_used":8444567552,"mem_free":5940744192,"tcp_conns":17,"disk_usage_root":6.12,"disk_read_sec":11127,"disk_write_sec":96392,"disk_iops_sec":13,"io_wait":0,"open_files":0,"os_bytes_in_sec":68277,"os_bytes_out_sec":3099,"total_procs":480},"count":1}},"date":1636670040,"epoch_div":27277834},{"groups":{"main":{"totals":{"load_avg":3.2236328125,"cpu_usage":100,"mem_used":8450179072,"mem_free":5955899392,"tcp_conns":18,"disk_usage_root":6.12,"disk_read_sec":284194,"disk_write_sec":67242,"disk_iops_sec":36,"io_wait":0,"open_files":0,"os_bytes_in_sec":65461,"os_bytes_out_sec":2516,"total_procs":479},"count":1}},"date":1636670100,"epoch_div":27277835},{"groups":{"main":{"totals":{"load_avg":3.11767578125,"cpu_usage":100,"mem_used":8450568192,"mem_free":5957627904,"tcp_conns":18,"disk_usage_root":6.12,"disk_read_sec":4846,"disk_write_sec":53521,"disk_iops_sec":10,"io_wait":0,"open_files":0,"os_bytes_in_sec":79619,"os_bytes_out_sec":2417,"total_procs":479},"count":1}},"date":1636670160,"epoch_div":27277836},{"groups":{"main":{"totals":{"load_avg":2.755859375,"cpu_usage":100,"mem_used":8451100672,"mem_free":5957128192,"tcp_conns":17,"disk_usage_root":6.12,"disk_read_sec":0,"disk_write_sec":49083,"disk_iops_sec":8,"io_wait":0,"open_files":0,"os_bytes_in_sec":123471,"os_bytes_out_sec":2565,"total_procs":479},"count":1}},"date":1636670220,"epoch_div":27277837},{"groups":{"main":{"totals":{"load_avg":2.8017578125,"cpu_usage":100,"mem_used":8452407296,"mem_free":5954269184,"tcp_conns":16,"disk_usage_root":6.12,"disk_read_sec":1735,"disk_write_sec":57552,"disk_iops_sec":10,"io_wait":0,"open_files":0,"os_bytes_in_sec":121949,"os_bytes_out_sec":2580,"total_procs":479},"count":1}},"date":1636670280,"epoch_div":27277838},{"groups":{"main":{"totals":{"load_avg":2.60546875,"cpu_usage":100,"mem_used":8453939200,"mem_free":5955518464,"tcp_conns":17,"disk_usage_root":6.12,"disk_read_sec":23501,"disk_write_sec":60969,"disk_iops_sec":14,"io_wait":0,"open_files":0,"os_bytes_in_sec":124915,"os_bytes_out_sec":2540,"total_procs":480},"count":1}},"date":1636670340,"epoch_div":27277839},{"groups":{"main":{"totals":{"load_avg":3.0556640625,"cpu_usage":100,"mem_used":8455610368,"mem_free":5951369216,"tcp_conns":17,"disk_usage_root":6.12,"disk_read_sec":6826,"disk_write_sec":76800,"disk_iops_sec":12,"io_wait":0,"open_files":0,"os_bytes_in_sec":130965,"os_bytes_out_sec":2472,"total_procs":480},"count":1}},"date":1636670400,"epoch_div":27277840},{"groups":{"main":{"totals":{"load_avg":2.14404296875,"cpu_usage":100,"mem_used":8453758976,"mem_free":5953560576,"tcp_conns":17,"disk_usage_root":6.12,"disk_read_sec":1041,"disk_write_sec":55747,"disk_iops_sec":10,"io_wait":0,"open_files":0,"os_bytes_in_sec":130511,"os_bytes_out_sec":2473,"total_procs":479},"count":1}},"date":1636670460,"epoch_div":27277841},{"groups":{"main":{"totals":{"load_avg":2.16650390625,"cpu_usage":100,"mem_used":8453734400,"mem_free":5952819200,"tcp_conns":17,"disk_usage_root":6.12,"disk_read_sec":201,"disk_write_sec":56941,"disk_iops_sec":10,"io_wait":0,"open_files":0,"os_bytes_in_sec":142476,"os_bytes_out_sec":2457,"total_procs":479},"count":1}},"date":1636670520,"epoch_div":27277842},{"groups":{"main":{"totals":{"load_avg":3.2646484375,"cpu_usage":100,"mem_used":8456687616,"mem_free":5952069632,"tcp_conns":16,"disk_usage_root":6.12,"disk_read_sec":73932,"disk_write_sec":54613,"disk_iops_sec":27,"io_wait":0,"open_files":0,"os_bytes_in_sec":143260,"os_bytes_out_sec":2605,"total_procs":479},"count":1}},"date":1636670580,"epoch_div":27277843},{"groups":{"main":{"totals":{"load_avg":3.24169921875,"cpu_usage":100,"mem_used":8461963264,"mem_free":5951078400,"tcp_conns":17,"disk_usage_root":6.12,"disk_read_sec":99484,"disk_write_sec":77476,"disk_iops_sec":36,"io_wait":0,"open_files":0,"os_bytes_in_sec":116228,"os_bytes_out_sec":2764,"total_procs":482},"count":1}},"date":1636670640,"epoch_div":27277844},{"groups":{"main":{"totals":{"load_avg":3.73193359375,"cpu_usage":100,"mem_used":8453005312,"mem_free":5952512000,"tcp_conns":17,"disk_usage_root":6.12,"disk_read_sec":4230,"disk_write_sec":70572,"disk_iops_sec":12,"io_wait":0,"open_files":0,"os_bytes_in_sec":121306,"os_bytes_out_sec":2592,"total_procs":480},"count":1}},"date":1636670700,"epoch_div":27277845}]}