{"type":"list_page","items":[{"date":1637712000,"epoch_div":27295200,"totals":{"load_avg":3.15966796875,"cpu_usage":100,"mem_used":8488849408,"mem_free":6580400128,"tcp_conns":98,"disk_usage_root":6.12,"disk_read_sec":41931,"disk_write_sec":409114,"disk_iops_sec":42,"io_wait":0,"open_files":0,"os_bytes_in_sec":242590,"os_bytes_out_sec":3356,"total_procs":456},"count":1},{"date":1637712060,"epoch_div":27295201,"totals":{"load_avg":2.7421875,"cpu_usage":100,"mem_used":8502460416,"mem_free":6569598976,"tcp_conns":89,"disk_usage_root":6.12,"disk_read_sec":45397,"disk_write_sec":338875,"disk_iops_sec":42,"io_wait":0,"open_files":0,"os_bytes_in_sec":183778,"os_bytes_out_sec":3146,"total_procs":456},"count":1},{"date":1637712120,"epoch_div":27295202,"totals":{"load_avg":2.7158203125,"cpu_usage":100,"mem_used":8534159360,"mem_free":6585008128,"tcp_conns":91,"disk_usage_root":6.12,"disk_read_sec":90984,"disk_write_sec":535971,"disk_iops_sec":55,"io_wait":0,"open_files":0,"os_bytes_in_sec":347604,"os_bytes_out_sec":7119,"total_procs":459},"count":1},{"date":1637712180,"epoch_div":27295203,"totals":{"load_avg":2.623046875,"cpu_usage":100,"mem_used":8572489728,"mem_free":6652387328,"tcp_conns":90,"disk_usage_root":6.12,"disk_read_sec":41984,"disk_write_sec":149026,"disk_iops_sec":20,"io_wait":0,"open_files":0,"os_bytes_in_sec":58806,"os_bytes_out_sec":2223,"total_procs":455},"count":1},{"date":1637712240,"epoch_div":27295204,"totals":{"load_avg":2.3740234375,"cpu_usage":100,"mem_used":8563806208,"mem_free":6589255680,"tcp_conns":90,"disk_usage_root":6.12,"disk_read_sec":62737,"disk_write_sec":139332,"disk_iops_sec":25,"io_wait":0,"open_files":0,"os_bytes_in_sec":39986,"os_bytes_out_sec":1626,"total_procs":456},"count":1},{"date":1637712300,"epoch_div":27295205,"totals":{"load_avg":2.6748046875,"cpu_usage":100,"mem_used":8564207616,"mem_free":6598639616,"tcp_conns":91,"disk_usage_root":6.12,"disk_read_sec":333346,"disk_write_sec":597947,"disk_iops_sec":57,"io_wait":0,"open_files":0,"os_bytes_in_sec":42040,"os_bytes_out_sec":1877,"total_procs":458},"count":1},{"date":1637712360,"epoch_div":27295206,"totals":{"load_avg":2.35009765625,"cpu_usage":100,"mem_used":8570974208,"mem_free":6586511360,"tcp_conns":82,"disk_usage_root":6.12,"disk_read_sec":87313,"disk_write_sec":114619,"disk_iops_sec":25,"io_wait":0,"open_files":0,"os_bytes_in_sec":18148,"os_bytes_out_sec":1496,"total_procs":458},"count":1},{"date":1637712420,"epoch_div":27295207,"totals":{"load_avg":2.7841796875,"cpu_usage":100,"mem_used":8510955520,"mem_free":6640889856,"tcp_conns":81,"disk_usage_root":6.12,"disk_read_sec":268629,"disk_write_sec":112230,"disk_iops_sec":47,"io_wait":0,"open_files":0,"os_bytes_in_sec":1256,"os_bytes_out_sec":1469,"total_procs":459},"count":1},{"date":1637712480,"epoch_div":27295208,"totals":{"load_avg":2.45263671875,"cpu_usage":100,"mem_used":8517783552,"mem_free":6635335680,"tcp_conns":78,"disk_usage_root":6.12,"disk_read_sec":57691,"disk_write_sec":105801,"disk_iops_sec":21,"io_wait":0,"open_files":0,"os_bytes_in_sec":251,"os_bytes_out_sec":221,"total_procs":457},"count":1},{"date":1637712540,"epoch_div":27295209,"totals":{"load_avg":2.7685546875,"cpu_usage":100,"mem_used":8522244096,"mem_free":6621388800,"tcp_conns":78,"disk_usage_root":6.12,"disk_read_sec":73113,"disk_write_sec":84445,"disk_iops_sec":17,"io_wait":0,"open_files":0,"os_bytes_in_sec":164,"os_bytes_out_sec":148,"total_procs":456},"count":1},{"date":1637712600,"epoch_div":27295210,"totals":{"load_avg":2.638671875,"cpu_usage":100,"mem_used":8526962688,"mem_free":6623399936,"tcp_conns":77,"disk_usage_root":6.12,"disk_read_sec":17256,"disk_write_sec":63454,"disk_iops_sec":11,"io_wait":0,"open_files":0,"os_bytes_in_sec":122,"os_bytes_out_sec":130,"total_procs":456},"count":1},{"date":1637712660,"epoch_div":27295211,"totals":{"load_avg":2.26171875,"cpu_usage":100,"mem_used":8569643008,"mem_free":6616236032,"tcp_conns":75,"disk_usage_root":6.12,"disk_read_sec":99054,"disk_write_sec":390621,"disk_iops_sec":21,"io_wait":0,"open_files":0,"os_bytes_in_sec":434,"os_bytes_out_sec":428,"total_procs":458},"count":1},{"date":1637712720,"epoch_div":27295212,"totals":{"load_avg":3.0576171875,"cpu_usage":100,"mem_used":8571310080,"mem_free":6622011392,"tcp_conns":76,"disk_usage_root":6.12,"disk_read_sec":142472,"disk_write_sec":102468,"disk_iops_sec":36,"io_wait":0,"open_files":0,"os_bytes_in_sec":404,"os_bytes_out_sec":347,"total_procs":458},"count":1},{"date":1637712780,"epoch_div":27295213,"totals":{"load_avg":2.66796875,"cpu_usage":100,"mem_used":8552431616,"mem_free":6637428736,"tcp_conns":77,"disk_usage_root":6.12,"disk_read_sec":45391,"disk_write_sec":91857,"disk_iops_sec":20,"io_wait":0,"open_files":0,"os_bytes_in_sec":546,"os_bytes_out_sec":788,"total_procs":458},"count":1},{"date":1637712840,"epoch_div":27295214,"totals":{"load_avg":3.0478515625,"cpu_usage":100,"mem_used":8556822528,"mem_free":6629187584,"tcp_conns":77,"disk_usage_root":6.12,"disk_read_sec":70881,"disk_write_sec":397103,"disk_iops_sec":23,"io_wait":0,"open_files":0,"os_bytes_in_sec":400,"os_bytes_out_sec":408,"total_procs":458},"count":1},{"date":1637712900,"epoch_div":27295215,"totals":{"load_avg":2.98291015625,"cpu_usage":100,"mem_used":8571256832,"mem_free":6651535360,"tcp_conns":77,"disk_usage_root":6.12,"disk_read_sec":116462,"disk_write_sec":124586,"disk_iops_sec":31,"io_wait":0,"open_files":0,"os_bytes_in_sec":319,"os_bytes_out_sec":519,"total_procs":460},"count":1},{"date":1637712960,"epoch_div":27295216,"totals":{"load_avg":2.583984375,"cpu_usage":100,"mem_used":8571867136,"mem_free":6657703936,"tcp_conns":76,"disk_usage_root":6.12,"disk_read_sec":37349,"disk_write_sec":69007,"disk_iops_sec":16,"io_wait":0,"open_files":0,"os_bytes_in_sec":240,"os_bytes_out_sec":378,"total_procs":459},"count":1},{"date":1637714760,"epoch_div":27295246,"totals":{"load_avg":2.2529296875,"cpu_usage":100,"mem_used":8549728256,"mem_free":6676037632,"tcp_conns":88,"disk_usage_root":6.12,"disk_read_sec":41061,"disk_write_sec":15109,"disk_iops_sec":4,"io_wait":0,"open_files":0,"os_bytes_in_sec":370,"os_bytes_out_sec":259,"total_procs":468},"count":1},{"date":1637714820,"epoch_div":27295247,"totals":{"load_avg":2.15234375,"cpu_usage":100,"mem_used":8548040704,"mem_free":6667841536,"tcp_conns":81,"disk_usage_root":6.12,"disk_read_sec":2816682,"disk_write_sec":7589888,"disk_iops_sec":467,"io_wait":0,"open_files":0,"os_bytes_in_sec":434,"os_bytes_out_sec":1648,"total_procs":466},"count":1}]}