{"type":"list_page","items":[{"groups":{"main":{"totals":{"load_avg":3.46435546875,"cpu_usage":100,"mem_used":8570077184,"mem_free":6092451840,"tcp_conns":85,"disk_usage_root":6.12,"disk_read_sec":790528,"disk_write_sec":119603,"disk_iops_sec":25,"io_wait":0,"open_files":0,"os_bytes_in_sec":837,"os_bytes_out_sec":1311,"total_procs":546},"count":1}},"date":1638225780,"epoch_div":27303763},{"groups":{"main":{"totals":{"load_avg":2.83203125,"cpu_usage":100,"mem_used":8571195392,"mem_free":6091550720,"tcp_conns":86,"disk_usage_root":6.12,"disk_read_sec":1221154,"disk_write_sec":1197738,"disk_iops_sec":36,"io_wait":0,"open_files":0,"os_bytes_in_sec":1020,"os_bytes_out_sec":1201,"total_procs":546},"count":1}},"date":1638225840,"epoch_div":27303764},{"groups":{"main":{"totals":{"load_avg":3.173828125,"cpu_usage":100,"mem_used":8491032576,"mem_free":6091796480,"tcp_conns":91,"disk_usage_root":6.12,"disk_read_sec":4400742,"disk_write_sec":7507012,"disk_iops_sec":82,"io_wait":0,"open_files":0,"os_bytes_in_sec":177312,"os_bytes_out_sec":8295,"total_procs":547},"count":1}},"date":1638225900,"epoch_div":27303765},{"groups":{"main":{"totals":{"load_avg":2.71142578125,"cpu_usage":100,"mem_used":8218042368,"mem_free":6001135616,"tcp_conns":91,"disk_usage_root":6.12,"disk_read_sec":5639918,"disk_write_sec":3748522,"disk_iops_sec":150,"io_wait":0,"open_files":0,"os_bytes_in_sec":98665,"os_bytes_out_sec":2882,"total_procs":544},"count":1}},"date":1638225960,"epoch_div":27303766},{"groups":{"main":{"totals":{"load_avg":2.396484375,"cpu_usage":100,"mem_used":8365858816,"mem_free":6000631808,"tcp_conns":91,"disk_usage_root":6.12,"disk_read_sec":1413393,"disk_write_sec":191351,"disk_iops_sec":36,"io_wait":0,"open_files":0,"os_bytes_in_sec":1379,"os_bytes_out_sec":2462,"total_procs":544},"count":1}},"date":1638226020,"epoch_div":27303767},{"groups":{"main":{"totals":{"load_avg":2.72509765625,"cpu_usage":100,"mem_used":8567685120,"mem_free":6092001280,"tcp_conns":93,"disk_usage_root":6.12,"disk_read_sec":3982336,"disk_write_sec":389461,"disk_iops_sec":115,"io_wait":0,"open_files":0,"os_bytes_in_sec":168094,"os_bytes_out_sec":4077,"total_procs":545},"count":1}},"date":1638226080,"epoch_div":27303768},{"groups":{"main":{"totals":{"load_avg":2.77001953125,"cpu_usage":100,"mem_used":8523100160,"mem_free":6115160064,"tcp_conns":88,"disk_usage_root":6.12,"disk_read_sec":1518045,"disk_write_sec":2530030,"disk_iops_sec":82,"io_wait":0,"open_files":0,"os_bytes_in_sec":106264,"os_bytes_out_sec":3303,"total_procs":546},"count":1}},"date":1638226140,"epoch_div":27303769},{"groups":{"main":{"totals":{"load_avg":2.2294921875,"cpu_usage":100,"mem_used":8483246080,"mem_free":6107672576,"tcp_conns":90,"disk_usage_root":6.12,"disk_read_sec":7289446,"disk_write_sec":7649757,"disk_iops_sec":106,"io_wait":0,"open_files":0,"os_bytes_in_sec":1663,"os_bytes_out_sec":2636,"total_procs":545},"count":1}},"date":1638226200,"epoch_div":27303770},{"groups":{"main":{"totals":{"load_avg":2.435546875,"cpu_usage":100,"mem_used":8422035456,"mem_free":6090186752,"tcp_conns":87,"disk_usage_root":6.12,"disk_read_sec":954026,"disk_write_sec":2072712,"disk_iops_sec":47,"io_wait":0,"open_files":0,"os_bytes_in_sec":1147,"os_bytes_out_sec":2798,"total_procs":546},"count":1}},"date":1638226260,"epoch_div":27303771},{"groups":{"main":{"totals":{"load_avg":2.4892578125,"cpu_usage":100,"mem_used":8488804352,"mem_free":6044966912,"tcp_conns":89,"disk_usage_root":6.12,"disk_read_sec":3889493,"disk_write_sec":3132074,"disk_iops_sec":72,"io_wait":0,"open_files":0,"os_bytes_in_sec":194685,"os_bytes_out_sec":8368,"total_procs":548},"count":1}},"date":1638226320,"epoch_div":27303772},{"groups":{"main":{"totals":{"load_avg":2.72998046875,"cpu_usage":100,"mem_used":8564252672,"mem_free":6011564032,"tcp_conns":88,"disk_usage_root":6.12,"disk_read_sec":2949939,"disk_write_sec":2665676,"disk_iops_sec":64,"io_wait":0,"open_files":0,"os_bytes_in_sec":616634,"os_bytes_out_sec":6600,"total_procs":547},"count":1}},"date":1638226380,"epoch_div":27303773},{"groups":{"main":{"totals":{"load_avg":2.1953125,"cpu_usage":100,"mem_used":8561242112,"mem_free":5997027328,"tcp_conns":90,"disk_usage_root":6.12,"disk_read_sec":1430323,"disk_write_sec":1857262,"disk_iops_sec":41,"io_wait":0,"open_files":0,"os_bytes_in_sec":512761,"os_bytes_out_sec":8214,"total_procs":545},"count":1}},"date":1638226440,"epoch_div":27303774},{"groups":{"main":{"totals":{"load_avg":2.1826171875,"cpu_usage":100,"mem_used":8535302144,"mem_free":6046486528,"tcp_conns":93,"disk_usage_root":6.12,"disk_read_sec":4366267,"disk_write_sec":4264277,"disk_iops_sec":77,"io_wait":0,"open_files":0,"os_bytes_in_sec":243894,"os_bytes_out_sec":9641,"total_procs":546},"count":1}},"date":1638226500,"epoch_div":27303775},{"groups":{"main":{"totals":{"load_avg":2.2744140625,"cpu_usage":100,"mem_used":8450240512,"mem_free":6037069824,"tcp_conns":93,"disk_usage_root":6.12,"disk_read_sec":2934715,"disk_write_sec":4399104,"disk_iops_sec":87,"io_wait":0,"open_files":0,"os_bytes_in_sec":342972,"os_bytes_out_sec":8999,"total_procs":545},"count":1}},"date":1638226560,"epoch_div":27303776},{"groups":{"main":{"totals":{"load_avg":2.34375,"cpu_usage":100,"mem_used":8570339328,"mem_free":6002139136,"tcp_conns":91,"disk_usage_root":6.12,"disk_read_sec":3011106,"disk_write_sec":2095718,"disk_iops_sec":66,"io_wait":0,"open_files":0,"os_bytes_in_sec":447724,"os_bytes_out_sec":6891,"total_procs":544},"count":1}},"date":1638226620,"epoch_div":27303777},{"groups":{"main":{"totals":{"load_avg":2.412109375,"cpu_usage":100,"mem_used":8569892864,"mem_free":6016712704,"tcp_conns":91,"disk_usage_root":6.12,"disk_read_sec":747485,"disk_write_sec":682157,"disk_iops_sec":33,"io_wait":0,"open_files":0,"os_bytes_in_sec":762982,"os_bytes_out_sec":11700,"total_procs":543},"count":1}},"date":1638226680,"epoch_div":27303778},{"groups":{"main":{"totals":{"load_avg":2.66357421875,"cpu_usage":100,"mem_used":8333074432,"mem_free":6011305984,"tcp_conns":91,"disk_usage_root":6.12,"disk_read_sec":951480,"disk_write_sec":5136988,"disk_iops_sec":56,"io_wait":0,"open_files":0,"os_bytes_in_sec":396483,"os_bytes_out_sec":4965,"total_procs":543},"count":1}},"date":1638226740,"epoch_div":27303779},{"groups":{"main":{"totals":{"load_avg":2.71728515625,"cpu_usage":100,"mem_used":8473845760,"mem_free":5985202176,"tcp_conns":93,"disk_usage_root":6.12,"disk_read_sec":1975296,"disk_write_sec":552482,"disk_iops_sec":56,"io_wait":0,"open_files":0,"os_bytes_in_sec":377626,"os_bytes_out_sec":7879,"total_procs":545},"count":1}},"date":1638226800,"epoch_div":27303780},{"groups":{"main":{"totals":{"load_avg":2.49609375,"cpu_usage":100,"mem_used":8541425664,"mem_free":6105321472,"tcp_conns":93,"disk_usage_root":6.12,"disk_read_sec":11702067,"disk_write_sec":7928012,"disk_iops_sec":138,"io_wait":0,"open_files":0,"os_bytes_in_sec":169877,"os_bytes_out_sec":2826,"total_procs":547},"count":1}},"date":1638226860,"epoch_div":27303781},{"groups":{"main":{"totals":{"load_avg":2.779296875,"cpu_usage":100,"mem_used":8531263488,"mem_free":6084550656,"tcp_conns":97,"disk_usage_root":6.12,"disk_read_sec":16723831,"disk_write_sec":18949120,"disk_iops_sec":380,"io_wait":0,"open_files":0,"os_bytes_in_sec":171054,"os_bytes_out_sec":5485,"total_procs":551},"count":1}},"date":1638226920,"epoch_div":27303782},{"groups":{"main":{"totals":{"load_avg":2.44677734375,"cpu_usage":100,"mem_used":8219279360,"mem_free":6235418624,"tcp_conns":97,"disk_usage_root":6.12,"disk_read_sec":8143872,"disk_write_sec":9716189,"disk_iops_sec":116,"io_wait":0,"open_files":0,"os_bytes_in_sec":115510,"os_bytes_out_sec":3348,"total_procs":550},"count":1}},"date":1638226980,"epoch_div":27303783},{"groups":{"main":{"totals":{"load_avg":2.3642578125,"cpu_usage":100,"mem_used":8502947840,"mem_free":6189563904,"tcp_conns":91,"disk_usage_root":6.12,"disk_read_sec":2127872,"disk_write_sec":301533,"disk_iops_sec":37,"io_wait":0,"open_files":0,"os_bytes_in_sec":89287,"os_bytes_out_sec":3799,"total_procs":550},"count":1}},"date":1638227040,"epoch_div":27303784},{"groups":{"main":{"totals":{"load_avg":2.77978515625,"cpu_usage":100,"mem_used":8336474112,"mem_free":5997867008,"tcp_conns":88,"disk_usage_root":6.12,"disk_read_sec":4633053,"disk_write_sec":9110323,"disk_iops_sec":134,"io_wait":0,"open_files":0,"os_bytes_in_sec":2558,"os_bytes_out_sec":2759,"total_procs":550},"count":1}},"date":1638227100,"epoch_div":27303785},{"groups":{"main":{"totals":{"load_avg":1.91845703125,"cpu_usage":100,"mem_used":8564973568,"mem_free":6101934080,"tcp_conns":97,"disk_usage_root":6.12,"disk_read_sec":30332586,"disk_write_sec":22078259,"disk_iops_sec":371,"io_wait":0,"open_files":0,"os_bytes_in_sec":178456,"os_bytes_out_sec":7706,"total_procs":558},"count":1}},"date":1638227160,"epoch_div":27303786},{"groups":{"main":{"totals":{"load_avg":3.7333984375,"cpu_usage":100,"mem_used":8555446272,"mem_free":6024790016,"tcp_conns":96,"disk_usage_root":6.12,"disk_read_sec":6546500,"disk_write_sec":5216256,"disk_iops_sec":80,"io_wait":0,"open_files":0,"os_bytes_in_sec":2828,"os_bytes_out_sec":3252,"total_procs":550},"count":1}},"date":1638227220,"epoch_div":27303787},{"groups":{"main":{"totals":{"load_avg":2.478515625,"cpu_usage":100,"mem_used":8443461632,"mem_free":6055743488,"tcp_conns":96,"disk_usage_root":6.12,"disk_read_sec":10357009,"disk_write_sec":7386794,"disk_iops_sec":188,"io_wait":0,"open_files":0,"os_bytes_in_sec":85408,"os_bytes_out_sec":2985,"total_procs":551},"count":1}},"date":1638227280,"epoch_div":27303788},{"groups":{"main":{"totals":{"load_avg":3.0498046875,"cpu_usage":100,"mem_used":8398118912,"mem_free":5973598208,"tcp_conns":97,"disk_usage_root":6.12,"disk_read_sec":16853469,"disk_write_sec":4818056,"disk_iops_sec":202,"io_wait":0,"open_files":0,"os_bytes_in_sec":126290,"os_bytes_out_sec":5226,"total_procs":551},"count":1}},"date":1638227340,"epoch_div":27303789},{"groups":{"main":{"totals":{"load_avg":2.65234375,"cpu_usage":100,"mem_used":8220577792,"mem_free":5971091456,"tcp_conns":90,"disk_usage_root":6.12,"disk_read_sec":13330773,"disk_write_sec":8232618,"disk_iops_sec":187,"io_wait":0,"open_files":0,"os_bytes_in_sec":85573,"os_bytes_out_sec":3321,"total_procs":552},"count":1}},"date":1638227400,"epoch_div":27303790},{"groups":{"main":{"totals":{"load_avg":2.64013671875,"cpu_usage":100,"mem_used":8334405632,"mem_free":5954994176,"tcp_conns":95,"disk_usage_root":6.12,"disk_read_sec":15391607,"disk_write_sec":6502536,"disk_iops_sec":211,"io_wait":0,"open_files":0,"os_bytes_in_sec":409724,"os_bytes_out_sec":11173,"total_procs":554},"count":1}},"date":1638227460,"epoch_div":27303791},{"groups":{"main":{"totals":{"load_avg":2.87939453125,"cpu_usage":100,"mem_used":8463179776,"mem_free":6059986944,"tcp_conns":95,"disk_usage_root":6.12,"disk_read_sec":6421435,"disk_write_sec":5550967,"disk_iops_sec":99,"io_wait":0,"open_files":0,"os_bytes_in_sec":413436,"os_bytes_out_sec":10285,"total_procs":553},"count":1}},"date":1638227520,"epoch_div":27303792},{"groups":{"main":{"totals":{"load_avg":2.2041015625,"cpu_usage":100,"mem_used":8564342784,"mem_free":5924339712,"tcp_conns":92,"disk_usage_root":6.12,"disk_read_sec":1716770,"disk_write_sec":189371,"disk_iops_sec":30,"io_wait":0,"open_files":0,"os_bytes_in_sec":112568,"os_bytes_out_sec":2753,"total_procs":551},"count":1}},"date":1638227580,"epoch_div":27303793},{"groups":{"main":{"totals":{"load_avg":2.22509765625,"cpu_usage":100,"mem_used":8529575936,"mem_free":5923209216,"tcp_conns":92,"disk_usage_root":6.12,"disk_read_sec":4725673,"disk_write_sec":5475657,"disk_iops_sec":69,"io_wait":0,"open_files":0,"os_bytes_in_sec":170212,"os_bytes_out_sec":3564,"total_procs":551},"count":1}},"date":1638227640,"epoch_div":27303794},{"groups":{"main":{"totals":{"load_avg":2.66845703125,"cpu_usage":100,"mem_used":8295858176,"mem_free":5877465088,"tcp_conns":93,"disk_usage_root":6.12,"disk_read_sec":6471953,"disk_write_sec":5840827,"disk_iops_sec":114,"io_wait":0,"open_files":0,"os_bytes_in_sec":264633,"os_bytes_out_sec":4438,"total_procs":553},"count":1}},"date":1638227700,"epoch_div":27303795},{"groups":{"main":{"totals":{"load_avg":2.47705078125,"cpu_usage":100,"mem_used":8551096320,"mem_free":6032392192,"tcp_conns":92,"disk_usage_root":6.12,"disk_read_sec":4641170,"disk_write_sec":1804858,"disk_iops_sec":136,"io_wait":0,"open_files":0,"os_bytes_in_sec":621273,"os_bytes_out_sec":10788,"total_procs":551},"count":1}},"date":1638227760,"epoch_div":27303796},{"groups":{"main":{"totals":{"load_avg":2.962890625,"cpu_usage":100,"mem_used":8567365632,"mem_free":5948801024,"tcp_conns":91,"disk_usage_root":6.12,"disk_read_sec":1553544,"disk_write_sec":2021239,"disk_iops_sec":42,"io_wait":0,"open_files":0,"os_bytes_in_sec":484483,"os_bytes_out_sec":9593,"total_procs":550},"count":1}},"date":1638227820,"epoch_div":27303797},{"groups":{"main":{"totals":{"load_avg":3.64501953125,"cpu_usage":100,"mem_used":8399581184,"mem_free":5948633088,"tcp_conns":92,"disk_usage_root":6.12,"disk_read_sec":21550421,"disk_write_sec":9960379,"disk_iops_sec":235,"io_wait":0,"open_files":0,"os_bytes_in_sec":168302,"os_bytes_out_sec":5076,"total_procs":552},"count":1}},"date":1638227880,"epoch_div":27303798},{"groups":{"main":{"totals":{"load_avg":3.69970703125,"cpu_usage":100,"mem_used":8363732992,"mem_free":5890023424,"tcp_conns":93,"disk_usage_root":6.12,"disk_read_sec":4684800,"disk_write_sec":7253879,"disk_iops_sec":114,"io_wait":0,"open_files":0,"os_bytes_in_sec":527333,"os_bytes_out_sec":12922,"total_procs":554},"count":1}},"date":1638227940,"epoch_div":27303799},{"groups":{"main":{"totals":{"load_avg":3.28271484375,"cpu_usage":100,"mem_used":8485761024,"mem_free":5877080064,"tcp_conns":93,"disk_usage_root":6.12,"disk_read_sec":1990246,"disk_write_sec":379904,"disk_iops_sec":34,"io_wait":0,"open_files":0,"os_bytes_in_sec":332827,"os_bytes_out_sec":6530,"total_procs":551},"count":1}},"date":1638228000,"epoch_div":27303800},{"groups":{"main":{"totals":{"load_avg":4.232421875,"cpu_usage":100,"mem_used":8493461504,"mem_free":5943906304,"tcp_conns":95,"disk_usage_root":6.12,"disk_read_sec":8861013,"disk_write_sec":5024290,"disk_iops_sec":145,"io_wait":0,"open_files":0,"os_bytes_in_sec":314812,"os_bytes_out_sec":6564,"total_procs":561},"count":1}},"date":1638228060,"epoch_div":27303801},{"groups":{"main":{"totals":{"load_avg":3.03759765625,"cpu_usage":100,"mem_used":8393170944,"mem_free":5813157888,"tcp_conns":93,"disk_usage_root":6.12,"disk_read_sec":7561898,"disk_write_sec":4123921,"disk_iops_sec":110,"io_wait":0,"open_files":0,"os_bytes_in_sec":209666,"os_bytes_out_sec":3877,"total_procs":552},"count":1}},"date":1638228120,"epoch_div":27303802},{"groups":{"main":{"totals":{"load_avg":2.828125,"cpu_usage":100,"mem_used":8497221632,"mem_free":5896822784,"tcp_conns":92,"disk_usage_root":6.12,"disk_read_sec":1857223,"disk_write_sec":282693,"disk_iops_sec":32,"io_wait":0,"open_files":0,"os_bytes_in_sec":69153,"os_bytes_out_sec":3512,"total_procs":551},"count":1}},"date":1638228180,"epoch_div":27303803},{"groups":{"main":{"totals":{"load_avg":2.955078125,"cpu_usage":100,"mem_used":8475197440,"mem_free":5865152512,"tcp_conns":94,"disk_usage_root":6.12,"disk_read_sec":6393520,"disk_write_sec":6884368,"disk_iops_sec":90,"io_wait":0,"open_files":0,"os_bytes_in_sec":177321,"os_bytes_out_sec":7480,"total_procs":554},"count":1}},"date":1638228240,"epoch_div":27303804},{"groups":{"main":{"totals":{"load_avg":3.02294921875,"cpu_usage":100,"mem_used":8503349248,"mem_free":5902548992,"tcp_conns":94,"disk_usage_root":6.12,"disk_read_sec":1850368,"disk_write_sec":2788556,"disk_iops_sec":41,"io_wait":0,"open_files":0,"os_bytes_in_sec":222014,"os_bytes_out_sec":4732,"total_procs":552},"count":1}},"date":1638228300,"epoch_div":27303805},{"groups":{"main":{"totals":{"load_avg":3.0546875,"cpu_usage":100,"mem_used":8526024704,"mem_free":5966368768,"tcp_conns":92,"disk_usage_root":6.12,"disk_read_sec":2238600,"disk_write_sec":1350246,"disk_iops_sec":37,"io_wait":0,"open_files":0,"os_bytes_in_sec":229412,"os_bytes_out_sec":3341,"total_procs":550},"count":1}},"date":1638228360,"epoch_div":27303806},{"groups":{"main":{"totals":{"load_avg":3.3193359375,"cpu_usage":100,"mem_used":8558219264,"mem_free":5901234176,"tcp_conns":91,"disk_usage_root":6.12,"disk_read_sec":4849527,"disk_write_sec":4049988,"disk_iops_sec":76,"io_wait":0,"open_files":0,"os_bytes_in_sec":119315,"os_bytes_out_sec":3816,"total_procs":552},"count":1}},"date":1638228420,"epoch_div":27303807},{"groups":{"main":{"totals":{"load_avg":2.5927734375,"cpu_usage":100,"mem_used":8362962944,"mem_free":5930823680,"tcp_conns":91,"disk_usage_root":6.12,"disk_read_sec":4236151,"disk_write_sec":6863667,"disk_iops_sec":72,"io_wait":0,"open_files":0,"os_bytes_in_sec":223545,"os_bytes_out_sec":4475,"total_procs":550},"count":1}},"date":1638228480,"epoch_div":27303808},{"groups":{"main":{"totals":{"load_avg":2.3916015625,"cpu_usage":100,"mem_used":8561385472,"mem_free":5953118208,"tcp_conns":90,"disk_usage_root":6.12,"disk_read_sec":6445943,"disk_write_sec":3390532,"disk_iops_sec":62,"io_wait":0,"open_files":0,"os_bytes_in_sec":117406,"os_bytes_out_sec":2856,"total_procs":551},"count":1}},"date":1638228540,"epoch_div":27303809},{"groups":{"main":{"totals":{"load_avg":2.4609375,"cpu_usage":100,"mem_used":8515686400,"mem_free":5961695232,"tcp_conns":89,"disk_usage_root":6.12,"disk_read_sec":1304029,"disk_write_sec":1934267,"disk_iops_sec":39,"io_wait":0,"open_files":0,"os_bytes_in_sec":117825,"os_bytes_out_sec":4279,"total_procs":551},"count":1}},"date":1638228600,"epoch_div":27303810},{"groups":{"main":{"totals":{"load_avg":3.12841796875,"cpu_usage":100,"mem_used":8486952960,"mem_free":6006173696,"tcp_conns":93,"disk_usage_root":6.12,"disk_read_sec":11115110,"disk_write_sec":7004637,"disk_iops_sec":182,"io_wait":0,"open_files":0,"os_bytes_in_sec":154232,"os_bytes_out_sec":5641,"total_procs":552},"count":1}},"date":1638228660,"epoch_div":27303811},{"groups":{"main":{"totals":{"load_avg":2.4169921875,"cpu_usage":100,"mem_used":8553656320,"mem_free":5945954304,"tcp_conns":92,"disk_usage_root":6.12,"disk_read_sec":7843498,"disk_write_sec":2367624,"disk_iops_sec":84,"io_wait":0,"open_files":0,"os_bytes_in_sec":84134,"os_bytes_out_sec":3095,"total_procs":552},"count":1}},"date":1638228720,"epoch_div":27303812},{"groups":{"main":{"totals":{"load_avg":3.4267578125,"cpu_usage":100,"mem_used":8565129216,"mem_free":6218067968,"tcp_conns":99,"disk_usage_root":6.12,"disk_read_sec":11347217,"disk_write_sec":8528008,"disk_iops_sec":152,"io_wait":0,"open_files":0,"os_bytes_in_sec":30574,"os_bytes_out_sec":4545,"total_procs":559},"count":1}},"date":1638228780,"epoch_div":27303813},{"groups":{"main":{"totals":{"load_avg":4.71044921875,"cpu_usage":100,"mem_used":7679004672,"mem_free":6360702976,"tcp_conns":99,"disk_usage_root":6.12,"disk_read_sec":9991168,"disk_write_sec":24384580,"disk_iops_sec":196,"io_wait":0,"open_files":0,"os_bytes_in_sec":3076,"os_bytes_out_sec":2248,"total_procs":557},"count":1}},"date":1638228840,"epoch_div":27303814},{"groups":{"main":{"totals":{"load_avg":3.140625,"cpu_usage":100,"mem_used":7824031744,"mem_free":6247989248,"tcp_conns":96,"disk_usage_root":6.12,"disk_read_sec":5161779,"disk_write_sec":460663,"disk_iops_sec":48,"io_wait":0,"open_files":0,"os_bytes_in_sec":761,"os_bytes_out_sec":1204,"total_procs":551},"count":1}},"date":1638228900,"epoch_div":27303815},{"groups":{"main":{"totals":{"load_avg":5.896484375,"cpu_usage":100,"mem_used":8518942720,"mem_free":6112165888,"tcp_conns":96,"disk_usage_root":6.12,"disk_read_sec":9157700,"disk_write_sec":118237,"disk_iops_sec":82,"io_wait":0,"open_files":0,"os_bytes_in_sec":1021,"os_bytes_out_sec":2160,"total_procs":546},"count":1}},"date":1638228960,"epoch_div":27303816},{"groups":{"main":{"totals":{"load_avg":4.50927734375,"cpu_usage":100,"mem_used":8122425344,"mem_free":6084390912,"tcp_conns":92,"disk_usage_root":6.12,"disk_read_sec":1694924,"disk_write_sec":7523805,"disk_iops_sec":65,"io_wait":0,"open_files":0,"os_bytes_in_sec":732,"os_bytes_out_sec":1328,"total_procs":545},"count":1}},"date":1638229020,"epoch_div":27303817},{"groups":{"main":{"totals":{"load_avg":3.43017578125,"cpu_usage":100,"mem_used":8514355200,"mem_free":6005075968,"tcp_conns":87,"disk_usage_root":6.12,"disk_read_sec":4666107,"disk_write_sec":107537,"disk_iops_sec":38,"io_wait":0,"open_files":0,"os_bytes_in_sec":1151,"os_bytes_out_sec":2867,"total_procs":546},"count":1}},"date":1638229080,"epoch_div":27303818},{"groups":{"main":{"totals":{"load_avg":2.43603515625,"cpu_usage":100,"mem_used":8545771520,"mem_free":6021156864,"tcp_conns":86,"disk_usage_root":6.12,"disk_read_sec":574917,"disk_write_sec":108913,"disk_iops_sec":23,"io_wait":0,"open_files":0,"os_bytes_in_sec":567,"os_bytes_out_sec":1426,"total_procs":545},"count":1}},"date":1638229140,"epoch_div":27303819},{"groups":{"main":{"totals":{"load_avg":2.49462890625,"cpu_usage":100,"mem_used":8461017088,"mem_free":6098399232,"tcp_conns":86,"disk_usage_root":6.12,"disk_read_sec":6710749,"disk_write_sec":7964194,"disk_iops_sec":133,"io_wait":0,"open_files":0,"os_bytes_in_sec":935,"os_bytes_out_sec":1830,"total_procs":557},"count":1}},"date":1638229200,"epoch_div":27303820},{"groups":{"main":{"totals":{"load_avg":2.171875,"cpu_usage":100,"mem_used":8512024576,"mem_free":6061879296,"tcp_conns":90,"disk_usage_root":6.12,"disk_read_sec":11741934,"disk_write_sec":3388962,"disk_iops_sec":185,"io_wait":0,"open_files":0,"os_bytes_in_sec":86607,"os_bytes_out_sec":3317,"total_procs":548},"count":1}},"date":1638229260,"epoch_div":27303821},{"groups":{"main":{"totals":{"load_avg":2.03759765625,"cpu_usage":100,"mem_used":8461058048,"mem_free":6011301888,"tcp_conns":94,"disk_usage_root":6.12,"disk_read_sec":1701317,"disk_write_sec":1869186,"disk_iops_sec":48,"io_wait":0,"open_files":0,"os_bytes_in_sec":1181,"os_bytes_out_sec":2511,"total_procs":548},"count":1}},"date":1638229320,"epoch_div":27303822},{"groups":{"main":{"totals":{"load_avg":6.10546875,"cpu_usage":100,"mem_used":8415891456,"mem_free":6020800512,"tcp_conns":91,"disk_usage_root":6.12,"disk_read_sec":9587507,"disk_write_sec":10517299,"disk_iops_sec":114,"io_wait":0,"open_files":0,"os_bytes_in_sec":1500,"os_bytes_out_sec":1541,"total_procs":548},"count":1}},"date":1638229380,"epoch_div":27303823},{"groups":{"main":{"totals":{"load_avg":5.77587890625,"cpu_usage":100,"mem_used":8382668800,"mem_free":6031867904,"tcp_conns":90,"disk_usage_root":6.12,"disk_read_sec":12190190,"disk_write_sec":2690648,"disk_iops_sec":168,"io_wait":0,"open_files":0,"os_bytes_in_sec":87413,"os_bytes_out_sec":3880,"total_procs":546},"count":1}},"date":1638229440,"epoch_div":27303824},{"groups":{"main":{"totals":{"load_avg":3.9755859375,"cpu_usage":100,"mem_used":8298680320,"mem_free":5971013632,"tcp_conns":93,"disk_usage_root":6.12,"disk_read_sec":8026347,"disk_write_sec":4639022,"disk_iops_sec":110,"io_wait":0,"open_files":0,"os_bytes_in_sec":41647,"os_bytes_out_sec":1620,"total_procs":547},"count":1}},"date":1638229500,"epoch_div":27303825},{"groups":{"main":{"totals":{"load_avg":3.1865234375,"cpu_usage":100,"mem_used":8007974912,"mem_free":6036848640,"tcp_conns":96,"disk_usage_root":6.12,"disk_read_sec":15022216,"disk_write_sec":14327466,"disk_iops_sec":284,"io_wait":0,"open_files":0,"os_bytes_in_sec":44568,"os_bytes_out_sec":4250,"total_procs":552},"count":1}},"date":1638229560,"epoch_div":27303826},{"groups":{"main":{"totals":{"load_avg":2.78173828125,"cpu_usage":100,"mem_used":8286691328,"mem_free":5856800768,"tcp_conns":94,"disk_usage_root":6.12,"disk_read_sec":14547012,"disk_write_sec":8836642,"disk_iops_sec":227,"io_wait":0,"open_files":0,"os_bytes_in_sec":42962,"os_bytes_out_sec":3037,"total_procs":557},"count":1}},"date":1638229620,"epoch_div":27303827},{"groups":{"main":{"totals":{"load_avg":2.3408203125,"cpu_usage":100,"mem_used":8424202240,"mem_free":5903536128,"tcp_conns":91,"disk_usage_root":6.12,"disk_read_sec":1517568,"disk_write_sec":109294,"disk_iops_sec":27,"io_wait":0,"open_files":0,"os_bytes_in_sec":589,"os_bytes_out_sec":1390,"total_procs":550},"count":1}},"date":1638229680,"epoch_div":27303828},{"groups":{"main":{"totals":{"load_avg":2.64990234375,"cpu_usage":100,"mem_used":8317329408,"mem_free":5905440768,"tcp_conns":90,"disk_usage_root":6.12,"disk_read_sec":11408110,"disk_write_sec":3487948,"disk_iops_sec":185,"io_wait":0,"open_files":0,"os_bytes_in_sec":125865,"os_bytes_out_sec":4614,"total_procs":556},"count":1}},"date":1638229740,"epoch_div":27303829},{"groups":{"main":{"totals":{"load_avg":3.20849609375,"cpu_usage":100,"mem_used":8233529344,"mem_free":6151700480,"tcp_conns":88,"disk_usage_root":6.12,"disk_read_sec":35484467,"disk_write_sec":12212701,"disk_iops_sec":391,"io_wait":0,"open_files":0,"os_bytes_in_sec":210646,"os_bytes_out_sec":12579,"total_procs":557},"count":1}},"date":1638229800,"epoch_div":27303830},{"groups":{"main":{"totals":{"load_avg":4.107421875,"cpu_usage":100,"mem_used":8323952640,"mem_free":6079389696,"tcp_conns":93,"disk_usage_root":6.12,"disk_read_sec":17880845,"disk_write_sec":3672445,"disk_iops_sec":202,"io_wait":0,"open_files":0,"os_bytes_in_sec":135084,"os_bytes_out_sec":4811,"total_procs":555},"count":1}},"date":1638229860,"epoch_div":27303831},{"groups":{"main":{"totals":{"load_avg":2.9912109375,"cpu_usage":100,"mem_used":8568029184,"mem_free":6377422848,"tcp_conns":113,"disk_usage_root":6.12,"disk_read_sec":44560652,"disk_write_sec":28026174,"disk_iops_sec":513,"io_wait":0,"open_files":0,"os_bytes_in_sec":157291,"os_bytes_out_sec":12620,"total_procs":557},"count":1}},"date":1638229920,"epoch_div":27303832},{"groups":{"main":{"totals":{"load_avg":3.064453125,"cpu_usage":100,"mem_used":7794089984,"mem_free":6273163264,"tcp_conns":97,"disk_usage_root":6.12,"disk_read_sec":28221986,"disk_write_sec":39365017,"disk_iops_sec":431,"io_wait":0,"open_files":0,"os_bytes_in_sec":127604,"os_bytes_out_sec":5491,"total_procs":556},"count":1}},"date":1638229980,"epoch_div":27303833},{"groups":{"main":{"totals":{"load_avg":2.6728515625,"cpu_usage":100,"mem_used":8508375040,"mem_free":6468964352,"tcp_conns":105,"disk_usage_root":6.12,"disk_read_sec":23224661,"disk_write_sec":5244381,"disk_iops_sec":254,"io_wait":0,"open_files":0,"os_bytes_in_sec":67612,"os_bytes_out_sec":6699,"total_procs":556},"count":1}},"date":1638230040,"epoch_div":27303834},{"groups":{"main":{"totals":{"load_avg":2.39892578125,"cpu_usage":100,"mem_used":8503963648,"mem_free":6084653056,"tcp_conns":105,"disk_usage_root":6.12,"disk_read_sec":24008977,"disk_write_sec":22104268,"disk_iops_sec":336,"io_wait":0,"open_files":0,"os_bytes_in_sec":47922,"os_bytes_out_sec":3888,"total_procs":557},"count":1}},"date":1638230100,"epoch_div":27303835},{"groups":{"main":{"totals":{"load_avg":3.2578125,"cpu_usage":100,"mem_used":8243990528,"mem_free":6379159552,"tcp_conns":159,"disk_usage_root":6.12,"disk_read_sec":27435895,"disk_write_sec":23926374,"disk_iops_sec":471,"io_wait":0,"open_files":0,"os_bytes_in_sec":125116,"os_bytes_out_sec":13921,"total_procs":558},"count":1}},"date":1638230160,"epoch_div":27303836},{"groups":{"main":{"totals":{"load_avg":3.26904296875,"cpu_usage":100,"mem_used":7765942272,"mem_free":6586945536,"tcp_conns":148,"disk_usage_root":6.12,"disk_read_sec":26110361,"disk_write_sec":29460753,"disk_iops_sec":276,"io_wait":0,"open_files":0,"os_bytes_in_sec":30085,"os_bytes_out_sec":4854,"total_procs":555},"count":1}},"date":1638230220,"epoch_div":27303837},{"groups":{"main":{"totals":{"load_avg":2.66552734375,"cpu_usage":100,"mem_used":7732891648,"mem_free":6291165184,"tcp_conns":142,"disk_usage_root":6.12,"disk_read_sec":14206156,"disk_write_sec":18573653,"disk_iops_sec":159,"io_wait":0,"open_files":0,"os_bytes_in_sec":2359,"os_bytes_out_sec":4281,"total_procs":558},"count":1}},"date":1638230280,"epoch_div":27303838},{"groups":{"main":{"totals":{"load_avg":2.35107421875,"cpu_usage":100,"mem_used":7040274432,"mem_free":6716887040,"tcp_conns":136,"disk_usage_root":6.12,"disk_read_sec":55769634,"disk_write_sec":55123353,"disk_iops_sec":551,"io_wait":0,"open_files":0,"os_bytes_in_sec":12273,"os_bytes_out_sec":7020,"total_procs":548},"count":1}},"date":1638230340,"epoch_div":27303839},{"groups":{"main":{"totals":{"load_avg":2.23046875,"cpu_usage":100,"mem_used":8322060288,"mem_free":6447538176,"tcp_conns":115,"disk_usage_root":6.12,"disk_read_sec":17143287,"disk_write_sec":377873,"disk_iops_sec":143,"io_wait":0,"open_files":0,"os_bytes_in_sec":10935,"os_bytes_out_sec":12884,"total_procs":550},"count":1}},"date":1638230400,"epoch_div":27303840},{"groups":{"main":{"totals":{"load_avg":2.1884765625,"cpu_usage":100,"mem_used":8563163136,"mem_free":6379880448,"tcp_conns":112,"disk_usage_root":6.12,"disk_read_sec":4597826,"disk_write_sec":206649,"disk_iops_sec":132,"io_wait":0,"open_files":0,"os_bytes_in_sec":8101,"os_bytes_out_sec":2338,"total_procs":548},"count":1}},"date":1638230460,"epoch_div":27303841},{"groups":{"main":{"totals":{"load_avg":1.970703125,"cpu_usage":100,"mem_used":8567472128,"mem_free":6509453312,"tcp_conns":100,"disk_usage_root":6.12,"disk_read_sec":8229419,"disk_write_sec":5206849,"disk_iops_sec":134,"io_wait":0,"open_files":0,"os_bytes_in_sec":960,"os_bytes_out_sec":2362,"total_procs":549},"count":1}},"date":1638230520,"epoch_div":27303842},{"groups":{"main":{"totals":{"load_avg":1.6943359375,"cpu_usage":100,"mem_used":8566956032,"mem_free":6563274752,"tcp_conns":101,"disk_usage_root":6.12,"disk_read_sec":1917132,"disk_write_sec":131549,"disk_iops_sec":43,"io_wait":0,"open_files":0,"os_bytes_in_sec":1568,"os_bytes_out_sec":1971,"total_procs":545},"count":1}},"date":1638230580,"epoch_div":27303843},{"groups":{"main":{"totals":{"load_avg":2.27490234375,"cpu_usage":100,"mem_used":7918714880,"mem_free":6495506432,"tcp_conns":101,"disk_usage_root":6.12,"disk_read_sec":21388561,"disk_write_sec":32892654,"disk_iops_sec":327,"io_wait":0,"open_files":0,"os_bytes_in_sec":8551,"os_bytes_out_sec":6715,"total_procs":550},"count":1}},"date":1638230640,"epoch_div":27303844},{"groups":{"main":{"totals":{"load_avg":3.00390625,"cpu_usage":100,"mem_used":8550240256,"mem_free":6516363264,"tcp_conns":102,"disk_usage_root":6.12,"disk_read_sec":14915174,"disk_write_sec":4322713,"disk_iops_sec":124,"io_wait":0,"open_files":0,"os_bytes_in_sec":6616,"os_bytes_out_sec":10927,"total_procs":548},"count":1}},"date":1638230700,"epoch_div":27303845},{"groups":{"main":{"totals":{"load_avg":2.4306640625,"cpu_usage":100,"mem_used":7091965952,"mem_free":6872817664,"tcp_conns":105,"disk_usage_root":6.12,"disk_read_sec":23234178,"disk_write_sec":39725854,"disk_iops_sec":322,"io_wait":0,"open_files":0,"os_bytes_in_sec":3136,"os_bytes_out_sec":4385,"total_procs":548},"count":1}},"date":1638230760,"epoch_div":27303846},{"groups":{"main":{"totals":{"load_avg":2.1552734375,"cpu_usage":100,"mem_used":7880212480,"mem_free":6673276928,"tcp_conns":99,"disk_usage_root":6.12,"disk_read_sec":9538082,"disk_write_sec":172646,"disk_iops_sec":69,"io_wait":0,"open_files":0,"os_bytes_in_sec":1824,"os_bytes_out_sec":2483,"total_procs":546},"count":1}},"date":1638230820,"epoch_div":27303847},{"groups":{"main":{"totals":{"load_avg":1.90673828125,"cpu_usage":100,"mem_used":8133054464,"mem_free":6546423808,"tcp_conns":100,"disk_usage_root":6.12,"disk_read_sec":2492825,"disk_write_sec":157900,"disk_iops_sec":39,"io_wait":0,"open_files":0,"os_bytes_in_sec":1545,"os_bytes_out_sec":3458,"total_procs":547},"count":1}},"date":1638230880,"epoch_div":27303848},{"groups":{"main":{"totals":{"load_avg":2.236328125,"cpu_usage":100,"mem_used":7612182528,"mem_free":6445465600,"tcp_conns":102,"disk_usage_root":6.12,"disk_read_sec":13922908,"disk_write_sec":23081430,"disk_iops_sec":221,"io_wait":0,"open_files":0,"os_bytes_in_sec":5063,"os_bytes_out_sec":4616,"total_procs":547},"count":1}},"date":1638230940,"epoch_div":27303849},{"groups":{"main":{"totals":{"load_avg":2.59765625,"cpu_usage":100,"mem_used":8238690304,"mem_free":6289342464,"tcp_conns":100,"disk_usage_root":6.12,"disk_read_sec":7758711,"disk_write_sec":189713,"disk_iops_sec":62,"io_wait":0,"open_files":0,"os_bytes_in_sec":1851,"os_bytes_out_sec":3079,"total_procs":548},"count":1}},"date":1638231000,"epoch_div":27303850},{"groups":{"main":{"totals":{"load_avg":2.4892578125,"cpu_usage":100,"mem_used":8378605568,"mem_free":6348955648,"tcp_conns":98,"disk_usage_root":6.12,"disk_read_sec":6609783,"disk_write_sec":4693333,"disk_iops_sec":84,"io_wait":0,"open_files":0,"os_bytes_in_sec":9184,"os_bytes_out_sec":2871,"total_procs":549},"count":1}},"date":1638231060,"epoch_div":27303851},{"groups":{"main":{"totals":{"load_avg":2.8681640625,"cpu_usage":100,"mem_used":8478949376,"mem_free":6330699776,"tcp_conns":102,"disk_usage_root":6.12,"disk_read_sec":34079470,"disk_write_sec":33636761,"disk_iops_sec":362,"io_wait":0,"open_files":0,"os_bytes_in_sec":11982,"os_bytes_out_sec":9525,"total_procs":548},"count":1}},"date":1638231120,"epoch_div":27303852},{"groups":{"main":{"totals":{"load_avg":2.67724609375,"cpu_usage":100,"mem_used":8386617344,"mem_free":6256939008,"tcp_conns":102,"disk_usage_root":6.12,"disk_read_sec":4847684,"disk_write_sec":7415876,"disk_iops_sec":194,"io_wait":0,"open_files":0,"os_bytes_in_sec":3888,"os_bytes_out_sec":4093,"total_procs":543},"count":1}},"date":1638231180,"epoch_div":27303853},{"groups":{"main":{"totals":{"load_avg":2.29736328125,"cpu_usage":100,"mem_used":8445775872,"mem_free":6208630784,"tcp_conns":101,"disk_usage_root":6.12,"disk_read_sec":12225331,"disk_write_sec":12675891,"disk_iops_sec":143,"io_wait":0,"open_files":0,"os_bytes_in_sec":3325,"os_bytes_out_sec":3956,"total_procs":547},"count":1}},"date":1638231240,"epoch_div":27303854},{"groups":{"main":{"totals":{"load_avg":2.64404296875,"cpu_usage":100,"mem_used":8307752960,"mem_free":6248513536,"tcp_conns":100,"disk_usage_root":6.12,"disk_read_sec":12329233,"disk_write_sec":9805141,"disk_iops_sec":193,"io_wait":0,"open_files":0,"os_bytes_in_sec":29194,"os_bytes_out_sec":5348,"total_procs":546},"count":1}},"date":1638231300,"epoch_div":27303855},{"groups":{"main":{"totals":{"load_avg":1.880859375,"cpu_usage":100,"mem_used":8452145152,"mem_free":6257508352,"tcp_conns":99,"disk_usage_root":6.12,"disk_read_sec":5975654,"disk_write_sec":4182903,"disk_iops_sec":95,"io_wait":0,"open_files":0,"os_bytes_in_sec":1053,"os_bytes_out_sec":2301,"total_procs":543},"count":1}},"date":1638231360,"epoch_div":27303856},{"groups":{"main":{"totals":{"load_avg":2.22607421875,"cpu_usage":100,"mem_used":8306331648,"mem_free":6180806656,"tcp_conns":98,"disk_usage_root":6.12,"disk_read_sec":5151197,"disk_write_sec":7106833,"disk_iops_sec":130,"io_wait":0,"open_files":0,"os_bytes_in_sec":2022,"os_bytes_out_sec":3024,"total_procs":545},"count":1}},"date":1638231420,"epoch_div":27303857},{"groups":{"main":{"totals":{"load_avg":2.80224609375,"cpu_usage":100,"mem_used":8211034112,"mem_free":6938398720,"tcp_conns":100,"disk_usage_root":6.12,"disk_read_sec":29821405,"disk_write_sec":18047180,"disk_iops_sec":352,"io_wait":0,"open_files":0,"os_bytes_in_sec":1087,"os_bytes_out_sec":2499,"total_procs":550},"count":1}},"date":1638231480,"epoch_div":27303858},{"groups":{"main":{"totals":{"load_avg":2.84765625,"cpu_usage":100,"mem_used":8413413376,"mem_free":6087049216,"tcp_conns":152,"disk_usage_root":6.12,"disk_read_sec":35078417,"disk_write_sec":49732949,"disk_iops_sec":470,"io_wait":0,"open_files":0,"os_bytes_in_sec":39255,"os_bytes_out_sec":14224,"total_procs":570},"count":1}},"date":1638231540,"epoch_div":27303859},{"groups":{"main":{"totals":{"load_avg":2.23974609375,"cpu_usage":100,"mem_used":8490098688,"mem_free":6287183872,"tcp_conns":135,"disk_usage_root":6.12,"disk_read_sec":11165696,"disk_write_sec":916480,"disk_iops_sec":161,"io_wait":0,"open_files":0,"os_bytes_in_sec":17241,"os_bytes_out_sec":5250,"total_procs":551},"count":1}},"date":1638231600,"epoch_div":27303860},{"groups":{"main":{"totals":{"load_avg":2.4453125,"cpu_usage":100,"mem_used":6872915968,"mem_free":6732406784,"tcp_conns":132,"disk_usage_root":6.12,"disk_read_sec":26105309,"disk_write_sec":46047914,"disk_iops_sec":404,"io_wait":0,"open_files":0,"os_bytes_in_sec":31347,"os_bytes_out_sec":11446,"total_procs":558},"count":1}},"date":1638231660,"epoch_div":27303861},{"groups":{"main":{"totals":{"load_avg":3.40234375,"cpu_usage":100,"mem_used":7470698496,"mem_free":6302941184,"tcp_conns":167,"disk_usage_root":6.12,"disk_read_sec":23025143,"disk_write_sec":22957594,"disk_iops_sec":294,"io_wait":0,"open_files":0,"os_bytes_in_sec":126554,"os_bytes_out_sec":11475,"total_procs":555},"count":1}},"date":1638231720,"epoch_div":27303862}]}