{"type":"list_page","items":[{"date":1636732800,"epoch_div":27278880,"totals":{"load_avg":1.869140625,"cpu_usage":100,"mem_used":8516599808,"mem_free":6243348480,"tcp_conns":21,"disk_usage_root":6.12,"disk_read_sec":55227,"disk_write_sec":55500,"disk_iops_sec":12,"io_wait":0,"open_files":0,"os_bytes_in_sec":265,"os_bytes_out_sec":189,"total_procs":493},"count":1},{"date":1636732860,"epoch_div":27278881,"totals":{"load_avg":1.7119140625,"cpu_usage":100,"mem_used":8520466432,"mem_free":6195544064,"tcp_conns":21,"disk_usage_root":6.12,"disk_read_sec":23534,"disk_write_sec":89556,"disk_iops_sec":19,"io_wait":0,"open_files":0,"os_bytes_in_sec":95,"os_bytes_out_sec":78,"total_procs":494},"count":1},{"date":1636732920,"epoch_div":27278882,"totals":{"load_avg":1.83837890625,"cpu_usage":100,"mem_used":8524140544,"mem_free":6210732032,"tcp_conns":21,"disk_usage_root":6.12,"disk_read_sec":134,"disk_write_sec":53516,"disk_iops_sec":10,"io_wait":0,"open_files":0,"os_bytes_in_sec":88,"os_bytes_out_sec":117,"total_procs":493},"count":1},{"date":1636732980,"epoch_div":27278883,"totals":{"load_avg":2.81689453125,"cpu_usage":100,"mem_used":8527654912,"mem_free":6213312512,"tcp_conns":22,"disk_usage_root":6.12,"disk_read_sec":2457,"disk_write_sec":68130,"disk_iops_sec":12,"io_wait":0,"open_files":0,"os_bytes_in_sec":180,"os_bytes_out_sec":154,"total_procs":494},"count":1},{"date":1636733040,"epoch_div":27278884,"totals":{"load_avg":1.85205078125,"cpu_usage":100,"mem_used":8547602432,"mem_free":6204723200,"tcp_conns":21,"disk_usage_root":6.12,"disk_read_sec":2867,"disk_write_sec":367206,"disk_iops_sec":12,"io_wait":0,"open_files":0,"os_bytes_in_sec":466,"os_bytes_out_sec":219,"total_procs":498},"count":1},{"date":1636733100,"epoch_div":27278885,"totals":{"load_avg":1.82177734375,"cpu_usage":100,"mem_used":8541839360,"mem_free":6228221952,"tcp_conns":22,"disk_usage_root":6.12,"disk_read_sec":44851,"disk_write_sec":77073,"disk_iops_sec":15,"io_wait":0,"open_files":0,"os_bytes_in_sec":451,"os_bytes_out_sec":316,"total_procs":494},"count":1},{"date":1636733160,"epoch_div":27278886,"totals":{"load_avg":1.92529296875,"cpu_usage":100,"mem_used":8509964288,"mem_free":6213443584,"tcp_conns":22,"disk_usage_root":6.12,"disk_read_sec":292522,"disk_write_sec":62464,"disk_iops_sec":34,"io_wait":0,"open_files":0,"os_bytes_in_sec":143,"os_bytes_out_sec":123,"total_procs":493},"count":1},{"date":1636733220,"epoch_div":27278887,"totals":{"load_avg":1.94580078125,"cpu_usage":100,"mem_used":8513671168,"mem_free":6224662528,"tcp_conns":21,"disk_usage_root":6.12,"disk_read_sec":5120,"disk_write_sec":51268,"disk_iops_sec":10,"io_wait":0,"open_files":0,"os_bytes_in_sec":88,"os_bytes_out_sec":88,"total_procs":494},"count":1},{"date":1636733280,"epoch_div":27278888,"totals":{"load_avg":1.6220703125,"cpu_usage":100,"mem_used":8535093248,"mem_free":6225227776,"tcp_conns":21,"disk_usage_root":6.12,"disk_read_sec":44100,"disk_write_sec":114005,"disk_iops_sec":20,"io_wait":0,"open_files":0,"os_bytes_in_sec":590,"os_bytes_out_sec":375,"total_procs":498},"count":1},{"date":1636733340,"epoch_div":27278889,"totals":{"load_avg":2.05126953125,"cpu_usage":100,"mem_used":8525344768,"mem_free":6204719104,"tcp_conns":20,"disk_usage_root":6.12,"disk_read_sec":1706,"disk_write_sec":64716,"disk_iops_sec":12,"io_wait":0,"open_files":0,"os_bytes_in_sec":425,"os_bytes_out_sec":263,"total_procs":494},"count":1},{"date":1636733400,"epoch_div":27278890,"totals":{"load_avg":1.96484375,"cpu_usage":100,"mem_used":8524361728,"mem_free":6239940608,"tcp_conns":21,"disk_usage_root":6.12,"disk_read_sec":2935,"disk_write_sec":57821,"disk_iops_sec":11,"io_wait":0,"open_files":0,"os_bytes_in_sec":268,"os_bytes_out_sec":208,"total_procs":493},"count":1},{"date":1636733460,"epoch_div":27278891,"totals":{"load_avg":1.90283203125,"cpu_usage":100,"mem_used":8526548992,"mem_free":6195892224,"tcp_conns":21,"disk_usage_root":6.12,"disk_read_sec":0,"disk_write_sec":59323,"disk_iops_sec":10,"io_wait":0,"open_files":0,"os_bytes_in_sec":49,"os_bytes_out_sec":78,"total_procs":494},"count":1},{"date":1636733520,"epoch_div":27278892,"totals":{"load_avg":2.95556640625,"cpu_usage":100,"mem_used":8526114816,"mem_free":6215241728,"tcp_conns":22,"disk_usage_root":6.12,"disk_read_sec":750,"disk_write_sec":51677,"disk_iops_sec":9,"io_wait":0,"open_files":0,"os_bytes_in_sec":250,"os_bytes_out_sec":242,"total_procs":493},"count":1},{"date":1636733580,"epoch_div":27278893,"totals":{"load_avg":2.34619140625,"cpu_usage":100,"mem_used":8528994304,"mem_free":6214815744,"tcp_conns":21,"disk_usage_root":6.12,"disk_read_sec":5939,"disk_write_sec":76731,"disk_iops_sec":12,"io_wait":0,"open_files":0,"os_bytes_in_sec":52,"os_bytes_out_sec":103,"total_procs":494},"count":1},{"date":1636733640,"epoch_div":27278894,"totals":{"load_avg":2.06640625,"cpu_usage":100,"mem_used":8525819904,"mem_free":6214230016,"tcp_conns":19,"disk_usage_root":6.12,"disk_read_sec":273,"disk_write_sec":58436,"disk_iops_sec":10,"io_wait":0,"open_files":0,"os_bytes_in_sec":391,"os_bytes_out_sec":127,"total_procs":493},"count":1},{"date":1636733700,"epoch_div":27278895,"totals":{"load_avg":2.35107421875,"cpu_usage":100,"mem_used":8530092032,"mem_free":6237732864,"tcp_conns":20,"disk_usage_root":6.12,"disk_read_sec":8806,"disk_write_sec":56661,"disk_iops_sec":12,"io_wait":0,"open_files":0,"os_bytes_in_sec":184,"os_bytes_out_sec":174,"total_procs":494},"count":1},{"date":1636733760,"epoch_div":27278896,"totals":{"load_avg":1.9375,"cpu_usage":100,"mem_used":8572219392,"mem_free":6207770624,"tcp_conns":20,"disk_usage_root":6.12,"disk_read_sec":2730,"disk_write_sec":57617,"disk_iops_sec":10,"io_wait":0,"open_files":0,"os_bytes_in_sec":128,"os_bytes_out_sec":113,"total_procs":493},"count":1},{"date":1636733820,"epoch_div":27278897,"totals":{"load_avg":2.37890625,"cpu_usage":100,"mem_used":8499056640,"mem_free":6243905536,"tcp_conns":20,"disk_usage_root":6.12,"disk_read_sec":22801,"disk_write_sec":56524,"disk_iops_sec":11,"io_wait":0,"open_files":0,"os_bytes_in_sec":74,"os_bytes_out_sec":78,"total_procs":494},"count":1},{"date":1636733880,"epoch_div":27278898,"totals":{"load_avg":1.91943359375,"cpu_usage":100,"mem_used":8501456896,"mem_free":6237999104,"tcp_conns":21,"disk_usage_root":6.12,"disk_read_sec":39253,"disk_write_sec":77414,"disk_iops_sec":14,"io_wait":0,"open_files":0,"os_bytes_in_sec":370,"os_bytes_out_sec":281,"total_procs":494},"count":1},{"date":1636733940,"epoch_div":27278899,"totals":{"load_avg":1.6162109375,"cpu_usage":100,"mem_used":8510582784,"mem_free":6233821184,"tcp_conns":20,"disk_usage_root":6.12,"disk_read_sec":109620,"disk_write_sec":225141,"disk_iops_sec":54,"io_wait":0,"open_files":0,"os_bytes_in_sec":541,"os_bytes_out_sec":392,"total_procs":496},"count":1},{"date":1636734000,"epoch_div":27278900,"totals":{"load_avg":2.3505859375,"cpu_usage":100,"mem_used":8412106752,"mem_free":6359040000,"tcp_conns":23,"disk_usage_root":6.12,"disk_read_sec":338087,"disk_write_sec":1494569,"disk_iops_sec":31,"io_wait":0,"open_files":0,"os_bytes_in_sec":12186,"os_bytes_out_sec":1488,"total_procs":497},"count":1},{"date":1636734060,"epoch_div":27278901,"totals":{"load_avg":2.31005859375,"cpu_usage":100,"mem_used":8408911872,"mem_free":6333497344,"tcp_conns":21,"disk_usage_root":6.12,"disk_read_sec":1297,"disk_write_sec":61644,"disk_iops_sec":11,"io_wait":0,"open_files":0,"os_bytes_in_sec":137,"os_bytes_out_sec":102,"total_procs":494},"count":1},{"date":1636734120,"epoch_div":27278902,"totals":{"load_avg":2.81884765625,"cpu_usage":100,"mem_used":8405745664,"mem_free":6339584000,"tcp_conns":21,"disk_usage_root":6.12,"disk_read_sec":409,"disk_write_sec":52906,"disk_iops_sec":9,"io_wait":0,"open_files":0,"os_bytes_in_sec":84,"os_bytes_out_sec":114,"total_procs":493},"count":1},{"date":1636734180,"epoch_div":27278903,"totals":{"load_avg":1.83642578125,"cpu_usage":100,"mem_used":8409300992,"mem_free":6338805760,"tcp_conns":21,"disk_usage_root":6.12,"disk_read_sec":9094,"disk_write_sec":61162,"disk_iops_sec":12,"io_wait":0,"open_files":0,"os_bytes_in_sec":105,"os_bytes_out_sec":72,"total_procs":494},"count":1},{"date":1636734240,"epoch_div":27278904,"totals":{"load_avg":1.81884765625,"cpu_usage":100,"mem_used":8408399872,"mem_free":6338162688,"tcp_conns":19,"disk_usage_root":6.12,"disk_read_sec":1544,"disk_write_sec":64125,"disk_iops_sec":12,"io_wait":0,"open_files":0,"os_bytes_in_sec":394,"os_bytes_out_sec":142,"total_procs":493},"count":1},{"date":1636734300,"epoch_div":27278905,"totals":{"load_avg":2.154296875,"cpu_usage":100,"mem_used":8412622848,"mem_free":6351724544,"tcp_conns":20,"disk_usage_root":6.12,"disk_read_sec":23005,"disk_write_sec":76936,"disk_iops_sec":13,"io_wait":0,"open_files":0,"os_bytes_in_sec":433,"os_bytes_out_sec":230,"total_procs":494},"count":1},{"date":1636734360,"epoch_div":27278906,"totals":{"load_avg":3.08203125,"cpu_usage":100,"mem_used":8488132608,"mem_free":6272864256,"tcp_conns":20,"disk_usage_root":6.12,"disk_read_sec":273544,"disk_write_sec":64512,"disk_iops_sec":32,"io_wait":0,"open_files":0,"os_bytes_in_sec":312,"os_bytes_out_sec":195,"total_procs":494},"count":1},{"date":1636734420,"epoch_div":27278907,"totals":{"load_avg":1.990234375,"cpu_usage":100,"mem_used":8421826560,"mem_free":6324817920,"tcp_conns":20,"disk_usage_root":6.12,"disk_read_sec":955,"disk_write_sec":59801,"disk_iops_sec":11,"io_wait":0,"open_files":0,"os_bytes_in_sec":51,"os_bytes_out_sec":72,"total_procs":494},"count":1},{"date":1636734480,"epoch_div":27278908,"totals":{"load_avg":1.8388671875,"cpu_usage":100,"mem_used":8422920192,"mem_free":6320279552,"tcp_conns":21,"disk_usage_root":6.12,"disk_read_sec":18568,"disk_write_sec":58982,"disk_iops_sec":12,"io_wait":0,"open_files":0,"os_bytes_in_sec":289,"os_bytes_out_sec":209,"total_procs":494},"count":1},{"date":1636734540,"epoch_div":27278909,"totals":{"load_avg":2.58203125,"cpu_usage":100,"mem_used":8422424576,"mem_free":6315220992,"tcp_conns":20,"disk_usage_root":6.12,"disk_read_sec":1024,"disk_write_sec":66833,"disk_iops_sec":12,"io_wait":0,"open_files":0,"os_bytes_in_sec":324,"os_bytes_out_sec":254,"total_procs":494},"count":1},{"date":1636734600,"epoch_div":27278910,"totals":{"load_avg":2.48974609375,"cpu_usage":100,"mem_used":8425803776,"mem_free":6352232448,"tcp_conns":24,"disk_usage_root":6.12,"disk_read_sec":44236,"disk_write_sec":349593,"disk_iops_sec":33,"io_wait":0,"open_files":0,"os_bytes_in_sec":7834,"os_bytes_out_sec":1292,"total_procs":494},"count":1},{"date":1636734660,"epoch_div":27278911,"totals":{"load_avg":2.423828125,"cpu_usage":100,"mem_used":8425385984,"mem_free":6316969984,"tcp_conns":21,"disk_usage_root":6.12,"disk_read_sec":5666,"disk_write_sec":79052,"disk_iops_sec":14,"io_wait":0,"open_files":0,"os_bytes_in_sec":407,"os_bytes_out_sec":278,"total_procs":494},"count":1},{"date":1636734720,"epoch_div":27278912,"totals":{"load_avg":2.1572265625,"cpu_usage":100,"mem_used":8423178240,"mem_free":6322507776,"tcp_conns":21,"disk_usage_root":6.12,"disk_read_sec":1638,"disk_write_sec":52974,"disk_iops_sec":10,"io_wait":0,"open_files":0,"os_bytes_in_sec":94,"os_bytes_out_sec":109,"total_procs":493},"count":1},{"date":1636734780,"epoch_div":27278913,"totals":{"load_avg":2.1416015625,"cpu_usage":100,"mem_used":8426270720,"mem_free":6320959488,"tcp_conns":22,"disk_usage_root":6.12,"disk_read_sec":8260,"disk_write_sec":71133,"disk_iops_sec":14,"io_wait":0,"open_files":0,"os_bytes_in_sec":187,"os_bytes_out_sec":233,"total_procs":494},"count":1},{"date":1636734840,"epoch_div":27278914,"totals":{"load_avg":1.8623046875,"cpu_usage":100,"mem_used":8407117824,"mem_free":6326292480,"tcp_conns":21,"disk_usage_root":6.12,"disk_read_sec":2082,"disk_write_sec":89417,"disk_iops_sec":11,"io_wait":0,"open_files":0,"os_bytes_in_sec":405,"os_bytes_out_sec":221,"total_procs":497},"count":1},{"date":1636734900,"epoch_div":27278915,"totals":{"load_avg":2.6337890625,"cpu_usage":100,"mem_used":8401125376,"mem_free":6356189184,"tcp_conns":22,"disk_usage_root":6.12,"disk_read_sec":2215,"disk_write_sec":62514,"disk_iops_sec":11,"io_wait":0,"open_files":0,"os_bytes_in_sec":218,"os_bytes_out_sec":159,"total_procs":494},"count":1},{"date":1636734960,"epoch_div":27278916,"totals":{"load_avg":1.869140625,"cpu_usage":100,"mem_used":8474742784,"mem_free":6275686400,"tcp_conns":22,"disk_usage_root":6.12,"disk_read_sec":7099,"disk_write_sec":76322,"disk_iops_sec":12,"io_wait":0,"open_files":0,"os_bytes_in_sec":151,"os_bytes_out_sec":120,"total_procs":494},"count":1},{"date":1636735020,"epoch_div":27278917,"totals":{"load_avg":2.01904296875,"cpu_usage":100,"mem_used":8410796032,"mem_free":6326034432,"tcp_conns":21,"disk_usage_root":6.12,"disk_read_sec":136,"disk_write_sec":58709,"disk_iops_sec":10,"io_wait":0,"open_files":0,"os_bytes_in_sec":97,"os_bytes_out_sec":93,"total_procs":494},"count":1},{"date":1636735080,"epoch_div":27278918,"totals":{"load_avg":1.8681640625,"cpu_usage":100,"mem_used":8413962240,"mem_free":6322417664,"tcp_conns":21,"disk_usage_root":6.12,"disk_read_sec":3754,"disk_write_sec":70314,"disk_iops_sec":13,"io_wait":0,"open_files":0,"os_bytes_in_sec":261,"os_bytes_out_sec":200,"total_procs":495},"count":1},{"date":1636735140,"epoch_div":27278919,"totals":{"load_avg":1.28857421875,"cpu_usage":100,"mem_used":8403767296,"mem_free":6329643008,"tcp_conns":20,"disk_usage_root":6.12,"disk_read_sec":16247,"disk_write_sec":77277,"disk_iops_sec":16,"io_wait":0,"open_files":0,"os_bytes_in_sec":365,"os_bytes_out_sec":275,"total_procs":494},"count":1},{"date":1636735200,"epoch_div":27278920,"totals":{"load_avg":1.50439453125,"cpu_usage":100,"mem_used":8403611648,"mem_free":6351908864,"tcp_conns":21,"disk_usage_root":6.12,"disk_read_sec":52087,"disk_write_sec":56797,"disk_iops_sec":12,"io_wait":0,"open_files":0,"os_bytes_in_sec":251,"os_bytes_out_sec":193,"total_procs":493},"count":1},{"date":1636735260,"epoch_div":27278921,"totals":{"load_avg":1.32958984375,"cpu_usage":100,"mem_used":8406151168,"mem_free":6313746432,"tcp_conns":21,"disk_usage_root":6.12,"disk_read_sec":204,"disk_write_sec":64102,"disk_iops_sec":10,"io_wait":0,"open_files":0,"os_bytes_in_sec":237,"os_bytes_out_sec":158,"total_procs":494},"count":1},{"date":1636735320,"epoch_div":27278922,"totals":{"load_avg":1.46728515625,"cpu_usage":100,"mem_used":8405442560,"mem_free":6328385536,"tcp_conns":21,"disk_usage_root":6.12,"disk_read_sec":6758,"disk_write_sec":72089,"disk_iops_sec":11,"io_wait":0,"open_files":0,"os_bytes_in_sec":321,"os_bytes_out_sec":200,"total_procs":494},"count":1},{"date":1636735380,"epoch_div":27278923,"totals":{"load_avg":1.76806640625,"cpu_usage":100,"mem_used":8406437888,"mem_free":6326595584,"tcp_conns":21,"disk_usage_root":6.12,"disk_read_sec":4232,"disk_write_sec":61440,"disk_iops_sec":12,"io_wait":0,"open_files":0,"os_bytes_in_sec":67,"os_bytes_out_sec":78,"total_procs":494},"count":1},{"date":1636735440,"epoch_div":27278924,"totals":{"load_avg":1.896484375,"cpu_usage":100,"mem_used":8405962752,"mem_free":6311424000,"tcp_conns":20,"disk_usage_root":6.12,"disk_read_sec":25873,"disk_write_sec":57207,"disk_iops_sec":11,"io_wait":0,"open_files":0,"os_bytes_in_sec":495,"os_bytes_out_sec":214,"total_procs":493},"count":1},{"date":1636735500,"epoch_div":27278925,"totals":{"load_avg":1.99072265625,"cpu_usage":100,"mem_used":8416690176,"mem_free":6345101312,"tcp_conns":21,"disk_usage_root":6.12,"disk_read_sec":2389,"disk_write_sec":60484,"disk_iops_sec":11,"io_wait":0,"open_files":0,"os_bytes_in_sec":235,"os_bytes_out_sec":276,"total_procs":494},"count":1},{"date":1636735560,"epoch_div":27278926,"totals":{"load_avg":1.921875,"cpu_usage":100,"mem_used":8462323712,"mem_free":6289661952,"tcp_conns":21,"disk_usage_root":6.12,"disk_read_sec":14745,"disk_write_sec":61849,"disk_iops_sec":12,"io_wait":0,"open_files":0,"os_bytes_in_sec":131,"os_bytes_out_sec":115,"total_procs":493},"count":1},{"date":1636735620,"epoch_div":27278927,"totals":{"load_avg":2.35693359375,"cpu_usage":100,"mem_used":8427728896,"mem_free":6287605760,"tcp_conns":21,"disk_usage_root":6.12,"disk_read_sec":204,"disk_write_sec":58231,"disk_iops_sec":10,"io_wait":0,"open_files":0,"os_bytes_in_sec":54,"os_bytes_out_sec":71,"total_procs":494},"count":1},{"date":1636735680,"epoch_div":27278928,"totals":{"load_avg":2.02197265625,"cpu_usage":100,"mem_used":8428118016,"mem_free":6309126144,"tcp_conns":22,"disk_usage_root":6.12,"disk_read_sec":9420,"disk_write_sec":73318,"disk_iops_sec":12,"io_wait":0,"open_files":0,"os_bytes_in_sec":274,"os_bytes_out_sec":204,"total_procs":494},"count":1},{"date":1636735740,"epoch_div":27278929,"totals":{"load_avg":2.8798828125,"cpu_usage":100,"mem_used":8424857600,"mem_free":6309765120,"tcp_conns":21,"disk_usage_root":6.12,"disk_read_sec":24020,"disk_write_sec":72617,"disk_iops_sec":14,"io_wait":0,"open_files":0,"os_bytes_in_sec":357,"os_bytes_out_sec":289,"total_procs":494},"count":1},{"date":1636735800,"epoch_div":27278930,"totals":{"load_avg":2.62646484375,"cpu_usage":100,"mem_used":8441430016,"mem_free":6326849536,"tcp_conns":23,"disk_usage_root":6.12,"disk_read_sec":64461,"disk_write_sec":343325,"disk_iops_sec":14,"io_wait":0,"open_files":0,"os_bytes_in_sec":381,"os_bytes_out_sec":297,"total_procs":493},"count":1},{"date":1636735860,"epoch_div":27278931,"totals":{"load_avg":2.6328125,"cpu_usage":100,"mem_used":8458076160,"mem_free":6277423104,"tcp_conns":22,"disk_usage_root":6.12,"disk_read_sec":887,"disk_write_sec":61644,"disk_iops_sec":10,"io_wait":0,"open_files":0,"os_bytes_in_sec":128,"os_bytes_out_sec":95,"total_procs":494},"count":1},{"date":1636735920,"epoch_div":27278932,"totals":{"load_avg":2.14404296875,"cpu_usage":100,"mem_used":8470544384,"mem_free":6313844736,"tcp_conns":22,"disk_usage_root":6.12,"disk_read_sec":1501,"disk_write_sec":58368,"disk_iops_sec":10,"io_wait":0,"open_files":0,"os_bytes_in_sec":342,"os_bytes_out_sec":273,"total_procs":494},"count":1},{"date":1636735980,"epoch_div":27278933,"totals":{"load_avg":1.751953125,"cpu_usage":100,"mem_used":8475086848,"mem_free":6283603968,"tcp_conns":22,"disk_usage_root":6.12,"disk_read_sec":8328,"disk_write_sec":81442,"disk_iops_sec":13,"io_wait":0,"open_files":0,"os_bytes_in_sec":82,"os_bytes_out_sec":85,"total_procs":496},"count":1},{"date":1636736040,"epoch_div":27278934,"totals":{"load_avg":1.6669921875,"cpu_usage":100,"mem_used":8477216768,"mem_free":6255718400,"tcp_conns":19,"disk_usage_root":6.12,"disk_read_sec":682,"disk_write_sec":65604,"disk_iops_sec":11,"io_wait":0,"open_files":0,"os_bytes_in_sec":432,"os_bytes_out_sec":144,"total_procs":493},"count":1},{"date":1636736100,"epoch_div":27278935,"totals":{"load_avg":1.74462890625,"cpu_usage":100,"mem_used":8489168896,"mem_free":6331248640,"tcp_conns":20,"disk_usage_root":6.12,"disk_read_sec":4778,"disk_write_sec":56866,"disk_iops_sec":11,"io_wait":0,"open_files":0,"os_bytes_in_sec":243,"os_bytes_out_sec":169,"total_procs":494},"count":1},{"date":1636736160,"epoch_div":27278936,"totals":{"load_avg":2.296875,"cpu_usage":100,"mem_used":8493654016,"mem_free":6314643456,"tcp_conns":20,"disk_usage_root":6.12,"disk_read_sec":11079,"disk_write_sec":64528,"disk_iops_sec":13,"io_wait":0,"open_files":0,"os_bytes_in_sec":190,"os_bytes_out_sec":110,"total_procs":493},"count":1},{"date":1636736220,"epoch_div":27278937,"totals":{"load_avg":1.89697265625,"cpu_usage":100,"mem_used":8498606080,"mem_free":6312386560,"tcp_conns":20,"disk_usage_root":6.12,"disk_read_sec":3124,"disk_write_sec":58107,"disk_iops_sec":10,"io_wait":0,"open_files":0,"os_bytes_in_sec":78,"os_bytes_out_sec":79,"total_procs":494},"count":1},{"date":1636736280,"epoch_div":27278938,"totals":{"load_avg":2.21435546875,"cpu_usage":100,"mem_used":8499314688,"mem_free":6278172672,"tcp_conns":21,"disk_usage_root":6.12,"disk_read_sec":1911,"disk_write_sec":60620,"disk_iops_sec":11,"io_wait":0,"open_files":0,"os_bytes_in_sec":301,"os_bytes_out_sec":194,"total_procs":494},"count":1},{"date":1636736340,"epoch_div":27278939,"totals":{"load_avg":1.84716796875,"cpu_usage":100,"mem_used":8495185920,"mem_free":6278979584,"tcp_conns":20,"disk_usage_root":6.12,"disk_read_sec":10035,"disk_write_sec":82875,"disk_iops_sec":14,"io_wait":0,"open_files":0,"os_bytes_in_sec":334,"os_bytes_out_sec":268,"total_procs":494},"count":1}]}