{"type":"list_page","items":[{"date":1637295120,"epoch_div":13644126,"totals":{"load_avg":4.22998046875,"cpu_usage":200,"mem_used":17138622464,"mem_free":13557612544,"tcp_conns":128,"disk_usage_root":12.24,"disk_read_sec":314231,"disk_write_sec":229512,"disk_iops_sec":60,"io_wait":0,"open_files":0,"os_bytes_in_sec":1183,"os_bytes_out_sec":1614,"total_procs":811},"count":2},{"date":1637295240,"epoch_div":13644127,"totals":{"load_avg":4.33251953125,"cpu_usage":200,"mem_used":17008447488,"mem_free":13542547456,"tcp_conns":126,"disk_usage_root":12.24,"disk_read_sec":561082,"disk_write_sec":724787,"disk_iops_sec":86,"io_wait":0,"open_files":0,"os_bytes_in_sec":929,"os_bytes_out_sec":1298,"total_procs":811},"count":2},{"date":1637295360,"epoch_div":13644128,"totals":{"load_avg":5.21875,"cpu_usage":200,"mem_used":17139200000,"mem_free":13475061760,"tcp_conns":126,"disk_usage_root":12.24,"disk_read_sec":259344,"disk_write_sec":286309,"disk_iops_sec":55,"io_wait":0,"open_files":0,"os_bytes_in_sec":1084,"os_bytes_out_sec":1560,"total_procs":811},"count":2},{"date":1637295480,"epoch_div":13644129,"totals":{"load_avg":4.68017578125,"cpu_usage":200,"mem_used":17054179328,"mem_free":13285814272,"tcp_conns":127,"disk_usage_root":12.24,"disk_read_sec":642593,"disk_write_sec":2757222,"disk_iops_sec":72,"io_wait":0,"open_files":0,"os_bytes_in_sec":3756,"os_bytes_out_sec":1877,"total_procs":814},"count":2},{"date":1637295600,"epoch_div":13644130,"totals":{"load_avg":4.3515625,"cpu_usage":200,"mem_used":17125736448,"mem_free":13319016448,"tcp_conns":122,"disk_usage_root":12.24,"disk_read_sec":96051,"disk_write_sec":191146,"disk_iops_sec":31,"io_wait":0,"open_files":0,"os_bytes_in_sec":1065,"os_bytes_out_sec":1841,"total_procs":811},"count":2},{"date":1637295720,"epoch_div":13644131,"totals":{"load_avg":5.60595703125,"cpu_usage":200,"mem_used":17101209600,"mem_free":13379747840,"tcp_conns":122,"disk_usage_root":12.24,"disk_read_sec":198099,"disk_write_sec":360381,"disk_iops_sec":45,"io_wait":0,"open_files":0,"os_bytes_in_sec":1028,"os_bytes_out_sec":1651,"total_procs":811},"count":2},{"date":1637295840,"epoch_div":13644132,"totals":{"load_avg":4.677734375,"cpu_usage":200,"mem_used":17017495552,"mem_free":13352370176,"tcp_conns":125,"disk_usage_root":12.24,"disk_read_sec":464766,"disk_write_sec":1130286,"disk_iops_sec":71,"io_wait":0,"open_files":0,"os_bytes_in_sec":1431,"os_bytes_out_sec":1887,"total_procs":810},"count":2},{"date":1637295960,"epoch_div":13644133,"totals":{"load_avg":5.8486328125,"cpu_usage":200,"mem_used":17073643520,"mem_free":13280903168,"tcp_conns":122,"disk_usage_root":12.24,"disk_read_sec":100803,"disk_write_sec":191118,"disk_iops_sec":30,"io_wait":0,"open_files":0,"os_bytes_in_sec":894,"os_bytes_out_sec":1651,"total_procs":811},"count":2},{"date":1637296080,"epoch_div":13644134,"totals":{"load_avg":3.001953125,"cpu_usage":100,"mem_used":8554291200,"mem_free":6644256768,"tcp_conns":64,"disk_usage_root":6.12,"disk_read_sec":711133,"disk_write_sec":2177979,"disk_iops_sec":43,"io_wait":0,"open_files":0,"os_bytes_in_sec":3484,"os_bytes_out_sec":5842,"total_procs":406},"count":1},{"date":1637297280,"epoch_div":13644144,"totals":{"load_avg":2.76123046875,"cpu_usage":100,"mem_used":8496611328,"mem_free":6895058944,"tcp_conns":72,"disk_usage_root":6.12,"disk_read_sec":50090,"disk_write_sec":170865,"disk_iops_sec":2,"io_wait":0,"open_files":0,"os_bytes_in_sec":413,"os_bytes_out_sec":91,"total_procs":408},"count":1},{"date":1637297400,"epoch_div":13644145,"totals":{"load_avg":5.31396484375,"cpu_usage":200,"mem_used":16942301184,"mem_free":13159383040,"tcp_conns":140,"disk_usage_root":12.24,"disk_read_sec":46498015,"disk_write_sec":76954528,"disk_iops_sec":932,"io_wait":0,"open_files":0,"os_bytes_in_sec":38009,"os_bytes_out_sec":26543,"total_procs":835},"count":2},{"date":1637297520,"epoch_div":13644146,"totals":{"load_avg":4.80419921875,"cpu_usage":200,"mem_used":17097138176,"mem_free":12992786432,"tcp_conns":137,"disk_usage_root":12.24,"disk_read_sec":2343799,"disk_write_sec":574395,"disk_iops_sec":100,"io_wait":0,"open_files":0,"os_bytes_in_sec":35508,"os_bytes_out_sec":4987,"total_procs":840},"count":2},{"date":1637297640,"epoch_div":13644147,"totals":{"load_avg":4.23193359375,"cpu_usage":200,"mem_used":17124978688,"mem_free":12899704832,"tcp_conns":135,"disk_usage_root":12.24,"disk_read_sec":2620620,"disk_write_sec":325768,"disk_iops_sec":120,"io_wait":0,"open_files":0,"os_bytes_in_sec":2122,"os_bytes_out_sec":3164,"total_procs":841},"count":2},{"date":1637297760,"epoch_div":13644148,"totals":{"load_avg":4.37158203125,"cpu_usage":200,"mem_used":17138331648,"mem_free":12972888064,"tcp_conns":132,"disk_usage_root":12.24,"disk_read_sec":2336544,"disk_write_sec":614286,"disk_iops_sec":174,"io_wait":0,"open_files":0,"os_bytes_in_sec":1847,"os_bytes_out_sec":2777,"total_procs":841},"count":2},{"date":1637297880,"epoch_div":13644149,"totals":{"load_avg":3.57666015625,"cpu_usage":200,"mem_used":17126227968,"mem_free":13021532160,"tcp_conns":122,"disk_usage_root":12.24,"disk_read_sec":570503,"disk_write_sec":282146,"disk_iops_sec":75,"io_wait":0,"open_files":0,"os_bytes_in_sec":1650,"os_bytes_out_sec":2107,"total_procs":840},"count":2}]}