{"type":"list_page","items":[{"date":1636793460,"epoch_div":27279891,"totals":{"load_avg":2.78076171875,"cpu_usage":100,"mem_used":2967834624,"mem_free":8242814976,"tcp_conns":25,"disk_usage_root":6.12,"disk_read_sec":202562,"disk_write_sec":204868,"disk_iops_sec":3,"io_wait":0,"open_files":0,"os_bytes_in_sec":109,"os_bytes_out_sec":17,"total_procs":480},"count":1},{"date":1636793520,"epoch_div":27279892,"totals":{"load_avg":2.6376953125,"cpu_usage":100,"mem_used":3164520448,"mem_free":8165249024,"tcp_conns":19,"disk_usage_root":6.12,"disk_read_sec":22016819,"disk_write_sec":1205862,"disk_iops_sec":878,"io_wait":0,"open_files":0,"os_bytes_in_sec":12234,"os_bytes_out_sec":4168,"total_procs":477},"count":1}]}