{"type":"list_page","items":[{"date":1638236760,"epoch_div":13651973,"totals":{"load_avg":4.89111328125,"cpu_usage":200,"mem_used":16412061696,"mem_free":13521727488,"tcp_conns":206,"disk_usage_root":12.24,"disk_read_sec":32111357,"disk_write_sec":1934911,"disk_iops_sec":210,"io_wait":0,"open_files":0,"os_bytes_in_sec":13577,"os_bytes_out_sec":12134,"total_procs":1001},"count":2},{"date":1638236880,"epoch_div":13651974,"totals":{"load_avg":6.44140625,"cpu_usage":200,"mem_used":15146250240,"mem_free":13582327808,"tcp_conns":206,"disk_usage_root":12.24,"disk_read_sec":19050291,"disk_write_sec":46808651,"disk_iops_sec":382,"io_wait":0,"open_files":0,"os_bytes_in_sec":8700,"os_bytes_out_sec":8691,"total_procs":997},"count":2},{"date":1638237000,"epoch_div":13651975,"totals":{"load_avg":6.9501953125,"cpu_usage":200,"mem_used":15470153728,"mem_free":13125402624,"tcp_conns":222,"disk_usage_root":12.24,"disk_read_sec":67568075,"disk_write_sec":56044945,"disk_iops_sec":899,"io_wait":0,"open_files":0,"os_bytes_in_sec":138782,"os_bytes_out_sec":48884,"total_procs":1003},"count":2},{"date":1638237120,"epoch_div":13651976,"totals":{"load_avg":14.9111328125,"cpu_usage":200,"mem_used":15179431936,"mem_free":12969115648,"tcp_conns":214,"disk_usage_root":12.24,"disk_read_sec":36581130,"disk_write_sec":37184166,"disk_iops_sec":370,"io_wait":0,"open_files":0,"os_bytes_in_sec":11728,"os_bytes_out_sec":10098,"total_procs":1004},"count":2,"alerts":{"load_avg_high":true}},{"date":1638237240,"epoch_div":13651977,"totals":{"load_avg":9.765625,"cpu_usage":200,"mem_used":15917711360,"mem_free":12346597376,"tcp_conns":209,"disk_usage_root":12.24,"disk_read_sec":24489027,"disk_write_sec":24498926,"disk_iops_sec":298,"io_wait":0,"open_files":0,"os_bytes_in_sec":8994,"os_bytes_out_sec":11419,"total_procs":1002},"count":2},{"date":1638237360,"epoch_div":13651978,"totals":{"load_avg":5.7587890625,"cpu_usage":200,"mem_used":15963615232,"mem_free":12409331712,"tcp_conns":189,"disk_usage_root":12.24,"disk_read_sec":27800371,"disk_write_sec":26113569,"disk_iops_sec":255,"io_wait":0,"open_files":0,"os_bytes_in_sec":5124,"os_bytes_out_sec":6189,"total_procs":1001},"count":2},{"date":1638237480,"epoch_div":13651979,"totals":{"load_avg":7.04296875,"cpu_usage":200,"mem_used":16976859136,"mem_free":13507751936,"tcp_conns":204,"disk_usage_root":12.24,"disk_read_sec":55351482,"disk_write_sec":35332354,"disk_iops_sec":534,"io_wait":0,"open_files":0,"os_bytes_in_sec":14820,"os_bytes_out_sec":7100,"total_procs":1002},"count":2},{"date":1638237600,"epoch_div":13651980,"totals":{"load_avg":6.1240234375,"cpu_usage":200,"mem_used":14135521280,"mem_free":14261501952,"tcp_conns":207,"disk_usage_root":12.24,"disk_read_sec":87991004,"disk_write_sec":126218753,"disk_iops_sec":1008,"io_wait":0,"open_files":0,"os_bytes_in_sec":26918,"os_bytes_out_sec":8048,"total_procs":988},"count":2},{"date":1638237720,"epoch_div":13651981,"totals":{"load_avg":5.6181640625,"cpu_usage":200,"mem_used":16157134848,"mem_free":13003091968,"tcp_conns":217,"disk_usage_root":12.24,"disk_read_sec":68584447,"disk_write_sec":34602188,"disk_iops_sec":572,"io_wait":0,"open_files":0,"os_bytes_in_sec":4855,"os_bytes_out_sec":6784,"total_procs":962},"count":2},{"date":1638237840,"epoch_div":13651982,"totals":{"load_avg":7.03271484375,"cpu_usage":200,"mem_used":16989089792,"mem_free":13424918528,"tcp_conns":211,"disk_usage_root":12.24,"disk_read_sec":45692381,"disk_write_sec":40932419,"disk_iops_sec":580,"io_wait":0,"open_files":0,"os_bytes_in_sec":6138,"os_bytes_out_sec":6940,"total_procs":972},"count":2},{"date":1638237960,"epoch_div":13651983,"totals":{"load_avg":5.4267578125,"cpu_usage":200,"mem_used":17047769088,"mem_free":13357965312,"tcp_conns":206,"disk_usage_root":12.24,"disk_read_sec":43169978,"disk_write_sec":31866558,"disk_iops_sec":606,"io_wait":0,"open_files":0,"os_bytes_in_sec":34888,"os_bytes_out_sec":8551,"total_procs":981},"count":2},{"date":1638238080,"epoch_div":13651984,"totals":{"load_avg":5.0126953125,"cpu_usage":200,"mem_used":16581160960,"mem_free":13491195904,"tcp_conns":199,"disk_usage_root":12.24,"disk_read_sec":38631153,"disk_write_sec":54535287,"disk_iops_sec":554,"io_wait":0,"open_files":0,"os_bytes_in_sec":83912,"os_bytes_out_sec":6221,"total_procs":980},"count":2},{"date":1638238200,"epoch_div":13651985,"totals":{"load_avg":8.58837890625,"cpu_usage":200,"mem_used":15956684800,"mem_free":13712060416,"tcp_conns":224,"disk_usage_root":12.24,"disk_read_sec":52984080,"disk_write_sec":51385957,"disk_iops_sec":512,"io_wait":0,"open_files":0,"os_bytes_in_sec":13223,"os_bytes_out_sec":15879,"total_procs":978},"count":2},{"date":1638238320,"epoch_div":13651986,"totals":{"load_avg":6.2509765625,"cpu_usage":200,"mem_used":16108953600,"mem_free":13108891648,"tcp_conns":201,"disk_usage_root":12.24,"disk_read_sec":60731664,"disk_write_sec":42153915,"disk_iops_sec":680,"io_wait":0,"open_files":0,"os_bytes_in_sec":113790,"os_bytes_out_sec":12008,"total_procs":980},"count":2},{"date":1638238440,"epoch_div":13651987,"totals":{"load_avg":8.84619140625,"cpu_usage":200,"mem_used":14812315648,"mem_free":13587501056,"tcp_conns":257,"disk_usage_root":12.24,"disk_read_sec":153919401,"disk_write_sec":156427726,"disk_iops_sec":1605,"io_wait":0,"open_files":0,"os_bytes_in_sec":185364,"os_bytes_out_sec":61409,"total_procs":988},"count":2},{"date":1638238560,"epoch_div":13651988,"totals":{"load_avg":5.89990234375,"cpu_usage":200,"mem_used":14026055680,"mem_free":14056804352,"tcp_conns":279,"disk_usage_root":12.24,"disk_read_sec":74671272,"disk_write_sec":100351133,"disk_iops_sec":796,"io_wait":0,"open_files":0,"os_bytes_in_sec":112275,"os_bytes_out_sec":11326,"total_procs":971},"count":2},{"date":1638238680,"epoch_div":13651989,"totals":{"load_avg":7.1552734375,"cpu_usage":200,"mem_used":16122380288,"mem_free":13460643840,"tcp_conns":253,"disk_usage_root":12.24,"disk_read_sec":78365832,"disk_write_sec":61578581,"disk_iops_sec":712,"io_wait":0,"open_files":0,"os_bytes_in_sec":3531,"os_bytes_out_sec":5070,"total_procs":958},"count":2},{"date":1638238800,"epoch_div":13651990,"totals":{"load_avg":7.8232421875,"cpu_usage":200,"mem_used":13883322368,"mem_free":13610319872,"tcp_conns":227,"disk_usage_root":12.24,"disk_read_sec":84496315,"disk_write_sec":97152136,"disk_iops_sec":941,"io_wait":0,"open_files":0,"os_bytes_in_sec":34122,"os_bytes_out_sec":9920,"total_procs":964},"count":2},{"date":1638238920,"epoch_div":13651991,"totals":{"load_avg":17.40478515625,"cpu_usage":200,"mem_used":16854122496,"mem_free":14061400064,"tcp_conns":428,"disk_usage_root":12.24,"disk_read_sec":241552451,"disk_write_sec":177630480,"disk_iops_sec":2639,"io_wait":0,"open_files":0,"os_bytes_in_sec":175030,"os_bytes_out_sec":53940,"total_procs":927},"count":2,"alerts":{"load_avg_high":true}},{"date":1638239040,"epoch_div":13651992,"totals":{"load_avg":10.7734375,"cpu_usage":200,"mem_used":14341382144,"mem_free":13278822400,"tcp_conns":315,"disk_usage_root":12.24,"disk_read_sec":93147779,"disk_write_sec":108644590,"disk_iops_sec":982,"io_wait":0,"open_files":0,"os_bytes_in_sec":4285,"os_bytes_out_sec":6786,"total_procs":868},"count":2},{"date":1638239160,"epoch_div":13651993,"totals":{"load_avg":7.3388671875,"cpu_usage":200,"mem_used":17130831872,"mem_free":13644582912,"tcp_conns":261,"disk_usage_root":12.24,"disk_read_sec":25158450,"disk_write_sec":10357145,"disk_iops_sec":246,"io_wait":0,"open_files":0,"os_bytes_in_sec":3338,"os_bytes_out_sec":6021,"total_procs":864},"count":2},{"date":1638239280,"epoch_div":13651994,"totals":{"load_avg":6.37451171875,"cpu_usage":200,"mem_used":15048318976,"mem_free":14402322432,"tcp_conns":194,"disk_usage_root":12.24,"disk_read_sec":97290717,"disk_write_sec":121908154,"disk_iops_sec":1139,"io_wait":0,"open_files":0,"os_bytes_in_sec":152495,"os_bytes_out_sec":22821,"total_procs":778},"count":2},{"date":1638239400,"epoch_div":13651995,"totals":{"load_avg":12.5458984375,"cpu_usage":200,"mem_used":16517152768,"mem_free":14088728576,"tcp_conns":189,"disk_usage_root":12.24,"disk_read_sec":168193310,"disk_write_sec":137711125,"disk_iops_sec":1567,"io_wait":0,"open_files":0,"os_bytes_in_sec":3979,"os_bytes_out_sec":7389,"total_procs":783},"count":2},{"date":1638239520,"epoch_div":13651996,"totals":{"load_avg":7.61376953125,"cpu_usage":200,"mem_used":14942203904,"mem_free":13506617344,"tcp_conns":189,"disk_usage_root":12.24,"disk_read_sec":127498171,"disk_write_sec":143046538,"disk_iops_sec":1801,"io_wait":0,"open_files":0,"os_bytes_in_sec":357882,"os_bytes_out_sec":16131,"total_procs":827},"count":2},{"date":1638239640,"epoch_div":13651997,"totals":{"load_avg":7.224609375,"cpu_usage":200,"mem_used":15198826496,"mem_free":13995098112,"tcp_conns":217,"disk_usage_root":12.24,"disk_read_sec":159745842,"disk_write_sec":138229691,"disk_iops_sec":1600,"io_wait":0,"open_files":0,"os_bytes_in_sec":79299,"os_bytes_out_sec":18622,"total_procs":809},"count":2},{"date":1638239760,"epoch_div":13651998,"totals":{"load_avg":6.02197265625,"cpu_usage":200,"mem_used":12890640384,"mem_free":13900070912,"tcp_conns":235,"disk_usage_root":12.24,"disk_read_sec":88350237,"disk_write_sec":116020497,"disk_iops_sec":1702,"io_wait":0,"open_files":0,"os_bytes_in_sec":547944,"os_bytes_out_sec":18188,"total_procs":788},"count":2},{"date":1638239880,"epoch_div":13651999,"totals":{"load_avg":5.32177734375,"cpu_usage":200,"mem_used":16392695808,"mem_free":13877723136,"tcp_conns":210,"disk_usage_root":12.24,"disk_read_sec":46515763,"disk_write_sec":9743869,"disk_iops_sec":307,"io_wait":0,"open_files":0,"os_bytes_in_sec":6641,"os_bytes_out_sec":5290,"total_procs":801},"count":2},{"date":1638240000,"epoch_div":13652000,"totals":{"load_avg":5.25048828125,"cpu_usage":200,"mem_used":17000316928,"mem_free":14252867584,"tcp_conns":195,"disk_usage_root":12.24,"disk_read_sec":159744750,"disk_write_sec":154895086,"disk_iops_sec":1645,"io_wait":0,"open_files":0,"os_bytes_in_sec":379240,"os_bytes_out_sec":15636,"total_procs":803},"count":2},{"date":1638240120,"epoch_div":13652001,"totals":{"load_avg":8.87939453125,"cpu_usage":200,"mem_used":14769328128,"mem_free":14070099968,"tcp_conns":234,"disk_usage_root":12.24,"disk_read_sec":210406809,"disk_write_sec":223845853,"disk_iops_sec":2462,"io_wait":0,"open_files":0,"os_bytes_in_sec":2993710,"os_bytes_out_sec":40704,"total_procs":765},"count":2},{"date":1638240240,"epoch_div":13652002,"totals":{"load_avg":6.2529296875,"cpu_usage":200,"mem_used":16286048256,"mem_free":14086852608,"tcp_conns":226,"disk_usage_root":12.24,"disk_read_sec":153596449,"disk_write_sec":130369057,"disk_iops_sec":1391,"io_wait":0,"open_files":0,"os_bytes_in_sec":24485,"os_bytes_out_sec":16941,"total_procs":751},"count":2},{"date":1638240360,"epoch_div":13652003,"totals":{"load_avg":8.169921875,"cpu_usage":200,"mem_used":16421228544,"mem_free":14111780864,"tcp_conns":221,"disk_usage_root":12.24,"disk_read_sec":173156161,"disk_write_sec":179899854,"disk_iops_sec":1686,"io_wait":0,"open_files":0,"os_bytes_in_sec":37252,"os_bytes_out_sec":18549,"total_procs":731},"count":2},{"date":1638240480,"epoch_div":13652004,"totals":{"load_avg":7.9462890625,"cpu_usage":200,"mem_used":15676235776,"mem_free":13630865408,"tcp_conns":227,"disk_usage_root":12.24,"disk_read_sec":89081471,"disk_write_sec":83558142,"disk_iops_sec":896,"io_wait":0,"open_files":0,"os_bytes_in_sec":116086,"os_bytes_out_sec":11350,"total_procs":743},"count":2},{"date":1638240600,"epoch_div":13652005,"totals":{"load_avg":7.39599609375,"cpu_usage":200,"mem_used":13284601856,"mem_free":14074855424,"tcp_conns":211,"disk_usage_root":12.24,"disk_read_sec":151121168,"disk_write_sec":175494348,"disk_iops_sec":1448,"io_wait":0,"open_files":0,"os_bytes_in_sec":20507,"os_bytes_out_sec":10310,"total_procs":731},"count":2},{"date":1638240720,"epoch_div":13652006,"totals":{"load_avg":12.39892578125,"cpu_usage":200,"mem_used":16591683584,"mem_free":13633757184,"tcp_conns":215,"disk_usage_root":12.24,"disk_read_sec":174066004,"disk_write_sec":139472145,"disk_iops_sec":1512,"io_wait":0,"open_files":0,"os_bytes_in_sec":287166,"os_bytes_out_sec":23981,"total_procs":742},"count":2,"alerts":{"load_avg_high":true}},{"date":1638240840,"epoch_div":13652007,"totals":{"load_avg":9.21728515625,"cpu_usage":200,"mem_used":15542808576,"mem_free":13378400256,"tcp_conns":205,"disk_usage_root":12.24,"disk_read_sec":48614877,"disk_write_sec":51873313,"disk_iops_sec":524,"io_wait":0,"open_files":0,"os_bytes_in_sec":4677,"os_bytes_out_sec":7223,"total_procs":733},"count":2},{"date":1638240960,"epoch_div":13652008,"totals":{"load_avg":5.12841796875,"cpu_usage":200,"mem_used":17142030336,"mem_free":13331857408,"tcp_conns":207,"disk_usage_root":12.24,"disk_read_sec":77257386,"disk_write_sec":69596296,"disk_iops_sec":745,"io_wait":0,"open_files":0,"os_bytes_in_sec":27716,"os_bytes_out_sec":12776,"total_procs":745},"count":2},{"date":1638241080,"epoch_div":13652009,"totals":{"load_avg":4.736328125,"cpu_usage":200,"mem_used":14204579840,"mem_free":13801721856,"tcp_conns":217,"disk_usage_root":12.24,"disk_read_sec":69961266,"disk_write_sec":98302241,"disk_iops_sec":815,"io_wait":0,"open_files":0,"os_bytes_in_sec":104127,"os_bytes_out_sec":10905,"total_procs":740},"count":2},{"date":1638241200,"epoch_div":13652010,"totals":{"load_avg":8.37890625,"cpu_usage":200,"mem_used":15227756544,"mem_free":13359325184,"tcp_conns":229,"disk_usage_root":12.24,"disk_read_sec":85103314,"disk_write_sec":66125081,"disk_iops_sec":804,"io_wait":0,"open_files":0,"os_bytes_in_sec":18622,"os_bytes_out_sec":12562,"total_procs":747},"count":2},{"date":1638241320,"epoch_div":13652011,"totals":{"load_avg":8.32373046875,"cpu_usage":200,"mem_used":16730693632,"mem_free":12728938496,"tcp_conns":219,"disk_usage_root":12.24,"disk_read_sec":32871491,"disk_write_sec":23604086,"disk_iops_sec":371,"io_wait":0,"open_files":0,"os_bytes_in_sec":36737,"os_bytes_out_sec":7200,"total_procs":751},"count":2},{"date":1638241440,"epoch_div":13652012,"totals":{"load_avg":6.2216796875,"cpu_usage":200,"mem_used":15014219776,"mem_free":13993451520,"tcp_conns":212,"disk_usage_root":12.24,"disk_read_sec":63659553,"disk_write_sec":74081416,"disk_iops_sec":697,"io_wait":0,"open_files":0,"os_bytes_in_sec":103678,"os_bytes_out_sec":10070,"total_procs":746},"count":2},{"date":1638241560,"epoch_div":13652013,"totals":{"load_avg":4.8701171875,"cpu_usage":200,"mem_used":16645541888,"mem_free":13976506368,"tcp_conns":205,"disk_usage_root":12.24,"disk_read_sec":90284646,"disk_write_sec":62419694,"disk_iops_sec":687,"io_wait":0,"open_files":0,"os_bytes_in_sec":4464,"os_bytes_out_sec":7383,"total_procs":733},"count":2},{"date":1638241680,"epoch_div":13652014,"totals":{"load_avg":5.408203125,"cpu_usage":200,"mem_used":15327272960,"mem_free":14138261504,"tcp_conns":178,"disk_usage_root":12.24,"disk_read_sec":123289540,"disk_write_sec":118208375,"disk_iops_sec":1298,"io_wait":0,"open_files":0,"os_bytes_in_sec":45173,"os_bytes_out_sec":7237,"total_procs":763},"count":2},{"date":1638241800,"epoch_div":13652015,"totals":{"load_avg":5.46875,"cpu_usage":200,"mem_used":16632172544,"mem_free":13462675456,"tcp_conns":167,"disk_usage_root":12.24,"disk_read_sec":86346455,"disk_write_sec":90423193,"disk_iops_sec":857,"io_wait":0,"open_files":0,"os_bytes_in_sec":168592,"os_bytes_out_sec":8624,"total_procs":749},"count":2},{"date":1638241920,"epoch_div":13652016,"totals":{"load_avg":11.16650390625,"cpu_usage":200,"mem_used":15689957376,"mem_free":12670660608,"tcp_conns":164,"disk_usage_root":12.24,"disk_read_sec":47090161,"disk_write_sec":52066869,"disk_iops_sec":551,"io_wait":0,"open_files":0,"os_bytes_in_sec":169977,"os_bytes_out_sec":8968,"total_procs":748},"count":2},{"date":1638242040,"epoch_div":13652017,"totals":{"load_avg":7.75537109375,"cpu_usage":200,"mem_used":17131417600,"mem_free":13246423040,"tcp_conns":151,"disk_usage_root":12.24,"disk_read_sec":20213622,"disk_write_sec":5292099,"disk_iops_sec":202,"io_wait":0,"open_files":0,"os_bytes_in_sec":4231,"os_bytes_out_sec":7014,"total_procs":749},"count":2},{"date":1638242160,"epoch_div":13652018,"totals":{"load_avg":4.84716796875,"cpu_usage":200,"mem_used":17125814272,"mem_free":12781121536,"tcp_conns":154,"disk_usage_root":12.24,"disk_read_sec":51509793,"disk_write_sec":55669350,"disk_iops_sec":651,"io_wait":0,"open_files":0,"os_bytes_in_sec":87916,"os_bytes_out_sec":7310,"total_procs":765},"count":2},{"date":1638242280,"epoch_div":13652019,"totals":{"load_avg":4.8251953125,"cpu_usage":200,"mem_used":15177838592,"mem_free":13210226688,"tcp_conns":154,"disk_usage_root":12.24,"disk_read_sec":19708859,"disk_write_sec":40820598,"disk_iops_sec":343,"io_wait":0,"open_files":0,"os_bytes_in_sec":48970,"os_bytes_out_sec":5348,"total_procs":764},"count":2},{"date":1638242400,"epoch_div":13652020,"totals":{"load_avg":7.92529296875,"cpu_usage":200,"mem_used":15362650112,"mem_free":13068623872,"tcp_conns":164,"disk_usage_root":12.24,"disk_read_sec":91882221,"disk_write_sec":73557322,"disk_iops_sec":880,"io_wait":0,"open_files":0,"os_bytes_in_sec":153806,"os_bytes_out_sec":12044,"total_procs":770},"count":2},{"date":1638242520,"epoch_div":13652021,"totals":{"load_avg":6.22705078125,"cpu_usage":200,"mem_used":15108972544,"mem_free":13400006656,"tcp_conns":163,"disk_usage_root":12.24,"disk_read_sec":23964193,"disk_write_sec":37178435,"disk_iops_sec":328,"io_wait":0,"open_files":0,"os_bytes_in_sec":3375,"os_bytes_out_sec":4581,"total_procs":765},"count":2},{"date":1638242640,"epoch_div":13652022,"totals":{"load_avg":5.015625,"cpu_usage":200,"mem_used":15486590976,"mem_free":13132025856,"tcp_conns":155,"disk_usage_root":12.24,"disk_read_sec":14491921,"disk_write_sec":340104,"disk_iops_sec":117,"io_wait":0,"open_files":0,"os_bytes_in_sec":2494,"os_bytes_out_sec":5019,"total_procs":762},"count":2},{"date":1638242760,"epoch_div":13652023,"totals":{"load_avg":6.59716796875,"cpu_usage":200,"mem_used":15973048320,"mem_free":12397572096,"tcp_conns":153,"disk_usage_root":12.24,"disk_read_sec":37084637,"disk_write_sec":33321778,"disk_iops_sec":520,"io_wait":0,"open_files":0,"os_bytes_in_sec":128114,"os_bytes_out_sec":9404,"total_procs":767},"count":2},{"date":1638242880,"epoch_div":13652024,"totals":{"load_avg":4.47509765625,"cpu_usage":200,"mem_used":16437661696,"mem_free":12488773632,"tcp_conns":148,"disk_usage_root":12.24,"disk_read_sec":37956018,"disk_write_sec":36937311,"disk_iops_sec":413,"io_wait":0,"open_files":0,"os_bytes_in_sec":3014,"os_bytes_out_sec":8018,"total_procs":774},"count":2},{"date":1638243000,"epoch_div":13652025,"totals":{"load_avg":7.6630859375,"cpu_usage":200,"mem_used":16575623168,"mem_free":12269842432,"tcp_conns":149,"disk_usage_root":12.24,"disk_read_sec":50816489,"disk_write_sec":44407262,"disk_iops_sec":552,"io_wait":0,"open_files":0,"os_bytes_in_sec":126122,"os_bytes_out_sec":9240,"total_procs":778},"count":2},{"date":1638243120,"epoch_div":13652026,"totals":{"load_avg":8.39453125,"cpu_usage":200,"mem_used":17085648896,"mem_free":13086031872,"tcp_conns":154,"disk_usage_root":12.24,"disk_read_sec":25538013,"disk_write_sec":8938973,"disk_iops_sec":285,"io_wait":0,"open_files":0,"os_bytes_in_sec":3317,"os_bytes_out_sec":6919,"total_procs":781},"count":2},{"date":1638243240,"epoch_div":13652027,"totals":{"load_avg":6.91064453125,"cpu_usage":200,"mem_used":15735578624,"mem_free":12584136704,"tcp_conns":156,"disk_usage_root":12.24,"disk_read_sec":44090094,"disk_write_sec":55169910,"disk_iops_sec":638,"io_wait":0,"open_files":0,"os_bytes_in_sec":89787,"os_bytes_out_sec":10295,"total_procs":784},"count":2},{"date":1638243360,"epoch_div":13652028,"totals":{"load_avg":6.509765625,"cpu_usage":200,"mem_used":16855539712,"mem_free":12545994752,"tcp_conns":152,"disk_usage_root":12.24,"disk_read_sec":15799436,"disk_write_sec":1521713,"disk_iops_sec":166,"io_wait":0,"open_files":0,"os_bytes_in_sec":3791,"os_bytes_out_sec":7218,"total_procs":780},"count":2},{"date":1638243480,"epoch_div":13652029,"totals":{"load_avg":7.95068359375,"cpu_usage":200,"mem_used":14729736192,"mem_free":13063802880,"tcp_conns":199,"disk_usage_root":12.24,"disk_read_sec":70275248,"disk_write_sec":75590072,"disk_iops_sec":779,"io_wait":0,"open_files":0,"os_bytes_in_sec":55663,"os_bytes_out_sec":19807,"total_procs":769},"count":2},{"date":1638243600,"epoch_div":13652030,"totals":{"load_avg":6.505859375,"cpu_usage":200,"mem_used":16459653120,"mem_free":12745056256,"tcp_conns":211,"disk_usage_root":12.24,"disk_read_sec":54996718,"disk_write_sec":56624195,"disk_iops_sec":560,"io_wait":0,"open_files":0,"os_bytes_in_sec":27001,"os_bytes_out_sec":9795,"total_procs":769},"count":2},{"date":1638243720,"epoch_div":13652031,"totals":{"load_avg":8.77734375,"cpu_usage":200,"mem_used":16041304064,"mem_free":12822745088,"tcp_conns":190,"disk_usage_root":12.24,"disk_read_sec":50991991,"disk_write_sec":46114884,"disk_iops_sec":505,"io_wait":0,"open_files":0,"os_bytes_in_sec":8269,"os_bytes_out_sec":14680,"total_procs":771},"count":2},{"date":1638243840,"epoch_div":13652032,"totals":{"load_avg":6.568359375,"cpu_usage":200,"mem_used":17077391360,"mem_free":12188061696,"tcp_conns":165,"disk_usage_root":12.24,"disk_read_sec":26966288,"disk_write_sec":29991867,"disk_iops_sec":293,"io_wait":0,"open_files":0,"os_bytes_in_sec":4501,"os_bytes_out_sec":6919,"total_procs":771},"count":2},{"date":1638243960,"epoch_div":13652033,"totals":{"load_avg":5.73974609375,"cpu_usage":200,"mem_used":17064779776,"mem_free":12277690368,"tcp_conns":159,"disk_usage_root":12.24,"disk_read_sec":14627729,"disk_write_sec":12793114,"disk_iops_sec":219,"io_wait":0,"open_files":0,"os_bytes_in_sec":5239,"os_bytes_out_sec":6423,"total_procs":772},"count":2},{"date":1638244080,"epoch_div":13652034,"totals":{"load_avg":5.125,"cpu_usage":200,"mem_used":16881496064,"mem_free":12262064128,"tcp_conns":152,"disk_usage_root":12.24,"disk_read_sec":9144933,"disk_write_sec":8954811,"disk_iops_sec":144,"io_wait":0,"open_files":0,"os_bytes_in_sec":2603,"os_bytes_out_sec":5057,"total_procs":771},"count":2},{"date":1638244200,"epoch_div":13652035,"totals":{"load_avg":4.7275390625,"cpu_usage":200,"mem_used":16675176448,"mem_free":13034536960,"tcp_conns":149,"disk_usage_root":12.24,"disk_read_sec":25099809,"disk_write_sec":15633271,"disk_iops_sec":219,"io_wait":0,"open_files":0,"os_bytes_in_sec":2254,"os_bytes_out_sec":5107,"total_procs":768},"count":2},{"date":1638244320,"epoch_div":13652036,"totals":{"load_avg":4.876953125,"cpu_usage":200,"mem_used":15742664704,"mem_free":12192403456,"tcp_conns":157,"disk_usage_root":12.24,"disk_read_sec":56885861,"disk_write_sec":64196265,"disk_iops_sec":668,"io_wait":0,"open_files":0,"os_bytes_in_sec":169877,"os_bytes_out_sec":9638,"total_procs":775},"count":2},{"date":1638244440,"epoch_div":13652037,"totals":{"load_avg":8.884765625,"cpu_usage":200,"mem_used":16941715456,"mem_free":12700717056,"tcp_conns":156,"disk_usage_root":12.24,"disk_read_sec":40154521,"disk_write_sec":27468253,"disk_iops_sec":412,"io_wait":0,"open_files":0,"os_bytes_in_sec":52962,"os_bytes_out_sec":8128,"total_procs":783},"count":2},{"date":1638244560,"epoch_div":13652038,"totals":{"load_avg":9.77587890625,"cpu_usage":200,"mem_used":16736948224,"mem_free":12005793792,"tcp_conns":151,"disk_usage_root":12.24,"disk_read_sec":56812484,"disk_write_sec":59287827,"disk_iops_sec":667,"io_wait":0,"open_files":0,"os_bytes_in_sec":125144,"os_bytes_out_sec":7155,"total_procs":778},"count":2},{"date":1638244680,"epoch_div":13652039,"totals":{"load_avg":8.07763671875,"cpu_usage":200,"mem_used":16921604096,"mem_free":11954692096,"tcp_conns":152,"disk_usage_root":12.24,"disk_read_sec":42568912,"disk_write_sec":33590390,"disk_iops_sec":526,"io_wait":0,"open_files":0,"os_bytes_in_sec":104785,"os_bytes_out_sec":7964,"total_procs":791},"count":2},{"date":1638244800,"epoch_div":13652040,"totals":{"load_avg":6.1640625,"cpu_usage":200,"mem_used":16396701696,"mem_free":12379516928,"tcp_conns":157,"disk_usage_root":12.24,"disk_read_sec":24550412,"disk_write_sec":21222005,"disk_iops_sec":337,"io_wait":0,"open_files":0,"os_bytes_in_sec":85951,"os_bytes_out_sec":6989,"total_procs":777},"count":2},{"date":1638244920,"epoch_div":13652041,"totals":{"load_avg":4.43408203125,"cpu_usage":200,"mem_used":16039227392,"mem_free":12749156352,"tcp_conns":151,"disk_usage_root":12.24,"disk_read_sec":36387519,"disk_write_sec":41180905,"disk_iops_sec":491,"io_wait":0,"open_files":0,"os_bytes_in_sec":3436,"os_bytes_out_sec":6428,"total_procs":777},"count":2},{"date":1638245040,"epoch_div":13652042,"totals":{"load_avg":5.8154296875,"cpu_usage":200,"mem_used":15638958080,"mem_free":13155278848,"tcp_conns":168,"disk_usage_root":12.24,"disk_read_sec":64465850,"disk_write_sec":54760379,"disk_iops_sec":747,"io_wait":0,"open_files":0,"os_bytes_in_sec":136527,"os_bytes_out_sec":15498,"total_procs":784},"count":2},{"date":1638245160,"epoch_div":13652043,"totals":{"load_avg":4.6962890625,"cpu_usage":200,"mem_used":14011617280,"mem_free":13784502272,"tcp_conns":169,"disk_usage_root":12.24,"disk_read_sec":57564296,"disk_write_sec":51144977,"disk_iops_sec":530,"io_wait":0,"open_files":0,"os_bytes_in_sec":10799,"os_bytes_out_sec":12578,"total_procs":777},"count":2},{"date":1638245280,"epoch_div":13652044,"totals":{"load_avg":4.91162109375,"cpu_usage":200,"mem_used":16100143104,"mem_free":12885389312,"tcp_conns":174,"disk_usage_root":12.24,"disk_read_sec":40965529,"disk_write_sec":29334869,"disk_iops_sec":465,"io_wait":0,"open_files":0,"os_bytes_in_sec":25644,"os_bytes_out_sec":11238,"total_procs":782},"count":2},{"date":1638245400,"epoch_div":13652045,"totals":{"load_avg":16.09765625,"cpu_usage":200,"mem_used":16033787904,"mem_free":13247811584,"tcp_conns":173,"disk_usage_root":12.24,"disk_read_sec":46473731,"disk_write_sec":62286946,"disk_iops_sec":575,"io_wait":0,"open_files":0,"os_bytes_in_sec":93038,"os_bytes_out_sec":6696,"total_procs":782},"count":2,"alerts":{"load_avg_high":true}},{"date":1638245520,"epoch_div":13652046,"totals":{"load_avg":9.75146484375,"cpu_usage":200,"mem_used":16793776128,"mem_free":13913346048,"tcp_conns":164,"disk_usage_root":12.24,"disk_read_sec":98502951,"disk_write_sec":79402350,"disk_iops_sec":1013,"io_wait":0,"open_files":0,"os_bytes_in_sec":4053,"os_bytes_out_sec":5705,"total_procs":781},"count":2},{"date":1638245640,"epoch_div":13652047,"totals":{"load_avg":14.18603515625,"cpu_usage":200,"mem_used":16139079680,"mem_free":13215895552,"tcp_conns":178,"disk_usage_root":12.24,"disk_read_sec":82693734,"disk_write_sec":87003340,"disk_iops_sec":929,"io_wait":0,"open_files":0,"os_bytes_in_sec":94431,"os_bytes_out_sec":11879,"total_procs":770},"count":2},{"date":1638245760,"epoch_div":13652048,"totals":{"load_avg":6.5439453125,"cpu_usage":200,"mem_used":15997394944,"mem_free":13702406144,"tcp_conns":181,"disk_usage_root":12.24,"disk_read_sec":53570354,"disk_write_sec":48926241,"disk_iops_sec":598,"io_wait":0,"open_files":0,"os_bytes_in_sec":83273,"os_bytes_out_sec":9173,"total_procs":767},"count":2},{"date":1638245880,"epoch_div":13652049,"totals":{"load_avg":6.41796875,"cpu_usage":200,"mem_used":15817420800,"mem_free":12880130048,"tcp_conns":161,"disk_usage_root":12.24,"disk_read_sec":61081790,"disk_write_sec":67181368,"disk_iops_sec":627,"io_wait":0,"open_files":0,"os_bytes_in_sec":2490,"os_bytes_out_sec":5189,"total_procs":764},"count":2},{"date":1638246000,"epoch_div":13652050,"totals":{"load_avg":5.98291015625,"cpu_usage":200,"mem_used":15550054400,"mem_free":13482770432,"tcp_conns":155,"disk_usage_root":12.24,"disk_read_sec":59286925,"disk_write_sec":41523454,"disk_iops_sec":528,"io_wait":0,"open_files":0,"os_bytes_in_sec":2862,"os_bytes_out_sec":30695,"total_procs":762},"count":2},{"date":1638246120,"epoch_div":13652051,"totals":{"load_avg":4.798828125,"cpu_usage":200,"mem_used":16234921984,"mem_free":13257420800,"tcp_conns":177,"disk_usage_root":12.24,"disk_read_sec":69835161,"disk_write_sec":83352029,"disk_iops_sec":824,"io_wait":0,"open_files":0,"os_bytes_in_sec":58355,"os_bytes_out_sec":30459,"total_procs":769},"count":2},{"date":1638246240,"epoch_div":13652052,"totals":{"load_avg":10.68505859375,"cpu_usage":200,"mem_used":16820969472,"mem_free":13604270080,"tcp_conns":192,"disk_usage_root":12.24,"disk_read_sec":223686177,"disk_write_sec":192326109,"disk_iops_sec":1993,"io_wait":0,"open_files":0,"os_bytes_in_sec":63413,"os_bytes_out_sec":15868,"total_procs":748},"count":2},{"date":1638246360,"epoch_div":13652053,"totals":{"load_avg":7.53759765625,"cpu_usage":200,"mem_used":16267485184,"mem_free":13230198784,"tcp_conns":184,"disk_usage_root":12.24,"disk_read_sec":53905179,"disk_write_sec":50281555,"disk_iops_sec":644,"io_wait":0,"open_files":0,"os_bytes_in_sec":55399,"os_bytes_out_sec":15778,"total_procs":736},"count":2},{"date":1638246480,"epoch_div":13652054,"totals":{"load_avg":5.5751953125,"cpu_usage":200,"mem_used":16850800640,"mem_free":12921585664,"tcp_conns":168,"disk_usage_root":12.24,"disk_read_sec":31948382,"disk_write_sec":35005088,"disk_iops_sec":475,"io_wait":0,"open_files":0,"os_bytes_in_sec":26907,"os_bytes_out_sec":31842,"total_procs":741},"count":2},{"date":1638246600,"epoch_div":13652055,"totals":{"load_avg":4.92578125,"cpu_usage":200,"mem_used":16602337280,"mem_free":12705611776,"tcp_conns":165,"disk_usage_root":12.24,"disk_read_sec":24663449,"disk_write_sec":27478629,"disk_iops_sec":438,"io_wait":0,"open_files":0,"os_bytes_in_sec":23574,"os_bytes_out_sec":14906,"total_procs":755},"count":2},{"date":1638246720,"epoch_div":13652056,"totals":{"load_avg":5.822265625,"cpu_usage":200,"mem_used":16947048448,"mem_free":12657803264,"tcp_conns":182,"disk_usage_root":12.24,"disk_read_sec":20218196,"disk_write_sec":19424528,"disk_iops_sec":308,"io_wait":0,"open_files":0,"os_bytes_in_sec":126621,"os_bytes_out_sec":10798,"total_procs":764},"count":2},{"date":1638246840,"epoch_div":13652057,"totals":{"load_avg":5.02587890625,"cpu_usage":200,"mem_used":16581210112,"mem_free":12806221824,"tcp_conns":197,"disk_usage_root":12.24,"disk_read_sec":39123489,"disk_write_sec":44013977,"disk_iops_sec":478,"io_wait":0,"open_files":0,"os_bytes_in_sec":7595,"os_bytes_out_sec":9714,"total_procs":766},"count":2},{"date":1638246960,"epoch_div":13652058,"totals":{"load_avg":6.57177734375,"cpu_usage":200,"mem_used":17079250944,"mem_free":12812546048,"tcp_conns":184,"disk_usage_root":12.24,"disk_read_sec":25905521,"disk_write_sec":16398106,"disk_iops_sec":265,"io_wait":0,"open_files":0,"os_bytes_in_sec":18814,"os_bytes_out_sec":13281,"total_procs":769},"count":2},{"date":1638247080,"epoch_div":13652059,"totals":{"load_avg":9.16357421875,"cpu_usage":200,"mem_used":16558063616,"mem_free":12826525696,"tcp_conns":175,"disk_usage_root":12.24,"disk_read_sec":10726535,"disk_write_sec":14870527,"disk_iops_sec":280,"io_wait":0,"open_files":0,"os_bytes_in_sec":13379,"os_bytes_out_sec":11710,"total_procs":767},"count":2},{"date":1638247200,"epoch_div":13652060,"totals":{"load_avg":7.78955078125,"cpu_usage":200,"mem_used":17086070784,"mem_free":12715433984,"tcp_conns":158,"disk_usage_root":12.24,"disk_read_sec":11853754,"disk_write_sec":5298311,"disk_iops_sec":152,"io_wait":0,"open_files":0,"os_bytes_in_sec":2394,"os_bytes_out_sec":3993,"total_procs":767},"count":2},{"date":1638247320,"epoch_div":13652061,"totals":{"load_avg":5.267578125,"cpu_usage":200,"mem_used":17085652992,"mem_free":12545994752,"tcp_conns":176,"disk_usage_root":12.24,"disk_read_sec":20471721,"disk_write_sec":20614363,"disk_iops_sec":489,"io_wait":0,"open_files":0,"os_bytes_in_sec":75741,"os_bytes_out_sec":8849,"total_procs":809},"count":2},{"date":1638247440,"epoch_div":13652062,"totals":{"load_avg":6.22216796875,"cpu_usage":200,"mem_used":17121734656,"mem_free":12390600704,"tcp_conns":155,"disk_usage_root":12.24,"disk_read_sec":11516095,"disk_write_sec":9622575,"disk_iops_sec":271,"io_wait":0,"open_files":0,"os_bytes_in_sec":2181,"os_bytes_out_sec":4157,"total_procs":832},"count":2},{"date":1638247560,"epoch_div":13652063,"totals":{"load_avg":5.8828125,"cpu_usage":200,"mem_used":17137274880,"mem_free":12491489280,"tcp_conns":148,"disk_usage_root":12.24,"disk_read_sec":1528558,"disk_write_sec":224460,"disk_iops_sec":55,"io_wait":0,"open_files":0,"os_bytes_in_sec":1222,"os_bytes_out_sec":2468,"total_procs":826},"count":2},{"date":1638247680,"epoch_div":13652064,"totals":{"load_avg":6.8447265625,"cpu_usage":200,"mem_used":16515567616,"mem_free":12601282560,"tcp_conns":150,"disk_usage_root":12.24,"disk_read_sec":12622710,"disk_write_sec":19746883,"disk_iops_sec":189,"io_wait":0,"open_files":0,"os_bytes_in_sec":3070,"os_bytes_out_sec":4402,"total_procs":830},"count":2},{"date":1638247800,"epoch_div":13652065,"totals":{"load_avg":4.32861328125,"cpu_usage":200,"mem_used":16494563328,"mem_free":12560736256,"tcp_conns":147,"disk_usage_root":12.24,"disk_read_sec":5516492,"disk_write_sec":300713,"disk_iops_sec":117,"io_wait":0,"open_files":0,"os_bytes_in_sec":2625,"os_bytes_out_sec":4267,"total_procs":832},"count":2},{"date":1638247920,"epoch_div":13652066,"totals":{"load_avg":5.89404296875,"cpu_usage":200,"mem_used":16832245760,"mem_free":12472885248,"tcp_conns":149,"disk_usage_root":12.24,"disk_read_sec":3615202,"disk_write_sec":234178,"disk_iops_sec":130,"io_wait":0,"open_files":0,"os_bytes_in_sec":1420,"os_bytes_out_sec":3047,"total_procs":827},"count":2},{"date":1638248040,"epoch_div":13652067,"totals":{"load_avg":8.2001953125,"cpu_usage":200,"mem_used":16449789952,"mem_free":12522508288,"tcp_conns":151,"disk_usage_root":12.24,"disk_read_sec":3160931,"disk_write_sec":9125904,"disk_iops_sec":134,"io_wait":0,"open_files":0,"os_bytes_in_sec":1634,"os_bytes_out_sec":3651,"total_procs":830},"count":2},{"date":1638248160,"epoch_div":13652068,"totals":{"load_avg":6.197265625,"cpu_usage":200,"mem_used":17056878592,"mem_free":12502634496,"tcp_conns":148,"disk_usage_root":12.24,"disk_read_sec":10002158,"disk_write_sec":2874572,"disk_iops_sec":106,"io_wait":0,"open_files":0,"os_bytes_in_sec":3041,"os_bytes_out_sec":3924,"total_procs":833},"count":2},{"date":1638248280,"epoch_div":13652069,"totals":{"load_avg":5.18994140625,"cpu_usage":200,"mem_used":16985513984,"mem_free":12429377536,"tcp_conns":146,"disk_usage_root":12.24,"disk_read_sec":4693810,"disk_write_sec":4719069,"disk_iops_sec":100,"io_wait":0,"open_files":0,"os_bytes_in_sec":2181,"os_bytes_out_sec":4601,"total_procs":832},"count":2}]}