{"type":"list_page","items":[{"date":1639199400,"epoch_div":13659995,"totals":{"load_avg":1.99267578125,"cpu_usage":100,"mem_used":8547246080,"mem_free":6411919360,"tcp_conns":89,"disk_usage_root":8.83,"disk_read_sec":90257,"disk_write_sec":26215,"disk_iops_sec":2,"io_wait":0,"open_files":0,"os_bytes_in_sec":94,"os_bytes_out_sec":92,"total_procs":478},"count":1},{"date":1639199520,"epoch_div":13659996,"totals":{"load_avg":4.85546875,"cpu_usage":200,"mem_used":17132568576,"mem_free":12833341440,"tcp_conns":189,"disk_usage_root":17.66,"disk_read_sec":6184863,"disk_write_sec":3752974,"disk_iops_sec":285,"io_wait":0,"open_files":0,"os_bytes_in_sec":8990,"os_bytes_out_sec":6333,"total_procs":958},"count":2},{"date":1639200600,"epoch_div":13660005,"totals":{"load_avg":9.57666015625,"cpu_usage":100,"mem_used":8544829440,"mem_free":6420824064,"tcp_conns":90,"disk_usage_root":8.83,"disk_read_sec":160976,"disk_write_sec":120370,"disk_iops_sec":7,"io_wait":0,"open_files":0,"os_bytes_in_sec":41,"os_bytes_out_sec":289,"total_procs":489},"count":1,"alerts":{"load_avg_high":true}},{"date":1639200720,"epoch_div":13660006,"totals":{"load_avg":11.4111328125,"cpu_usage":200,"mem_used":17118838784,"mem_free":12784431104,"tcp_conns":191,"disk_usage_root":17.66,"disk_read_sec":5396513,"disk_write_sec":6791567,"disk_iops_sec":239,"io_wait":0,"open_files":0,"os_bytes_in_sec":8026,"os_bytes_out_sec":4565,"total_procs":963},"count":2},{"date":1639202040,"epoch_div":13660017,"totals":{"load_avg":2.81298828125,"cpu_usage":100,"mem_used":8552914944,"mem_free":6379773952,"tcp_conns":89,"disk_usage_root":8.83,"disk_read_sec":40896,"disk_write_sec":17263,"disk_iops_sec":2,"io_wait":0,"open_files":0,"os_bytes_in_sec":10,"os_bytes_out_sec":16,"total_procs":479},"count":1},{"date":1639202160,"epoch_div":13660018,"totals":{"load_avg":4.880859375,"cpu_usage":200,"mem_used":17120804864,"mem_free":12765061120,"tcp_conns":191,"disk_usage_root":17.66,"disk_read_sec":4940352,"disk_write_sec":2738534,"disk_iops_sec":272,"io_wait":0,"open_files":0,"os_bytes_in_sec":6788,"os_bytes_out_sec":6049,"total_procs":978},"count":2},{"date":1639203720,"epoch_div":13660031,"totals":{"load_avg":16.37646484375,"cpu_usage":200,"mem_used":17089990656,"mem_free":12785295360,"tcp_conns":193,"disk_usage_root":17.66,"disk_read_sec":1321075,"disk_write_sec":433972,"disk_iops_sec":89,"io_wait":0,"open_files":0,"os_bytes_in_sec":11149,"os_bytes_out_sec":6364,"total_procs":957},"count":2,"alerts":{"load_avg_high":true}},{"date":1639203840,"epoch_div":13660032,"totals":{"load_avg":8.6640625,"cpu_usage":100,"mem_used":8565260288,"mem_free":6382071808,"tcp_conns":96,"disk_usage_root":8.83,"disk_read_sec":1308772,"disk_write_sec":996872,"disk_iops_sec":127,"io_wait":0,"open_files":0,"os_bytes_in_sec":3520,"os_bytes_out_sec":2998,"total_procs":486},"count":1},{"date":1639228560,"epoch_div":13660238,"totals":{"load_avg":5.71435546875,"cpu_usage":100,"mem_used":8548986880,"mem_free":6468390912,"tcp_conns":88,"disk_usage_root":8.83,"disk_read_sec":10255,"disk_write_sec":7907,"disk_iops_sec":0,"io_wait":0,"open_files":0,"os_bytes_in_sec":0,"os_bytes_out_sec":0,"total_procs":483},"count":1},{"date":1639228680,"epoch_div":13660239,"totals":{"load_avg":10.79345703125,"cpu_usage":200,"mem_used":16944095232,"mem_free":12760449024,"tcp_conns":196,"disk_usage_root":17.66,"disk_read_sec":16115668,"disk_write_sec":13861296,"disk_iops_sec":1069,"io_wait":0,"open_files":0,"os_bytes_in_sec":11377,"os_bytes_out_sec":4199,"total_procs":963},"count":2},{"date":1639233000,"epoch_div":13660275,"totals":{"load_avg":5.6826171875,"cpu_usage":200,"mem_used":17098698752,"mem_free":12580306944,"tcp_conns":180,"disk_usage_root":17.66,"disk_read_sec":9992931,"disk_write_sec":1568632,"disk_iops_sec":1577,"io_wait":0,"open_files":0,"os_bytes_in_sec":0,"os_bytes_out_sec":0,"total_procs":966},"count":2},{"date":1639233120,"epoch_div":13660276,"totals":{"load_avg":4.13134765625,"cpu_usage":200,"mem_used":17121218560,"mem_free":12541640704,"tcp_conns":195,"disk_usage_root":17.66,"disk_read_sec":2725887,"disk_write_sec":1228048,"disk_iops_sec":185,"io_wait":0,"open_files":0,"os_bytes_in_sec":6570,"os_bytes_out_sec":8515,"total_procs":969},"count":2},{"date":1639233240,"epoch_div":13660277,"totals":{"load_avg":4.60009765625,"cpu_usage":200,"mem_used":16967733248,"mem_free":12650393600,"tcp_conns":202,"disk_usage_root":17.66,"disk_read_sec":669878,"disk_write_sec":293059,"disk_iops_sec":54,"io_wait":0,"open_files":0,"os_bytes_in_sec":10859,"os_bytes_out_sec":6141,"total_procs":963},"count":2},{"date":1639233360,"epoch_div":13660278,"totals":{"load_avg":5.74365234375,"cpu_usage":200,"mem_used":17096871936,"mem_free":12531613696,"tcp_conns":193,"disk_usage_root":17.66,"disk_read_sec":242141,"disk_write_sec":184592,"disk_iops_sec":49,"io_wait":0,"open_files":0,"os_bytes_in_sec":4353,"os_bytes_out_sec":2368,"total_procs":959},"count":2},{"date":1639233480,"epoch_div":13660279,"totals":{"load_avg":5.4599609375,"cpu_usage":200,"mem_used":17127665664,"mem_free":12494348288,"tcp_conns":202,"disk_usage_root":17.66,"disk_read_sec":1347933,"disk_write_sec":1507922,"disk_iops_sec":80,"io_wait":0,"open_files":0,"os_bytes_in_sec":6036,"os_bytes_out_sec":3059,"total_procs":961},"count":2},{"date":1639233600,"epoch_div":13660280,"totals":{"load_avg":5.4169921875,"cpu_usage":200,"mem_used":17086836736,"mem_free":12572229632,"tcp_conns":202,"disk_usage_root":17.66,"disk_read_sec":301879,"disk_write_sec":190405,"disk_iops_sec":45,"io_wait":0,"open_files":0,"os_bytes_in_sec":5305,"os_bytes_out_sec":2630,"total_procs":959},"count":2},{"date":1639233720,"epoch_div":13660281,"totals":{"load_avg":6.69287109375,"cpu_usage":200,"mem_used":17114406912,"mem_free":12488142848,"tcp_conns":195,"disk_usage_root":17.66,"disk_read_sec":85674,"disk_write_sec":183637,"disk_iops_sec":30,"io_wait":0,"open_files":0,"os_bytes_in_sec":3797,"os_bytes_out_sec":2296,"total_procs":958},"count":2},{"date":1639233840,"epoch_div":13660282,"totals":{"load_avg":4.759765625,"cpu_usage":200,"mem_used":17101959168,"mem_free":12549521408,"tcp_conns":188,"disk_usage_root":17.66,"disk_read_sec":1462203,"disk_write_sec":1462271,"disk_iops_sec":76,"io_wait":0,"open_files":0,"os_bytes_in_sec":4601,"os_bytes_out_sec":2327,"total_procs":962},"count":2},{"date":1639233960,"epoch_div":13660283,"totals":{"load_avg":4.11962890625,"cpu_usage":200,"mem_used":17117433856,"mem_free":12485525504,"tcp_conns":190,"disk_usage_root":17.66,"disk_read_sec":254156,"disk_write_sec":179609,"disk_iops_sec":49,"io_wait":0,"open_files":0,"os_bytes_in_sec":4624,"os_bytes_out_sec":2194,"total_procs":957},"count":2},{"date":1639234080,"epoch_div":13660284,"totals":{"load_avg":4.76513671875,"cpu_usage":200,"mem_used":17134096384,"mem_free":12476116992,"tcp_conns":189,"disk_usage_root":17.66,"disk_read_sec":894448,"disk_write_sec":1403569,"disk_iops_sec":105,"io_wait":0,"open_files":0,"os_bytes_in_sec":4610,"os_bytes_out_sec":2627,"total_procs":966},"count":2},{"date":1639234200,"epoch_div":13660285,"totals":{"load_avg":3.7353515625,"cpu_usage":200,"mem_used":17023995904,"mem_free":12578250752,"tcp_conns":196,"disk_usage_root":17.66,"disk_read_sec":561073,"disk_write_sec":474663,"disk_iops_sec":47,"io_wait":0,"open_files":0,"os_bytes_in_sec":9558,"os_bytes_out_sec":4901,"total_procs":959},"count":2},{"date":1639234320,"epoch_div":13660286,"totals":{"load_avg":4.64501953125,"cpu_usage":200,"mem_used":17056473088,"mem_free":12490977280,"tcp_conns":190,"disk_usage_root":17.66,"disk_read_sec":152848,"disk_write_sec":159743,"disk_iops_sec":28,"io_wait":0,"open_files":0,"os_bytes_in_sec":3567,"os_bytes_out_sec":2147,"total_procs":957},"count":2},{"date":1639234440,"epoch_div":13660287,"totals":{"load_avg":5.005859375,"cpu_usage":200,"mem_used":17091469312,"mem_free":12528439296,"tcp_conns":189,"disk_usage_root":17.66,"disk_read_sec":975461,"disk_write_sec":968634,"disk_iops_sec":58,"io_wait":0,"open_files":0,"os_bytes_in_sec":3810,"os_bytes_out_sec":2458,"total_procs":962},"count":2},{"date":1639234560,"epoch_div":13660288,"totals":{"load_avg":7.48193359375,"cpu_usage":200,"mem_used":17104838656,"mem_free":12481216512,"tcp_conns":191,"disk_usage_root":17.66,"disk_read_sec":238727,"disk_write_sec":181315,"disk_iops_sec":44,"io_wait":0,"open_files":0,"os_bytes_in_sec":5549,"os_bytes_out_sec":2585,"total_procs":958},"count":2},{"date":1639234680,"epoch_div":13660289,"totals":{"load_avg":5.4541015625,"cpu_usage":200,"mem_used":17110675456,"mem_free":12475412480,"tcp_conns":191,"disk_usage_root":17.66,"disk_read_sec":738849,"disk_write_sec":823500,"disk_iops_sec":53,"io_wait":0,"open_files":0,"os_bytes_in_sec":6990,"os_bytes_out_sec":3161,"total_procs":961},"count":2},{"date":1639234800,"epoch_div":13660290,"totals":{"load_avg":6.349609375,"cpu_usage":200,"mem_used":17084608512,"mem_free":12507131904,"tcp_conns":194,"disk_usage_root":17.66,"disk_read_sec":629827,"disk_write_sec":320101,"disk_iops_sec":58,"io_wait":0,"open_files":0,"os_bytes_in_sec":5572,"os_bytes_out_sec":2941,"total_procs":958},"count":2},{"date":1639234920,"epoch_div":13660291,"totals":{"load_avg":6.35888671875,"cpu_usage":200,"mem_used":17109782528,"mem_free":12486213632,"tcp_conns":191,"disk_usage_root":17.66,"disk_read_sec":90179,"disk_write_sec":170510,"disk_iops_sec":30,"io_wait":0,"open_files":0,"os_bytes_in_sec":4134,"os_bytes_out_sec":2192,"total_procs":958},"count":2},{"date":1639235040,"epoch_div":13660292,"totals":{"load_avg":6.07470703125,"cpu_usage":200,"mem_used":17038209024,"mem_free":12565643264,"tcp_conns":188,"disk_usage_root":17.66,"disk_read_sec":929132,"disk_write_sec":1222561,"disk_iops_sec":61,"io_wait":0,"open_files":0,"os_bytes_in_sec":4239,"os_bytes_out_sec":2200,"total_procs":962},"count":2},{"date":1639235160,"epoch_div":13660293,"totals":{"load_avg":4.27001953125,"cpu_usage":200,"mem_used":17053466624,"mem_free":12511801344,"tcp_conns":190,"disk_usage_root":17.66,"disk_read_sec":262622,"disk_write_sec":214066,"disk_iops_sec":37,"io_wait":0,"open_files":0,"os_bytes_in_sec":7368,"os_bytes_out_sec":3031,"total_procs":958},"count":2},{"date":1639235280,"epoch_div":13660294,"totals":{"load_avg":5.11572265625,"cpu_usage":200,"mem_used":17132281856,"mem_free":12480700416,"tcp_conns":191,"disk_usage_root":17.66,"disk_read_sec":2779271,"disk_write_sec":5242880,"disk_iops_sec":116,"io_wait":0,"open_files":0,"os_bytes_in_sec":6769,"os_bytes_out_sec":3192,"total_procs":964},"count":2},{"date":1639235400,"epoch_div":13660295,"totals":{"load_avg":5.03564453125,"cpu_usage":200,"mem_used":17061355520,"mem_free":12519215104,"tcp_conns":195,"disk_usage_root":17.66,"disk_read_sec":945103,"disk_write_sec":1042295,"disk_iops_sec":54,"io_wait":0,"open_files":0,"os_bytes_in_sec":9105,"os_bytes_out_sec":4064,"total_procs":959},"count":2},{"date":1639235520,"epoch_div":13660296,"totals":{"load_avg":5.1767578125,"cpu_usage":200,"mem_used":17094778880,"mem_free":12417327104,"tcp_conns":192,"disk_usage_root":17.66,"disk_read_sec":145632,"disk_write_sec":188165,"disk_iops_sec":32,"io_wait":0,"open_files":0,"os_bytes_in_sec":4306,"os_bytes_out_sec":2226,"total_procs":957},"count":2},{"date":1639235640,"epoch_div":13660297,"totals":{"load_avg":3.65380859375,"cpu_usage":200,"mem_used":17121796096,"mem_free":12480303104,"tcp_conns":191,"disk_usage_root":17.66,"disk_read_sec":1197602,"disk_write_sec":922487,"disk_iops_sec":131,"io_wait":0,"open_files":0,"os_bytes_in_sec":4111,"os_bytes_out_sec":2157,"total_procs":962},"count":2},{"date":1639235760,"epoch_div":13660298,"totals":{"load_avg":4.35986328125,"cpu_usage":200,"mem_used":17140772864,"mem_free":12470091776,"tcp_conns":192,"disk_usage_root":17.66,"disk_read_sec":516232,"disk_write_sec":343858,"disk_iops_sec":73,"io_wait":0,"open_files":0,"os_bytes_in_sec":5032,"os_bytes_out_sec":2325,"total_procs":958},"count":2},{"date":1639235880,"epoch_div":13660299,"totals":{"load_avg":6.029296875,"cpu_usage":200,"mem_used":17129889792,"mem_free":12438736896,"tcp_conns":195,"disk_usage_root":17.66,"disk_read_sec":732978,"disk_write_sec":1689190,"disk_iops_sec":63,"io_wait":0,"open_files":0,"os_bytes_in_sec":6874,"os_bytes_out_sec":3021,"total_procs":961},"count":2},{"date":1639236000,"epoch_div":13660300,"totals":{"load_avg":5.2490234375,"cpu_usage":200,"mem_used":17061523456,"mem_free":12517826560,"tcp_conns":193,"disk_usage_root":17.66,"disk_read_sec":632012,"disk_write_sec":253268,"disk_iops_sec":49,"io_wait":0,"open_files":0,"os_bytes_in_sec":6866,"os_bytes_out_sec":3310,"total_procs":959},"count":2},{"date":1639236120,"epoch_div":13660301,"totals":{"load_avg":6.22509765625,"cpu_usage":200,"mem_used":17132822528,"mem_free":12460875776,"tcp_conns":190,"disk_usage_root":17.66,"disk_read_sec":318668,"disk_write_sec":168822,"disk_iops_sec":28,"io_wait":0,"open_files":0,"os_bytes_in_sec":4621,"os_bytes_out_sec":2113,"total_procs":957},"count":2},{"date":1639236240,"epoch_div":13660302,"totals":{"load_avg":5.3818359375,"cpu_usage":200,"mem_used":16994963456,"mem_free":12539723776,"tcp_conns":189,"disk_usage_root":17.66,"disk_read_sec":1026250,"disk_write_sec":1417225,"disk_iops_sec":66,"io_wait":0,"open_files":0,"os_bytes_in_sec":4778,"os_bytes_out_sec":2604,"total_procs":961},"count":2},{"date":1639236360,"epoch_div":13660303,"totals":{"load_avg":6.07421875,"cpu_usage":200,"mem_used":17026408448,"mem_free":12498759680,"tcp_conns":191,"disk_usage_root":17.66,"disk_read_sec":335857,"disk_write_sec":193329,"disk_iops_sec":46,"io_wait":0,"open_files":0,"os_bytes_in_sec":4593,"os_bytes_out_sec":2039,"total_procs":957},"count":2},{"date":1639236480,"epoch_div":13660304,"totals":{"load_avg":5.5654296875,"cpu_usage":200,"mem_used":17106079744,"mem_free":12456579072,"tcp_conns":189,"disk_usage_root":17.66,"disk_read_sec":563745,"disk_write_sec":918322,"disk_iops_sec":60,"io_wait":0,"open_files":0,"os_bytes_in_sec":4794,"os_bytes_out_sec":2455,"total_procs":966},"count":2},{"date":1639236600,"epoch_div":13660305,"totals":{"load_avg":3.54638671875,"cpu_usage":200,"mem_used":17114456064,"mem_free":12490756096,"tcp_conns":193,"disk_usage_root":17.66,"disk_read_sec":4752324,"disk_write_sec":3148552,"disk_iops_sec":128,"io_wait":0,"open_files":0,"os_bytes_in_sec":7604,"os_bytes_out_sec":4804,"total_procs":963},"count":2},{"date":1639239720,"epoch_div":13660331,"totals":{"load_avg":1.2587890625,"cpu_usage":100,"mem_used":8553521152,"mem_free":6253101056,"tcp_conns":88,"disk_usage_root":8.83,"disk_read_sec":78080,"disk_write_sec":71032,"disk_iops_sec":1,"io_wait":0,"open_files":0,"os_bytes_in_sec":2,"os_bytes_out_sec":5,"total_procs":481},"count":1},{"date":1639239840,"epoch_div":13660332,"totals":{"load_avg":2.798828125,"cpu_usage":200,"mem_used":17110560768,"mem_free":12494450688,"tcp_conns":191,"disk_usage_root":17.66,"disk_read_sec":22199522,"disk_write_sec":24102513,"disk_iops_sec":759,"io_wait":0,"open_files":0,"os_bytes_in_sec":43849,"os_bytes_out_sec":43449,"total_procs":963},"count":2},{"date":1639256280,"epoch_div":13660469,"totals":{"load_avg":3.486328125,"cpu_usage":200,"mem_used":16935837696,"mem_free":12785307648,"tcp_conns":200,"disk_usage_root":17.66,"disk_read_sec":5851687,"disk_write_sec":15544426,"disk_iops_sec":308,"io_wait":0,"open_files":0,"os_bytes_in_sec":0,"os_bytes_out_sec":0,"total_procs":969},"count":2},{"date":1639256400,"epoch_div":13660470,"totals":{"load_avg":4.642578125,"cpu_usage":200,"mem_used":17072431104,"mem_free":12428189696,"tcp_conns":216,"disk_usage_root":17.66,"disk_read_sec":12306840,"disk_write_sec":7220428,"disk_iops_sec":317,"io_wait":0,"open_files":0,"os_bytes_in_sec":35818,"os_bytes_out_sec":13174,"total_procs":980},"count":2},{"date":1639256520,"epoch_div":13660471,"totals":{"load_avg":4.85986328125,"cpu_usage":200,"mem_used":17135685632,"mem_free":12408877056,"tcp_conns":209,"disk_usage_root":17.66,"disk_read_sec":55276270,"disk_write_sec":6658321,"disk_iops_sec":873,"io_wait":0,"open_files":0,"os_bytes_in_sec":16154,"os_bytes_out_sec":13886,"total_procs":958},"count":2},{"date":1639256640,"epoch_div":13660472,"totals":{"load_avg":4.04296875,"cpu_usage":200,"mem_used":16733556736,"mem_free":12478484480,"tcp_conns":219,"disk_usage_root":17.66,"disk_read_sec":51610555,"disk_write_sec":978328,"disk_iops_sec":4035,"io_wait":0,"open_files":0,"os_bytes_in_sec":9756,"os_bytes_out_sec":11922,"total_procs":976},"count":2},{"date":1639256760,"epoch_div":13660473,"totals":{"load_avg":2.689453125,"cpu_usage":200,"mem_used":16694300672,"mem_free":12482142208,"tcp_conns":207,"disk_usage_root":17.66,"disk_read_sec":51120332,"disk_write_sec":444484,"disk_iops_sec":6149,"io_wait":0,"open_files":0,"os_bytes_in_sec":5187,"os_bytes_out_sec":2644,"total_procs":961},"count":2},{"date":1639256880,"epoch_div":13660474,"totals":{"load_avg":1.76171875,"cpu_usage":200,"mem_used":14897586176,"mem_free":12993777664,"tcp_conns":198,"disk_usage_root":17.66,"disk_read_sec":51330318,"disk_write_sec":298382,"disk_iops_sec":6422,"io_wait":0,"open_files":0,"os_bytes_in_sec":4747,"os_bytes_out_sec":2566,"total_procs":965},"count":2},{"date":1639257000,"epoch_div":13660475,"totals":{"load_avg":1.34130859375,"cpu_usage":200,"mem_used":15413760000,"mem_free":12233670656,"tcp_conns":194,"disk_usage_root":17.66,"disk_read_sec":58769822,"disk_write_sec":212251,"disk_iops_sec":6799,"io_wait":0,"open_files":0,"os_bytes_in_sec":4383,"os_bytes_out_sec":2338,"total_procs":959},"count":2},{"date":1639257120,"epoch_div":13660476,"totals":{"load_avg":0.9404296875,"cpu_usage":200,"mem_used":15640322048,"mem_free":12149575680,"tcp_conns":193,"disk_usage_root":17.66,"disk_read_sec":58482393,"disk_write_sec":205770,"disk_iops_sec":5779,"io_wait":0,"open_files":0,"os_bytes_in_sec":5163,"os_bytes_out_sec":2882,"total_procs":958},"count":2},{"date":1639257240,"epoch_div":13660477,"totals":{"load_avg":3.9345703125,"cpu_usage":200,"mem_used":15853539328,"mem_free":12218687488,"tcp_conns":191,"disk_usage_root":17.66,"disk_read_sec":27114007,"disk_write_sec":460903,"disk_iops_sec":2323,"io_wait":0,"open_files":0,"os_bytes_in_sec":3936,"os_bytes_out_sec":2185,"total_procs":965},"count":2},{"date":1639257360,"epoch_div":13660478,"totals":{"load_avg":6.00341796875,"cpu_usage":200,"mem_used":15912992768,"mem_free":12236476416,"tcp_conns":194,"disk_usage_root":17.66,"disk_read_sec":88354,"disk_write_sec":201403,"disk_iops_sec":33,"io_wait":0,"open_files":0,"os_bytes_in_sec":5144,"os_bytes_out_sec":2640,"total_procs":958},"count":2},{"date":1639257480,"epoch_div":13660479,"totals":{"load_avg":6.45751953125,"cpu_usage":200,"mem_used":15990525952,"mem_free":12249526272,"tcp_conns":193,"disk_usage_root":17.66,"disk_read_sec":101728,"disk_write_sec":202651,"disk_iops_sec":33,"io_wait":0,"open_files":0,"os_bytes_in_sec":3927,"os_bytes_out_sec":2498,"total_procs":963},"count":2},{"date":1639257600,"epoch_div":13660480,"totals":{"load_avg":7.2626953125,"cpu_usage":200,"mem_used":15953707008,"mem_free":12211208192,"tcp_conns":193,"disk_usage_root":17.66,"disk_read_sec":86220,"disk_write_sec":181929,"disk_iops_sec":28,"io_wait":0,"open_files":0,"os_bytes_in_sec":5225,"os_bytes_out_sec":2548,"total_procs":958},"count":2},{"date":1639257720,"epoch_div":13660481,"totals":{"load_avg":5.54541015625,"cpu_usage":200,"mem_used":16090296320,"mem_free":12202397696,"tcp_conns":195,"disk_usage_root":17.66,"disk_read_sec":312797,"disk_write_sec":276411,"disk_iops_sec":59,"io_wait":0,"open_files":0,"os_bytes_in_sec":7277,"os_bytes_out_sec":4160,"total_procs":962},"count":2},{"date":1639257840,"epoch_div":13660482,"totals":{"load_avg":6.51416015625,"cpu_usage":200,"mem_used":16007532544,"mem_free":12296380416,"tcp_conns":191,"disk_usage_root":17.66,"disk_read_sec":90521,"disk_write_sec":223982,"disk_iops_sec":44,"io_wait":0,"open_files":0,"os_bytes_in_sec":2721,"os_bytes_out_sec":1554,"total_procs":959},"count":2},{"date":1639257960,"epoch_div":13660483,"totals":{"load_avg":6.3583984375,"cpu_usage":200,"mem_used":16236658688,"mem_free":12283674624,"tcp_conns":194,"disk_usage_root":17.66,"disk_read_sec":1842517,"disk_write_sec":164590,"disk_iops_sec":33,"io_wait":0,"open_files":0,"os_bytes_in_sec":4667,"os_bytes_out_sec":2385,"total_procs":958},"count":2},{"date":1639258080,"epoch_div":13660484,"totals":{"load_avg":7.24658203125,"cpu_usage":200,"mem_used":16513331200,"mem_free":12298833920,"tcp_conns":199,"disk_usage_root":17.66,"disk_read_sec":864870,"disk_write_sec":633105,"disk_iops_sec":99,"io_wait":0,"open_files":0,"os_bytes_in_sec":6026,"os_bytes_out_sec":3620,"total_procs":964},"count":2},{"date":1639259880,"epoch_div":13660499,"totals":{"load_avg":2.775390625,"cpu_usage":100,"mem_used":8545865728,"mem_free":6060609536,"tcp_conns":96,"disk_usage_root":8.83,"disk_read_sec":86977,"disk_write_sec":21761,"disk_iops_sec":3,"io_wait":0,"open_files":0,"os_bytes_in_sec":43,"os_bytes_out_sec":90,"total_procs":484},"count":1},{"date":1639260000,"epoch_div":13660500,"totals":{"load_avg":3.35888671875,"cpu_usage":100,"mem_used":8563224576,"mem_free":6101155840,"tcp_conns":106,"disk_usage_root":8.83,"disk_read_sec":812000,"disk_write_sec":512620,"disk_iops_sec":71,"io_wait":0,"open_files":0,"os_bytes_in_sec":27882,"os_bytes_out_sec":8143,"total_procs":485},"count":1},{"date":1639260960,"epoch_div":13660508,"totals":{"load_avg":2.98388671875,"cpu_usage":100,"mem_used":8547414016,"mem_free":6091685888,"tcp_conns":104,"disk_usage_root":8.83,"disk_read_sec":69806,"disk_write_sec":30184,"disk_iops_sec":4,"io_wait":0,"open_files":0,"os_bytes_in_sec":110,"os_bytes_out_sec":53,"total_procs":480},"count":1},{"date":1639261080,"epoch_div":13660509,"totals":{"load_avg":2.85400390625,"cpu_usage":100,"mem_used":8564367360,"mem_free":6071848960,"tcp_conns":98,"disk_usage_root":8.83,"disk_read_sec":1823350,"disk_write_sec":715697,"disk_iops_sec":97,"io_wait":0,"open_files":0,"os_bytes_in_sec":1267,"os_bytes_out_sec":2277,"total_procs":487},"count":1},{"date":1639262160,"epoch_div":13660518,"totals":{"load_avg":5.2177734375,"cpu_usage":200,"mem_used":17128824832,"mem_free":12148228096,"tcp_conns":195,"disk_usage_root":17.66,"disk_read_sec":964887,"disk_write_sec":1301181,"disk_iops_sec":221,"io_wait":0,"open_files":0,"os_bytes_in_sec":281,"os_bytes_out_sec":535,"total_procs":963},"count":2},{"date":1639263840,"epoch_div":13660532,"totals":{"load_avg":4.40234375,"cpu_usage":200,"mem_used":17076514816,"mem_free":12185092096,"tcp_conns":204,"disk_usage_root":17.66,"disk_read_sec":5521126,"disk_write_sec":2970386,"disk_iops_sec":182,"io_wait":0,"open_files":0,"os_bytes_in_sec":3971,"os_bytes_out_sec":5511,"total_procs":962},"count":2},{"date":1639264800,"epoch_div":13660540,"totals":{"load_avg":2.14990234375,"cpu_usage":100,"mem_used":8525094912,"mem_free":6101827584,"tcp_conns":103,"disk_usage_root":8.83,"disk_read_sec":0,"disk_write_sec":0,"disk_iops_sec":0,"io_wait":0,"open_files":0,"os_bytes_in_sec":0,"os_bytes_out_sec":0,"total_procs":483},"count":1},{"date":1639264920,"epoch_div":13660541,"totals":{"load_avg":4.404296875,"cpu_usage":100,"mem_used":8477405184,"mem_free":6142713856,"tcp_conns":101,"disk_usage_root":8.83,"disk_read_sec":8668891,"disk_write_sec":4464757,"disk_iops_sec":268,"io_wait":0,"open_files":0,"os_bytes_in_sec":3366,"os_bytes_out_sec":9938,"total_procs":483},"count":1},{"date":1639268040,"epoch_div":13660567,"totals":{"load_avg":3.30029296875,"cpu_usage":100,"mem_used":8475979776,"mem_free":6147883008,"tcp_conns":110,"disk_usage_root":8.83,"disk_read_sec":14866,"disk_write_sec":2297,"disk_iops_sec":0,"io_wait":0,"open_files":0,"os_bytes_in_sec":129,"os_bytes_out_sec":65,"total_procs":482},"count":1},{"date":1639268160,"epoch_div":13660568,"totals":{"load_avg":7.14599609375,"cpu_usage":100,"mem_used":8571674624,"mem_free":6107357184,"tcp_conns":110,"disk_usage_root":8.83,"disk_read_sec":8877056,"disk_write_sec":11329792,"disk_iops_sec":197,"io_wait":0,"open_files":0,"os_bytes_in_sec":35381,"os_bytes_out_sec":5144,"total_procs":486},"count":1},{"date":1639271280,"epoch_div":13660594,"totals":{"load_avg":6.080078125,"cpu_usage":100,"mem_used":8557215744,"mem_free":6083715072,"tcp_conns":111,"disk_usage_root":8.83,"disk_read_sec":20435,"disk_write_sec":10308,"disk_iops_sec":1,"io_wait":0,"open_files":0,"os_bytes_in_sec":74,"os_bytes_out_sec":41,"total_procs":486},"count":1},{"date":1639271400,"epoch_div":13660595,"totals":{"load_avg":5.19287109375,"cpu_usage":100,"mem_used":8547647488,"mem_free":6088187904,"tcp_conns":108,"disk_usage_root":8.83,"disk_read_sec":1054310,"disk_write_sec":1217331,"disk_iops_sec":111,"io_wait":0,"open_files":0,"os_bytes_in_sec":16023,"os_bytes_out_sec":10245,"total_procs":481},"count":1},{"date":1639274520,"epoch_div":13660621,"totals":{"load_avg":3.8212890625,"cpu_usage":100,"mem_used":8564645888,"mem_free":6090366976,"tcp_conns":108,"disk_usage_root":8.83,"disk_read_sec":12545,"disk_write_sec":3877,"disk_iops_sec":0,"io_wait":0,"open_files":0,"os_bytes_in_sec":41,"os_bytes_out_sec":54,"total_procs":482},"count":1},{"date":1639274640,"epoch_div":13660622,"totals":{"load_avg":4.001953125,"cpu_usage":100,"mem_used":8496578560,"mem_free":6117838848,"tcp_conns":108,"disk_usage_root":8.83,"disk_read_sec":12251451,"disk_write_sec":5993708,"disk_iops_sec":469,"io_wait":0,"open_files":0,"os_bytes_in_sec":8502,"os_bytes_out_sec":5748,"total_procs":486},"count":1},{"date":1639276200,"epoch_div":13660635,"totals":{"load_avg":10.41064453125,"cpu_usage":200,"mem_used":16920883200,"mem_free":12693241856,"tcp_conns":219,"disk_usage_root":17.66,"disk_read_sec":7523476,"disk_write_sec":1862678,"disk_iops_sec":386,"io_wait":0,"open_files":0,"os_bytes_in_sec":7821,"os_bytes_out_sec":6208,"total_procs":977},"count":2},{"date":1639276320,"epoch_div":13660636,"totals":{"load_avg":7.64990234375,"cpu_usage":200,"mem_used":16780042240,"mem_free":12749643776,"tcp_conns":206,"disk_usage_root":17.66,"disk_read_sec":9007307,"disk_write_sec":7156667,"disk_iops_sec":420,"io_wait":0,"open_files":0,"os_bytes_in_sec":4949,"os_bytes_out_sec":6147,"total_procs":989},"count":2},{"date":1639276440,"epoch_div":13660637,"totals":{"load_avg":4.267578125,"cpu_usage":200,"mem_used":16927363072,"mem_free":12814299136,"tcp_conns":206,"disk_usage_root":17.66,"disk_read_sec":5597440,"disk_write_sec":407500,"disk_iops_sec":242,"io_wait":0,"open_files":0,"os_bytes_in_sec":8158,"os_bytes_out_sec":6076,"total_procs":982},"count":2},{"date":1639276560,"epoch_div":13660638,"totals":{"load_avg":4.60400390625,"cpu_usage":200,"mem_used":17138167808,"mem_free":12736065536,"tcp_conns":203,"disk_usage_root":17.66,"disk_read_sec":500619,"disk_write_sec":373639,"disk_iops_sec":91,"io_wait":0,"open_files":0,"os_bytes_in_sec":9373,"os_bytes_out_sec":4502,"total_procs":982},"count":2},{"date":1639276680,"epoch_div":13660639,"totals":{"load_avg":5.05322265625,"cpu_usage":200,"mem_used":16979300352,"mem_free":12722122752,"tcp_conns":193,"disk_usage_root":17.66,"disk_read_sec":1845521,"disk_write_sec":227122,"disk_iops_sec":96,"io_wait":0,"open_files":0,"os_bytes_in_sec":4298,"os_bytes_out_sec":2476,"total_procs":982},"count":2},{"date":1639276800,"epoch_div":13660640,"totals":{"load_avg":4.62890625,"cpu_usage":200,"mem_used":17032298496,"mem_free":12697870336,"tcp_conns":198,"disk_usage_root":17.66,"disk_read_sec":2383456,"disk_write_sec":378322,"disk_iops_sec":160,"io_wait":0,"open_files":0,"os_bytes_in_sec":5836,"os_bytes_out_sec":3421,"total_procs":989},"count":2},{"date":1639276920,"epoch_div":13660641,"totals":{"load_avg":5.0517578125,"cpu_usage":200,"mem_used":16986034176,"mem_free":12698427392,"tcp_conns":195,"disk_usage_root":17.66,"disk_read_sec":2277239,"disk_write_sec":363109,"disk_iops_sec":146,"io_wait":0,"open_files":0,"os_bytes_in_sec":5408,"os_bytes_out_sec":2972,"total_procs":981},"count":2},{"date":1639277040,"epoch_div":13660642,"totals":{"load_avg":5.9970703125,"cpu_usage":200,"mem_used":16865304576,"mem_free":12732502016,"tcp_conns":192,"disk_usage_root":17.66,"disk_read_sec":39606,"disk_write_sec":319339,"disk_iops_sec":51,"io_wait":0,"open_files":0,"os_bytes_in_sec":5114,"os_bytes_out_sec":2824,"total_procs":983},"count":2},{"date":1639277160,"epoch_div":13660643,"totals":{"load_avg":5.2265625,"cpu_usage":200,"mem_used":16970838016,"mem_free":12676808704,"tcp_conns":194,"disk_usage_root":17.66,"disk_read_sec":380418,"disk_write_sec":309521,"disk_iops_sec":68,"io_wait":0,"open_files":0,"os_bytes_in_sec":5883,"os_bytes_out_sec":3474,"total_procs":983},"count":2},{"date":1639277280,"epoch_div":13660644,"totals":{"load_avg":5.37744140625,"cpu_usage":200,"mem_used":16887541760,"mem_free":12690079744,"tcp_conns":192,"disk_usage_root":17.66,"disk_read_sec":2113330,"disk_write_sec":419839,"disk_iops_sec":163,"io_wait":0,"open_files":0,"os_bytes_in_sec":5600,"os_bytes_out_sec":2880,"total_procs":981},"count":2},{"date":1639277400,"epoch_div":13660645,"totals":{"load_avg":4.173828125,"cpu_usage":200,"mem_used":16883384320,"mem_free":12692930560,"tcp_conns":194,"disk_usage_root":17.66,"disk_read_sec":53238,"disk_write_sec":220139,"disk_iops_sec":34,"io_wait":0,"open_files":0,"os_bytes_in_sec":5505,"os_bytes_out_sec":2833,"total_procs":980},"count":2},{"date":1639277520,"epoch_div":13660646,"totals":{"load_avg":5.041015625,"cpu_usage":200,"mem_used":17040240640,"mem_free":12580937728,"tcp_conns":196,"disk_usage_root":17.66,"disk_read_sec":10467572,"disk_write_sec":286422,"disk_iops_sec":1557,"io_wait":0,"open_files":0,"os_bytes_in_sec":5469,"os_bytes_out_sec":3276,"total_procs":990},"count":2},{"date":1639277640,"epoch_div":13660647,"totals":{"load_avg":4.84033203125,"cpu_usage":200,"mem_used":16826613760,"mem_free":12661071872,"tcp_conns":193,"disk_usage_root":17.66,"disk_read_sec":265399,"disk_write_sec":291190,"disk_iops_sec":46,"io_wait":0,"open_files":0,"os_bytes_in_sec":8979,"os_bytes_out_sec":4850,"total_procs":981},"count":2},{"date":1639277760,"epoch_div":13660648,"totals":{"load_avg":6.12939453125,"cpu_usage":200,"mem_used":16876449792,"mem_free":12630478848,"tcp_conns":194,"disk_usage_root":17.66,"disk_read_sec":319361,"disk_write_sec":190863,"disk_iops_sec":51,"io_wait":0,"open_files":0,"os_bytes_in_sec":4821,"os_bytes_out_sec":2196,"total_procs":980},"count":2},{"date":1639277880,"epoch_div":13660649,"totals":{"load_avg":7.16552734375,"cpu_usage":200,"mem_used":16968290304,"mem_free":12614782976,"tcp_conns":193,"disk_usage_root":17.66,"disk_read_sec":1715230,"disk_write_sec":592915,"disk_iops_sec":144,"io_wait":0,"open_files":0,"os_bytes_in_sec":6807,"os_bytes_out_sec":3339,"total_procs":983},"count":2},{"date":1639278000,"epoch_div":13660650,"totals":{"load_avg":6.3623046875,"cpu_usage":200,"mem_used":16928866304,"mem_free":12628115456,"tcp_conns":194,"disk_usage_root":17.66,"disk_read_sec":128488,"disk_write_sec":221064,"disk_iops_sec":51,"io_wait":0,"open_files":0,"os_bytes_in_sec":5120,"os_bytes_out_sec":2604,"total_procs":980},"count":2},{"date":1639278120,"epoch_div":13660651,"totals":{"load_avg":4.88916015625,"cpu_usage":200,"mem_used":16943263744,"mem_free":12618928128,"tcp_conns":196,"disk_usage_root":17.66,"disk_read_sec":2582049,"disk_write_sec":542856,"disk_iops_sec":135,"io_wait":0,"open_files":0,"os_bytes_in_sec":4559,"os_bytes_out_sec":2647,"total_procs":983},"count":2},{"date":1639278240,"epoch_div":13660652,"totals":{"load_avg":4.87109375,"cpu_usage":200,"mem_used":17112743936,"mem_free":12710756352,"tcp_conns":197,"disk_usage_root":17.66,"disk_read_sec":650171,"disk_write_sec":333003,"disk_iops_sec":89,"io_wait":0,"open_files":0,"os_bytes_in_sec":5718,"os_bytes_out_sec":3014,"total_procs":976},"count":2},{"date":1639278360,"epoch_div":13660653,"totals":{"load_avg":4.55712890625,"cpu_usage":200,"mem_used":17136340992,"mem_free":12639674368,"tcp_conns":196,"disk_usage_root":17.66,"disk_read_sec":344328,"disk_write_sec":178785,"disk_iops_sec":54,"io_wait":0,"open_files":0,"os_bytes_in_sec":7141,"os_bytes_out_sec":4860,"total_procs":972},"count":2},{"date":1639278480,"epoch_div":13660654,"totals":{"load_avg":6.15576171875,"cpu_usage":200,"mem_used":16634523648,"mem_free":12596080640,"tcp_conns":193,"disk_usage_root":17.66,"disk_read_sec":5190931,"disk_write_sec":4298782,"disk_iops_sec":250,"io_wait":0,"open_files":0,"os_bytes_in_sec":4834,"os_bytes_out_sec":3095,"total_procs":980},"count":2},{"date":1639278600,"epoch_div":13660655,"totals":{"load_avg":6.20361328125,"cpu_usage":200,"mem_used":16525918208,"mem_free":12661542912,"tcp_conns":194,"disk_usage_root":17.66,"disk_read_sec":155373,"disk_write_sec":240545,"disk_iops_sec":38,"io_wait":0,"open_files":0,"os_bytes_in_sec":7781,"os_bytes_out_sec":3505,"total_procs":975},"count":2},{"date":1639278720,"epoch_div":13660656,"totals":{"load_avg":5.501953125,"cpu_usage":200,"mem_used":16617377792,"mem_free":12604542976,"tcp_conns":200,"disk_usage_root":17.66,"disk_read_sec":440401,"disk_write_sec":210190,"disk_iops_sec":38,"io_wait":0,"open_files":0,"os_bytes_in_sec":5366,"os_bytes_out_sec":2786,"total_procs":975},"count":2},{"date":1639278840,"epoch_div":13660657,"totals":{"load_avg":6.03564453125,"cpu_usage":200,"mem_used":16597831680,"mem_free":12615675904,"tcp_conns":205,"disk_usage_root":17.66,"disk_read_sec":103517,"disk_write_sec":201933,"disk_iops_sec":36,"io_wait":0,"open_files":0,"os_bytes_in_sec":6603,"os_bytes_out_sec":2917,"total_procs":973},"count":2},{"date":1639278960,"epoch_div":13660658,"totals":{"load_avg":6.208984375,"cpu_usage":200,"mem_used":16791240704,"mem_free":12510842880,"tcp_conns":211,"disk_usage_root":17.66,"disk_read_sec":897153,"disk_write_sec":606689,"disk_iops_sec":140,"io_wait":0,"open_files":0,"os_bytes_in_sec":16711,"os_bytes_out_sec":3460,"total_procs":974},"count":2},{"date":1639279080,"epoch_div":13660659,"totals":{"load_avg":8.75732421875,"cpu_usage":200,"mem_used":16900714496,"mem_free":12502233088,"tcp_conns":195,"disk_usage_root":17.66,"disk_read_sec":120960,"disk_write_sec":223708,"disk_iops_sec":44,"io_wait":0,"open_files":0,"os_bytes_in_sec":4808,"os_bytes_out_sec":2163,"total_procs":976},"count":2},{"date":1639279200,"epoch_div":13660660,"totals":{"load_avg":7.369140625,"cpu_usage":200,"mem_used":16844603392,"mem_free":12528226304,"tcp_conns":192,"disk_usage_root":17.66,"disk_read_sec":101306,"disk_write_sec":205755,"disk_iops_sec":32,"io_wait":0,"open_files":0,"os_bytes_in_sec":4485,"os_bytes_out_sec":2075,"total_procs":973},"count":2},{"date":1639279320,"epoch_div":13660661,"totals":{"load_avg":5.7216796875,"cpu_usage":200,"mem_used":16926945280,"mem_free":12500373504,"tcp_conns":191,"disk_usage_root":17.66,"disk_read_sec":1517430,"disk_write_sec":183910,"disk_iops_sec":89,"io_wait":0,"open_files":0,"os_bytes_in_sec":4756,"os_bytes_out_sec":2208,"total_procs":975},"count":2}]}