{"type":"list_page","items":[{"groups":{"main":{"totals":{"load_avg":2.05224609375,"cpu_usage":100,"mem_used":8508772352,"mem_free":6186962944,"tcp_conns":86,"disk_usage_root":6.12,"disk_read_sec":2791,"disk_write_sec":8222,"disk_iops_sec":0,"io_wait":0,"open_files":0,"os_bytes_in_sec":123,"os_bytes_out_sec":22,"total_procs":469},"count":1}},"date":1637832000,"epoch_div":27297200},{"groups":{"main":{"totals":{"load_avg":1.9189453125,"cpu_usage":100,"mem_used":8488341504,"mem_free":6198521856,"tcp_conns":81,"disk_usage_root":6.12,"disk_read_sec":75277,"disk_write_sec":182880,"disk_iops_sec":32,"io_wait":0,"open_files":0,"os_bytes_in_sec":232,"os_bytes_out_sec":1504,"total_procs":475},"count":1}},"date":1637835240,"epoch_div":27297254},{"groups":{"main":{"totals":{"load_avg":2.12109375,"cpu_usage":100,"mem_used":8508010496,"mem_free":6224089088,"tcp_conns":87,"disk_usage_root":6.12,"disk_read_sec":10276,"disk_write_sec":2295,"disk_iops_sec":0,"io_wait":0,"open_files":0,"os_bytes_in_sec":171,"os_bytes_out_sec":132,"total_procs":470},"count":1}},"date":1637835240,"epoch_div":27297254},{"groups":{"main":{"totals":{"load_avg":2.375,"cpu_usage":100,"mem_used":8565350400,"mem_free":6195408896,"tcp_conns":83,"disk_usage_root":6.12,"disk_read_sec":37296713,"disk_write_sec":3386221,"disk_iops_sec":3346,"io_wait":0,"open_files":0,"os_bytes_in_sec":17880,"os_bytes_out_sec":21568,"total_procs":471},"count":1}},"date":1637835300,"epoch_div":27297255},{"groups":{"main":{"totals":{"load_avg":1.8271484375,"cpu_usage":100,"mem_used":8534499328,"mem_free":6179692544,"tcp_conns":86,"disk_usage_root":6.12,"disk_read_sec":40673351,"disk_write_sec":199266,"disk_iops_sec":3463,"io_wait":0,"open_files":0,"os_bytes_in_sec":8611,"os_bytes_out_sec":13896,"total_procs":472},"count":1}},"date":1637838480,"epoch_div":27297308},{"groups":{"main":{"totals":{"load_avg":1.52880859375,"cpu_usage":100,"mem_used":8558166016,"mem_free":6168141824,"tcp_conns":86,"disk_usage_root":6.12,"disk_read_sec":875132,"disk_write_sec":11872,"disk_iops_sec":93,"io_wait":0,"open_files":0,"os_bytes_in_sec":162,"os_bytes_out_sec":31,"total_procs":467},"count":1}},"date":1637838480,"epoch_div":27297308},{"groups":{"main":{"totals":{"load_avg":1.908203125,"cpu_usage":100,"mem_used":8561786880,"mem_free":6196953088,"tcp_conns":81,"disk_usage_root":6.12,"disk_read_sec":10576691,"disk_write_sec":7187251,"disk_iops_sec":615,"io_wait":0,"open_files":0,"os_bytes_in_sec":1305,"os_bytes_out_sec":1065,"total_procs":468},"count":1}},"date":1637841720,"epoch_div":27297362},{"groups":{"main":{"totals":{"load_avg":19.15478515625,"cpu_usage":100,"mem_used":8544718848,"mem_free":6201606144,"tcp_conns":97,"disk_usage_root":6.12,"disk_read_sec":45692,"disk_write_sec":39290,"disk_iops_sec":1,"io_wait":0,"open_files":0,"os_bytes_in_sec":235,"os_bytes_out_sec":164,"total_procs":472},"count":1}},"date":1637844960,"epoch_div":27297416},{"groups":{"main":{"totals":{"load_avg":9.84423828125,"cpu_usage":100,"mem_used":8547868672,"mem_free":6219624448,"tcp_conns":99,"disk_usage_root":6.12,"disk_read_sec":69232,"disk_write_sec":60962,"disk_iops_sec":2,"io_wait":0,"open_files":0,"os_bytes_in_sec":209,"os_bytes_out_sec":186,"total_procs":469},"count":1}},"date":1637848200,"epoch_div":27297470},{"groups":{"main":{"totals":{"load_avg":5.19873046875,"cpu_usage":100,"mem_used":8554057728,"mem_free":6227902464,"tcp_conns":100,"disk_usage_root":6.12,"disk_read_sec":45727,"disk_write_sec":30696,"disk_iops_sec":3,"io_wait":0,"open_files":0,"os_bytes_in_sec":212,"os_bytes_out_sec":175,"total_procs":470},"count":1}},"date":1637848260,"epoch_div":27297471},{"groups":{"main":{"totals":{"load_avg":3.53759765625,"cpu_usage":100,"mem_used":8532398080,"mem_free":6244003840,"tcp_conns":97,"disk_usage_root":6.12,"disk_read_sec":1128686,"disk_write_sec":542100,"disk_iops_sec":69,"io_wait":0,"open_files":0,"os_bytes_in_sec":4768,"os_bytes_out_sec":9643,"total_procs":468},"count":1}},"date":1637851440,"epoch_div":27297524},{"groups":{"main":{"totals":{"load_avg":3.333984375,"cpu_usage":100,"mem_used":8556847104,"mem_free":6328045568,"tcp_conns":100,"disk_usage_root":6.12,"disk_read_sec":39695,"disk_write_sec":40043,"disk_iops_sec":1,"io_wait":0,"open_files":0,"os_bytes_in_sec":117,"os_bytes_out_sec":22,"total_procs":469},"count":1}},"date":1637851500,"epoch_div":27297525},{"groups":{"main":{"totals":{"load_avg":2.8818359375,"cpu_usage":100,"mem_used":8568119296,"mem_free":6255370240,"tcp_conns":95,"disk_usage_root":6.12,"disk_read_sec":2585258,"disk_write_sec":2090894,"disk_iops_sec":92,"io_wait":0,"open_files":0,"os_bytes_in_sec":6688,"os_bytes_out_sec":14324,"total_procs":470},"count":1}},"date":1637852760,"epoch_div":27297546},{"groups":{"main":{"totals":{"load_avg":2.56884765625,"cpu_usage":100,"mem_used":8539193344,"mem_free":6413983744,"tcp_conns":100,"disk_usage_root":6.12,"disk_read_sec":45263,"disk_write_sec":5650,"disk_iops_sec":2,"io_wait":0,"open_files":0,"os_bytes_in_sec":71,"os_bytes_out_sec":96,"total_procs":471},"count":1}},"date":1637852820,"epoch_div":27297547},{"groups":{"main":{"totals":{"load_avg":2.88916015625,"cpu_usage":100,"mem_used":8568315904,"mem_free":6728212480,"tcp_conns":106,"disk_usage_root":6.12,"disk_read_sec":8910649,"disk_write_sec":1791933,"disk_iops_sec":484,"io_wait":0,"open_files":0,"os_bytes_in_sec":34445,"os_bytes_out_sec":27362,"total_procs":480},"count":1}},"date":1637852880,"epoch_div":27297548},{"groups":{"main":{"totals":{"load_avg":2.15380859375,"cpu_usage":100,"mem_used":8447504384,"mem_free":6562353152,"tcp_conns":114,"disk_usage_root":6.12,"disk_read_sec":6425668,"disk_write_sec":508996,"disk_iops_sec":432,"io_wait":0,"open_files":0,"os_bytes_in_sec":41925,"os_bytes_out_sec":8934,"total_procs":483},"count":1}},"date":1637852940,"epoch_div":27297549},{"groups":{"main":{"totals":{"load_avg":2.255859375,"cpu_usage":100,"mem_used":8477429760,"mem_free":6564016128,"tcp_conns":98,"disk_usage_root":6.12,"disk_read_sec":1719569,"disk_write_sec":273203,"disk_iops_sec":126,"io_wait":0,"open_files":0,"os_bytes_in_sec":61633,"os_bytes_out_sec":7384,"total_procs":473},"count":1}},"date":1637853000,"epoch_div":27297550},{"groups":{"main":{"totals":{"load_avg":2.58154296875,"cpu_usage":100,"mem_used":8517591040,"mem_free":6561988608,"tcp_conns":95,"disk_usage_root":6.12,"disk_read_sec":51200,"disk_write_sec":94003,"disk_iops_sec":20,"io_wait":0,"open_files":0,"os_bytes_in_sec":414,"os_bytes_out_sec":754,"total_procs":474},"count":1}},"date":1637853060,"epoch_div":27297551},{"groups":{"main":{"totals":{"load_avg":2.17822265625,"cpu_usage":100,"mem_used":8529072128,"mem_free":6443855872,"tcp_conns":95,"disk_usage_root":6.12,"disk_read_sec":197495,"disk_write_sec":655769,"disk_iops_sec":22,"io_wait":0,"open_files":0,"os_bytes_in_sec":571,"os_bytes_out_sec":518,"total_procs":473},"count":1}},"date":1637853120,"epoch_div":27297552},{"groups":{"main":{"totals":{"load_avg":2.22314453125,"cpu_usage":100,"mem_used":8537567232,"mem_free":6436532224,"tcp_conns":87,"disk_usage_root":6.12,"disk_read_sec":51442,"disk_write_sec":97262,"disk_iops_sec":16,"io_wait":0,"open_files":0,"os_bytes_in_sec":458,"os_bytes_out_sec":332,"total_procs":472},"count":1}},"date":1637853180,"epoch_div":27297553},{"groups":{"main":{"totals":{"load_avg":2.3623046875,"cpu_usage":100,"mem_used":8567934976,"mem_free":6449573888,"tcp_conns":88,"disk_usage_root":6.12,"disk_read_sec":265165,"disk_write_sec":80711,"disk_iops_sec":30,"io_wait":0,"open_files":0,"os_bytes_in_sec":1107,"os_bytes_out_sec":1226,"total_procs":476},"count":1}},"date":1637853240,"epoch_div":27297554},{"groups":{"main":{"totals":{"load_avg":2.4951171875,"cpu_usage":100,"mem_used":8562520064,"mem_free":6488850432,"tcp_conns":84,"disk_usage_root":6.12,"disk_read_sec":173397,"disk_write_sec":78301,"disk_iops_sec":28,"io_wait":0,"open_files":0,"os_bytes_in_sec":145,"os_bytes_out_sec":193,"total_procs":471},"count":1}},"date":1637853300,"epoch_div":27297555},{"groups":{"main":{"totals":{"load_avg":2.728515625,"cpu_usage":100,"mem_used":8572252160,"mem_free":6473998336,"tcp_conns":80,"disk_usage_root":6.12,"disk_read_sec":79121,"disk_write_sec":92433,"disk_iops_sec":25,"io_wait":0,"open_files":0,"os_bytes_in_sec":872,"os_bytes_out_sec":960,"total_procs":471},"count":1}},"date":1637853360,"epoch_div":27297556},{"groups":{"main":{"totals":{"load_avg":2.90576171875,"cpu_usage":100,"mem_used":8567353344,"mem_free":6478188544,"tcp_conns":79,"disk_usage_root":6.12,"disk_read_sec":84036,"disk_write_sec":81510,"disk_iops_sec":22,"io_wait":0,"open_files":0,"os_bytes_in_sec":571,"os_bytes_out_sec":802,"total_procs":472},"count":1}},"date":1637853420,"epoch_div":27297557},{"groups":{"main":{"totals":{"load_avg":3.11083984375,"cpu_usage":100,"mem_used":8522129408,"mem_free":6488023040,"tcp_conns":78,"disk_usage_root":6.12,"disk_read_sec":338466,"disk_write_sec":70314,"disk_iops_sec":50,"io_wait":0,"open_files":0,"os_bytes_in_sec":383,"os_bytes_out_sec":308,"total_procs":472},"count":1}},"date":1637853480,"epoch_div":27297558},{"groups":{"main":{"totals":{"load_avg":3.27734375,"cpu_usage":100,"mem_used":8529072128,"mem_free":6447042560,"tcp_conns":78,"disk_usage_root":6.12,"disk_read_sec":138308,"disk_write_sec":124928,"disk_iops_sec":24,"io_wait":0,"open_files":0,"os_bytes_in_sec":10267,"os_bytes_out_sec":1162,"total_procs":471},"count":1}},"date":1637853540,"epoch_div":27297559},{"groups":{"main":{"totals":{"load_avg":2.9345703125,"cpu_usage":100,"mem_used":8531730432,"mem_free":6450696192,"tcp_conns":77,"disk_usage_root":6.12,"disk_read_sec":12629,"disk_write_sec":66218,"disk_iops_sec":12,"io_wait":0,"open_files":0,"os_bytes_in_sec":101,"os_bytes_out_sec":191,"total_procs":471},"count":1}},"date":1637853600,"epoch_div":27297560},{"groups":{"main":{"totals":{"load_avg":2.1552734375,"cpu_usage":100,"mem_used":8567410688,"mem_free":6463676416,"tcp_conns":77,"disk_usage_root":6.12,"disk_read_sec":238045,"disk_write_sec":178039,"disk_iops_sec":55,"io_wait":0,"open_files":0,"os_bytes_in_sec":335,"os_bytes_out_sec":1051,"total_procs":473},"count":1}},"date":1637853660,"epoch_div":27297561},{"groups":{"main":{"totals":{"load_avg":2.12548828125,"cpu_usage":100,"mem_used":8571015168,"mem_free":6460936192,"tcp_conns":77,"disk_usage_root":6.12,"disk_read_sec":130252,"disk_write_sec":74069,"disk_iops_sec":27,"io_wait":0,"open_files":0,"os_bytes_in_sec":419,"os_bytes_out_sec":303,"total_procs":472},"count":1}},"date":1637853720,"epoch_div":27297562},{"groups":{"main":{"totals":{"load_avg":2.7412109375,"cpu_usage":100,"mem_used":8571736064,"mem_free":6457024512,"tcp_conns":75,"disk_usage_root":6.12,"disk_read_sec":84036,"disk_write_sec":93047,"disk_iops_sec":26,"io_wait":0,"open_files":0,"os_bytes_in_sec":469,"os_bytes_out_sec":567,"total_procs":474},"count":1}},"date":1637853780,"epoch_div":27297563},{"groups":{"main":{"totals":{"load_avg":2.89013671875,"cpu_usage":100,"mem_used":8568504320,"mem_free":6465761280,"tcp_conns":79,"disk_usage_root":6.12,"disk_read_sec":394854,"disk_write_sec":87859,"disk_iops_sec":28,"io_wait":0,"open_files":0,"os_bytes_in_sec":1698,"os_bytes_out_sec":404,"total_procs":472},"count":1}},"date":1637853840,"epoch_div":27297564},{"groups":{"main":{"totals":{"load_avg":3.3642578125,"cpu_usage":100,"mem_used":8573186048,"mem_free":6508601344,"tcp_conns":77,"disk_usage_root":6.12,"disk_read_sec":77962,"disk_write_sec":109134,"disk_iops_sec":25,"io_wait":0,"open_files":0,"os_bytes_in_sec":487,"os_bytes_out_sec":539,"total_procs":472},"count":1}},"date":1637853900,"epoch_div":27297565},{"groups":{"main":{"totals":{"load_avg":2.75830078125,"cpu_usage":100,"mem_used":8571232256,"mem_free":6495428608,"tcp_conns":78,"disk_usage_root":6.12,"disk_read_sec":74137,"disk_write_sec":96870,"disk_iops_sec":22,"io_wait":0,"open_files":0,"os_bytes_in_sec":395,"os_bytes_out_sec":425,"total_procs":473},"count":1}},"date":1637853960,"epoch_div":27297566},{"groups":{"main":{"totals":{"load_avg":2.1240234375,"cpu_usage":100,"mem_used":8554565632,"mem_free":6510297088,"tcp_conns":80,"disk_usage_root":6.12,"disk_read_sec":4739609,"disk_write_sec":85344,"disk_iops_sec":802,"io_wait":0,"open_files":0,"os_bytes_in_sec":744,"os_bytes_out_sec":545,"total_procs":473},"count":1}},"date":1637854020,"epoch_div":27297567},{"groups":{"main":{"totals":{"load_avg":2.43798828125,"cpu_usage":100,"mem_used":8504209408,"mem_free":6544007168,"tcp_conns":78,"disk_usage_root":6.12,"disk_read_sec":259208,"disk_write_sec":77414,"disk_iops_sec":43,"io_wait":0,"open_files":0,"os_bytes_in_sec":563,"os_bytes_out_sec":378,"total_procs":474},"count":1}},"date":1637854080,"epoch_div":27297568},{"groups":{"main":{"totals":{"load_avg":2.2431640625,"cpu_usage":100,"mem_used":8514076672,"mem_free":6497193984,"tcp_conns":78,"disk_usage_root":6.12,"disk_read_sec":26555,"disk_write_sec":69495,"disk_iops_sec":15,"io_wait":0,"open_files":0,"os_bytes_in_sec":327,"os_bytes_out_sec":1010,"total_procs":473},"count":1}},"date":1637854140,"epoch_div":27297569},{"groups":{"main":{"totals":{"load_avg":2.4765625,"cpu_usage":100,"mem_used":8519184384,"mem_free":6535163904,"tcp_conns":78,"disk_usage_root":6.12,"disk_read_sec":25258,"disk_write_sec":69290,"disk_iops_sec":15,"io_wait":0,"open_files":0,"os_bytes_in_sec":99,"os_bytes_out_sec":155,"total_procs":473},"count":1}},"date":1637854200,"epoch_div":27297570},{"groups":{"main":{"totals":{"load_avg":3.13720703125,"cpu_usage":100,"mem_used":8551383040,"mem_free":6481182720,"tcp_conns":80,"disk_usage_root":6.12,"disk_read_sec":76088,"disk_write_sec":448199,"disk_iops_sec":20,"io_wait":0,"open_files":0,"os_bytes_in_sec":1017,"os_bytes_out_sec":740,"total_procs":473},"count":1}},"date":1637854260,"epoch_div":27297571},{"groups":{"main":{"totals":{"load_avg":2.41064453125,"cpu_usage":100,"mem_used":8550821888,"mem_free":6498439168,"tcp_conns":79,"disk_usage_root":6.12,"disk_read_sec":6580,"disk_write_sec":57881,"disk_iops_sec":11,"io_wait":0,"open_files":0,"os_bytes_in_sec":204,"os_bytes_out_sec":195,"total_procs":472},"count":1}},"date":1637854320,"epoch_div":27297572},{"groups":{"main":{"totals":{"load_avg":1.68798828125,"cpu_usage":100,"mem_used":8553373696,"mem_free":6470275072,"tcp_conns":76,"disk_usage_root":6.12,"disk_read_sec":15974,"disk_write_sec":70860,"disk_iops_sec":12,"io_wait":0,"open_files":0,"os_bytes_in_sec":377,"os_bytes_out_sec":284,"total_procs":472},"count":1}},"date":1637854380,"epoch_div":27297573},{"groups":{"main":{"totals":{"load_avg":1.8203125,"cpu_usage":100,"mem_used":8520851456,"mem_free":6503686144,"tcp_conns":77,"disk_usage_root":6.12,"disk_read_sec":44014,"disk_write_sec":62689,"disk_iops_sec":12,"io_wait":0,"open_files":0,"os_bytes_in_sec":280,"os_bytes_out_sec":362,"total_procs":472},"count":1}},"date":1637854440,"epoch_div":27297574},{"groups":{"main":{"totals":{"load_avg":2.26318359375,"cpu_usage":100,"mem_used":8545374208,"mem_free":6473895936,"tcp_conns":76,"disk_usage_root":6.12,"disk_read_sec":1678,"disk_write_sec":84135,"disk_iops_sec":14,"io_wait":0,"open_files":0,"os_bytes_in_sec":190,"os_bytes_out_sec":429,"total_procs":472},"count":1}},"date":1637856300,"epoch_div":27297605},{"groups":{"main":{"totals":{"load_avg":2.625,"cpu_usage":100,"mem_used":8555642880,"mem_free":6536986624,"tcp_conns":84,"disk_usage_root":6.12,"disk_read_sec":27285,"disk_write_sec":13369,"disk_iops_sec":3,"io_wait":0,"open_files":0,"os_bytes_in_sec":371,"os_bytes_out_sec":267,"total_procs":483},"count":1}},"date":1637856300,"epoch_div":27297605},{"groups":{"main":{"totals":{"load_avg":2.2900390625,"cpu_usage":100,"mem_used":8543555584,"mem_free":6527991808,"tcp_conns":80,"disk_usage_root":6.12,"disk_read_sec":1567665,"disk_write_sec":1227539,"disk_iops_sec":152,"io_wait":0,"open_files":0,"os_bytes_in_sec":1613,"os_bytes_out_sec":3187,"total_procs":482},"count":1}},"date":1637857320,"epoch_div":27297622},{"groups":{"main":{"totals":{"load_avg":2.32275390625,"cpu_usage":100,"mem_used":8554893312,"mem_free":6563889152,"tcp_conns":83,"disk_usage_root":6.12,"disk_read_sec":78984,"disk_write_sec":53962,"disk_iops_sec":3,"io_wait":0,"open_files":0,"os_bytes_in_sec":190,"os_bytes_out_sec":363,"total_procs":474},"count":1}},"date":1637857380,"epoch_div":27297623},{"groups":{"main":{"totals":{"load_avg":1.95654296875,"cpu_usage":100,"mem_used":8567259136,"mem_free":6481207296,"tcp_conns":83,"disk_usage_root":6.12,"disk_read_sec":847172,"disk_write_sec":529582,"disk_iops_sec":62,"io_wait":0,"open_files":0,"os_bytes_in_sec":3758,"os_bytes_out_sec":8805,"total_procs":472},"count":1}},"date":1637857800,"epoch_div":27297630},{"groups":{"main":{"totals":{"load_avg":2.69287109375,"cpu_usage":100,"mem_used":8536084480,"mem_free":6497603584,"tcp_conns":86,"disk_usage_root":6.12,"disk_read_sec":199630,"disk_write_sec":173293,"disk_iops_sec":7,"io_wait":0,"open_files":0,"os_bytes_in_sec":67,"os_bytes_out_sec":95,"total_procs":475},"count":1}},"date":1637857860,"epoch_div":27297631},{"groups":{"main":{"totals":{"load_avg":2.50634765625,"cpu_usage":100,"mem_used":8569307136,"mem_free":6480121856,"tcp_conns":84,"disk_usage_root":6.12,"disk_read_sec":1955374,"disk_write_sec":1026420,"disk_iops_sec":114,"io_wait":0,"open_files":0,"os_bytes_in_sec":5343,"os_bytes_out_sec":11906,"total_procs":482},"count":1}},"date":1637858760,"epoch_div":27297646},{"groups":{"main":{"totals":{"load_avg":2.27392578125,"cpu_usage":100,"mem_used":8551845888,"mem_free":6526308352,"tcp_conns":92,"disk_usage_root":6.12,"disk_read_sec":261307,"disk_write_sec":261321,"disk_iops_sec":6,"io_wait":0,"open_files":0,"os_bytes_in_sec":499,"os_bytes_out_sec":91,"total_procs":487},"count":1}},"date":1637858820,"epoch_div":27297647},{"groups":{"main":{"totals":{"load_avg":4.2744140625,"cpu_usage":100,"mem_used":8441122816,"mem_free":6411595776,"tcp_conns":85,"disk_usage_root":6.12,"disk_read_sec":235475,"disk_write_sec":143927,"disk_iops_sec":12,"io_wait":0,"open_files":0,"os_bytes_in_sec":265,"os_bytes_out_sec":446,"total_procs":479},"count":1}},"date":1637859900,"epoch_div":27297665},{"groups":{"main":{"totals":{"load_avg":3.85595703125,"cpu_usage":100,"mem_used":8428793856,"mem_free":6415368192,"tcp_conns":86,"disk_usage_root":6.12,"disk_read_sec":28172719,"disk_write_sec":3144218,"disk_iops_sec":1584,"io_wait":0,"open_files":0,"os_bytes_in_sec":2181,"os_bytes_out_sec":3757,"total_procs":477},"count":1}},"date":1637860920,"epoch_div":27297682},{"groups":{"main":{"totals":{"load_avg":2.9140625,"cpu_usage":100,"mem_used":8548278272,"mem_free":6408130560,"tcp_conns":89,"disk_usage_root":6.12,"disk_read_sec":24530,"disk_write_sec":16577,"disk_iops_sec":4,"io_wait":0,"open_files":0,"os_bytes_in_sec":532,"os_bytes_out_sec":470,"total_procs":478},"count":1}},"date":1637860920,"epoch_div":27297682},{"groups":{"main":{"totals":{"load_avg":2.95654296875,"cpu_usage":100,"mem_used":8479092736,"mem_free":6461255680,"tcp_conns":84,"disk_usage_root":6.12,"disk_read_sec":1040384,"disk_write_sec":265584,"disk_iops_sec":108,"io_wait":0,"open_files":0,"os_bytes_in_sec":2408,"os_bytes_out_sec":3696,"total_procs":481},"count":1}},"date":1637862000,"epoch_div":27297700},{"groups":{"main":{"totals":{"load_avg":2.4453125,"cpu_usage":100,"mem_used":8527204352,"mem_free":6569267200,"tcp_conns":89,"disk_usage_root":6.12,"disk_read_sec":30685,"disk_write_sec":7737,"disk_iops_sec":2,"io_wait":0,"open_files":0,"os_bytes_in_sec":186,"os_bytes_out_sec":386,"total_procs":474},"count":1}},"date":1637862000,"epoch_div":27297700},{"groups":{"main":{"totals":{"load_avg":2.3291015625,"cpu_usage":100,"mem_used":8514383872,"mem_free":6798782464,"tcp_conns":90,"disk_usage_root":6.12,"disk_read_sec":14759936,"disk_write_sec":29697365,"disk_iops_sec":501,"io_wait":0,"open_files":0,"os_bytes_in_sec":11589,"os_bytes_out_sec":14950,"total_procs":475},"count":1}},"date":1637862060,"epoch_div":27297701},{"groups":{"main":{"totals":{"load_avg":2.9208984375,"cpu_usage":100,"mem_used":8558399488,"mem_free":6520709120,"tcp_conns":95,"disk_usage_root":6.12,"disk_read_sec":5067161,"disk_write_sec":3082990,"disk_iops_sec":317,"io_wait":0,"open_files":0,"os_bytes_in_sec":74392,"os_bytes_out_sec":17348,"total_procs":478},"count":1}},"date":1637862120,"epoch_div":27297702},{"groups":{"main":{"totals":{"load_avg":3.48291015625,"cpu_usage":100,"mem_used":8516571136,"mem_free":6526365696,"tcp_conns":91,"disk_usage_root":6.12,"disk_read_sec":1303620,"disk_write_sec":1336797,"disk_iops_sec":98,"io_wait":0,"open_files":0,"os_bytes_in_sec":173661,"os_bytes_out_sec":8347,"total_procs":478},"count":1}},"date":1637862180,"epoch_div":27297703},{"groups":{"main":{"totals":{"load_avg":2.67236328125,"cpu_usage":100,"mem_used":8555237376,"mem_free":6490861568,"tcp_conns":87,"disk_usage_root":6.12,"disk_read_sec":57274,"disk_write_sec":246662,"disk_iops_sec":36,"io_wait":0,"open_files":0,"os_bytes_in_sec":108510,"os_bytes_out_sec":2362,"total_procs":477},"count":1}},"date":1637862240,"epoch_div":27297704},{"groups":{"main":{"totals":{"load_avg":2.9853515625,"cpu_usage":100,"mem_used":8554156032,"mem_free":6491545600,"tcp_conns":87,"disk_usage_root":6.12,"disk_read_sec":64443,"disk_write_sec":201864,"disk_iops_sec":26,"io_wait":0,"open_files":0,"os_bytes_in_sec":78606,"os_bytes_out_sec":1892,"total_procs":476},"count":1}},"date":1637862300,"epoch_div":27297705},{"groups":{"main":{"totals":{"load_avg":2.47119140625,"cpu_usage":100,"mem_used":8562585600,"mem_free":6483423232,"tcp_conns":87,"disk_usage_root":6.12,"disk_read_sec":144568,"disk_write_sec":187073,"disk_iops_sec":35,"io_wait":0,"open_files":0,"os_bytes_in_sec":62819,"os_bytes_out_sec":1709,"total_procs":478},"count":1}},"date":1637862360,"epoch_div":27297706},{"groups":{"main":{"totals":{"load_avg":2.65625,"cpu_usage":100,"mem_used":8569720832,"mem_free":6485745664,"tcp_conns":86,"disk_usage_root":6.12,"disk_read_sec":146227,"disk_write_sec":264874,"disk_iops_sec":42,"io_wait":0,"open_files":0,"os_bytes_in_sec":110140,"os_bytes_out_sec":2349,"total_procs":478},"count":1}},"date":1637862420,"epoch_div":27297707},{"groups":{"main":{"totals":{"load_avg":3.125,"cpu_usage":100,"mem_used":8469282816,"mem_free":6508544000,"tcp_conns":82,"disk_usage_root":6.12,"disk_read_sec":837700,"disk_write_sec":1267438,"disk_iops_sec":65,"io_wait":0,"open_files":0,"os_bytes_in_sec":76824,"os_bytes_out_sec":2471,"total_procs":476},"count":1}},"date":1637862480,"epoch_div":27297708},{"groups":{"main":{"totals":{"load_avg":2.25,"cpu_usage":100,"mem_used":8480333824,"mem_free":6503067648,"tcp_conns":85,"disk_usage_root":6.12,"disk_read_sec":159402,"disk_write_sec":214084,"disk_iops_sec":28,"io_wait":0,"open_files":0,"os_bytes_in_sec":90903,"os_bytes_out_sec":2219,"total_procs":475},"count":1}},"date":1637862540,"epoch_div":27297709},{"groups":{"main":{"totals":{"load_avg":2.18798828125,"cpu_usage":100,"mem_used":8491663360,"mem_free":6497746944,"tcp_conns":83,"disk_usage_root":6.12,"disk_read_sec":27977,"disk_write_sec":167866,"disk_iops_sec":20,"io_wait":0,"open_files":0,"os_bytes_in_sec":62170,"os_bytes_out_sec":1430,"total_procs":476},"count":1}},"date":1637862600,"epoch_div":27297710},{"groups":{"main":{"totals":{"load_avg":2.830078125,"cpu_usage":100,"mem_used":8509095936,"mem_free":6486507520,"tcp_conns":83,"disk_usage_root":6.12,"disk_read_sec":95550,"disk_write_sec":230584,"disk_iops_sec":33,"io_wait":0,"open_files":0,"os_bytes_in_sec":86440,"os_bytes_out_sec":1599,"total_procs":475},"count":1}},"date":1637862660,"epoch_div":27297711},{"groups":{"main":{"totals":{"load_avg":2.70068359375,"cpu_usage":100,"mem_used":8524791808,"mem_free":6475530240,"tcp_conns":83,"disk_usage_root":6.12,"disk_read_sec":19114,"disk_write_sec":225348,"disk_iops_sec":27,"io_wait":0,"open_files":0,"os_bytes_in_sec":99787,"os_bytes_out_sec":2497,"total_procs":475},"count":1}},"date":1637862720,"epoch_div":27297712},{"groups":{"main":{"totals":{"load_avg":3.181640625,"cpu_usage":100,"mem_used":8549847040,"mem_free":6469386240,"tcp_conns":83,"disk_usage_root":6.12,"disk_read_sec":193058,"disk_write_sec":203025,"disk_iops_sec":44,"io_wait":0,"open_files":0,"os_bytes_in_sec":86043,"os_bytes_out_sec":5691,"total_procs":475},"count":1}},"date":1637862780,"epoch_div":27297713},{"groups":{"main":{"totals":{"load_avg":2.8603515625,"cpu_usage":100,"mem_used":8569458688,"mem_free":6469054464,"tcp_conns":81,"disk_usage_root":6.12,"disk_read_sec":416904,"disk_write_sec":295321,"disk_iops_sec":71,"io_wait":0,"open_files":0,"os_bytes_in_sec":108289,"os_bytes_out_sec":3396,"total_procs":476},"count":1}},"date":1637862840,"epoch_div":27297714},{"groups":{"main":{"totals":{"load_avg":2.27880859375,"cpu_usage":100,"mem_used":8570392576,"mem_free":6476742656,"tcp_conns":78,"disk_usage_root":6.12,"disk_read_sec":65194,"disk_write_sec":212445,"disk_iops_sec":30,"io_wait":0,"open_files":0,"os_bytes_in_sec":84820,"os_bytes_out_sec":1661,"total_procs":476},"count":1}},"date":1637862900,"epoch_div":27297715},{"groups":{"main":{"totals":{"load_avg":3.0732421875,"cpu_usage":100,"mem_used":8569688064,"mem_free":6479466496,"tcp_conns":78,"disk_usage_root":6.12,"disk_read_sec":139673,"disk_write_sec":210534,"disk_iops_sec":38,"io_wait":0,"open_files":0,"os_bytes_in_sec":82164,"os_bytes_out_sec":1900,"total_procs":476},"count":1}},"date":1637862960,"epoch_div":27297716},{"groups":{"main":{"totals":{"load_avg":3.2021484375,"cpu_usage":100,"mem_used":8541958144,"mem_free":6499897344,"tcp_conns":79,"disk_usage_root":6.12,"disk_read_sec":63351,"disk_write_sec":299758,"disk_iops_sec":43,"io_wait":0,"open_files":0,"os_bytes_in_sec":105717,"os_bytes_out_sec":2149,"total_procs":476},"count":1}},"date":1637863020,"epoch_div":27297717},{"groups":{"main":{"totals":{"load_avg":3.11865234375,"cpu_usage":100,"mem_used":8535359488,"mem_free":6486601728,"tcp_conns":77,"disk_usage_root":6.12,"disk_read_sec":613649,"disk_write_sec":189440,"disk_iops_sec":59,"io_wait":0,"open_files":0,"os_bytes_in_sec":72483,"os_bytes_out_sec":1697,"total_procs":475},"count":1}},"date":1637863080,"epoch_div":27297718},{"groups":{"main":{"totals":{"load_avg":2.6767578125,"cpu_usage":100,"mem_used":8564895744,"mem_free":6484254720,"tcp_conns":77,"disk_usage_root":6.12,"disk_read_sec":107953,"disk_write_sec":185986,"disk_iops_sec":36,"io_wait":0,"open_files":0,"os_bytes_in_sec":66717,"os_bytes_out_sec":1505,"total_procs":477},"count":1}},"date":1637863140,"epoch_div":27297719},{"groups":{"main":{"totals":{"load_avg":3.28466796875,"cpu_usage":100,"mem_used":8552099840,"mem_free":6501998592,"tcp_conns":77,"disk_usage_root":6.12,"disk_read_sec":54456,"disk_write_sec":215677,"disk_iops_sec":26,"io_wait":0,"open_files":0,"os_bytes_in_sec":74960,"os_bytes_out_sec":1616,"total_procs":475},"count":1}},"date":1637863200,"epoch_div":27297720},{"groups":{"main":{"totals":{"load_avg":2.5625,"cpu_usage":100,"mem_used":8540434432,"mem_free":6469312512,"tcp_conns":77,"disk_usage_root":6.12,"disk_read_sec":80076,"disk_write_sec":1368951,"disk_iops_sec":32,"io_wait":0,"open_files":0,"os_bytes_in_sec":59594,"os_bytes_out_sec":2181,"total_procs":481},"count":1}},"date":1637863260,"epoch_div":27297721},{"groups":{"main":{"totals":{"load_avg":2.51611328125,"cpu_usage":100,"mem_used":8536940544,"mem_free":6480486400,"tcp_conns":77,"disk_usage_root":6.12,"disk_read_sec":72499,"disk_write_sec":206848,"disk_iops_sec":30,"io_wait":0,"open_files":0,"os_bytes_in_sec":70625,"os_bytes_out_sec":1388,"total_procs":475},"count":1}},"date":1637863320,"epoch_div":27297722},{"groups":{"main":{"totals":{"load_avg":2.9755859375,"cpu_usage":100,"mem_used":8541085696,"mem_free":6465781760,"tcp_conns":75,"disk_usage_root":6.12,"disk_read_sec":22146,"disk_write_sec":170574,"disk_iops_sec":21,"io_wait":0,"open_files":0,"os_bytes_in_sec":61105,"os_bytes_out_sec":1305,"total_procs":475},"count":1}},"date":1637863380,"epoch_div":27297723},{"groups":{"main":{"totals":{"load_avg":2.814453125,"cpu_usage":100,"mem_used":8534937600,"mem_free":6473662464,"tcp_conns":77,"disk_usage_root":6.12,"disk_read_sec":268052,"disk_write_sec":183245,"disk_iops_sec":26,"io_wait":0,"open_files":0,"os_bytes_in_sec":70904,"os_bytes_out_sec":1940,"total_procs":475},"count":1}},"date":1637863440,"epoch_div":27297724},{"groups":{"main":{"totals":{"load_avg":2.51220703125,"cpu_usage":100,"mem_used":8544169984,"mem_free":6470385664,"tcp_conns":77,"disk_usage_root":6.12,"disk_read_sec":60211,"disk_write_sec":232311,"disk_iops_sec":30,"io_wait":0,"open_files":0,"os_bytes_in_sec":77967,"os_bytes_out_sec":1715,"total_procs":475},"count":1}},"date":1637863500,"epoch_div":27297725},{"groups":{"main":{"totals":{"load_avg":2.86181640625,"cpu_usage":100,"mem_used":8555159552,"mem_free":6472323072,"tcp_conns":77,"disk_usage_root":6.12,"disk_read_sec":78438,"disk_write_sec":204663,"disk_iops_sec":34,"io_wait":0,"open_files":0,"os_bytes_in_sec":49120,"os_bytes_out_sec":1402,"total_procs":477},"count":1}},"date":1637863560,"epoch_div":27297726},{"groups":{"main":{"totals":{"load_avg":2.6025390625,"cpu_usage":100,"mem_used":8559861760,"mem_free":6472511488,"tcp_conns":77,"disk_usage_root":6.12,"disk_read_sec":35089,"disk_write_sec":188416,"disk_iops_sec":24,"io_wait":0,"open_files":0,"os_bytes_in_sec":70042,"os_bytes_out_sec":1337,"total_procs":476},"count":1}},"date":1637863620,"epoch_div":27297727},{"groups":{"main":{"totals":{"load_avg":2.419921875,"cpu_usage":100,"mem_used":8494649344,"mem_free":6493544448,"tcp_conns":75,"disk_usage_root":6.12,"disk_read_sec":301056,"disk_write_sec":566067,"disk_iops_sec":55,"io_wait":0,"open_files":0,"os_bytes_in_sec":92368,"os_bytes_out_sec":2022,"total_procs":475},"count":1}},"date":1637863680,"epoch_div":27297728},{"groups":{"main":{"totals":{"load_avg":2.880859375,"cpu_usage":100,"mem_used":8569004032,"mem_free":6466535424,"tcp_conns":86,"disk_usage_root":6.12,"disk_read_sec":1168657,"disk_write_sec":256750,"disk_iops_sec":99,"io_wait":0,"open_files":0,"os_bytes_in_sec":106734,"os_bytes_out_sec":3212,"total_procs":477},"count":1}},"date":1637863740,"epoch_div":27297729},{"groups":{"main":{"totals":{"load_avg":3.35400390625,"cpu_usage":100,"mem_used":8550281216,"mem_free":6474002432,"tcp_conns":78,"disk_usage_root":6.12,"disk_read_sec":128750,"disk_write_sec":288563,"disk_iops_sec":52,"io_wait":0,"open_files":0,"os_bytes_in_sec":129254,"os_bytes_out_sec":2341,"total_procs":475},"count":1}},"date":1637863800,"epoch_div":27297730},{"groups":{"main":{"totals":{"load_avg":2.67138671875,"cpu_usage":100,"mem_used":8564019200,"mem_free":6479060992,"tcp_conns":77,"disk_usage_root":6.12,"disk_read_sec":437667,"disk_write_sec":247572,"disk_iops_sec":55,"io_wait":0,"open_files":0,"os_bytes_in_sec":110667,"os_bytes_out_sec":2126,"total_procs":476},"count":1}},"date":1637863860,"epoch_div":27297731},{"groups":{"main":{"totals":{"load_avg":2.48486328125,"cpu_usage":100,"mem_used":8530624512,"mem_free":6475100160,"tcp_conns":78,"disk_usage_root":6.12,"disk_read_sec":616482,"disk_write_sec":1381393,"disk_iops_sec":69,"io_wait":0,"open_files":0,"os_bytes_in_sec":89180,"os_bytes_out_sec":1885,"total_procs":477},"count":1}},"date":1637863920,"epoch_div":27297732},{"groups":{"main":{"totals":{"load_avg":2.88037109375,"cpu_usage":100,"mem_used":8548159488,"mem_free":6461431808,"tcp_conns":75,"disk_usage_root":6.12,"disk_read_sec":72294,"disk_write_sec":248149,"disk_iops_sec":41,"io_wait":0,"open_files":0,"os_bytes_in_sec":78337,"os_bytes_out_sec":1761,"total_procs":476},"count":1}},"date":1637863980,"epoch_div":27297733},{"groups":{"main":{"totals":{"load_avg":3.04150390625,"cpu_usage":100,"mem_used":8569180160,"mem_free":6471110656,"tcp_conns":76,"disk_usage_root":6.12,"disk_read_sec":51473,"disk_write_sec":220842,"disk_iops_sec":30,"io_wait":0,"open_files":0,"os_bytes_in_sec":91555,"os_bytes_out_sec":2394,"total_procs":476},"count":1}},"date":1637864040,"epoch_div":27297734},{"groups":{"main":{"totals":{"load_avg":2.9921875,"cpu_usage":100,"mem_used":8571047936,"mem_free":6459097088,"tcp_conns":76,"disk_usage_root":6.12,"disk_read_sec":59425,"disk_write_sec":221855,"disk_iops_sec":31,"io_wait":0,"open_files":0,"os_bytes_in_sec":93110,"os_bytes_out_sec":1815,"total_procs":476},"count":1}},"date":1637864100,"epoch_div":27297735},{"groups":{"main":{"totals":{"load_avg":2.69775390625,"cpu_usage":100,"mem_used":8569708544,"mem_free":6462017536,"tcp_conns":77,"disk_usage_root":6.12,"disk_read_sec":126420,"disk_write_sec":281443,"disk_iops_sec":58,"io_wait":0,"open_files":0,"os_bytes_in_sec":103828,"os_bytes_out_sec":2212,"total_procs":475},"count":1}},"date":1637864160,"epoch_div":27297736},{"groups":{"main":{"totals":{"load_avg":2.71044921875,"cpu_usage":100,"mem_used":8564805632,"mem_free":6469959680,"tcp_conns":77,"disk_usage_root":6.12,"disk_read_sec":198041,"disk_write_sec":265762,"disk_iops_sec":44,"io_wait":0,"open_files":0,"os_bytes_in_sec":109168,"os_bytes_out_sec":2931,"total_procs":475},"count":1}},"date":1637864220,"epoch_div":27297737},{"groups":{"main":{"totals":{"load_avg":2.78515625,"cpu_usage":100,"mem_used":8521814016,"mem_free":6504828928,"tcp_conns":76,"disk_usage_root":6.12,"disk_read_sec":288153,"disk_write_sec":390690,"disk_iops_sec":48,"io_wait":0,"open_files":0,"os_bytes_in_sec":112029,"os_bytes_out_sec":2072,"total_procs":475},"count":1}},"date":1637864280,"epoch_div":27297738},{"groups":{"main":{"totals":{"load_avg":3.923828125,"cpu_usage":100,"mem_used":8531066880,"mem_free":6484193280,"tcp_conns":77,"disk_usage_root":6.12,"disk_read_sec":48537,"disk_write_sec":235861,"disk_iops_sec":39,"io_wait":0,"open_files":0,"os_bytes_in_sec":68093,"os_bytes_out_sec":1529,"total_procs":475},"count":1}},"date":1637864340,"epoch_div":27297739},{"groups":{"main":{"totals":{"load_avg":2.970703125,"cpu_usage":100,"mem_used":8545878016,"mem_free":6477783040,"tcp_conns":76,"disk_usage_root":6.12,"disk_read_sec":101376,"disk_write_sec":176401,"disk_iops_sec":35,"io_wait":0,"open_files":0,"os_bytes_in_sec":71161,"os_bytes_out_sec":1756,"total_procs":475},"count":1}},"date":1637864400,"epoch_div":27297740},{"groups":{"main":{"totals":{"load_avg":2.875,"cpu_usage":100,"mem_used":8511500288,"mem_free":6491316224,"tcp_conns":76,"disk_usage_root":6.12,"disk_read_sec":46762,"disk_write_sec":281600,"disk_iops_sec":42,"io_wait":0,"open_files":0,"os_bytes_in_sec":79667,"os_bytes_out_sec":1752,"total_procs":476},"count":1}},"date":1637864460,"epoch_div":27297741},{"groups":{"main":{"totals":{"load_avg":2.84619140625,"cpu_usage":100,"mem_used":8527917056,"mem_free":6480494592,"tcp_conns":76,"disk_usage_root":6.12,"disk_read_sec":79667,"disk_write_sec":484078,"disk_iops_sec":78,"io_wait":0,"open_files":0,"os_bytes_in_sec":78787,"os_bytes_out_sec":1638,"total_procs":476},"count":1}},"date":1637864520,"epoch_div":27297742},{"groups":{"main":{"totals":{"load_avg":3.1640625,"cpu_usage":100,"mem_used":8533450752,"mem_free":6476439552,"tcp_conns":79,"disk_usage_root":6.12,"disk_read_sec":32290,"disk_write_sec":252928,"disk_iops_sec":39,"io_wait":0,"open_files":0,"os_bytes_in_sec":74784,"os_bytes_out_sec":2312,"total_procs":475},"count":1}},"date":1637864580,"epoch_div":27297743},{"groups":{"main":{"totals":{"load_avg":3.12939453125,"cpu_usage":100,"mem_used":8564449280,"mem_free":6464819200,"tcp_conns":78,"disk_usage_root":6.12,"disk_read_sec":58351,"disk_write_sec":202919,"disk_iops_sec":25,"io_wait":0,"open_files":0,"os_bytes_in_sec":96138,"os_bytes_out_sec":1896,"total_procs":476},"count":1}},"date":1637864640,"epoch_div":27297744},{"groups":{"main":{"totals":{"load_avg":2.62353515625,"cpu_usage":100,"mem_used":8568569856,"mem_free":6465536000,"tcp_conns":77,"disk_usage_root":6.12,"disk_read_sec":14093,"disk_write_sec":223752,"disk_iops_sec":28,"io_wait":0,"open_files":0,"os_bytes_in_sec":89317,"os_bytes_out_sec":2594,"total_procs":475},"count":1}},"date":1637864700,"epoch_div":27297745},{"groups":{"main":{"totals":{"load_avg":2.46826171875,"cpu_usage":100,"mem_used":8568438784,"mem_free":6464696320,"tcp_conns":82,"disk_usage_root":6.12,"disk_read_sec":419976,"disk_write_sec":329113,"disk_iops_sec":67,"io_wait":0,"open_files":0,"os_bytes_in_sec":96033,"os_bytes_out_sec":3050,"total_procs":478},"count":1}},"date":1637864760,"epoch_div":27297746}]}