{"type":"list_page","items":[{"date":1636532400,"epoch_div":13637770,"totals":{"load_avg":8.65234375,"cpu_usage":200,"mem_used":15585886208,"mem_free":11882684416,"tcp_conns":31,"disk_usage_root":12.24,"disk_read_sec":14782,"disk_write_sec":149363,"disk_iops_sec":27,"io_wait":0,"open_files":0,"os_bytes_in_sec":310,"os_bytes_out_sec":453,"total_procs":932},"count":2},{"date":1636532520,"epoch_div":13637771,"totals":{"load_avg":7.97802734375,"cpu_usage":200,"mem_used":15596306432,"mem_free":11869167616,"tcp_conns":29,"disk_usage_root":12.24,"disk_read_sec":9211,"disk_write_sec":142973,"disk_iops_sec":27,"io_wait":0,"open_files":0,"os_bytes_in_sec":303,"os_bytes_out_sec":625,"total_procs":933},"count":2},{"date":1636532640,"epoch_div":13637772,"totals":{"load_avg":3.8310546875,"cpu_usage":200,"mem_used":15591587840,"mem_free":11884240896,"tcp_conns":30,"disk_usage_root":12.24,"disk_read_sec":887,"disk_write_sec":144176,"disk_iops_sec":25,"io_wait":0,"open_files":0,"os_bytes_in_sec":274,"os_bytes_out_sec":519,"total_procs":931},"count":2},{"date":1636532760,"epoch_div":13637773,"totals":{"load_avg":2.8251953125,"cpu_usage":200,"mem_used":15597211648,"mem_free":11867734016,"tcp_conns":30,"disk_usage_root":12.24,"disk_read_sec":9392,"disk_write_sec":147182,"disk_iops_sec":26,"io_wait":0,"open_files":0,"os_bytes_in_sec":193,"os_bytes_out_sec":428,"total_procs":932},"count":2},{"date":1636532880,"epoch_div":13637774,"totals":{"load_avg":2.9267578125,"cpu_usage":200,"mem_used":15598919680,"mem_free":11882930176,"tcp_conns":30,"disk_usage_root":12.24,"disk_read_sec":3390,"disk_write_sec":140444,"disk_iops_sec":26,"io_wait":0,"open_files":0,"os_bytes_in_sec":307,"os_bytes_out_sec":566,"total_procs":932},"count":2},{"date":1636533000,"epoch_div":13637775,"totals":{"load_avg":2.0888671875,"cpu_usage":200,"mem_used":15597891584,"mem_free":11874385920,"tcp_conns":30,"disk_usage_root":12.24,"disk_read_sec":23802,"disk_write_sec":187226,"disk_iops_sec":37,"io_wait":0,"open_files":0,"os_bytes_in_sec":183,"os_bytes_out_sec":434,"total_procs":932},"count":2},{"date":1636533120,"epoch_div":13637776,"totals":{"load_avg":1.96240234375,"cpu_usage":200,"mem_used":15598784512,"mem_free":11876798464,"tcp_conns":30,"disk_usage_root":12.24,"disk_read_sec":16592,"disk_write_sec":178418,"disk_iops_sec":32,"io_wait":0,"open_files":0,"os_bytes_in_sec":392,"os_bytes_out_sec":807,"total_procs":932},"count":2},{"date":1636533240,"epoch_div":13637777,"totals":{"load_avg":4.5625,"cpu_usage":200,"mem_used":15688904704,"mem_free":11859320832,"tcp_conns":33,"disk_usage_root":12.24,"disk_read_sec":4914,"disk_write_sec":1175688,"disk_iops_sec":34,"io_wait":0,"open_files":0,"os_bytes_in_sec":1130,"os_bytes_out_sec":838,"total_procs":938},"count":2},{"date":1636533360,"epoch_div":13637778,"totals":{"load_avg":2.41796875,"cpu_usage":200,"mem_used":15709822976,"mem_free":11807711232,"tcp_conns":32,"disk_usage_root":12.24,"disk_read_sec":15360,"disk_write_sec":127568,"disk_iops_sec":26,"io_wait":0,"open_files":0,"os_bytes_in_sec":168,"os_bytes_out_sec":424,"total_procs":932},"count":2},{"date":1636533480,"epoch_div":13637779,"totals":{"load_avg":2.7666015625,"cpu_usage":200,"mem_used":15714299904,"mem_free":11804512256,"tcp_conns":30,"disk_usage_root":12.24,"disk_read_sec":23539,"disk_write_sec":175252,"disk_iops_sec":31,"io_wait":0,"open_files":0,"os_bytes_in_sec":272,"os_bytes_out_sec":523,"total_procs":932},"count":2},{"date":1636533600,"epoch_div":13637780,"totals":{"load_avg":2.65869140625,"cpu_usage":200,"mem_used":15713038336,"mem_free":11809001472,"tcp_conns":30,"disk_usage_root":12.24,"disk_read_sec":1228,"disk_write_sec":135441,"disk_iops_sec":24,"io_wait":0,"open_files":0,"os_bytes_in_sec":225,"os_bytes_out_sec":510,"total_procs":932},"count":2},{"date":1636533720,"epoch_div":13637781,"totals":{"load_avg":2.7626953125,"cpu_usage":200,"mem_used":15717519360,"mem_free":11800887296,"tcp_conns":29,"disk_usage_root":12.24,"disk_read_sec":2470,"disk_write_sec":126243,"disk_iops_sec":24,"io_wait":0,"open_files":0,"os_bytes_in_sec":303,"os_bytes_out_sec":574,"total_procs":932},"count":2},{"date":1636533840,"epoch_div":13637782,"totals":{"load_avg":1.99365234375,"cpu_usage":200,"mem_used":15719051264,"mem_free":11800305664,"tcp_conns":30,"disk_usage_root":12.24,"disk_read_sec":12311,"disk_write_sec":184719,"disk_iops_sec":29,"io_wait":0,"open_files":0,"os_bytes_in_sec":5909,"os_bytes_out_sec":1048,"total_procs":932},"count":2},{"date":1636533960,"epoch_div":13637783,"totals":{"load_avg":2.55859375,"cpu_usage":200,"mem_used":15720751104,"mem_free":11795689472,"tcp_conns":30,"disk_usage_root":12.24,"disk_read_sec":1987,"disk_write_sec":143496,"disk_iops_sec":26,"io_wait":0,"open_files":0,"os_bytes_in_sec":322,"os_bytes_out_sec":582,"total_procs":932},"count":2},{"date":1636534080,"epoch_div":13637784,"totals":{"load_avg":2.50341796875,"cpu_usage":200,"mem_used":15743660032,"mem_free":11779985408,"tcp_conns":41,"disk_usage_root":12.24,"disk_read_sec":9832,"disk_write_sec":144623,"disk_iops_sec":26,"io_wait":0,"open_files":0,"os_bytes_in_sec":1332,"os_bytes_out_sec":949,"total_procs":932},"count":2},{"date":1636534200,"epoch_div":13637785,"totals":{"load_avg":3.11083984375,"cpu_usage":200,"mem_used":15745486848,"mem_free":11776757760,"tcp_conns":42,"disk_usage_root":12.24,"disk_read_sec":7411,"disk_write_sec":156272,"disk_iops_sec":26,"io_wait":0,"open_files":0,"os_bytes_in_sec":260,"os_bytes_out_sec":466,"total_procs":932},"count":2},{"date":1636534320,"epoch_div":13637786,"totals":{"load_avg":2.90234375,"cpu_usage":200,"mem_used":15755620352,"mem_free":11764477952,"tcp_conns":35,"disk_usage_root":12.24,"disk_read_sec":19575,"disk_write_sec":152243,"disk_iops_sec":29,"io_wait":0,"open_files":0,"os_bytes_in_sec":349,"os_bytes_out_sec":679,"total_procs":934},"count":2},{"date":1636534440,"epoch_div":13637787,"totals":{"load_avg":3.4580078125,"cpu_usage":200,"mem_used":15749505024,"mem_free":11773956096,"tcp_conns":30,"disk_usage_root":12.24,"disk_read_sec":3265,"disk_write_sec":152179,"disk_iops_sec":27,"io_wait":0,"open_files":0,"os_bytes_in_sec":262,"os_bytes_out_sec":462,"total_procs":932},"count":2},{"date":1636534560,"epoch_div":13637788,"totals":{"load_avg":2.72412109375,"cpu_usage":200,"mem_used":15753474048,"mem_free":11769970688,"tcp_conns":30,"disk_usage_root":12.24,"disk_read_sec":24198,"disk_write_sec":336092,"disk_iops_sec":60,"io_wait":0,"open_files":0,"os_bytes_in_sec":181,"os_bytes_out_sec":429,"total_procs":932},"count":2},{"date":1636534680,"epoch_div":13637789,"totals":{"load_avg":10.173828125,"cpu_usage":200,"mem_used":15759564800,"mem_free":11763425280,"tcp_conns":30,"disk_usage_root":12.24,"disk_read_sec":5870,"disk_write_sec":146909,"disk_iops_sec":27,"io_wait":0,"open_files":0,"os_bytes_in_sec":451,"os_bytes_out_sec":722,"total_procs":932},"count":2},{"date":1636534800,"epoch_div":13637790,"totals":{"load_avg":3.380859375,"cpu_usage":200,"mem_used":15755018240,"mem_free":11766665216,"tcp_conns":30,"disk_usage_root":12.24,"disk_read_sec":8461,"disk_write_sec":154284,"disk_iops_sec":30,"io_wait":0,"open_files":0,"os_bytes_in_sec":221,"os_bytes_out_sec":413,"total_procs":932},"count":2},{"date":1636534920,"epoch_div":13637791,"totals":{"load_avg":2.9619140625,"cpu_usage":200,"mem_used":15756247040,"mem_free":11770605568,"tcp_conns":30,"disk_usage_root":12.24,"disk_read_sec":11862,"disk_write_sec":163507,"disk_iops_sec":28,"io_wait":0,"open_files":0,"os_bytes_in_sec":369,"os_bytes_out_sec":824,"total_procs":932},"count":2},{"date":1636535040,"epoch_div":13637792,"totals":{"load_avg":2.7021484375,"cpu_usage":200,"mem_used":15762268160,"mem_free":11771482112,"tcp_conns":33,"disk_usage_root":12.24,"disk_read_sec":1426,"disk_write_sec":439643,"disk_iops_sec":27,"io_wait":0,"open_files":0,"os_bytes_in_sec":405,"os_bytes_out_sec":783,"total_procs":931},"count":2},{"date":1636535160,"epoch_div":13637793,"totals":{"load_avg":2.34765625,"cpu_usage":200,"mem_used":15764033536,"mem_free":11762315264,"tcp_conns":31,"disk_usage_root":12.24,"disk_read_sec":2184,"disk_write_sec":134884,"disk_iops_sec":24,"io_wait":0,"open_files":0,"os_bytes_in_sec":191,"os_bytes_out_sec":427,"total_procs":932},"count":2},{"date":1636535280,"epoch_div":13637794,"totals":{"load_avg":3.4541015625,"cpu_usage":200,"mem_used":15769866240,"mem_free":11764822016,"tcp_conns":29,"disk_usage_root":12.24,"disk_read_sec":10284,"disk_write_sec":169709,"disk_iops_sec":28,"io_wait":0,"open_files":0,"os_bytes_in_sec":343,"os_bytes_out_sec":515,"total_procs":933},"count":2},{"date":1636535400,"epoch_div":13637795,"totals":{"load_avg":3.14306640625,"cpu_usage":200,"mem_used":15769882624,"mem_free":11765108736,"tcp_conns":32,"disk_usage_root":12.24,"disk_read_sec":7640,"disk_write_sec":138807,"disk_iops_sec":26,"io_wait":0,"open_files":0,"os_bytes_in_sec":503,"os_bytes_out_sec":1223,"total_procs":932},"count":2},{"date":1636535520,"epoch_div":13637796,"totals":{"load_avg":3.40234375,"cpu_usage":200,"mem_used":15766384640,"mem_free":11763601408,"tcp_conns":30,"disk_usage_root":12.24,"disk_read_sec":3003,"disk_write_sec":151381,"disk_iops_sec":27,"io_wait":0,"open_files":0,"os_bytes_in_sec":281,"os_bytes_out_sec":560,"total_procs":932},"count":2},{"date":1636535640,"epoch_div":13637797,"totals":{"load_avg":3.2841796875,"cpu_usage":200,"mem_used":15760084992,"mem_free":11768061952,"tcp_conns":32,"disk_usage_root":12.24,"disk_read_sec":8398,"disk_write_sec":180774,"disk_iops_sec":29,"io_wait":0,"open_files":0,"os_bytes_in_sec":5597,"os_bytes_out_sec":995,"total_procs":931},"count":2},{"date":1636535760,"epoch_div":13637798,"totals":{"load_avg":3.56591796875,"cpu_usage":200,"mem_used":15764951040,"mem_free":11767128064,"tcp_conns":30,"disk_usage_root":12.24,"disk_read_sec":555,"disk_write_sec":134775,"disk_iops_sec":24,"io_wait":0,"open_files":0,"os_bytes_in_sec":166,"os_bytes_out_sec":529,"total_procs":932},"count":2},{"date":1636535880,"epoch_div":13637799,"totals":{"load_avg":3.05517578125,"cpu_usage":200,"mem_used":15762034688,"mem_free":11764162560,"tcp_conns":29,"disk_usage_root":12.24,"disk_read_sec":2190,"disk_write_sec":142834,"disk_iops_sec":24,"io_wait":0,"open_files":0,"os_bytes_in_sec":302,"os_bytes_out_sec":457,"total_procs":932},"count":2},{"date":1636536000,"epoch_div":13637800,"totals":{"load_avg":2.31787109375,"cpu_usage":200,"mem_used":15767224320,"mem_free":11756781568,"tcp_conns":30,"disk_usage_root":12.24,"disk_read_sec":11059,"disk_write_sec":148820,"disk_iops_sec":26,"io_wait":0,"open_files":0,"os_bytes_in_sec":312,"os_bytes_out_sec":501,"total_procs":932},"count":2},{"date":1636536120,"epoch_div":13637801,"totals":{"load_avg":2.93994140625,"cpu_usage":200,"mem_used":15765094400,"mem_free":11760021504,"tcp_conns":29,"disk_usage_root":12.24,"disk_read_sec":11241,"disk_write_sec":126453,"disk_iops_sec":25,"io_wait":0,"open_files":0,"os_bytes_in_sec":303,"os_bytes_out_sec":600,"total_procs":932},"count":2},{"date":1636536240,"epoch_div":13637802,"totals":{"load_avg":3.06298828125,"cpu_usage":200,"mem_used":15761723392,"mem_free":11766292480,"tcp_conns":30,"disk_usage_root":12.24,"disk_read_sec":2321,"disk_write_sec":161604,"disk_iops_sec":28,"io_wait":0,"open_files":0,"os_bytes_in_sec":313,"os_bytes_out_sec":491,"total_procs":931},"count":2},{"date":1636536360,"epoch_div":13637803,"totals":{"load_avg":3.01513671875,"cpu_usage":200,"mem_used":15775543296,"mem_free":11752148992,"tcp_conns":32,"disk_usage_root":12.24,"disk_read_sec":14075,"disk_write_sec":161642,"disk_iops_sec":27,"io_wait":0,"open_files":0,"os_bytes_in_sec":496,"os_bytes_out_sec":754,"total_procs":935},"count":2},{"date":1636536480,"epoch_div":13637804,"totals":{"load_avg":2.5595703125,"cpu_usage":200,"mem_used":15773069312,"mem_free":11757465600,"tcp_conns":29,"disk_usage_root":12.24,"disk_read_sec":1283,"disk_write_sec":129999,"disk_iops_sec":23,"io_wait":0,"open_files":0,"os_bytes_in_sec":302,"os_bytes_out_sec":509,"total_procs":932},"count":2},{"date":1636536600,"epoch_div":13637805,"totals":{"load_avg":2.42724609375,"cpu_usage":200,"mem_used":15768285184,"mem_free":11759165440,"tcp_conns":30,"disk_usage_root":12.24,"disk_read_sec":21382,"disk_write_sec":196260,"disk_iops_sec":37,"io_wait":0,"open_files":0,"os_bytes_in_sec":317,"os_bytes_out_sec":395,"total_procs":932},"count":2},{"date":1636536720,"epoch_div":13637806,"totals":{"load_avg":2.0693359375,"cpu_usage":200,"mem_used":15774617600,"mem_free":11760623616,"tcp_conns":30,"disk_usage_root":12.24,"disk_read_sec":15428,"disk_write_sec":178448,"disk_iops_sec":31,"io_wait":0,"open_files":0,"os_bytes_in_sec":385,"os_bytes_out_sec":871,"total_procs":933},"count":2},{"date":1636536840,"epoch_div":13637807,"totals":{"load_avg":3.06982421875,"cpu_usage":200,"mem_used":15781462016,"mem_free":11761225728,"tcp_conns":31,"disk_usage_root":12.24,"disk_read_sec":5699,"disk_write_sec":1256597,"disk_iops_sec":34,"io_wait":0,"open_files":0,"os_bytes_in_sec":1641,"os_bytes_out_sec":1113,"total_procs":940},"count":2},{"date":1636536960,"epoch_div":13637808,"totals":{"load_avg":2.52783203125,"cpu_usage":200,"mem_used":15799537664,"mem_free":11749675008,"tcp_conns":30,"disk_usage_root":12.24,"disk_read_sec":552,"disk_write_sec":136321,"disk_iops_sec":24,"io_wait":0,"open_files":0,"os_bytes_in_sec":162,"os_bytes_out_sec":394,"total_procs":932},"count":2},{"date":1636537080,"epoch_div":13637809,"totals":{"load_avg":2.4375,"cpu_usage":200,"mem_used":15805513728,"mem_free":11748175872,"tcp_conns":30,"disk_usage_root":12.24,"disk_read_sec":7859,"disk_write_sec":175383,"disk_iops_sec":29,"io_wait":0,"open_files":0,"os_bytes_in_sec":275,"os_bytes_out_sec":625,"total_procs":933},"count":2},{"date":1636537200,"epoch_div":13637810,"totals":{"load_avg":14.0791015625,"cpu_usage":200,"mem_used":15801180160,"mem_free":11745902592,"tcp_conns":30,"disk_usage_root":12.24,"disk_read_sec":5916,"disk_write_sec":131136,"disk_iops_sec":24,"io_wait":0,"open_files":0,"os_bytes_in_sec":210,"os_bytes_out_sec":405,"total_procs":932},"count":2,"alerts":{"load_avg_high":true}},{"date":1636537320,"epoch_div":13637811,"totals":{"load_avg":8.66064453125,"cpu_usage":200,"mem_used":15806283776,"mem_free":11743502336,"tcp_conns":29,"disk_usage_root":12.24,"disk_read_sec":66359,"disk_write_sec":200515,"disk_iops_sec":48,"io_wait":0,"open_files":0,"os_bytes_in_sec":399,"os_bytes_out_sec":615,"total_procs":932},"count":2},{"date":1636537440,"epoch_div":13637812,"totals":{"load_avg":2.9541015625,"cpu_usage":200,"mem_used":15813042176,"mem_free":11728449536,"tcp_conns":30,"disk_usage_root":12.24,"disk_read_sec":13338,"disk_write_sec":170337,"disk_iops_sec":30,"io_wait":0,"open_files":0,"os_bytes_in_sec":249,"os_bytes_out_sec":602,"total_procs":932},"count":2},{"date":1636537560,"epoch_div":13637813,"totals":{"load_avg":2.81591796875,"cpu_usage":200,"mem_used":15809605632,"mem_free":11741106176,"tcp_conns":30,"disk_usage_root":12.24,"disk_read_sec":475,"disk_write_sec":134134,"disk_iops_sec":23,"io_wait":0,"open_files":0,"os_bytes_in_sec":158,"os_bytes_out_sec":394,"total_procs":932},"count":2},{"date":1636537680,"epoch_div":13637814,"totals":{"load_avg":2.43798828125,"cpu_usage":200,"mem_used":15811411968,"mem_free":11739025408,"tcp_conns":29,"disk_usage_root":12.24,"disk_read_sec":763,"disk_write_sec":137180,"disk_iops_sec":24,"io_wait":0,"open_files":0,"os_bytes_in_sec":253,"os_bytes_out_sec":492,"total_procs":932},"count":2},{"date":1636537800,"epoch_div":13637815,"totals":{"load_avg":2.150390625,"cpu_usage":200,"mem_used":15811928064,"mem_free":11731886080,"tcp_conns":30,"disk_usage_root":12.24,"disk_read_sec":6745,"disk_write_sec":183449,"disk_iops_sec":30,"io_wait":0,"open_files":0,"os_bytes_in_sec":5441,"os_bytes_out_sec":953,"total_procs":932},"count":2},{"date":1636537920,"epoch_div":13637816,"totals":{"load_avg":1.8525390625,"cpu_usage":200,"mem_used":15806521344,"mem_free":11738849280,"tcp_conns":29,"disk_usage_root":12.24,"disk_read_sec":416,"disk_write_sec":128994,"disk_iops_sec":22,"io_wait":0,"open_files":0,"os_bytes_in_sec":259,"os_bytes_out_sec":535,"total_procs":932},"count":2},{"date":1636538040,"epoch_div":13637817,"totals":{"load_avg":3.2587890625,"cpu_usage":200,"mem_used":15807234048,"mem_free":11740766208,"tcp_conns":30,"disk_usage_root":12.24,"disk_read_sec":4645,"disk_write_sec":159329,"disk_iops_sec":27,"io_wait":0,"open_files":0,"os_bytes_in_sec":278,"os_bytes_out_sec":462,"total_procs":932},"count":2},{"date":1636538160,"epoch_div":13637818,"totals":{"load_avg":2.09521484375,"cpu_usage":200,"mem_used":15817179136,"mem_free":11740303360,"tcp_conns":31,"disk_usage_root":12.24,"disk_read_sec":6087,"disk_write_sec":149537,"disk_iops_sec":24,"io_wait":0,"open_files":0,"os_bytes_in_sec":165,"os_bytes_out_sec":504,"total_procs":932},"count":2},{"date":1636538280,"epoch_div":13637819,"totals":{"load_avg":2.3984375,"cpu_usage":200,"mem_used":15817383936,"mem_free":11732594688,"tcp_conns":30,"disk_usage_root":12.24,"disk_read_sec":7009,"disk_write_sec":139472,"disk_iops_sec":24,"io_wait":0,"open_files":0,"os_bytes_in_sec":616,"os_bytes_out_sec":713,"total_procs":933},"count":2},{"date":1636538400,"epoch_div":13637820,"totals":{"load_avg":3.095703125,"cpu_usage":200,"mem_used":15816671232,"mem_free":11734515712,"tcp_conns":30,"disk_usage_root":12.24,"disk_read_sec":819,"disk_write_sec":143222,"disk_iops_sec":25,"io_wait":0,"open_files":0,"os_bytes_in_sec":137,"os_bytes_out_sec":399,"total_procs":933},"count":2},{"date":1636538520,"epoch_div":13637821,"totals":{"load_avg":2.7158203125,"cpu_usage":200,"mem_used":15823052800,"mem_free":11732934656,"tcp_conns":30,"disk_usage_root":12.24,"disk_read_sec":7748,"disk_write_sec":154737,"disk_iops_sec":26,"io_wait":0,"open_files":0,"os_bytes_in_sec":310,"os_bytes_out_sec":711,"total_procs":932},"count":2},{"date":1636538640,"epoch_div":13637822,"totals":{"load_avg":3.8486328125,"cpu_usage":200,"mem_used":15823740928,"mem_free":11729956864,"tcp_conns":31,"disk_usage_root":12.24,"disk_read_sec":971,"disk_write_sec":465803,"disk_iops_sec":27,"io_wait":0,"open_files":0,"os_bytes_in_sec":387,"os_bytes_out_sec":696,"total_procs":935},"count":2},{"date":1636538760,"epoch_div":13637823,"totals":{"load_avg":2.42724609375,"cpu_usage":200,"mem_used":15821221888,"mem_free":11728306176,"tcp_conns":32,"disk_usage_root":12.24,"disk_read_sec":0,"disk_write_sec":130525,"disk_iops_sec":23,"io_wait":0,"open_files":0,"os_bytes_in_sec":147,"os_bytes_out_sec":403,"total_procs":932},"count":2},{"date":1636538880,"epoch_div":13637824,"totals":{"load_avg":3.076171875,"cpu_usage":200,"mem_used":15825387520,"mem_free":11727802368,"tcp_conns":30,"disk_usage_root":12.24,"disk_read_sec":22076,"disk_write_sec":273233,"disk_iops_sec":46,"io_wait":0,"open_files":0,"os_bytes_in_sec":289,"os_bytes_out_sec":587,"total_procs":932},"count":2},{"date":1636539000,"epoch_div":13637825,"totals":{"load_avg":2.9033203125,"cpu_usage":200,"mem_used":15780184064,"mem_free":11589451776,"tcp_conns":30,"disk_usage_root":12.24,"disk_read_sec":2360620,"disk_write_sec":320573,"disk_iops_sec":37,"io_wait":0,"open_files":0,"os_bytes_in_sec":121,"os_bytes_out_sec":401,"total_procs":932},"count":2},{"date":1636539120,"epoch_div":13637826,"totals":{"load_avg":1.9296875,"cpu_usage":200,"mem_used":15713599488,"mem_free":11579998208,"tcp_conns":29,"disk_usage_root":12.24,"disk_read_sec":605,"disk_write_sec":135540,"disk_iops_sec":24,"io_wait":0,"open_files":0,"os_bytes_in_sec":258,"os_bytes_out_sec":606,"total_procs":932},"count":2},{"date":1636539240,"epoch_div":13637827,"totals":{"load_avg":2.71142578125,"cpu_usage":200,"mem_used":15711649792,"mem_free":11582271488,"tcp_conns":30,"disk_usage_root":12.24,"disk_read_sec":8545,"disk_write_sec":160344,"disk_iops_sec":28,"io_wait":0,"open_files":0,"os_bytes_in_sec":253,"os_bytes_out_sec":551,"total_procs":932},"count":2},{"date":1636539360,"epoch_div":13637828,"totals":{"load_avg":2.00390625,"cpu_usage":200,"mem_used":15717662720,"mem_free":11579293696,"tcp_conns":30,"disk_usage_root":12.24,"disk_read_sec":5270,"disk_write_sec":137028,"disk_iops_sec":24,"io_wait":0,"open_files":0,"os_bytes_in_sec":144,"os_bytes_out_sec":384,"total_procs":932},"count":2},{"date":1636539480,"epoch_div":13637829,"totals":{"load_avg":2.68896484375,"cpu_usage":200,"mem_used":15724937216,"mem_free":11571105792,"tcp_conns":29,"disk_usage_root":12.24,"disk_read_sec":347,"disk_write_sec":157462,"disk_iops_sec":25,"io_wait":0,"open_files":0,"os_bytes_in_sec":313,"os_bytes_out_sec":563,"total_procs":932},"count":2},{"date":1636539600,"epoch_div":13637830,"totals":{"load_avg":3.00048828125,"cpu_usage":200,"mem_used":15722471424,"mem_free":11580805120,"tcp_conns":30,"disk_usage_root":12.24,"disk_read_sec":5155,"disk_write_sec":151075,"disk_iops_sec":24,"io_wait":0,"open_files":0,"os_bytes_in_sec":141,"os_bytes_out_sec":460,"total_procs":932},"count":2},{"date":1636539720,"epoch_div":13637831,"totals":{"load_avg":2.7373046875,"cpu_usage":200,"mem_used":15723986944,"mem_free":11583672320,"tcp_conns":29,"disk_usage_root":12.24,"disk_read_sec":1228,"disk_write_sec":146682,"disk_iops_sec":26,"io_wait":0,"open_files":0,"os_bytes_in_sec":280,"os_bytes_out_sec":517,"total_procs":933},"count":2},{"date":1636539840,"epoch_div":13637832,"totals":{"load_avg":2.5654296875,"cpu_usage":200,"mem_used":15732940800,"mem_free":11619160064,"tcp_conns":33,"disk_usage_root":12.24,"disk_read_sec":2336,"disk_write_sec":171659,"disk_iops_sec":29,"io_wait":0,"open_files":0,"os_bytes_in_sec":922,"os_bytes_out_sec":819,"total_procs":932},"count":2},{"date":1636539960,"epoch_div":13637833,"totals":{"load_avg":8.71728515625,"cpu_usage":200,"mem_used":15736827904,"mem_free":11572695040,"tcp_conns":30,"disk_usage_root":12.24,"disk_read_sec":55754,"disk_write_sec":166373,"disk_iops_sec":31,"io_wait":0,"open_files":0,"os_bytes_in_sec":4719,"os_bytes_out_sec":735,"total_procs":932},"count":2},{"date":1636540080,"epoch_div":13637834,"totals":{"load_avg":4.11376953125,"cpu_usage":200,"mem_used":15737036800,"mem_free":11568021504,"tcp_conns":29,"disk_usage_root":12.24,"disk_read_sec":7600,"disk_write_sec":152919,"disk_iops_sec":28,"io_wait":0,"open_files":0,"os_bytes_in_sec":271,"os_bytes_out_sec":477,"total_procs":932},"count":2},{"date":1636540200,"epoch_div":13637835,"totals":{"load_avg":3.10546875,"cpu_usage":200,"mem_used":15726497792,"mem_free":11586285568,"tcp_conns":31,"disk_usage_root":12.24,"disk_read_sec":25189,"disk_write_sec":213811,"disk_iops_sec":41,"io_wait":0,"open_files":0,"os_bytes_in_sec":154,"os_bytes_out_sec":525,"total_procs":932},"count":2},{"date":1636540320,"epoch_div":13637836,"totals":{"load_avg":4.02783203125,"cpu_usage":200,"mem_used":15720771584,"mem_free":11578597376,"tcp_conns":31,"disk_usage_root":12.24,"disk_read_sec":7114,"disk_write_sec":155311,"disk_iops_sec":27,"io_wait":0,"open_files":0,"os_bytes_in_sec":490,"os_bytes_out_sec":771,"total_procs":933},"count":2},{"date":1636540440,"epoch_div":13637837,"totals":{"load_avg":3.810546875,"cpu_usage":200,"mem_used":15756316672,"mem_free":11578884096,"tcp_conns":32,"disk_usage_root":12.24,"disk_read_sec":6398,"disk_write_sec":1206104,"disk_iops_sec":36,"io_wait":0,"open_files":0,"os_bytes_in_sec":1407,"os_bytes_out_sec":1121,"total_procs":939},"count":2},{"date":1636540560,"epoch_div":13637838,"totals":{"load_avg":3.8564453125,"cpu_usage":200,"mem_used":15778516992,"mem_free":11521232896,"tcp_conns":32,"disk_usage_root":12.24,"disk_read_sec":11195,"disk_write_sec":157422,"disk_iops_sec":28,"io_wait":0,"open_files":0,"os_bytes_in_sec":137,"os_bytes_out_sec":513,"total_procs":932},"count":2},{"date":1636540680,"epoch_div":13637839,"totals":{"load_avg":3.20166015625,"cpu_usage":200,"mem_used":15779856384,"mem_free":11515650048,"tcp_conns":30,"disk_usage_root":12.24,"disk_read_sec":5905,"disk_write_sec":141725,"disk_iops_sec":25,"io_wait":0,"open_files":0,"os_bytes_in_sec":236,"os_bytes_out_sec":478,"total_procs":932},"count":2},{"date":1636540800,"epoch_div":13637840,"totals":{"load_avg":2.685546875,"cpu_usage":200,"mem_used":15782178816,"mem_free":11514724352,"tcp_conns":30,"disk_usage_root":12.24,"disk_read_sec":9347,"disk_write_sec":152085,"disk_iops_sec":29,"io_wait":0,"open_files":0,"os_bytes_in_sec":121,"os_bytes_out_sec":399,"total_procs":932},"count":2},{"date":1636540920,"epoch_div":13637841,"totals":{"load_avg":2.55126953125,"cpu_usage":200,"mem_used":15781982208,"mem_free":11510128640,"tcp_conns":29,"disk_usage_root":12.24,"disk_read_sec":5875,"disk_write_sec":164020,"disk_iops_sec":26,"io_wait":0,"open_files":0,"os_bytes_in_sec":268,"os_bytes_out_sec":627,"total_procs":932},"count":2},{"date":1636541040,"epoch_div":13637842,"totals":{"load_avg":2.5322265625,"cpu_usage":200,"mem_used":15779000320,"mem_free":11519381504,"tcp_conns":30,"disk_usage_root":12.24,"disk_read_sec":458,"disk_write_sec":144887,"disk_iops_sec":24,"io_wait":0,"open_files":0,"os_bytes_in_sec":242,"os_bytes_out_sec":497,"total_procs":931},"count":2},{"date":1636541160,"epoch_div":13637843,"totals":{"load_avg":2.45166015625,"cpu_usage":200,"mem_used":15789424640,"mem_free":11509489664,"tcp_conns":30,"disk_usage_root":12.24,"disk_read_sec":3471,"disk_write_sec":126351,"disk_iops_sec":22,"io_wait":0,"open_files":0,"os_bytes_in_sec":128,"os_bytes_out_sec":390,"total_procs":932},"count":2},{"date":1636541280,"epoch_div":13637844,"totals":{"load_avg":2.458984375,"cpu_usage":200,"mem_used":15794438144,"mem_free":11504140288,"tcp_conns":29,"disk_usage_root":12.24,"disk_read_sec":13789,"disk_write_sec":166911,"disk_iops_sec":28,"io_wait":0,"open_files":0,"os_bytes_in_sec":265,"os_bytes_out_sec":580,"total_procs":932},"count":2},{"date":1636541400,"epoch_div":13637845,"totals":{"load_avg":3.19482421875,"cpu_usage":200,"mem_used":15789355008,"mem_free":11509366784,"tcp_conns":30,"disk_usage_root":12.24,"disk_read_sec":4089,"disk_write_sec":133969,"disk_iops_sec":24,"io_wait":0,"open_files":0,"os_bytes_in_sec":129,"os_bytes_out_sec":398,"total_procs":932},"count":2},{"date":1636541520,"epoch_div":13637846,"totals":{"load_avg":1.564453125,"cpu_usage":200,"mem_used":15791624192,"mem_free":11507589120,"tcp_conns":29,"disk_usage_root":12.24,"disk_read_sec":4858,"disk_write_sec":142678,"disk_iops_sec":24,"io_wait":0,"open_files":0,"os_bytes_in_sec":250,"os_bytes_out_sec":539,"total_procs":932},"count":2},{"date":1636541640,"epoch_div":13637847,"totals":{"load_avg":2.63232421875,"cpu_usage":200,"mem_used":15797641216,"mem_free":11509063680,"tcp_conns":31,"disk_usage_root":12.24,"disk_read_sec":3241,"disk_write_sec":157974,"disk_iops_sec":28,"io_wait":0,"open_files":0,"os_bytes_in_sec":268,"os_bytes_out_sec":584,"total_procs":931},"count":2},{"date":1636541760,"epoch_div":13637848,"totals":{"load_avg":2.4697265625,"cpu_usage":200,"mem_used":15797506048,"mem_free":11502837760,"tcp_conns":30,"disk_usage_root":12.24,"disk_read_sec":1235,"disk_write_sec":146257,"disk_iops_sec":25,"io_wait":0,"open_files":0,"os_bytes_in_sec":137,"os_bytes_out_sec":391,"total_procs":932},"count":2},{"date":1636541880,"epoch_div":13637849,"totals":{"load_avg":4.12060546875,"cpu_usage":200,"mem_used":15803092992,"mem_free":11533598720,"tcp_conns":30,"disk_usage_root":12.24,"disk_read_sec":12970,"disk_write_sec":168003,"disk_iops_sec":26,"io_wait":0,"open_files":0,"os_bytes_in_sec":6892,"os_bytes_out_sec":1275,"total_procs":932},"count":2},{"date":1636542000,"epoch_div":13637850,"totals":{"load_avg":2.62646484375,"cpu_usage":200,"mem_used":15801528320,"mem_free":11512561664,"tcp_conns":30,"disk_usage_root":12.24,"disk_read_sec":6013,"disk_write_sec":148799,"disk_iops_sec":27,"io_wait":0,"open_files":0,"os_bytes_in_sec":390,"os_bytes_out_sec":655,"total_procs":932},"count":2},{"date":1636542120,"epoch_div":13637851,"totals":{"load_avg":2.39111328125,"cpu_usage":200,"mem_used":15800430592,"mem_free":11509501952,"tcp_conns":29,"disk_usage_root":12.24,"disk_read_sec":5394,"disk_write_sec":138860,"disk_iops_sec":25,"io_wait":0,"open_files":0,"os_bytes_in_sec":216,"os_bytes_out_sec":606,"total_procs":932},"count":2},{"date":1636542240,"epoch_div":13637852,"totals":{"load_avg":2.8896484375,"cpu_usage":200,"mem_used":15815135232,"mem_free":11525419008,"tcp_conns":31,"disk_usage_root":12.24,"disk_read_sec":7479,"disk_write_sec":473263,"disk_iops_sec":30,"io_wait":0,"open_files":0,"os_bytes_in_sec":403,"os_bytes_out_sec":766,"total_procs":936},"count":2},{"date":1636542360,"epoch_div":13637853,"totals":{"load_avg":2.15771484375,"cpu_usage":200,"mem_used":15801032704,"mem_free":11502706688,"tcp_conns":32,"disk_usage_root":12.24,"disk_read_sec":2241,"disk_write_sec":130067,"disk_iops_sec":23,"io_wait":0,"open_files":0,"os_bytes_in_sec":153,"os_bytes_out_sec":449,"total_procs":932},"count":2},{"date":1636542480,"epoch_div":13637854,"totals":{"load_avg":2.4375,"cpu_usage":200,"mem_used":15801233408,"mem_free":11500343296,"tcp_conns":30,"disk_usage_root":12.24,"disk_read_sec":1939,"disk_write_sec":141458,"disk_iops_sec":24,"io_wait":0,"open_files":0,"os_bytes_in_sec":252,"os_bytes_out_sec":495,"total_procs":932},"count":2},{"date":1636542600,"epoch_div":13637855,"totals":{"load_avg":2.4453125,"cpu_usage":200,"mem_used":15809302528,"mem_free":11491667968,"tcp_conns":30,"disk_usage_root":12.24,"disk_read_sec":13789,"disk_write_sec":143632,"disk_iops_sec":28,"io_wait":0,"open_files":0,"os_bytes_in_sec":302,"os_bytes_out_sec":556,"total_procs":933},"count":2},{"date":1636542720,"epoch_div":13637856,"totals":{"load_avg":2.56982421875,"cpu_usage":200,"mem_used":15803502592,"mem_free":11497283584,"tcp_conns":29,"disk_usage_root":12.24,"disk_read_sec":13208,"disk_write_sec":173448,"disk_iops_sec":29,"io_wait":0,"open_files":0,"os_bytes_in_sec":261,"os_bytes_out_sec":574,"total_procs":932},"count":2},{"date":1636542840,"epoch_div":13637857,"totals":{"load_avg":2.32275390625,"cpu_usage":200,"mem_used":15773208576,"mem_free":11707609088,"tcp_conns":30,"disk_usage_root":12.24,"disk_read_sec":2950,"disk_write_sec":352868,"disk_iops_sec":27,"io_wait":0,"open_files":0,"os_bytes_in_sec":237,"os_bytes_out_sec":463,"total_procs":932},"count":2},{"date":1636542960,"epoch_div":13637858,"totals":{"load_avg":3.50244140625,"cpu_usage":200,"mem_used":15633018880,"mem_free":11653513216,"tcp_conns":30,"disk_usage_root":12.24,"disk_read_sec":2628,"disk_write_sec":134008,"disk_iops_sec":24,"io_wait":0,"open_files":0,"os_bytes_in_sec":139,"os_bytes_out_sec":475,"total_procs":932},"count":2},{"date":1636543080,"epoch_div":13637859,"totals":{"load_avg":3.5146484375,"cpu_usage":200,"mem_used":15633309696,"mem_free":11660075008,"tcp_conns":29,"disk_usage_root":12.24,"disk_read_sec":7573,"disk_write_sec":158056,"disk_iops_sec":26,"io_wait":0,"open_files":0,"os_bytes_in_sec":246,"os_bytes_out_sec":529,"total_procs":932},"count":2},{"date":1636543200,"epoch_div":13637860,"totals":{"load_avg":2.3037109375,"cpu_usage":200,"mem_used":15631544320,"mem_free":11661180928,"tcp_conns":30,"disk_usage_root":12.24,"disk_read_sec":7775,"disk_write_sec":136347,"disk_iops_sec":25,"io_wait":0,"open_files":0,"os_bytes_in_sec":126,"os_bytes_out_sec":394,"total_procs":932},"count":2},{"date":1636543320,"epoch_div":13637861,"totals":{"load_avg":1.98779296875,"cpu_usage":200,"mem_used":15639896064,"mem_free":11653533696,"tcp_conns":32,"disk_usage_root":12.24,"disk_read_sec":34610,"disk_write_sec":145202,"disk_iops_sec":31,"io_wait":0,"open_files":0,"os_bytes_in_sec":1191,"os_bytes_out_sec":827,"total_procs":932},"count":2},{"date":1636543440,"epoch_div":13637862,"totals":{"load_avg":2.2705078125,"cpu_usage":200,"mem_used":15649382400,"mem_free":11639218176,"tcp_conns":30,"disk_usage_root":12.24,"disk_read_sec":26682,"disk_write_sec":374755,"disk_iops_sec":66,"io_wait":0,"open_files":0,"os_bytes_in_sec":255,"os_bytes_out_sec":484,"total_procs":932},"count":2},{"date":1636543560,"epoch_div":13637863,"totals":{"load_avg":2.46240234375,"cpu_usage":200,"mem_used":15652737024,"mem_free":11633532928,"tcp_conns":30,"disk_usage_root":12.24,"disk_read_sec":1094,"disk_write_sec":145435,"disk_iops_sec":25,"io_wait":0,"open_files":0,"os_bytes_in_sec":132,"os_bytes_out_sec":407,"total_procs":932},"count":2},{"date":1636543680,"epoch_div":13637864,"totals":{"load_avg":2.001953125,"cpu_usage":200,"mem_used":15655383040,"mem_free":11636813824,"tcp_conns":29,"disk_usage_root":12.24,"disk_read_sec":2593,"disk_write_sec":143837,"disk_iops_sec":25,"io_wait":0,"open_files":0,"os_bytes_in_sec":258,"os_bytes_out_sec":605,"total_procs":932},"count":2},{"date":1636543800,"epoch_div":13637865,"totals":{"load_avg":2.20751953125,"cpu_usage":200,"mem_used":15653810176,"mem_free":11637440512,"tcp_conns":30,"disk_usage_root":12.24,"disk_read_sec":20155,"disk_write_sec":221958,"disk_iops_sec":33,"io_wait":0,"open_files":0,"os_bytes_in_sec":8964,"os_bytes_out_sec":1154,"total_procs":932},"count":2},{"date":1636543920,"epoch_div":13637866,"totals":{"load_avg":2.8095703125,"cpu_usage":200,"mem_used":15656296448,"mem_free":11632545792,"tcp_conns":30,"disk_usage_root":12.24,"disk_read_sec":4752,"disk_write_sec":142140,"disk_iops_sec":26,"io_wait":0,"open_files":0,"os_bytes_in_sec":350,"os_bytes_out_sec":839,"total_procs":933},"count":2},{"date":1636544040,"epoch_div":13637867,"totals":{"load_avg":2.26708984375,"cpu_usage":200,"mem_used":15628611584,"mem_free":11638222848,"tcp_conns":30,"disk_usage_root":12.24,"disk_read_sec":9213,"disk_write_sec":1294456,"disk_iops_sec":34,"io_wait":0,"open_files":0,"os_bytes_in_sec":1103,"os_bytes_out_sec":791,"total_procs":938},"count":2},{"date":1636544160,"epoch_div":13637868,"totals":{"load_avg":2.05712890625,"cpu_usage":200,"mem_used":15652249600,"mem_free":11622764544,"tcp_conns":30,"disk_usage_root":12.24,"disk_read_sec":264,"disk_write_sec":134267,"disk_iops_sec":24,"io_wait":0,"open_files":0,"os_bytes_in_sec":121,"os_bytes_out_sec":401,"total_procs":932},"count":2},{"date":1636544280,"epoch_div":13637869,"totals":{"load_avg":2.3359375,"cpu_usage":200,"mem_used":15658856448,"mem_free":11652616192,"tcp_conns":29,"disk_usage_root":12.24,"disk_read_sec":1261,"disk_write_sec":142856,"disk_iops_sec":23,"io_wait":0,"open_files":0,"os_bytes_in_sec":254,"os_bytes_out_sec":487,"total_procs":932},"count":2}]}