{"type":"list_page","items":[{"date":1637219340,"epoch_div":27286989,"totals":{"load_avg":2.7666015625,"cpu_usage":100,"mem_used":8542347264,"mem_free":6646239232,"tcp_conns":50,"disk_usage_root":6.12,"disk_read_sec":76465,"disk_write_sec":24821,"disk_iops_sec":4,"io_wait":0,"open_files":0,"os_bytes_in_sec":285,"os_bytes_out_sec":186,"total_procs":393},"count":1},{"date":1637219400,"epoch_div":27286990,"totals":{"load_avg":2.50927734375,"cpu_usage":100,"mem_used":8555696128,"mem_free":6667284480,"tcp_conns":48,"disk_usage_root":6.12,"disk_read_sec":5297220,"disk_write_sec":3966202,"disk_iops_sec":146,"io_wait":0,"open_files":0,"os_bytes_in_sec":4333,"os_bytes_out_sec":8090,"total_procs":391},"count":1},{"date":1637221980,"epoch_div":27287033,"totals":{"load_avg":2.3505859375,"cpu_usage":100,"mem_used":8450949120,"mem_free":6610489344,"tcp_conns":48,"disk_usage_root":6.12,"disk_read_sec":68958,"disk_write_sec":65886,"disk_iops_sec":1,"io_wait":0,"open_files":0,"os_bytes_in_sec":143,"os_bytes_out_sec":37,"total_procs":392},"count":1},{"date":1637222040,"epoch_div":27287034,"totals":{"load_avg":2.21630859375,"cpu_usage":100,"mem_used":8482586624,"mem_free":6590795776,"tcp_conns":48,"disk_usage_root":6.12,"disk_read_sec":1109333,"disk_write_sec":469674,"disk_iops_sec":166,"io_wait":0,"open_files":0,"os_bytes_in_sec":2290,"os_bytes_out_sec":1906,"total_procs":392},"count":1}]}