{"type":"list_page","items":[{"date":1637686800,"epoch_div":27294780,"totals":{"load_avg":3.921875,"cpu_usage":100,"mem_used":8568635392,"mem_free":6710054912,"tcp_conns":75,"disk_usage_root":6.12,"disk_read_sec":108748,"disk_write_sec":139400,"disk_iops_sec":36,"io_wait":0,"open_files":0,"os_bytes_in_sec":18983,"os_bytes_out_sec":1351,"total_procs":439},"count":1},{"date":1637686860,"epoch_div":27294781,"totals":{"load_avg":2.77294921875,"cpu_usage":100,"mem_used":8539054080,"mem_free":6700474368,"tcp_conns":80,"disk_usage_root":6.12,"disk_read_sec":155511,"disk_write_sec":978534,"disk_iops_sec":67,"io_wait":0,"open_files":0,"os_bytes_in_sec":4565,"os_bytes_out_sec":4561,"total_procs":439},"count":1},{"date":1637686920,"epoch_div":27294782,"totals":{"load_avg":2.52099609375,"cpu_usage":100,"mem_used":8551616512,"mem_free":6640107520,"tcp_conns":78,"disk_usage_root":6.12,"disk_read_sec":690244,"disk_write_sec":260983,"disk_iops_sec":100,"io_wait":0,"open_files":0,"os_bytes_in_sec":2220,"os_bytes_out_sec":2043,"total_procs":441},"count":1},{"date":1637686980,"epoch_div":27294783,"totals":{"load_avg":4.3203125,"cpu_usage":100,"mem_used":8508678144,"mem_free":6617780224,"tcp_conns":77,"disk_usage_root":6.12,"disk_read_sec":443460,"disk_write_sec":211285,"disk_iops_sec":73,"io_wait":0,"open_files":0,"os_bytes_in_sec":8043,"os_bytes_out_sec":3395,"total_procs":439},"count":1},{"date":1637687040,"epoch_div":27294784,"totals":{"load_avg":3.05224609375,"cpu_usage":100,"mem_used":8565735424,"mem_free":6716276736,"tcp_conns":77,"disk_usage_root":6.12,"disk_read_sec":205414,"disk_write_sec":155443,"disk_iops_sec":47,"io_wait":0,"open_files":0,"os_bytes_in_sec":5593,"os_bytes_out_sec":6222,"total_procs":438},"count":1},{"date":1637687100,"epoch_div":27294785,"totals":{"load_avg":2.6650390625,"cpu_usage":100,"mem_used":8525324288,"mem_free":6610915328,"tcp_conns":77,"disk_usage_root":6.12,"disk_read_sec":348569,"disk_write_sec":392942,"disk_iops_sec":28,"io_wait":0,"open_files":0,"os_bytes_in_sec":587,"os_bytes_out_sec":629,"total_procs":439},"count":1},{"date":1637687160,"epoch_div":27294786,"totals":{"load_avg":2.95166015625,"cpu_usage":100,"mem_used":8533823488,"mem_free":6625198080,"tcp_conns":76,"disk_usage_root":6.12,"disk_read_sec":98440,"disk_write_sec":97962,"disk_iops_sec":27,"io_wait":0,"open_files":0,"os_bytes_in_sec":370,"os_bytes_out_sec":422,"total_procs":438},"count":1},{"date":1637687220,"epoch_div":27294787,"totals":{"load_avg":2.81884765625,"cpu_usage":100,"mem_used":8533745664,"mem_free":6606692352,"tcp_conns":75,"disk_usage_root":6.12,"disk_read_sec":887,"disk_write_sec":64034,"disk_iops_sec":12,"io_wait":0,"open_files":0,"os_bytes_in_sec":143,"os_bytes_out_sec":162,"total_procs":437},"count":1},{"date":1637687280,"epoch_div":27294788,"totals":{"load_avg":2.3583984375,"cpu_usage":100,"mem_used":8532639744,"mem_free":6591684608,"tcp_conns":75,"disk_usage_root":6.12,"disk_read_sec":21590,"disk_write_sec":74283,"disk_iops_sec":12,"io_wait":0,"open_files":0,"os_bytes_in_sec":233,"os_bytes_out_sec":182,"total_procs":437},"count":1},{"date":1637687340,"epoch_div":27294789,"totals":{"load_avg":2.3896484375,"cpu_usage":100,"mem_used":8532152320,"mem_free":6622621696,"tcp_conns":75,"disk_usage_root":6.12,"disk_read_sec":36595,"disk_write_sec":60567,"disk_iops_sec":12,"io_wait":0,"open_files":0,"os_bytes_in_sec":114,"os_bytes_out_sec":147,"total_procs":436},"count":1},{"date":1637687400,"epoch_div":27294790,"totals":{"load_avg":3.1767578125,"cpu_usage":100,"mem_used":8568930304,"mem_free":6604292096,"tcp_conns":77,"disk_usage_root":6.12,"disk_read_sec":368913,"disk_write_sec":149640,"disk_iops_sec":59,"io_wait":0,"open_files":0,"os_bytes_in_sec":785,"os_bytes_out_sec":649,"total_procs":438},"count":1},{"date":1637687460,"epoch_div":27294791,"totals":{"load_avg":2.486328125,"cpu_usage":100,"mem_used":8563802112,"mem_free":6612324352,"tcp_conns":75,"disk_usage_root":6.12,"disk_read_sec":30105,"disk_write_sec":70041,"disk_iops_sec":17,"io_wait":0,"open_files":0,"os_bytes_in_sec":258,"os_bytes_out_sec":246,"total_procs":437},"count":1},{"date":1637687520,"epoch_div":27294792,"totals":{"load_avg":3.7666015625,"cpu_usage":100,"mem_used":8566046720,"mem_free":6610014208,"tcp_conns":75,"disk_usage_root":6.12,"disk_read_sec":2048,"disk_write_sec":72499,"disk_iops_sec":12,"io_wait":0,"open_files":0,"os_bytes_in_sec":374,"os_bytes_out_sec":284,"total_procs":437},"count":1},{"date":1637687580,"epoch_div":27294793,"totals":{"load_avg":3.41162109375,"cpu_usage":100,"mem_used":8524218368,"mem_free":6598180864,"tcp_conns":75,"disk_usage_root":6.12,"disk_read_sec":285900,"disk_write_sec":69222,"disk_iops_sec":40,"io_wait":0,"open_files":0,"os_bytes_in_sec":598,"os_bytes_out_sec":588,"total_procs":436},"count":1},{"date":1637687640,"epoch_div":27294794,"totals":{"load_avg":2.61083984375,"cpu_usage":100,"mem_used":8536522752,"mem_free":6612611072,"tcp_conns":74,"disk_usage_root":6.12,"disk_read_sec":74956,"disk_write_sec":91613,"disk_iops_sec":18,"io_wait":0,"open_files":0,"os_bytes_in_sec":124,"os_bytes_out_sec":135,"total_procs":437},"count":1},{"date":1637687700,"epoch_div":27294795,"totals":{"load_avg":2.5947265625,"cpu_usage":100,"mem_used":8552693760,"mem_free":6589427712,"tcp_conns":74,"disk_usage_root":6.12,"disk_read_sec":16793,"disk_write_sec":59255,"disk_iops_sec":12,"io_wait":0,"open_files":0,"os_bytes_in_sec":284,"os_bytes_out_sec":199,"total_procs":437},"count":1},{"date":1637687760,"epoch_div":27294796,"totals":{"load_avg":2.2783203125,"cpu_usage":100,"mem_used":8557023232,"mem_free":6598254592,"tcp_conns":74,"disk_usage_root":6.12,"disk_read_sec":5870,"disk_write_sec":64170,"disk_iops_sec":12,"io_wait":0,"open_files":0,"os_bytes_in_sec":97,"os_bytes_out_sec":107,"total_procs":438},"count":1},{"date":1637687820,"epoch_div":27294797,"totals":{"load_avg":2.90283203125,"cpu_usage":100,"mem_used":8558968832,"mem_free":6612242432,"tcp_conns":73,"disk_usage_root":6.12,"disk_read_sec":5393,"disk_write_sec":78506,"disk_iops_sec":14,"io_wait":0,"open_files":0,"os_bytes_in_sec":352,"os_bytes_out_sec":491,"total_procs":440},"count":1},{"date":1637687880,"epoch_div":27294798,"totals":{"load_avg":3.30078125,"cpu_usage":100,"mem_used":8563036160,"mem_free":6577831936,"tcp_conns":73,"disk_usage_root":6.12,"disk_read_sec":37956,"disk_write_sec":108544,"disk_iops_sec":22,"io_wait":0,"open_files":0,"os_bytes_in_sec":598,"os_bytes_out_sec":461,"total_procs":439},"count":1},{"date":1637687940,"epoch_div":27294799,"totals":{"load_avg":2.765625,"cpu_usage":100,"mem_used":8561418240,"mem_free":6599524352,"tcp_conns":73,"disk_usage_root":6.12,"disk_read_sec":6144,"disk_write_sec":96529,"disk_iops_sec":17,"io_wait":0,"open_files":0,"os_bytes_in_sec":234,"os_bytes_out_sec":282,"total_procs":439},"count":1},{"date":1637688000,"epoch_div":27294800,"totals":{"load_avg":3.74169921875,"cpu_usage":100,"mem_used":8568033280,"mem_free":6584950784,"tcp_conns":73,"disk_usage_root":6.12,"disk_read_sec":24644,"disk_write_sec":143291,"disk_iops_sec":24,"io_wait":0,"open_files":0,"os_bytes_in_sec":317,"os_bytes_out_sec":516,"total_procs":439},"count":1},{"date":1637688060,"epoch_div":27294801,"totals":{"load_avg":3.12890625,"cpu_usage":100,"mem_used":8458870784,"mem_free":6642626560,"tcp_conns":112,"disk_usage_root":6.12,"disk_read_sec":4930901,"disk_write_sec":862276,"disk_iops_sec":348,"io_wait":0,"open_files":0,"os_bytes_in_sec":172818,"os_bytes_out_sec":15588,"total_procs":445},"count":1},{"date":1637688120,"epoch_div":27294802,"totals":{"load_avg":2.6220703125,"cpu_usage":100,"mem_used":8440614912,"mem_free":6659231744,"tcp_conns":111,"disk_usage_root":6.12,"disk_read_sec":108339,"disk_write_sec":211217,"disk_iops_sec":36,"io_wait":0,"open_files":0,"os_bytes_in_sec":16283,"os_bytes_out_sec":2500,"total_procs":443},"count":1},{"date":1637688180,"epoch_div":27294803,"totals":{"load_avg":2.75732421875,"cpu_usage":100,"mem_used":8341655552,"mem_free":6777663488,"tcp_conns":100,"disk_usage_root":6.12,"disk_read_sec":1651916,"disk_write_sec":172987,"disk_iops_sec":102,"io_wait":0,"open_files":0,"os_bytes_in_sec":1417,"os_bytes_out_sec":1719,"total_procs":443},"count":1},{"date":1637688240,"epoch_div":27294804,"totals":{"load_avg":2.78759765625,"cpu_usage":100,"mem_used":8491671552,"mem_free":6617051136,"tcp_conns":105,"disk_usage_root":6.12,"disk_read_sec":1336320,"disk_write_sec":167389,"disk_iops_sec":72,"io_wait":0,"open_files":0,"os_bytes_in_sec":8602,"os_bytes_out_sec":1798,"total_procs":444},"count":1},{"date":1637688300,"epoch_div":27294805,"totals":{"load_avg":3.06396484375,"cpu_usage":100,"mem_used":8500154368,"mem_free":6648487936,"tcp_conns":99,"disk_usage_root":6.12,"disk_read_sec":33723,"disk_write_sec":65194,"disk_iops_sec":13,"io_wait":0,"open_files":0,"os_bytes_in_sec":464,"os_bytes_out_sec":450,"total_procs":443},"count":1},{"date":1637688360,"epoch_div":27294806,"totals":{"load_avg":4.54833984375,"cpu_usage":100,"mem_used":8456355840,"mem_free":6675791872,"tcp_conns":103,"disk_usage_root":6.12,"disk_read_sec":3004484,"disk_write_sec":683622,"disk_iops_sec":188,"io_wait":0,"open_files":0,"os_bytes_in_sec":57759,"os_bytes_out_sec":7646,"total_procs":445},"count":1},{"date":1637688420,"epoch_div":27294807,"totals":{"load_avg":3.63671875,"cpu_usage":100,"mem_used":8449536000,"mem_free":6690639872,"tcp_conns":99,"disk_usage_root":6.12,"disk_read_sec":10990,"disk_write_sec":101034,"disk_iops_sec":19,"io_wait":0,"open_files":0,"os_bytes_in_sec":359,"os_bytes_out_sec":658,"total_procs":442},"count":1},{"date":1637688480,"epoch_div":27294808,"totals":{"load_avg":3.49267578125,"cpu_usage":100,"mem_used":8463728640,"mem_free":6685470720,"tcp_conns":87,"disk_usage_root":6.12,"disk_read_sec":10308,"disk_write_sec":94890,"disk_iops_sec":17,"io_wait":0,"open_files":0,"os_bytes_in_sec":412,"os_bytes_out_sec":566,"total_procs":440},"count":1},{"date":1637688540,"epoch_div":27294809,"totals":{"load_avg":2.73681640625,"cpu_usage":100,"mem_used":8460795904,"mem_free":6740152320,"tcp_conns":87,"disk_usage_root":6.12,"disk_read_sec":2095854,"disk_write_sec":302421,"disk_iops_sec":159,"io_wait":0,"open_files":0,"os_bytes_in_sec":5941,"os_bytes_out_sec":3294,"total_procs":445},"count":1},{"date":1637688600,"epoch_div":27294810,"totals":{"load_avg":2.33837890625,"cpu_usage":100,"mem_used":8488341504,"mem_free":6751223808,"tcp_conns":85,"disk_usage_root":6.12,"disk_read_sec":2242929,"disk_write_sec":235150,"disk_iops_sec":143,"io_wait":0,"open_files":0,"os_bytes_in_sec":25044,"os_bytes_out_sec":2880,"total_procs":446},"count":1},{"date":1637688660,"epoch_div":27294811,"totals":{"load_avg":2.3818359375,"cpu_usage":100,"mem_used":8401694720,"mem_free":6697824256,"tcp_conns":90,"disk_usage_root":6.12,"disk_read_sec":2213228,"disk_write_sec":207715,"disk_iops_sec":122,"io_wait":0,"open_files":0,"os_bytes_in_sec":11623,"os_bytes_out_sec":2118,"total_procs":445},"count":1},{"date":1637688720,"epoch_div":27294812,"totals":{"load_avg":3.0380859375,"cpu_usage":100,"mem_used":8385826816,"mem_free":6767685632,"tcp_conns":83,"disk_usage_root":6.12,"disk_read_sec":1060113,"disk_write_sec":184388,"disk_iops_sec":75,"io_wait":0,"open_files":0,"os_bytes_in_sec":15357,"os_bytes_out_sec":4441,"total_procs":447},"count":1},{"date":1637688780,"epoch_div":27294813,"totals":{"load_avg":3.1943359375,"cpu_usage":100,"mem_used":8330301440,"mem_free":6770720768,"tcp_conns":94,"disk_usage_root":6.12,"disk_read_sec":2476919,"disk_write_sec":286037,"disk_iops_sec":140,"io_wait":0,"open_files":0,"os_bytes_in_sec":41739,"os_bytes_out_sec":6245,"total_procs":446},"count":1},{"date":1637688840,"epoch_div":27294814,"totals":{"load_avg":2.89013671875,"cpu_usage":100,"mem_used":8432336896,"mem_free":6818172928,"tcp_conns":93,"disk_usage_root":6.12,"disk_read_sec":32017,"disk_write_sec":386867,"disk_iops_sec":18,"io_wait":0,"open_files":0,"os_bytes_in_sec":477,"os_bytes_out_sec":605,"total_procs":442},"count":1},{"date":1637688900,"epoch_div":27294815,"totals":{"load_avg":2.89697265625,"cpu_usage":100,"mem_used":8476590080,"mem_free":6706151424,"tcp_conns":93,"disk_usage_root":6.12,"disk_read_sec":46967,"disk_write_sec":74478,"disk_iops_sec":18,"io_wait":0,"open_files":0,"os_bytes_in_sec":561,"os_bytes_out_sec":452,"total_procs":442},"count":1},{"date":1637688960,"epoch_div":27294816,"totals":{"load_avg":2.666015625,"cpu_usage":100,"mem_used":8478765056,"mem_free":6662823936,"tcp_conns":93,"disk_usage_root":6.12,"disk_read_sec":22732,"disk_write_sec":78506,"disk_iops_sec":17,"io_wait":0,"open_files":0,"os_bytes_in_sec":106,"os_bytes_out_sec":139,"total_procs":443},"count":1},{"date":1637689020,"epoch_div":27294817,"totals":{"load_avg":2.4423828125,"cpu_usage":100,"mem_used":8498806784,"mem_free":6722306048,"tcp_conns":87,"disk_usage_root":6.12,"disk_read_sec":286105,"disk_write_sec":1129198,"disk_iops_sec":22,"io_wait":0,"open_files":0,"os_bytes_in_sec":916,"os_bytes_out_sec":323,"total_procs":441},"count":1},{"date":1637689080,"epoch_div":27294818,"totals":{"load_avg":3.029296875,"cpu_usage":100,"mem_used":8225812480,"mem_free":6741745664,"tcp_conns":152,"disk_usage_root":6.12,"disk_read_sec":4774161,"disk_write_sec":7019656,"disk_iops_sec":343,"io_wait":0,"open_files":0,"os_bytes_in_sec":460478,"os_bytes_out_sec":34045,"total_procs":454},"count":1},{"date":1637689140,"epoch_div":27294819,"totals":{"load_avg":3.04443359375,"cpu_usage":100,"mem_used":8063782912,"mem_free":6721662976,"tcp_conns":150,"disk_usage_root":6.12,"disk_read_sec":142526,"disk_write_sec":428760,"disk_iops_sec":50,"io_wait":0,"open_files":0,"os_bytes_in_sec":131364,"os_bytes_out_sec":5674,"total_procs":444},"count":1},{"date":1637689200,"epoch_div":27294820,"totals":{"load_avg":2.10498046875,"cpu_usage":100,"mem_used":8085782528,"mem_free":6718668800,"tcp_conns":136,"disk_usage_root":6.12,"disk_read_sec":40288,"disk_write_sec":136712,"disk_iops_sec":27,"io_wait":0,"open_files":0,"os_bytes_in_sec":618,"os_bytes_out_sec":675,"total_procs":446},"count":1},{"date":1637689260,"epoch_div":27294821,"totals":{"load_avg":2.0810546875,"cpu_usage":100,"mem_used":8097370112,"mem_free":6719922176,"tcp_conns":137,"disk_usage_root":6.12,"disk_read_sec":20411,"disk_write_sec":101990,"disk_iops_sec":18,"io_wait":0,"open_files":0,"os_bytes_in_sec":490,"os_bytes_out_sec":539,"total_procs":443},"count":1},{"date":1637689320,"epoch_div":27294822,"totals":{"load_avg":2.62255859375,"cpu_usage":100,"mem_used":8102674432,"mem_free":6714626048,"tcp_conns":119,"disk_usage_root":6.12,"disk_read_sec":136,"disk_write_sec":123153,"disk_iops_sec":21,"io_wait":0,"open_files":0,"os_bytes_in_sec":604,"os_bytes_out_sec":595,"total_procs":444},"count":1},{"date":1637689380,"epoch_div":27294823,"totals":{"load_avg":2.6513671875,"cpu_usage":100,"mem_used":8124174336,"mem_free":6686801920,"tcp_conns":113,"disk_usage_root":6.12,"disk_read_sec":168891,"disk_write_sec":101512,"disk_iops_sec":34,"io_wait":0,"open_files":0,"os_bytes_in_sec":527,"os_bytes_out_sec":831,"total_procs":443},"count":1},{"date":1637689440,"epoch_div":27294824,"totals":{"load_avg":3.16162109375,"cpu_usage":100,"mem_used":8148058112,"mem_free":6676127744,"tcp_conns":108,"disk_usage_root":6.12,"disk_read_sec":121422,"disk_write_sec":98373,"disk_iops_sec":23,"io_wait":0,"open_files":0,"os_bytes_in_sec":243,"os_bytes_out_sec":369,"total_procs":441},"count":1},{"date":1637689500,"epoch_div":27294825,"totals":{"load_avg":2.396484375,"cpu_usage":100,"mem_used":8152289280,"mem_free":6646620160,"tcp_conns":78,"disk_usage_root":6.12,"disk_read_sec":14705,"disk_write_sec":84538,"disk_iops_sec":13,"io_wait":0,"open_files":0,"os_bytes_in_sec":436,"os_bytes_out_sec":514,"total_procs":441},"count":1},{"date":1637689560,"epoch_div":27294826,"totals":{"load_avg":2.216796875,"cpu_usage":100,"mem_used":8167133184,"mem_free":6669221888,"tcp_conns":79,"disk_usage_root":6.12,"disk_read_sec":57070,"disk_write_sec":285354,"disk_iops_sec":32,"io_wait":0,"open_files":0,"os_bytes_in_sec":397,"os_bytes_out_sec":281,"total_procs":443},"count":1},{"date":1637689620,"epoch_div":27294827,"totals":{"load_avg":2.72509765625,"cpu_usage":100,"mem_used":8166694912,"mem_free":6629502976,"tcp_conns":78,"disk_usage_root":6.12,"disk_read_sec":273,"disk_write_sec":75571,"disk_iops_sec":13,"io_wait":0,"open_files":0,"os_bytes_in_sec":176,"os_bytes_out_sec":173,"total_procs":441},"count":1},{"date":1637689680,"epoch_div":27294828,"totals":{"load_avg":2.27490234375,"cpu_usage":100,"mem_used":8170475520,"mem_free":6646751232,"tcp_conns":74,"disk_usage_root":6.12,"disk_read_sec":10717,"disk_write_sec":63078,"disk_iops_sec":11,"io_wait":0,"open_files":0,"os_bytes_in_sec":283,"os_bytes_out_sec":742,"total_procs":441},"count":1},{"date":1637689980,"epoch_div":27294833,"totals":{"load_avg":2.26416015625,"cpu_usage":100,"mem_used":8556953600,"mem_free":6801612800,"tcp_conns":74,"disk_usage_root":6.12,"disk_read_sec":136266,"disk_write_sec":30907,"disk_iops_sec":10,"io_wait":0,"open_files":0,"os_bytes_in_sec":674,"os_bytes_out_sec":1350,"total_procs":441},"count":1},{"date":1637690040,"epoch_div":27294834,"totals":{"load_avg":3.05615234375,"cpu_usage":100,"mem_used":7888543744,"mem_free":6721646592,"tcp_conns":101,"disk_usage_root":6.12,"disk_read_sec":7982627,"disk_write_sec":15993641,"disk_iops_sec":460,"io_wait":0,"open_files":0,"os_bytes_in_sec":172042,"os_bytes_out_sec":34235,"total_procs":459},"count":1},{"date":1637690100,"epoch_div":27294835,"totals":{"load_avg":4.138671875,"cpu_usage":100,"mem_used":8569077760,"mem_free":6402121728,"tcp_conns":98,"disk_usage_root":6.12,"disk_read_sec":1048644,"disk_write_sec":1258564,"disk_iops_sec":182,"io_wait":0,"open_files":0,"os_bytes_in_sec":117282,"os_bytes_out_sec":57066,"total_procs":449},"count":1},{"date":1637690160,"epoch_div":27294836,"totals":{"load_avg":3.8876953125,"cpu_usage":100,"mem_used":8568250368,"mem_free":6404501504,"tcp_conns":93,"disk_usage_root":6.12,"disk_read_sec":253542,"disk_write_sec":207121,"disk_iops_sec":47,"io_wait":0,"open_files":0,"os_bytes_in_sec":25168,"os_bytes_out_sec":44503,"total_procs":444},"count":1},{"date":1637690220,"epoch_div":27294837,"totals":{"load_avg":3.6181640625,"cpu_usage":100,"mem_used":8570634240,"mem_free":6410227712,"tcp_conns":91,"disk_usage_root":6.12,"disk_read_sec":192716,"disk_write_sec":177902,"disk_iops_sec":42,"io_wait":0,"open_files":0,"os_bytes_in_sec":18356,"os_bytes_out_sec":34087,"total_procs":443},"count":1},{"date":1637690280,"epoch_div":27294838,"totals":{"load_avg":2.52197265625,"cpu_usage":100,"mem_used":8534081536,"mem_free":6444695552,"tcp_conns":84,"disk_usage_root":6.12,"disk_read_sec":362154,"disk_write_sec":167116,"disk_iops_sec":64,"io_wait":0,"open_files":0,"os_bytes_in_sec":15956,"os_bytes_out_sec":26910,"total_procs":444},"count":1},{"date":1637690340,"epoch_div":27294839,"totals":{"load_avg":2.76123046875,"cpu_usage":100,"mem_used":8472928256,"mem_free":6455787520,"tcp_conns":79,"disk_usage_root":6.12,"disk_read_sec":1610615,"disk_write_sec":170120,"disk_iops_sec":89,"io_wait":0,"open_files":0,"os_bytes_in_sec":10499,"os_bytes_out_sec":29071,"total_procs":444},"count":1}]}