{"type":"list_page","items":[{"date":1637694000,"epoch_div":27294900,"totals":{"load_avg":2.66259765625,"cpu_usage":100,"mem_used":8491581440,"mem_free":6366945280,"tcp_conns":78,"disk_usage_root":6.12,"disk_read_sec":63588,"disk_write_sec":166257,"disk_iops_sec":27,"io_wait":0,"open_files":0,"os_bytes_in_sec":832,"os_bytes_out_sec":1739,"total_procs":460},"count":1},{"date":1637694060,"epoch_div":27294901,"totals":{"load_avg":2.5302734375,"cpu_usage":100,"mem_used":8518053888,"mem_free":6360059904,"tcp_conns":79,"disk_usage_root":6.12,"disk_read_sec":1061683,"disk_write_sec":113459,"disk_iops_sec":49,"io_wait":0,"open_files":0,"os_bytes_in_sec":2499,"os_bytes_out_sec":968,"total_procs":459},"count":1},{"date":1637694120,"epoch_div":27294902,"totals":{"load_avg":2.51171875,"cpu_usage":100,"mem_used":8565776384,"mem_free":6343290880,"tcp_conns":76,"disk_usage_root":6.12,"disk_read_sec":169915,"disk_write_sec":150391,"disk_iops_sec":23,"io_wait":0,"open_files":0,"os_bytes_in_sec":824,"os_bytes_out_sec":1695,"total_procs":460},"count":1},{"date":1637694180,"epoch_div":27294903,"totals":{"load_avg":3.6337890625,"cpu_usage":100,"mem_used":8382734336,"mem_free":6411395072,"tcp_conns":89,"disk_usage_root":6.12,"disk_read_sec":1864294,"disk_write_sec":365226,"disk_iops_sec":109,"io_wait":0,"open_files":0,"os_bytes_in_sec":12909,"os_bytes_out_sec":5117,"total_procs":461},"count":1},{"date":1637694240,"epoch_div":27294904,"totals":{"load_avg":2.96533203125,"cpu_usage":100,"mem_used":8433389568,"mem_free":6417760256,"tcp_conns":88,"disk_usage_root":6.12,"disk_read_sec":101853,"disk_write_sec":440729,"disk_iops_sec":25,"io_wait":0,"open_files":0,"os_bytes_in_sec":829,"os_bytes_out_sec":1742,"total_procs":459},"count":1},{"date":1637694300,"epoch_div":27294905,"totals":{"load_avg":2.755859375,"cpu_usage":100,"mem_used":8424062976,"mem_free":6393339904,"tcp_conns":83,"disk_usage_root":6.12,"disk_read_sec":277139,"disk_write_sec":150510,"disk_iops_sec":50,"io_wait":0,"open_files":0,"os_bytes_in_sec":1018,"os_bytes_out_sec":1203,"total_procs":460},"count":1},{"date":1637694360,"epoch_div":27294906,"totals":{"load_avg":2.65478515625,"cpu_usage":100,"mem_used":8569229312,"mem_free":6337572864,"tcp_conns":92,"disk_usage_root":6.12,"disk_read_sec":401676,"disk_write_sec":394290,"disk_iops_sec":59,"io_wait":0,"open_files":0,"os_bytes_in_sec":42702,"os_bytes_out_sec":6179,"total_procs":462},"count":1},{"date":1637694420,"epoch_div":27294907,"totals":{"load_avg":3.75732421875,"cpu_usage":100,"mem_used":8560893952,"mem_free":6404034560,"tcp_conns":99,"disk_usage_root":6.12,"disk_read_sec":2706158,"disk_write_sec":2266180,"disk_iops_sec":215,"io_wait":0,"open_files":0,"os_bytes_in_sec":186001,"os_bytes_out_sec":12465,"total_procs":464},"count":1},{"date":1637694480,"epoch_div":27294908,"totals":{"load_avg":2.68994140625,"cpu_usage":100,"mem_used":8560869376,"mem_free":6384353280,"tcp_conns":99,"disk_usage_root":6.12,"disk_read_sec":162884,"disk_write_sec":1705506,"disk_iops_sec":38,"io_wait":0,"open_files":0,"os_bytes_in_sec":54145,"os_bytes_out_sec":2870,"total_procs":466},"count":1},{"date":1637694540,"epoch_div":27294909,"totals":{"load_avg":2.57568359375,"cpu_usage":100,"mem_used":8570216448,"mem_free":6372470784,"tcp_conns":96,"disk_usage_root":6.12,"disk_read_sec":87449,"disk_write_sec":247739,"disk_iops_sec":24,"io_wait":0,"open_files":0,"os_bytes_in_sec":69583,"os_bytes_out_sec":2793,"total_procs":462},"count":1},{"date":1637694600,"epoch_div":27294910,"totals":{"load_avg":2.6552734375,"cpu_usage":100,"mem_used":8542089216,"mem_free":6355017728,"tcp_conns":91,"disk_usage_root":6.12,"disk_read_sec":1642086,"disk_write_sec":584567,"disk_iops_sec":87,"io_wait":0,"open_files":0,"os_bytes_in_sec":95222,"os_bytes_out_sec":3406,"total_procs":463},"count":1},{"date":1637694660,"epoch_div":27294911,"totals":{"load_avg":2.70458984375,"cpu_usage":100,"mem_used":8555450368,"mem_free":6356578304,"tcp_conns":89,"disk_usage_root":6.12,"disk_read_sec":69495,"disk_write_sec":166161,"disk_iops_sec":19,"io_wait":0,"open_files":0,"os_bytes_in_sec":63815,"os_bytes_out_sec":2147,"total_procs":462},"count":1},{"date":1637694720,"epoch_div":27294912,"totals":{"load_avg":2.720703125,"cpu_usage":100,"mem_used":8507928576,"mem_free":6356078592,"tcp_conns":88,"disk_usage_root":6.12,"disk_read_sec":1733154,"disk_write_sec":649420,"disk_iops_sec":150,"io_wait":0,"open_files":0,"os_bytes_in_sec":93475,"os_bytes_out_sec":2626,"total_procs":462},"count":1},{"date":1637694780,"epoch_div":27294913,"totals":{"load_avg":2.9990234375,"cpu_usage":100,"mem_used":8553582592,"mem_free":6349168640,"tcp_conns":80,"disk_usage_root":6.12,"disk_read_sec":36169,"disk_write_sec":219656,"disk_iops_sec":24,"io_wait":0,"open_files":0,"os_bytes_in_sec":95398,"os_bytes_out_sec":3079,"total_procs":462},"count":1},{"date":1637694840,"epoch_div":27294914,"totals":{"load_avg":2.91259765625,"cpu_usage":100,"mem_used":8514625536,"mem_free":6350303232,"tcp_conns":76,"disk_usage_root":6.12,"disk_read_sec":1634371,"disk_write_sec":258383,"disk_iops_sec":83,"io_wait":0,"open_files":0,"os_bytes_in_sec":55532,"os_bytes_out_sec":2193,"total_procs":463},"count":1},{"date":1637694900,"epoch_div":27294915,"totals":{"load_avg":2.60107421875,"cpu_usage":100,"mem_used":8529866752,"mem_free":6363209728,"tcp_conns":76,"disk_usage_root":6.12,"disk_read_sec":531660,"disk_write_sec":415539,"disk_iops_sec":122,"io_wait":0,"open_files":0,"os_bytes_in_sec":63385,"os_bytes_out_sec":2761,"total_procs":462},"count":1},{"date":1637694960,"epoch_div":27294916,"totals":{"load_avg":2.8671875,"cpu_usage":100,"mem_used":8542052352,"mem_free":6363025408,"tcp_conns":77,"disk_usage_root":6.12,"disk_read_sec":61235,"disk_write_sec":224938,"disk_iops_sec":26,"io_wait":0,"open_files":0,"os_bytes_in_sec":92006,"os_bytes_out_sec":2308,"total_procs":462},"count":1},{"date":1637695020,"epoch_div":27294917,"totals":{"load_avg":2.35107421875,"cpu_usage":100,"mem_used":8553488384,"mem_free":6348820480,"tcp_conns":76,"disk_usage_root":6.12,"disk_read_sec":133154,"disk_write_sec":190915,"disk_iops_sec":21,"io_wait":0,"open_files":0,"os_bytes_in_sec":80000,"os_bytes_out_sec":2569,"total_procs":461},"count":1},{"date":1637695080,"epoch_div":27294918,"totals":{"load_avg":2.98193359375,"cpu_usage":100,"mem_used":8567844864,"mem_free":6351081472,"tcp_conns":76,"disk_usage_root":6.12,"disk_read_sec":35521,"disk_write_sec":200569,"disk_iops_sec":23,"io_wait":0,"open_files":0,"os_bytes_in_sec":91541,"os_bytes_out_sec":2589,"total_procs":462},"count":1},{"date":1637695140,"epoch_div":27294919,"totals":{"load_avg":2.78662109375,"cpu_usage":100,"mem_used":8570355712,"mem_free":6349971456,"tcp_conns":75,"disk_usage_root":6.12,"disk_read_sec":228147,"disk_write_sec":541149,"disk_iops_sec":96,"io_wait":0,"open_files":0,"os_bytes_in_sec":113413,"os_bytes_out_sec":3165,"total_procs":462},"count":1},{"date":1637695200,"epoch_div":27294920,"totals":{"load_avg":3.0927734375,"cpu_usage":100,"mem_used":8544989184,"mem_free":6360055808,"tcp_conns":75,"disk_usage_root":6.12,"disk_read_sec":29969,"disk_write_sec":190532,"disk_iops_sec":21,"io_wait":0,"open_files":0,"os_bytes_in_sec":79348,"os_bytes_out_sec":1991,"total_procs":461},"count":1},{"date":1637695260,"epoch_div":27294921,"totals":{"load_avg":3.01025390625,"cpu_usage":100,"mem_used":8555708416,"mem_free":6350934016,"tcp_conns":75,"disk_usage_root":6.12,"disk_read_sec":5762,"disk_write_sec":194664,"disk_iops_sec":20,"io_wait":0,"open_files":0,"os_bytes_in_sec":76346,"os_bytes_out_sec":2609,"total_procs":462},"count":1},{"date":1637695320,"epoch_div":27294922,"totals":{"load_avg":2.66650390625,"cpu_usage":100,"mem_used":8551391232,"mem_free":6352482304,"tcp_conns":74,"disk_usage_root":6.12,"disk_read_sec":149268,"disk_write_sec":564643,"disk_iops_sec":93,"io_wait":0,"open_files":0,"os_bytes_in_sec":95922,"os_bytes_out_sec":2333,"total_procs":463},"count":1},{"date":1637695380,"epoch_div":27294923,"totals":{"load_avg":3.20654296875,"cpu_usage":100,"mem_used":8506146816,"mem_free":6354477056,"tcp_conns":76,"disk_usage_root":6.12,"disk_read_sec":1565559,"disk_write_sec":233062,"disk_iops_sec":87,"io_wait":0,"open_files":0,"os_bytes_in_sec":77778,"os_bytes_out_sec":2664,"total_procs":465},"count":1},{"date":1637695440,"epoch_div":27294924,"totals":{"load_avg":3.45703125,"cpu_usage":100,"mem_used":8501882880,"mem_free":6352035840,"tcp_conns":75,"disk_usage_root":6.12,"disk_read_sec":14509,"disk_write_sec":199454,"disk_iops_sec":23,"io_wait":0,"open_files":0,"os_bytes_in_sec":77032,"os_bytes_out_sec":2103,"total_procs":461},"count":1},{"date":1637695500,"epoch_div":27294925,"totals":{"load_avg":2.701171875,"cpu_usage":100,"mem_used":8509657088,"mem_free":6365507584,"tcp_conns":76,"disk_usage_root":6.12,"disk_read_sec":872918,"disk_write_sec":203457,"disk_iops_sec":72,"io_wait":0,"open_files":0,"os_bytes_in_sec":93524,"os_bytes_out_sec":2893,"total_procs":462},"count":1},{"date":1637695560,"epoch_div":27294926,"totals":{"load_avg":2.85546875,"cpu_usage":100,"mem_used":8519507968,"mem_free":6361567232,"tcp_conns":76,"disk_usage_root":6.12,"disk_read_sec":124518,"disk_write_sec":390963,"disk_iops_sec":83,"io_wait":0,"open_files":0,"os_bytes_in_sec":70159,"os_bytes_out_sec":1853,"total_procs":462},"count":1},{"date":1637695620,"epoch_div":27294927,"totals":{"load_avg":2.7939453125,"cpu_usage":100,"mem_used":8550146048,"mem_free":6345281536,"tcp_conns":77,"disk_usage_root":6.12,"disk_read_sec":325017,"disk_write_sec":1018060,"disk_iops_sec":49,"io_wait":0,"open_files":0,"os_bytes_in_sec":81284,"os_bytes_out_sec":3744,"total_procs":463},"count":1},{"date":1637695680,"epoch_div":27294928,"totals":{"load_avg":2.38671875,"cpu_usage":100,"mem_used":8557404160,"mem_free":6344613888,"tcp_conns":77,"disk_usage_root":6.12,"disk_read_sec":42626,"disk_write_sec":190915,"disk_iops_sec":24,"io_wait":0,"open_files":0,"os_bytes_in_sec":70386,"os_bytes_out_sec":2438,"total_procs":462},"count":1},{"date":1637695740,"epoch_div":27294929,"totals":{"load_avg":3.22802734375,"cpu_usage":100,"mem_used":8554491904,"mem_free":6348562432,"tcp_conns":75,"disk_usage_root":6.12,"disk_read_sec":11347,"disk_write_sec":175322,"disk_iops_sec":21,"io_wait":0,"open_files":0,"os_bytes_in_sec":70771,"os_bytes_out_sec":1980,"total_procs":462},"count":1},{"date":1637695800,"epoch_div":27294930,"totals":{"load_avg":3.60400390625,"cpu_usage":100,"mem_used":8569815040,"mem_free":6344867840,"tcp_conns":75,"disk_usage_root":6.12,"disk_read_sec":130116,"disk_write_sec":431718,"disk_iops_sec":79,"io_wait":0,"open_files":0,"os_bytes_in_sec":99368,"os_bytes_out_sec":2692,"total_procs":462},"count":1},{"date":1637695860,"epoch_div":27294931,"totals":{"load_avg":3.06982421875,"cpu_usage":100,"mem_used":8569929728,"mem_free":6348992512,"tcp_conns":76,"disk_usage_root":6.12,"disk_read_sec":49493,"disk_write_sec":228898,"disk_iops_sec":27,"io_wait":0,"open_files":0,"os_bytes_in_sec":108341,"os_bytes_out_sec":2638,"total_procs":462},"count":1},{"date":1637695920,"epoch_div":27294932,"totals":{"load_avg":2.8916015625,"cpu_usage":100,"mem_used":8559484928,"mem_free":6352486400,"tcp_conns":75,"disk_usage_root":6.12,"disk_read_sec":78301,"disk_write_sec":333482,"disk_iops_sec":49,"io_wait":0,"open_files":0,"os_bytes_in_sec":111139,"os_bytes_out_sec":2886,"total_procs":462},"count":1},{"date":1637695980,"epoch_div":27294933,"totals":{"load_avg":2.84130859375,"cpu_usage":100,"mem_used":8507568128,"mem_free":6356692992,"tcp_conns":76,"disk_usage_root":6.12,"disk_read_sec":1601604,"disk_write_sec":280644,"disk_iops_sec":88,"io_wait":0,"open_files":0,"os_bytes_in_sec":130454,"os_bytes_out_sec":3438,"total_procs":463},"count":1},{"date":1637696040,"epoch_div":27294934,"totals":{"load_avg":2.75439453125,"cpu_usage":100,"mem_used":8515833856,"mem_free":6354100224,"tcp_conns":77,"disk_usage_root":6.12,"disk_read_sec":53179,"disk_write_sec":463394,"disk_iops_sec":20,"io_wait":0,"open_files":0,"os_bytes_in_sec":55274,"os_bytes_out_sec":2339,"total_procs":462},"count":1},{"date":1637696100,"epoch_div":27294935,"totals":{"load_avg":2.87646484375,"cpu_usage":100,"mem_used":8499699712,"mem_free":6353555456,"tcp_conns":76,"disk_usage_root":6.12,"disk_read_sec":1883067,"disk_write_sec":166434,"disk_iops_sec":109,"io_wait":0,"open_files":0,"os_bytes_in_sec":56746,"os_bytes_out_sec":2277,"total_procs":462},"count":1},{"date":1637696160,"epoch_div":27294936,"totals":{"load_avg":2.71484375,"cpu_usage":100,"mem_used":8508878848,"mem_free":6355423232,"tcp_conns":76,"disk_usage_root":6.12,"disk_read_sec":104584,"disk_write_sec":244053,"disk_iops_sec":49,"io_wait":0,"open_files":0,"os_bytes_in_sec":66382,"os_bytes_out_sec":2062,"total_procs":461},"count":1},{"date":1637696220,"epoch_div":27294937,"totals":{"load_avg":2.97607421875,"cpu_usage":100,"mem_used":8509304832,"mem_free":6354980864,"tcp_conns":76,"disk_usage_root":6.12,"disk_read_sec":1606382,"disk_write_sec":240298,"disk_iops_sec":107,"io_wait":0,"open_files":0,"os_bytes_in_sec":96751,"os_bytes_out_sec":2430,"total_procs":463},"count":1},{"date":1637696280,"epoch_div":27294938,"totals":{"load_avg":2.998046875,"cpu_usage":100,"mem_used":8555229184,"mem_free":6354989056,"tcp_conns":77,"disk_usage_root":6.12,"disk_read_sec":130867,"disk_write_sec":509405,"disk_iops_sec":28,"io_wait":0,"open_files":0,"os_bytes_in_sec":79448,"os_bytes_out_sec":2785,"total_procs":468},"count":1},{"date":1637696340,"epoch_div":27294939,"totals":{"load_avg":3.265625,"cpu_usage":100,"mem_used":8551428096,"mem_free":6354702336,"tcp_conns":75,"disk_usage_root":6.12,"disk_read_sec":42417,"disk_write_sec":234582,"disk_iops_sec":26,"io_wait":0,"open_files":0,"os_bytes_in_sec":97300,"os_bytes_out_sec":2463,"total_procs":462},"count":1},{"date":1637696400,"epoch_div":27294940,"totals":{"load_avg":2.91162109375,"cpu_usage":100,"mem_used":8519897088,"mem_free":6366793728,"tcp_conns":77,"disk_usage_root":6.12,"disk_read_sec":277319,"disk_write_sec":299142,"disk_iops_sec":56,"io_wait":0,"open_files":0,"os_bytes_in_sec":107236,"os_bytes_out_sec":3179,"total_procs":461},"count":1},{"date":1637696460,"epoch_div":27294941,"totals":{"load_avg":3.59228515625,"cpu_usage":100,"mem_used":8544374784,"mem_free":6354190336,"tcp_conns":77,"disk_usage_root":6.12,"disk_read_sec":92091,"disk_write_sec":166434,"disk_iops_sec":28,"io_wait":0,"open_files":0,"os_bytes_in_sec":57964,"os_bytes_out_sec":1881,"total_procs":462},"count":1},{"date":1637696520,"epoch_div":27294942,"totals":{"load_avg":3.60595703125,"cpu_usage":100,"mem_used":8546127872,"mem_free":6356103168,"tcp_conns":77,"disk_usage_root":6.12,"disk_read_sec":35267,"disk_write_sec":211464,"disk_iops_sec":26,"io_wait":0,"open_files":0,"os_bytes_in_sec":74410,"os_bytes_out_sec":2350,"total_procs":462},"count":1},{"date":1637696580,"epoch_div":27294943,"totals":{"load_avg":2.96923828125,"cpu_usage":100,"mem_used":8553816064,"mem_free":6356668416,"tcp_conns":77,"disk_usage_root":6.12,"disk_read_sec":81382,"disk_write_sec":243476,"disk_iops_sec":37,"io_wait":0,"open_files":0,"os_bytes_in_sec":86847,"os_bytes_out_sec":2326,"total_procs":463},"count":1},{"date":1637696640,"epoch_div":27294944,"totals":{"load_avg":2.7626953125,"cpu_usage":100,"mem_used":8565620736,"mem_free":6353874944,"tcp_conns":76,"disk_usage_root":6.12,"disk_read_sec":17817,"disk_write_sec":206984,"disk_iops_sec":22,"io_wait":0,"open_files":0,"os_bytes_in_sec":101525,"os_bytes_out_sec":2759,"total_procs":462},"count":1},{"date":1637696700,"epoch_div":27294945,"totals":{"load_avg":2.95458984375,"cpu_usage":100,"mem_used":8489644032,"mem_free":6357094400,"tcp_conns":76,"disk_usage_root":6.12,"disk_read_sec":1864704,"disk_write_sec":246647,"disk_iops_sec":95,"io_wait":0,"open_files":0,"os_bytes_in_sec":105773,"os_bytes_out_sec":2658,"total_procs":461},"count":1},{"date":1637696760,"epoch_div":27294946,"totals":{"load_avg":2.8037109375,"cpu_usage":100,"mem_used":8501673984,"mem_free":6356348928,"tcp_conns":75,"disk_usage_root":6.12,"disk_read_sec":10413,"disk_write_sec":212853,"disk_iops_sec":25,"io_wait":0,"open_files":0,"os_bytes_in_sec":87261,"os_bytes_out_sec":2478,"total_procs":463},"count":1},{"date":1637696820,"epoch_div":27294947,"totals":{"load_avg":2.85302734375,"cpu_usage":100,"mem_used":8546770944,"mem_free":6380507136,"tcp_conns":76,"disk_usage_root":6.12,"disk_read_sec":46533,"disk_write_sec":199965,"disk_iops_sec":28,"io_wait":0,"open_files":0,"os_bytes_in_sec":75707,"os_bytes_out_sec":1994,"total_procs":462},"count":1},{"date":1637696880,"epoch_div":27294948,"totals":{"load_avg":2.81396484375,"cpu_usage":100,"mem_used":8534274048,"mem_free":6412763136,"tcp_conns":77,"disk_usage_root":6.12,"disk_read_sec":200635,"disk_write_sec":1238220,"disk_iops_sec":60,"io_wait":0,"open_files":0,"os_bytes_in_sec":74678,"os_bytes_out_sec":3371,"total_procs":463},"count":1},{"date":1637696940,"epoch_div":27294949,"totals":{"load_avg":2.5068359375,"cpu_usage":100,"mem_used":8541192192,"mem_free":6447505408,"tcp_conns":76,"disk_usage_root":6.12,"disk_read_sec":416085,"disk_write_sec":1362124,"disk_iops_sec":37,"io_wait":0,"open_files":0,"os_bytes_in_sec":70283,"os_bytes_out_sec":2809,"total_procs":464},"count":1},{"date":1637697000,"epoch_div":27294950,"totals":{"load_avg":2.953125,"cpu_usage":100,"mem_used":8561786880,"mem_free":6433914880,"tcp_conns":76,"disk_usage_root":6.12,"disk_read_sec":51882,"disk_write_sec":235861,"disk_iops_sec":30,"io_wait":0,"open_files":0,"os_bytes_in_sec":106422,"os_bytes_out_sec":2976,"total_procs":462},"count":1},{"date":1637697060,"epoch_div":27294951,"totals":{"load_avg":2.92236328125,"cpu_usage":100,"mem_used":8563855360,"mem_free":6430801920,"tcp_conns":76,"disk_usage_root":6.12,"disk_read_sec":106086,"disk_write_sec":355737,"disk_iops_sec":36,"io_wait":0,"open_files":0,"os_bytes_in_sec":107920,"os_bytes_out_sec":2368,"total_procs":462},"count":1},{"date":1637697120,"epoch_div":27294952,"totals":{"load_avg":2.80517578125,"cpu_usage":100,"mem_used":8562499584,"mem_free":6512349184,"tcp_conns":76,"disk_usage_root":6.12,"disk_read_sec":160229,"disk_write_sec":265198,"disk_iops_sec":37,"io_wait":0,"open_files":0,"os_bytes_in_sec":128005,"os_bytes_out_sec":3413,"total_procs":462},"count":1},{"date":1637697180,"epoch_div":27294953,"totals":{"load_avg":2.3779296875,"cpu_usage":100,"mem_used":8563458048,"mem_free":6428495872,"tcp_conns":77,"disk_usage_root":6.12,"disk_read_sec":49902,"disk_write_sec":302489,"disk_iops_sec":38,"io_wait":0,"open_files":0,"os_bytes_in_sec":153998,"os_bytes_out_sec":3445,"total_procs":462},"count":1},{"date":1637697240,"epoch_div":27294954,"totals":{"load_avg":2.26953125,"cpu_usage":100,"mem_used":8568311808,"mem_free":6426857472,"tcp_conns":76,"disk_usage_root":6.12,"disk_read_sec":122074,"disk_write_sec":310355,"disk_iops_sec":36,"io_wait":0,"open_files":0,"os_bytes_in_sec":152655,"os_bytes_out_sec":3966,"total_procs":461},"count":1},{"date":1637697300,"epoch_div":27294955,"totals":{"load_avg":2.873046875,"cpu_usage":100,"mem_used":8568983552,"mem_free":6431416320,"tcp_conns":77,"disk_usage_root":6.12,"disk_read_sec":147182,"disk_write_sec":866645,"disk_iops_sec":51,"io_wait":0,"open_files":0,"os_bytes_in_sec":77655,"os_bytes_out_sec":2387,"total_procs":463},"count":1},{"date":1637697360,"epoch_div":27294956,"totals":{"load_avg":2.88330078125,"cpu_usage":100,"mem_used":8547897344,"mem_free":6430613504,"tcp_conns":76,"disk_usage_root":6.12,"disk_read_sec":65194,"disk_write_sec":317713,"disk_iops_sec":28,"io_wait":0,"open_files":0,"os_bytes_in_sec":82124,"os_bytes_out_sec":2828,"total_procs":463},"count":1},{"date":1637697420,"epoch_div":27294957,"totals":{"load_avg":2.81591796875,"cpu_usage":100,"mem_used":8558747648,"mem_free":6418292736,"tcp_conns":77,"disk_usage_root":6.12,"disk_read_sec":105403,"disk_write_sec":244394,"disk_iops_sec":35,"io_wait":0,"open_files":0,"os_bytes_in_sec":110430,"os_bytes_out_sec":3232,"total_procs":462},"count":1},{"date":1637697480,"epoch_div":27294958,"totals":{"load_avg":2.837890625,"cpu_usage":100,"mem_used":8566984704,"mem_free":6422368256,"tcp_conns":77,"disk_usage_root":6.12,"disk_read_sec":35908,"disk_write_sec":214903,"disk_iops_sec":30,"io_wait":0,"open_files":0,"os_bytes_in_sec":56141,"os_bytes_out_sec":2356,"total_procs":463},"count":1},{"date":1637697540,"epoch_div":27294959,"totals":{"load_avg":4.16943359375,"cpu_usage":100,"mem_used":8521482240,"mem_free":6441377792,"tcp_conns":75,"disk_usage_root":6.12,"disk_read_sec":415570,"disk_write_sec":699235,"disk_iops_sec":65,"io_wait":0,"open_files":0,"os_bytes_in_sec":93203,"os_bytes_out_sec":2979,"total_procs":463},"count":1}]}