{"type":"list_page","items":[{"date":1636695120,"epoch_div":27278252,"totals":{"load_avg":3.2490234375,"cpu_usage":100,"mem_used":8525717504,"mem_free":6156840960,"tcp_conns":28,"disk_usage_root":6.12,"disk_read_sec":3694,"disk_write_sec":3456,"disk_iops_sec":0,"io_wait":0,"open_files":0,"os_bytes_in_sec":120,"os_bytes_out_sec":25,"total_procs":497},"count":1},{"date":1636695180,"epoch_div":27278253,"totals":{"load_avg":2.833984375,"cpu_usage":100,"mem_used":8494907392,"mem_free":6161080320,"tcp_conns":24,"disk_usage_root":6.12,"disk_read_sec":118029,"disk_write_sec":182595,"disk_iops_sec":51,"io_wait":0,"open_files":0,"os_bytes_in_sec":2450,"os_bytes_out_sec":4829,"total_procs":496},"count":1}]}