{"type":"list_page","items":[{"date":1636567380,"epoch_div":27276123,"totals":{"load_avg":2.99755859375,"cpu_usage":100,"mem_used":8384901120,"mem_free":5725470720,"tcp_conns":34,"disk_usage_root":6.12,"disk_read_sec":193497,"disk_write_sec":30742,"disk_iops_sec":25,"io_wait":0,"open_files":0,"os_bytes_in_sec":5974,"os_bytes_out_sec":388,"total_procs":477},"count":1},{"date":1636570620,"epoch_div":27276177,"totals":{"load_avg":3.39599609375,"cpu_usage":100,"mem_used":8521830400,"mem_free":5707231232,"tcp_conns":22,"disk_usage_root":6.12,"disk_read_sec":12096,"disk_write_sec":7466,"disk_iops_sec":1,"io_wait":0,"open_files":0,"os_bytes_in_sec":121,"os_bytes_out_sec":44,"total_procs":479},"count":1}]}