{"type":"list_page","items":[{"date":1637464500,"epoch_div":27291075,"totals":{"load_avg":2.01611328125,"cpu_usage":100,"mem_used":5662298112,"mem_free":7233892352,"tcp_conns":72,"disk_usage_root":6.12,"disk_read_sec":47846,"disk_write_sec":7589,"disk_iops_sec":1,"io_wait":0,"open_files":0,"os_bytes_in_sec":86,"os_bytes_out_sec":50,"total_procs":430},"count":1},{"date":1637466480,"epoch_div":27291108,"totals":{"load_avg":1.70556640625,"cpu_usage":100,"mem_used":3581214720,"mem_free":8056070144,"tcp_conns":76,"disk_usage_root":6.12,"disk_read_sec":431874,"disk_write_sec":839538,"disk_iops_sec":11,"io_wait":0,"open_files":0,"os_bytes_in_sec":98,"os_bytes_out_sec":39,"total_procs":427},"count":1}]}