{"type":"list_page","items":[{"date":1637613060,"epoch_div":27293551,"totals":{"load_avg":2.28125,"cpu_usage":100,"mem_used":8554340352,"mem_free":6062051328,"tcp_conns":82,"disk_usage_root":6.12,"disk_read_sec":49506,"disk_write_sec":18231,"disk_iops_sec":0,"io_wait":0,"open_files":0,"os_bytes_in_sec":1416,"os_bytes_out_sec":55,"total_procs":431},"count":1},{"date":1637614020,"epoch_div":27293567,"totals":{"load_avg":2.06982421875,"cpu_usage":100,"mem_used":8538791936,"mem_free":6004383744,"tcp_conns":73,"disk_usage_root":6.12,"disk_read_sec":17145,"disk_write_sec":8433,"disk_iops_sec":1,"io_wait":0,"open_files":0,"os_bytes_in_sec":69,"os_bytes_out_sec":84,"total_procs":430},"count":1},{"date":1637614080,"epoch_div":27293568,"totals":{"load_avg":1.41650390625,"cpu_usage":100,"mem_used":8525258752,"mem_free":6012067840,"tcp_conns":69,"disk_usage_root":6.12,"disk_read_sec":64054,"disk_write_sec":171160,"disk_iops_sec":24,"io_wait":0,"open_files":0,"os_bytes_in_sec":510,"os_bytes_out_sec":672,"total_procs":429},"count":1}]}