{"type":"list_page","items":[{"date":1636659300,"epoch_div":27277655,"totals":{"load_avg":1.31396484375,"cpu_usage":100,"mem_used":8458358784,"mem_free":5784702976,"tcp_conns":21,"disk_usage_root":6.12,"disk_read_sec":330,"disk_write_sec":1919,"disk_iops_sec":0,"io_wait":0,"open_files":0,"os_bytes_in_sec":155,"os_bytes_out_sec":25,"total_procs":475},"count":1},{"date":1636659360,"epoch_div":27277656,"totals":{"load_avg":1.6630859375,"cpu_usage":100,"mem_used":8439631872,"mem_free":5788192768,"tcp_conns":16,"disk_usage_root":6.12,"disk_read_sec":19516,"disk_write_sec":198776,"disk_iops_sec":41,"io_wait":0,"open_files":0,"os_bytes_in_sec":757,"os_bytes_out_sec":1374,"total_procs":476},"count":1}]}