{"type":"list_page","items":[{"date":1638061200,"epoch_div":27301020,"totals":{"load_avg":3.10986328125,"cpu_usage":100,"mem_used":8565387264,"mem_free":6419226624,"tcp_conns":103,"disk_usage_root":6.12,"disk_read_sec":103944,"disk_write_sec":191034,"disk_iops_sec":34,"io_wait":0,"open_files":0,"os_bytes_in_sec":53568,"os_bytes_out_sec":1510,"total_procs":484},"count":1},{"date":1638061260,"epoch_div":27301021,"totals":{"load_avg":3.32373046875,"cpu_usage":100,"mem_used":8566247424,"mem_free":6411722752,"tcp_conns":101,"disk_usage_root":6.12,"disk_read_sec":601140,"disk_write_sec":200009,"disk_iops_sec":37,"io_wait":0,"open_files":0,"os_bytes_in_sec":59645,"os_bytes_out_sec":2157,"total_procs":485},"count":1},{"date":1638061320,"epoch_div":27301022,"totals":{"load_avg":3.05224609375,"cpu_usage":100,"mem_used":8569909248,"mem_free":6412750848,"tcp_conns":93,"disk_usage_root":6.12,"disk_read_sec":125747,"disk_write_sec":238114,"disk_iops_sec":35,"io_wait":0,"open_files":0,"os_bytes_in_sec":64518,"os_bytes_out_sec":2272,"total_procs":484},"count":1},{"date":1638061380,"epoch_div":27301023,"totals":{"load_avg":2.7568359375,"cpu_usage":100,"mem_used":8567939072,"mem_free":6410657792,"tcp_conns":91,"disk_usage_root":6.12,"disk_read_sec":117828,"disk_write_sec":168277,"disk_iops_sec":22,"io_wait":0,"open_files":0,"os_bytes_in_sec":55149,"os_bytes_out_sec":2300,"total_procs":483},"count":1},{"date":1638061440,"epoch_div":27301024,"totals":{"load_avg":3.65478515625,"cpu_usage":100,"mem_used":8557735936,"mem_free":6408069120,"tcp_conns":88,"disk_usage_root":6.12,"disk_read_sec":60142,"disk_write_sec":176059,"disk_iops_sec":23,"io_wait":0,"open_files":0,"os_bytes_in_sec":50887,"os_bytes_out_sec":1481,"total_procs":485},"count":1},{"date":1638061500,"epoch_div":27301025,"totals":{"load_avg":2.6416015625,"cpu_usage":100,"mem_used":8568782848,"mem_free":6410027008,"tcp_conns":89,"disk_usage_root":6.12,"disk_read_sec":242961,"disk_write_sec":298393,"disk_iops_sec":48,"io_wait":0,"open_files":0,"os_bytes_in_sec":60014,"os_bytes_out_sec":1841,"total_procs":486},"count":1},{"date":1638061560,"epoch_div":27301026,"totals":{"load_avg":2.91748046875,"cpu_usage":100,"mem_used":8558518272,"mem_free":6421925888,"tcp_conns":86,"disk_usage_root":6.12,"disk_read_sec":541422,"disk_write_sec":188484,"disk_iops_sec":59,"io_wait":0,"open_files":0,"os_bytes_in_sec":56133,"os_bytes_out_sec":1327,"total_procs":484},"count":1},{"date":1638061620,"epoch_div":27301027,"totals":{"load_avg":2.8017578125,"cpu_usage":100,"mem_used":8506200064,"mem_free":6485819392,"tcp_conns":87,"disk_usage_root":6.12,"disk_read_sec":732501,"disk_write_sec":206506,"disk_iops_sec":64,"io_wait":0,"open_files":0,"os_bytes_in_sec":66329,"os_bytes_out_sec":1722,"total_procs":485},"count":1},{"date":1638061680,"epoch_div":27301028,"totals":{"load_avg":2.71044921875,"cpu_usage":100,"mem_used":8522964992,"mem_free":6476533760,"tcp_conns":87,"disk_usage_root":6.12,"disk_read_sec":33655,"disk_write_sec":162884,"disk_iops_sec":21,"io_wait":0,"open_files":0,"os_bytes_in_sec":50606,"os_bytes_out_sec":1262,"total_procs":488},"count":1},{"date":1638061740,"epoch_div":27301029,"totals":{"load_avg":2.33447265625,"cpu_usage":100,"mem_used":8559046656,"mem_free":6465798144,"tcp_conns":85,"disk_usage_root":6.12,"disk_read_sec":265762,"disk_write_sec":181657,"disk_iops_sec":23,"io_wait":0,"open_files":0,"os_bytes_in_sec":60946,"os_bytes_out_sec":2299,"total_procs":483},"count":1},{"date":1638061800,"epoch_div":27301030,"totals":{"load_avg":3.06396484375,"cpu_usage":100,"mem_used":8567721984,"mem_free":6462234624,"tcp_conns":90,"disk_usage_root":6.12,"disk_read_sec":553915,"disk_write_sec":254566,"disk_iops_sec":74,"io_wait":0,"open_files":0,"os_bytes_in_sec":67191,"os_bytes_out_sec":3268,"total_procs":484},"count":1},{"date":1638061860,"epoch_div":27301031,"totals":{"load_avg":3.01416015625,"cpu_usage":100,"mem_used":8534564864,"mem_free":6543073280,"tcp_conns":89,"disk_usage_root":6.12,"disk_read_sec":1376324,"disk_write_sec":1858082,"disk_iops_sec":54,"io_wait":0,"open_files":0,"os_bytes_in_sec":50317,"os_bytes_out_sec":1794,"total_procs":486},"count":1},{"date":1638061920,"epoch_div":27301032,"totals":{"load_avg":3.275390625,"cpu_usage":100,"mem_used":8559747072,"mem_free":6540541952,"tcp_conns":88,"disk_usage_root":6.12,"disk_read_sec":156740,"disk_write_sec":197495,"disk_iops_sec":50,"io_wait":0,"open_files":0,"os_bytes_in_sec":60199,"os_bytes_out_sec":1531,"total_procs":484},"count":1},{"date":1638061980,"epoch_div":27301033,"totals":{"load_avg":2.908203125,"cpu_usage":100,"mem_used":8565186560,"mem_free":6542606336,"tcp_conns":85,"disk_usage_root":6.12,"disk_read_sec":159539,"disk_write_sec":763153,"disk_iops_sec":35,"io_wait":0,"open_files":0,"os_bytes_in_sec":62601,"os_bytes_out_sec":1942,"total_procs":484},"count":1},{"date":1638062040,"epoch_div":27301034,"totals":{"load_avg":2.73291015625,"cpu_usage":100,"mem_used":8570146816,"mem_free":6539337728,"tcp_conns":85,"disk_usage_root":6.12,"disk_read_sec":91500,"disk_write_sec":221392,"disk_iops_sec":32,"io_wait":0,"open_files":0,"os_bytes_in_sec":68204,"os_bytes_out_sec":2194,"total_procs":483},"count":1},{"date":1638062100,"epoch_div":27301035,"totals":{"load_avg":3.7353515625,"cpu_usage":100,"mem_used":8561418240,"mem_free":6542389248,"tcp_conns":87,"disk_usage_root":6.12,"disk_read_sec":182708,"disk_write_sec":183984,"disk_iops_sec":47,"io_wait":0,"open_files":0,"os_bytes_in_sec":44905,"os_bytes_out_sec":1574,"total_procs":485},"count":1},{"date":1638062160,"epoch_div":27301036,"totals":{"load_avg":3.0263671875,"cpu_usage":100,"mem_used":8562843648,"mem_free":6542487552,"tcp_conns":86,"disk_usage_root":6.12,"disk_read_sec":112093,"disk_write_sec":225621,"disk_iops_sec":45,"io_wait":0,"open_files":0,"os_bytes_in_sec":65456,"os_bytes_out_sec":1524,"total_procs":483},"count":1},{"date":1638062220,"epoch_div":27301037,"totals":{"load_avg":3.66455078125,"cpu_usage":100,"mem_used":8494051328,"mem_free":6620213248,"tcp_conns":86,"disk_usage_root":6.12,"disk_read_sec":1176917,"disk_write_sec":171076,"disk_iops_sec":58,"io_wait":0,"open_files":0,"os_bytes_in_sec":58602,"os_bytes_out_sec":2183,"total_procs":484},"count":1},{"date":1638062280,"epoch_div":27301038,"totals":{"load_avg":2.74072265625,"cpu_usage":100,"mem_used":8516435968,"mem_free":6606712832,"tcp_conns":86,"disk_usage_root":6.12,"disk_read_sec":169642,"disk_write_sec":185753,"disk_iops_sec":43,"io_wait":0,"open_files":0,"os_bytes_in_sec":61697,"os_bytes_out_sec":1376,"total_procs":484},"count":1},{"date":1638062340,"epoch_div":27301039,"totals":{"load_avg":3.64501953125,"cpu_usage":100,"mem_used":8518238208,"mem_free":6605344768,"tcp_conns":84,"disk_usage_root":6.12,"disk_read_sec":33041,"disk_write_sec":179268,"disk_iops_sec":21,"io_wait":0,"open_files":0,"os_bytes_in_sec":61560,"os_bytes_out_sec":1620,"total_procs":484},"count":1},{"date":1638062400,"epoch_div":27301040,"totals":{"load_avg":3.02880859375,"cpu_usage":100,"mem_used":8558747648,"mem_free":6632198144,"tcp_conns":92,"disk_usage_root":6.12,"disk_read_sec":250265,"disk_write_sec":905898,"disk_iops_sec":47,"io_wait":0,"open_files":0,"os_bytes_in_sec":47316,"os_bytes_out_sec":4598,"total_procs":485},"count":1},{"date":1638062460,"epoch_div":27301041,"totals":{"load_avg":2.443359375,"cpu_usage":100,"mem_used":8568328192,"mem_free":6605053952,"tcp_conns":90,"disk_usage_root":6.12,"disk_read_sec":280166,"disk_write_sec":318259,"disk_iops_sec":73,"io_wait":0,"open_files":0,"os_bytes_in_sec":48453,"os_bytes_out_sec":1996,"total_procs":485},"count":1},{"date":1638062520,"epoch_div":27301042,"totals":{"load_avg":2.857421875,"cpu_usage":100,"mem_used":8564539392,"mem_free":6605676544,"tcp_conns":87,"disk_usage_root":6.12,"disk_read_sec":86562,"disk_write_sec":180428,"disk_iops_sec":26,"io_wait":0,"open_files":0,"os_bytes_in_sec":52631,"os_bytes_out_sec":2375,"total_procs":483},"count":1},{"date":1638062580,"epoch_div":27301043,"totals":{"load_avg":2.669921875,"cpu_usage":100,"mem_used":8571351040,"mem_free":6604537856,"tcp_conns":86,"disk_usage_root":6.12,"disk_read_sec":75298,"disk_write_sec":176264,"disk_iops_sec":25,"io_wait":0,"open_files":0,"os_bytes_in_sec":52626,"os_bytes_out_sec":1320,"total_procs":484},"count":1},{"date":1638062640,"epoch_div":27301044,"totals":{"load_avg":2.5673828125,"cpu_usage":100,"mem_used":8491433984,"mem_free":6615617536,"tcp_conns":86,"disk_usage_root":6.12,"disk_read_sec":1443976,"disk_write_sec":192580,"disk_iops_sec":85,"io_wait":0,"open_files":0,"os_bytes_in_sec":53146,"os_bytes_out_sec":2015,"total_procs":487},"count":1},{"date":1638062700,"epoch_div":27301045,"totals":{"load_avg":2.68994140625,"cpu_usage":100,"mem_used":8561729536,"mem_free":6593204224,"tcp_conns":90,"disk_usage_root":6.12,"disk_read_sec":150391,"disk_write_sec":368025,"disk_iops_sec":38,"io_wait":0,"open_files":0,"os_bytes_in_sec":51721,"os_bytes_out_sec":2008,"total_procs":487},"count":1},{"date":1638062760,"epoch_div":27301046,"totals":{"load_avg":3.083984375,"cpu_usage":100,"mem_used":8568217600,"mem_free":6594531328,"tcp_conns":87,"disk_usage_root":6.12,"disk_read_sec":189166,"disk_write_sec":359560,"disk_iops_sec":33,"io_wait":0,"open_files":0,"os_bytes_in_sec":47716,"os_bytes_out_sec":1622,"total_procs":484},"count":1},{"date":1638062820,"epoch_div":27301047,"totals":{"load_avg":2.7763671875,"cpu_usage":100,"mem_used":8497950720,"mem_free":6653861888,"tcp_conns":86,"disk_usage_root":6.12,"disk_read_sec":384887,"disk_write_sec":215586,"disk_iops_sec":67,"io_wait":0,"open_files":0,"os_bytes_in_sec":56274,"os_bytes_out_sec":1860,"total_procs":483},"count":1},{"date":1638062880,"epoch_div":27301048,"totals":{"load_avg":2.900390625,"cpu_usage":100,"mem_used":8568406016,"mem_free":6629179392,"tcp_conns":85,"disk_usage_root":6.12,"disk_read_sec":151552,"disk_write_sec":488857,"disk_iops_sec":31,"io_wait":0,"open_files":0,"os_bytes_in_sec":48949,"os_bytes_out_sec":1333,"total_procs":485},"count":1},{"date":1638062940,"epoch_div":27301049,"totals":{"load_avg":3.0595703125,"cpu_usage":100,"mem_used":8569737216,"mem_free":6633267200,"tcp_conns":85,"disk_usage_root":6.12,"disk_read_sec":184580,"disk_write_sec":158443,"disk_iops_sec":47,"io_wait":0,"open_files":0,"os_bytes_in_sec":50749,"os_bytes_out_sec":1716,"total_procs":484},"count":1},{"date":1638063000,"epoch_div":27301050,"totals":{"load_avg":3.30517578125,"cpu_usage":100,"mem_used":8561561600,"mem_free":6636724224,"tcp_conns":86,"disk_usage_root":6.12,"disk_read_sec":111166,"disk_write_sec":177780,"disk_iops_sec":31,"io_wait":0,"open_files":0,"os_bytes_in_sec":50125,"os_bytes_out_sec":1366,"total_procs":484},"count":1},{"date":1638063060,"epoch_div":27301051,"totals":{"load_avg":3.380859375,"cpu_usage":100,"mem_used":8558682112,"mem_free":6638170112,"tcp_conns":86,"disk_usage_root":6.12,"disk_read_sec":123699,"disk_write_sec":205960,"disk_iops_sec":30,"io_wait":0,"open_files":0,"os_bytes_in_sec":65728,"os_bytes_out_sec":2028,"total_procs":484},"count":1},{"date":1638063120,"epoch_div":27301052,"totals":{"load_avg":2.9560546875,"cpu_usage":100,"mem_used":8554516480,"mem_free":6631194624,"tcp_conns":84,"disk_usage_root":6.12,"disk_read_sec":135515,"disk_write_sec":195774,"disk_iops_sec":38,"io_wait":0,"open_files":0,"os_bytes_in_sec":47444,"os_bytes_out_sec":1405,"total_procs":483},"count":1},{"date":1638063180,"epoch_div":27301053,"totals":{"load_avg":2.546875,"cpu_usage":100,"mem_used":8559480832,"mem_free":6665273344,"tcp_conns":87,"disk_usage_root":6.12,"disk_read_sec":4954481,"disk_write_sec":958799,"disk_iops_sec":857,"io_wait":0,"open_files":0,"os_bytes_in_sec":49135,"os_bytes_out_sec":2402,"total_procs":486},"count":1},{"date":1638063240,"epoch_div":27301054,"totals":{"load_avg":3.24609375,"cpu_usage":100,"mem_used":8570310656,"mem_free":6665920512,"tcp_conns":85,"disk_usage_root":6.12,"disk_read_sec":79940,"disk_write_sec":198519,"disk_iops_sec":38,"io_wait":0,"open_files":0,"os_bytes_in_sec":54268,"os_bytes_out_sec":1406,"total_procs":487},"count":1},{"date":1638063300,"epoch_div":27301055,"totals":{"load_avg":3.42333984375,"cpu_usage":100,"mem_used":8570507264,"mem_free":6662594560,"tcp_conns":84,"disk_usage_root":6.12,"disk_read_sec":142677,"disk_write_sec":185548,"disk_iops_sec":44,"io_wait":0,"open_files":0,"os_bytes_in_sec":51307,"os_bytes_out_sec":1500,"total_procs":485},"count":1},{"date":1638063360,"epoch_div":27301056,"totals":{"load_avg":3.89990234375,"cpu_usage":100,"mem_used":8568295424,"mem_free":6663958528,"tcp_conns":84,"disk_usage_root":6.12,"disk_read_sec":71680,"disk_write_sec":175854,"disk_iops_sec":26,"io_wait":0,"open_files":0,"os_bytes_in_sec":50976,"os_bytes_out_sec":1464,"total_procs":484},"count":1},{"date":1638063420,"epoch_div":27301057,"totals":{"load_avg":3.21826171875,"cpu_usage":100,"mem_used":8503611392,"mem_free":6700216320,"tcp_conns":85,"disk_usage_root":6.12,"disk_read_sec":423831,"disk_write_sec":170712,"disk_iops_sec":63,"io_wait":0,"open_files":0,"os_bytes_in_sec":53186,"os_bytes_out_sec":1551,"total_procs":484},"count":1},{"date":1638063480,"epoch_div":27301058,"totals":{"load_avg":3.52490234375,"cpu_usage":100,"mem_used":8515403776,"mem_free":6693928960,"tcp_conns":85,"disk_usage_root":6.12,"disk_read_sec":68960,"disk_write_sec":191639,"disk_iops_sec":34,"io_wait":0,"open_files":0,"os_bytes_in_sec":54541,"os_bytes_out_sec":1520,"total_procs":484},"count":1},{"date":1638063540,"epoch_div":27301059,"totals":{"load_avg":3.0078125,"cpu_usage":100,"mem_used":8519753728,"mem_free":6689497088,"tcp_conns":84,"disk_usage_root":6.12,"disk_read_sec":44441,"disk_write_sec":199884,"disk_iops_sec":24,"io_wait":0,"open_files":0,"os_bytes_in_sec":55680,"os_bytes_out_sec":1798,"total_procs":484},"count":1},{"date":1638063600,"epoch_div":27301060,"totals":{"load_avg":2.771484375,"cpu_usage":100,"mem_used":8523567104,"mem_free":6685790208,"tcp_conns":85,"disk_usage_root":6.12,"disk_read_sec":35908,"disk_write_sec":163908,"disk_iops_sec":20,"io_wait":0,"open_files":0,"os_bytes_in_sec":49875,"os_bytes_out_sec":1491,"total_procs":483},"count":1},{"date":1638063660,"epoch_div":27301061,"totals":{"load_avg":2.60009765625,"cpu_usage":100,"mem_used":8532897792,"mem_free":6679453696,"tcp_conns":85,"disk_usage_root":6.12,"disk_read_sec":72478,"disk_write_sec":157591,"disk_iops_sec":20,"io_wait":0,"open_files":0,"os_bytes_in_sec":47281,"os_bytes_out_sec":1349,"total_procs":483},"count":1},{"date":1638063720,"epoch_div":27301062,"totals":{"load_avg":3.248046875,"cpu_usage":100,"mem_used":8520118272,"mem_free":6680756224,"tcp_conns":87,"disk_usage_root":6.12,"disk_read_sec":49420,"disk_write_sec":231994,"disk_iops_sec":31,"io_wait":0,"open_files":0,"os_bytes_in_sec":59332,"os_bytes_out_sec":4552,"total_procs":485},"count":1},{"date":1638063780,"epoch_div":27301063,"totals":{"load_avg":2.80810546875,"cpu_usage":100,"mem_used":8523468800,"mem_free":6678806528,"tcp_conns":92,"disk_usage_root":6.12,"disk_read_sec":47172,"disk_write_sec":168004,"disk_iops_sec":21,"io_wait":0,"open_files":0,"os_bytes_in_sec":50333,"os_bytes_out_sec":1840,"total_procs":483},"count":1},{"date":1638063840,"epoch_div":27301064,"totals":{"load_avg":2.7568359375,"cpu_usage":100,"mem_used":8528912384,"mem_free":6673977344,"tcp_conns":91,"disk_usage_root":6.12,"disk_read_sec":77277,"disk_write_sec":243712,"disk_iops_sec":31,"io_wait":0,"open_files":0,"os_bytes_in_sec":68481,"os_bytes_out_sec":2233,"total_procs":484},"count":1},{"date":1638063900,"epoch_div":27301065,"totals":{"load_avg":3.37109375,"cpu_usage":100,"mem_used":8562880512,"mem_free":6677995520,"tcp_conns":89,"disk_usage_root":6.12,"disk_read_sec":77550,"disk_write_sec":850670,"disk_iops_sec":33,"io_wait":0,"open_files":0,"os_bytes_in_sec":62070,"os_bytes_out_sec":2621,"total_procs":487},"count":1},{"date":1638063960,"epoch_div":27301066,"totals":{"load_avg":2.7333984375,"cpu_usage":100,"mem_used":8563011584,"mem_free":6674722816,"tcp_conns":88,"disk_usage_root":6.12,"disk_read_sec":213130,"disk_write_sec":163215,"disk_iops_sec":51,"io_wait":0,"open_files":0,"os_bytes_in_sec":52454,"os_bytes_out_sec":1391,"total_procs":484},"count":1},{"date":1638064020,"epoch_div":27301067,"totals":{"load_avg":3.2490234375,"cpu_usage":100,"mem_used":8500617216,"mem_free":6712471552,"tcp_conns":87,"disk_usage_root":6.12,"disk_read_sec":346279,"disk_write_sec":186334,"disk_iops_sec":55,"io_wait":0,"open_files":0,"os_bytes_in_sec":61048,"os_bytes_out_sec":1566,"total_procs":483},"count":1},{"date":1638064080,"epoch_div":27301068,"totals":{"load_avg":3.869140625,"cpu_usage":100,"mem_used":8497762304,"mem_free":6711595008,"tcp_conns":87,"disk_usage_root":6.12,"disk_read_sec":99259,"disk_write_sec":186094,"disk_iops_sec":36,"io_wait":0,"open_files":0,"os_bytes_in_sec":55627,"os_bytes_out_sec":1483,"total_procs":483},"count":1},{"date":1638064140,"epoch_div":27301069,"totals":{"load_avg":2.7734375,"cpu_usage":100,"mem_used":8503160832,"mem_free":6706978816,"tcp_conns":85,"disk_usage_root":6.12,"disk_read_sec":52224,"disk_write_sec":242346,"disk_iops_sec":35,"io_wait":0,"open_files":0,"os_bytes_in_sec":56843,"os_bytes_out_sec":1964,"total_procs":483},"count":1},{"date":1638064200,"epoch_div":27301070,"totals":{"load_avg":2.98974609375,"cpu_usage":100,"mem_used":8523145216,"mem_free":6686756864,"tcp_conns":87,"disk_usage_root":6.12,"disk_read_sec":28255,"disk_write_sec":715411,"disk_iops_sec":25,"io_wait":0,"open_files":0,"os_bytes_in_sec":67434,"os_bytes_out_sec":1964,"total_procs":485},"count":1},{"date":1638064260,"epoch_div":27301071,"totals":{"load_avg":3.63671875,"cpu_usage":100,"mem_used":8525889536,"mem_free":6687883264,"tcp_conns":86,"disk_usage_root":6.12,"disk_read_sec":66677,"disk_write_sec":532748,"disk_iops_sec":29,"io_wait":0,"open_files":0,"os_bytes_in_sec":53756,"os_bytes_out_sec":1438,"total_procs":485},"count":1},{"date":1638064320,"epoch_div":27301072,"totals":{"load_avg":3.544921875,"cpu_usage":100,"mem_used":8532197376,"mem_free":6688120832,"tcp_conns":90,"disk_usage_root":6.12,"disk_read_sec":47240,"disk_write_sec":790937,"disk_iops_sec":28,"io_wait":0,"open_files":0,"os_bytes_in_sec":57658,"os_bytes_out_sec":3252,"total_procs":485},"count":1},{"date":1638064380,"epoch_div":27301073,"totals":{"load_avg":3.09326171875,"cpu_usage":100,"mem_used":8554860544,"mem_free":6685839360,"tcp_conns":91,"disk_usage_root":6.12,"disk_read_sec":189166,"disk_write_sec":1092061,"disk_iops_sec":50,"io_wait":0,"open_files":0,"os_bytes_in_sec":79833,"os_bytes_out_sec":3065,"total_procs":484},"count":1},{"date":1638064440,"epoch_div":27301074,"totals":{"load_avg":2.84521484375,"cpu_usage":100,"mem_used":8555511808,"mem_free":6689181696,"tcp_conns":89,"disk_usage_root":6.12,"disk_read_sec":84002,"disk_write_sec":487076,"disk_iops_sec":43,"io_wait":0,"open_files":0,"os_bytes_in_sec":48324,"os_bytes_out_sec":1492,"total_procs":484},"count":1},{"date":1638064500,"epoch_div":27301075,"totals":{"load_avg":2.43603515625,"cpu_usage":100,"mem_used":8552792064,"mem_free":6696472576,"tcp_conns":88,"disk_usage_root":6.12,"disk_read_sec":102198,"disk_write_sec":1474828,"disk_iops_sec":38,"io_wait":0,"open_files":0,"os_bytes_in_sec":55512,"os_bytes_out_sec":1877,"total_procs":485},"count":1},{"date":1638064560,"epoch_div":27301076,"totals":{"load_avg":2.263671875,"cpu_usage":100,"mem_used":8569278464,"mem_free":6690291712,"tcp_conns":86,"disk_usage_root":6.12,"disk_read_sec":224597,"disk_write_sec":217975,"disk_iops_sec":45,"io_wait":0,"open_files":0,"os_bytes_in_sec":62348,"os_bytes_out_sec":1754,"total_procs":483},"count":1},{"date":1638064620,"epoch_div":27301077,"totals":{"load_avg":3.45556640625,"cpu_usage":100,"mem_used":8520994816,"mem_free":6730067968,"tcp_conns":87,"disk_usage_root":6.12,"disk_read_sec":487560,"disk_write_sec":228693,"disk_iops_sec":92,"io_wait":0,"open_files":0,"os_bytes_in_sec":63562,"os_bytes_out_sec":2153,"total_procs":486},"count":1},{"date":1638064680,"epoch_div":27301078,"totals":{"load_avg":3.251953125,"cpu_usage":100,"mem_used":8568758272,"mem_free":6718017536,"tcp_conns":87,"disk_usage_root":6.12,"disk_read_sec":103788,"disk_write_sec":759217,"disk_iops_sec":83,"io_wait":0,"open_files":0,"os_bytes_in_sec":48495,"os_bytes_out_sec":1904,"total_procs":488},"count":1},{"date":1638064740,"epoch_div":27301079,"totals":{"load_avg":2.853515625,"cpu_usage":100,"mem_used":8549175296,"mem_free":6726291456,"tcp_conns":85,"disk_usage_root":6.12,"disk_read_sec":36998,"disk_write_sec":213260,"disk_iops_sec":34,"io_wait":0,"open_files":0,"os_bytes_in_sec":63311,"os_bytes_out_sec":1708,"total_procs":483},"count":1}]}