{"type":"list_page","items":[{"groups":{"main":{"totals":{"load_avg":2.3564453125,"cpu_usage":100,"mem_used":8498642944,"mem_free":6360825856,"tcp_conns":21,"disk_usage_root":6.12,"disk_read_sec":750,"disk_write_sec":59528,"disk_iops_sec":11,"io_wait":0,"open_files":0,"os_bytes_in_sec":320,"os_bytes_out_sec":193,"total_procs":494},"count":1}},"date":1636744080,"epoch_div":27279068},{"groups":{"main":{"totals":{"load_avg":2.5888671875,"cpu_usage":100,"mem_used":8496803840,"mem_free":6359265280,"tcp_conns":20,"disk_usage_root":6.12,"disk_read_sec":10171,"disk_write_sec":69085,"disk_iops_sec":14,"io_wait":0,"open_files":0,"os_bytes_in_sec":348,"os_bytes_out_sec":257,"total_procs":494},"count":1}},"date":1636744140,"epoch_div":27279069},{"groups":{"main":{"totals":{"load_avg":2.662109375,"cpu_usage":100,"mem_used":8496857088,"mem_free":6392508416,"tcp_conns":21,"disk_usage_root":6.12,"disk_read_sec":12424,"disk_write_sec":80964,"disk_iops_sec":13,"io_wait":0,"open_files":0,"os_bytes_in_sec":535,"os_bytes_out_sec":360,"total_procs":494},"count":1}},"date":1636744200,"epoch_div":27279070},{"groups":{"main":{"totals":{"load_avg":2.033203125,"cpu_usage":100,"mem_used":8497479680,"mem_free":6352781312,"tcp_conns":21,"disk_usage_root":6.12,"disk_read_sec":75394,"disk_write_sec":59704,"disk_iops_sec":13,"io_wait":0,"open_files":0,"os_bytes_in_sec":412,"os_bytes_out_sec":165,"total_procs":494},"count":1}},"date":1636744260,"epoch_div":27279071},{"groups":{"main":{"totals":{"load_avg":2.83349609375,"cpu_usage":100,"mem_used":8495263744,"mem_free":6357012480,"tcp_conns":21,"disk_usage_root":6.12,"disk_read_sec":0,"disk_write_sec":51502,"disk_iops_sec":9,"io_wait":0,"open_files":0,"os_bytes_in_sec":108,"os_bytes_out_sec":114,"total_procs":493},"count":1}},"date":1636744320,"epoch_div":27279072},{"groups":{"main":{"totals":{"load_avg":1.94091796875,"cpu_usage":100,"mem_used":8498868224,"mem_free":6357716992,"tcp_conns":21,"disk_usage_root":6.12,"disk_read_sec":341,"disk_write_sec":58914,"disk_iops_sec":10,"io_wait":0,"open_files":0,"os_bytes_in_sec":136,"os_bytes_out_sec":105,"total_procs":494},"count":1}},"date":1636744380,"epoch_div":27279073},{"groups":{"main":{"totals":{"load_avg":1.77490234375,"cpu_usage":100,"mem_used":8496164864,"mem_free":6356402176,"tcp_conns":19,"disk_usage_root":6.12,"disk_read_sec":136,"disk_write_sec":51404,"disk_iops_sec":9,"io_wait":0,"open_files":0,"os_bytes_in_sec":395,"os_bytes_out_sec":123,"total_procs":493},"count":1}},"date":1636744440,"epoch_div":27279074},{"groups":{"main":{"totals":{"load_avg":1.775390625,"cpu_usage":100,"mem_used":8499044352,"mem_free":6386851840,"tcp_conns":20,"disk_usage_root":6.12,"disk_read_sec":17134,"disk_write_sec":52974,"disk_iops_sec":10,"io_wait":0,"open_files":0,"os_bytes_in_sec":212,"os_bytes_out_sec":146,"total_procs":494},"count":1}},"date":1636744500,"epoch_div":27279075},{"groups":{"main":{"totals":{"load_avg":2.234375,"cpu_usage":100,"mem_used":8558510080,"mem_free":6323601408,"tcp_conns":20,"disk_usage_root":6.12,"disk_read_sec":264192,"disk_write_sec":73250,"disk_iops_sec":29,"io_wait":0,"open_files":0,"os_bytes_in_sec":106,"os_bytes_out_sec":116,"total_procs":494},"count":1}},"date":1636744560,"epoch_div":27279076},{"groups":{"main":{"totals":{"load_avg":2.3720703125,"cpu_usage":100,"mem_used":8485818368,"mem_free":6364106752,"tcp_conns":20,"disk_usage_root":6.12,"disk_read_sec":27511,"disk_write_sec":53794,"disk_iops_sec":12,"io_wait":0,"open_files":0,"os_bytes_in_sec":147,"os_bytes_out_sec":78,"total_procs":494},"count":1}},"date":1636744620,"epoch_div":27279077},{"groups":{"main":{"totals":{"load_avg":2.00048828125,"cpu_usage":100,"mem_used":8485523456,"mem_free":6364233728,"tcp_conns":21,"disk_usage_root":6.12,"disk_read_sec":5256,"disk_write_sec":61030,"disk_iops_sec":12,"io_wait":0,"open_files":0,"os_bytes_in_sec":412,"os_bytes_out_sec":190,"total_procs":494},"count":1}},"date":1636744680,"epoch_div":27279078},{"groups":{"main":{"totals":{"load_avg":2.07763671875,"cpu_usage":100,"mem_used":8503939072,"mem_free":6352232448,"tcp_conns":22,"disk_usage_root":6.12,"disk_read_sec":133461,"disk_write_sec":81442,"disk_iops_sec":28,"io_wait":0,"open_files":0,"os_bytes_in_sec":966,"os_bytes_out_sec":583,"total_procs":497},"count":1}},"date":1636744740,"epoch_div":27279079},{"groups":{"main":{"totals":{"load_avg":1.99560546875,"cpu_usage":100,"mem_used":8181104640,"mem_free":6546214912,"tcp_conns":23,"disk_usage_root":6.12,"disk_read_sec":406050,"disk_write_sec":1520571,"disk_iops_sec":26,"io_wait":0,"open_files":0,"os_bytes_in_sec":1207,"os_bytes_out_sec":469,"total_procs":499},"count":1}},"date":1636744800,"epoch_div":27279080},{"groups":{"main":{"totals":{"load_avg":2.2978515625,"cpu_usage":100,"mem_used":8173195264,"mem_free":6518337536,"tcp_conns":21,"disk_usage_root":6.12,"disk_read_sec":3549,"disk_write_sec":65945,"disk_iops_sec":12,"io_wait":0,"open_files":0,"os_bytes_in_sec":294,"os_bytes_out_sec":181,"total_procs":494},"count":1}},"date":1636744860,"epoch_div":27279081},{"groups":{"main":{"totals":{"load_avg":1.56689453125,"cpu_usage":100,"mem_used":8174690304,"mem_free":6521839616,"tcp_conns":21,"disk_usage_root":6.12,"disk_read_sec":12902,"disk_write_sec":78438,"disk_iops_sec":12,"io_wait":0,"open_files":0,"os_bytes_in_sec":5291,"os_bytes_out_sec":635,"total_procs":494},"count":1}},"date":1636744920,"epoch_div":27279082},{"groups":{"main":{"totals":{"load_avg":1.77392578125,"cpu_usage":100,"mem_used":8174227456,"mem_free":6521360384,"tcp_conns":21,"disk_usage_root":6.12,"disk_read_sec":750,"disk_write_sec":59801,"disk_iops_sec":10,"io_wait":0,"open_files":0,"os_bytes_in_sec":64,"os_bytes_out_sec":76,"total_procs":494},"count":1}},"date":1636744980,"epoch_div":27279083},{"groups":{"main":{"totals":{"load_avg":1.908203125,"cpu_usage":100,"mem_used":8173703168,"mem_free":6520684544,"tcp_conns":19,"disk_usage_root":6.12,"disk_read_sec":9352,"disk_write_sec":66150,"disk_iops_sec":14,"io_wait":0,"open_files":0,"os_bytes_in_sec":311,"os_bytes_out_sec":142,"total_procs":493},"count":1}},"date":1636745040,"epoch_div":27279084},{"groups":{"main":{"totals":{"load_avg":1.28857421875,"cpu_usage":100,"mem_used":8175820800,"mem_free":6552899584,"tcp_conns":21,"disk_usage_root":6.12,"disk_read_sec":750,"disk_write_sec":57890,"disk_iops_sec":10,"io_wait":0,"open_files":0,"os_bytes_in_sec":328,"os_bytes_out_sec":253,"total_procs":494},"count":1}},"date":1636745100,"epoch_div":27279085},{"groups":{"main":{"totals":{"load_avg":1.529296875,"cpu_usage":100,"mem_used":8252674048,"mem_free":6469378048,"tcp_conns":21,"disk_usage_root":6.12,"disk_read_sec":265216,"disk_write_sec":64170,"disk_iops_sec":29,"io_wait":0,"open_files":0,"os_bytes_in_sec":330,"os_bytes_out_sec":200,"total_procs":493},"count":1}},"date":1636745160,"epoch_div":27279086},{"groups":{"main":{"totals":{"load_avg":2.109375,"cpu_usage":100,"mem_used":8186327040,"mem_free":6505037824,"tcp_conns":20,"disk_usage_root":6.12,"disk_read_sec":2525,"disk_write_sec":56797,"disk_iops_sec":10,"io_wait":0,"open_files":0,"os_bytes_in_sec":74,"os_bytes_out_sec":81,"total_procs":494},"count":1}},"date":1636745220,"epoch_div":27279087},{"groups":{"main":{"totals":{"load_avg":1.7724609375,"cpu_usage":100,"mem_used":8187383808,"mem_free":6504792064,"tcp_conns":21,"disk_usage_root":6.12,"disk_read_sec":7236,"disk_write_sec":74137,"disk_iops_sec":11,"io_wait":0,"open_files":0,"os_bytes_in_sec":256,"os_bytes_out_sec":213,"total_procs":494},"count":1}},"date":1636745280,"epoch_div":27279088},{"groups":{"main":{"totals":{"load_avg":1.96142578125,"cpu_usage":100,"mem_used":8265252864,"mem_free":6475141120,"tcp_conns":20,"disk_usage_root":6.12,"disk_read_sec":22869,"disk_write_sec":120081,"disk_iops_sec":17,"io_wait":0,"open_files":0,"os_bytes_in_sec":705,"os_bytes_out_sec":469,"total_procs":500},"count":1}},"date":1636745340,"epoch_div":27279089},{"groups":{"main":{"totals":{"load_avg":1.90966796875,"cpu_usage":100,"mem_used":8256581632,"mem_free":6496817152,"tcp_conns":21,"disk_usage_root":6.12,"disk_read_sec":35020,"disk_write_sec":307950,"disk_iops_sec":29,"io_wait":0,"open_files":0,"os_bytes_in_sec":415,"os_bytes_out_sec":283,"total_procs":494},"count":1}},"date":1636745400,"epoch_div":27279090},{"groups":{"main":{"totals":{"load_avg":1.7197265625,"cpu_usage":100,"mem_used":8252305408,"mem_free":6461784064,"tcp_conns":21,"disk_usage_root":6.12,"disk_read_sec":3891,"disk_write_sec":65399,"disk_iops_sec":12,"io_wait":0,"open_files":0,"os_bytes_in_sec":181,"os_bytes_out_sec":80,"total_procs":494},"count":1}},"date":1636745460,"epoch_div":27279091},{"groups":{"main":{"totals":{"load_avg":2.5986328125,"cpu_usage":100,"mem_used":8250036224,"mem_free":6467981312,"tcp_conns":21,"disk_usage_root":6.12,"disk_read_sec":477,"disk_write_sec":52360,"disk_iops_sec":9,"io_wait":0,"open_files":0,"os_bytes_in_sec":102,"os_bytes_out_sec":109,"total_procs":493},"count":1}},"date":1636745520,"epoch_div":27279092},{"groups":{"main":{"totals":{"load_avg":1.69091796875,"cpu_usage":100,"mem_used":8292831232,"mem_free":6435504128,"tcp_conns":25,"disk_usage_root":6.12,"disk_read_sec":4651,"disk_write_sec":395923,"disk_iops_sec":15,"io_wait":0,"open_files":0,"os_bytes_in_sec":414,"os_bytes_out_sec":578,"total_procs":496},"count":1}},"date":1636745580,"epoch_div":27279093},{"groups":{"main":{"totals":{"load_avg":1.740234375,"cpu_usage":100,"mem_used":8290791424,"mem_free":6425935872,"tcp_conns":24,"disk_usage_root":6.12,"disk_read_sec":1549765,"disk_write_sec":86351,"disk_iops_sec":68,"io_wait":0,"open_files":0,"os_bytes_in_sec":1255,"os_bytes_out_sec":798,"total_procs":494},"count":1}},"date":1636745640,"epoch_div":27279094},{"groups":{"main":{"totals":{"load_avg":1.5869140625,"cpu_usage":100,"mem_used":8289562624,"mem_free":6462291968,"tcp_conns":25,"disk_usage_root":6.12,"disk_read_sec":9966,"disk_write_sec":77482,"disk_iops_sec":13,"io_wait":0,"open_files":0,"os_bytes_in_sec":175,"os_bytes_out_sec":167,"total_procs":494},"count":1}},"date":1636745700,"epoch_div":27279095},{"groups":{"main":{"totals":{"load_avg":1.83935546875,"cpu_usage":100,"mem_used":8361271296,"mem_free":6349930496,"tcp_conns":25,"disk_usage_root":6.12,"disk_read_sec":955,"disk_write_sec":57890,"disk_iops_sec":10,"io_wait":0,"open_files":0,"os_bytes_in_sec":184,"os_bytes_out_sec":125,"total_procs":493},"count":1}},"date":1636745760,"epoch_div":27279096},{"groups":{"main":{"totals":{"load_avg":2.16064453125,"cpu_usage":100,"mem_used":8293904384,"mem_free":6399803392,"tcp_conns":22,"disk_usage_root":6.12,"disk_read_sec":136,"disk_write_sec":54886,"disk_iops_sec":9,"io_wait":0,"open_files":0,"os_bytes_in_sec":82,"os_bytes_out_sec":107,"total_procs":494},"count":1}},"date":1636745820,"epoch_div":27279097},{"groups":{"main":{"totals":{"load_avg":1.63330078125,"cpu_usage":100,"mem_used":8296710144,"mem_free":6394019840,"tcp_conns":22,"disk_usage_root":6.12,"disk_read_sec":955,"disk_write_sec":61849,"disk_iops_sec":11,"io_wait":0,"open_files":0,"os_bytes_in_sec":347,"os_bytes_out_sec":202,"total_procs":494},"count":1}},"date":1636745880,"epoch_div":27279098},{"groups":{"main":{"totals":{"load_avg":1.8994140625,"cpu_usage":100,"mem_used":8290058240,"mem_free":6390476800,"tcp_conns":20,"disk_usage_root":6.12,"disk_read_sec":1433,"disk_write_sec":70656,"disk_iops_sec":13,"io_wait":0,"open_files":0,"os_bytes_in_sec":343,"os_bytes_out_sec":272,"total_procs":494},"count":1}},"date":1636745940,"epoch_div":27279099},{"groups":{"main":{"totals":{"load_avg":1.76318359375,"cpu_usage":100,"mem_used":8288235520,"mem_free":6461988864,"tcp_conns":21,"disk_usage_root":6.12,"disk_read_sec":16247,"disk_write_sec":58436,"disk_iops_sec":13,"io_wait":0,"open_files":0,"os_bytes_in_sec":382,"os_bytes_out_sec":325,"total_procs":493},"count":1}},"date":1636746000,"epoch_div":27279100},{"groups":{"main":{"totals":{"load_avg":2.1650390625,"cpu_usage":100,"mem_used":8290766848,"mem_free":6389022720,"tcp_conns":21,"disk_usage_root":6.12,"disk_read_sec":11059,"disk_write_sec":83217,"disk_iops_sec":13,"io_wait":0,"open_files":0,"os_bytes_in_sec":401,"os_bytes_out_sec":241,"total_procs":494},"count":1}},"date":1636746060,"epoch_div":27279101},{"groups":{"main":{"totals":{"load_avg":2.140625,"cpu_usage":100,"mem_used":8289570816,"mem_free":6397739008,"tcp_conns":21,"disk_usage_root":6.12,"disk_read_sec":546,"disk_write_sec":59050,"disk_iops_sec":11,"io_wait":0,"open_files":0,"os_bytes_in_sec":144,"os_bytes_out_sec":118,"total_procs":493},"count":1}},"date":1636746120,"epoch_div":27279102},{"groups":{"main":{"totals":{"load_avg":2.224609375,"cpu_usage":100,"mem_used":8293126144,"mem_free":6396403712,"tcp_conns":21,"disk_usage_root":6.12,"disk_read_sec":1911,"disk_write_sec":60142,"disk_iops_sec":11,"io_wait":0,"open_files":0,"os_bytes_in_sec":191,"os_bytes_out_sec":143,"total_procs":494},"count":1}},"date":1636746180,"epoch_div":27279103},{"groups":{"main":{"totals":{"load_avg":2.53173828125,"cpu_usage":100,"mem_used":8293289984,"mem_free":6388551680,"tcp_conns":19,"disk_usage_root":6.12,"disk_read_sec":1874,"disk_write_sec":56094,"disk_iops_sec":10,"io_wait":0,"open_files":0,"os_bytes_in_sec":346,"os_bytes_out_sec":140,"total_procs":494},"count":1}},"date":1636746240,"epoch_div":27279104},{"groups":{"main":{"totals":{"load_avg":2.3984375,"cpu_usage":100,"mem_used":8297889792,"mem_free":6455222272,"tcp_conns":20,"disk_usage_root":6.12,"disk_read_sec":537,"disk_write_sec":62245,"disk_iops_sec":10,"io_wait":0,"open_files":0,"os_bytes_in_sec":185,"os_bytes_out_sec":140,"total_procs":494},"count":1}},"date":1636746300,"epoch_div":27279105},{"groups":{"main":{"totals":{"load_avg":1.912109375,"cpu_usage":100,"mem_used":8363950080,"mem_free":6342467584,"tcp_conns":20,"disk_usage_root":6.12,"disk_read_sec":819,"disk_write_sec":58572,"disk_iops_sec":10,"io_wait":0,"open_files":0,"os_bytes_in_sec":163,"os_bytes_out_sec":121,"total_procs":493},"count":1}},"date":1636746360,"epoch_div":27279106},{"groups":{"main":{"totals":{"load_avg":1.28759765625,"cpu_usage":100,"mem_used":8300945408,"mem_free":6393118720,"tcp_conns":20,"disk_usage_root":6.12,"disk_read_sec":68,"disk_write_sec":56115,"disk_iops_sec":10,"io_wait":0,"open_files":0,"os_bytes_in_sec":85,"os_bytes_out_sec":67,"total_procs":494},"count":1}},"date":1636746420,"epoch_div":27279107},{"groups":{"main":{"totals":{"load_avg":1.50048828125,"cpu_usage":100,"mem_used":8300879872,"mem_free":6392762368,"tcp_conns":21,"disk_usage_root":6.12,"disk_read_sec":6758,"disk_write_sec":74615,"disk_iops_sec":12,"io_wait":0,"open_files":0,"os_bytes_in_sec":803,"os_bytes_out_sec":200,"total_procs":494},"count":1}},"date":1636746480,"epoch_div":27279108},{"groups":{"main":{"totals":{"load_avg":2.39990234375,"cpu_usage":100,"mem_used":8293699584,"mem_free":6393946112,"tcp_conns":20,"disk_usage_root":6.12,"disk_read_sec":3208,"disk_write_sec":72977,"disk_iops_sec":13,"io_wait":0,"open_files":0,"os_bytes_in_sec":432,"os_bytes_out_sec":288,"total_procs":494},"count":1}},"date":1636746540,"epoch_div":27279109},{"groups":{"main":{"totals":{"load_avg":2.34814453125,"cpu_usage":100,"mem_used":8295960576,"mem_free":6448099328,"tcp_conns":22,"disk_usage_root":6.12,"disk_read_sec":1024,"disk_write_sec":341879,"disk_iops_sec":11,"io_wait":0,"open_files":0,"os_bytes_in_sec":425,"os_bytes_out_sec":288,"total_procs":493},"count":1}},"date":1636746600,"epoch_div":27279110},{"groups":{"main":{"totals":{"load_avg":2.2783203125,"cpu_usage":100,"mem_used":8296845312,"mem_free":6380646400,"tcp_conns":21,"disk_usage_root":6.12,"disk_read_sec":67242,"disk_write_sec":64238,"disk_iops_sec":13,"io_wait":0,"open_files":0,"os_bytes_in_sec":218,"os_bytes_out_sec":94,"total_procs":494},"count":1}},"date":1636746660,"epoch_div":27279111},{"groups":{"main":{"totals":{"load_avg":1.57421875,"cpu_usage":100,"mem_used":8294043648,"mem_free":6390067200,"tcp_conns":21,"disk_usage_root":6.12,"disk_read_sec":3822,"disk_write_sec":52224,"disk_iops_sec":10,"io_wait":0,"open_files":0,"os_bytes_in_sec":109,"os_bytes_out_sec":112,"total_procs":493},"count":1}},"date":1636746720,"epoch_div":27279112},{"groups":{"main":{"totals":{"load_avg":1.615234375,"cpu_usage":100,"mem_used":8296910848,"mem_free":6390763520,"tcp_conns":21,"disk_usage_root":6.12,"disk_read_sec":3413,"disk_write_sec":63965,"disk_iops_sec":12,"io_wait":0,"open_files":0,"os_bytes_in_sec":225,"os_bytes_out_sec":171,"total_procs":494},"count":1}},"date":1636746780,"epoch_div":27279113},{"groups":{"main":{"totals":{"load_avg":1.419921875,"cpu_usage":100,"mem_used":8294993920,"mem_free":6392041472,"tcp_conns":19,"disk_usage_root":6.12,"disk_read_sec":23552,"disk_write_sec":98030,"disk_iops_sec":15,"io_wait":0,"open_files":0,"os_bytes_in_sec":5550,"os_bytes_out_sec":707,"total_procs":493},"count":1}},"date":1636746840,"epoch_div":27279114},{"groups":{"main":{"totals":{"load_avg":3.0771484375,"cpu_usage":100,"mem_used":8300167168,"mem_free":6447218688,"tcp_conns":20,"disk_usage_root":6.12,"disk_read_sec":1160,"disk_write_sec":57275,"disk_iops_sec":10,"io_wait":0,"open_files":0,"os_bytes_in_sec":179,"os_bytes_out_sec":151,"total_procs":494},"count":1}},"date":1636746900,"epoch_div":27279115},{"groups":{"main":{"totals":{"load_avg":2.50634765625,"cpu_usage":100,"mem_used":8366616576,"mem_free":6342197248,"tcp_conns":20,"disk_usage_root":6.12,"disk_read_sec":546,"disk_write_sec":59392,"disk_iops_sec":10,"io_wait":0,"open_files":0,"os_bytes_in_sec":173,"os_bytes_out_sec":113,"total_procs":493},"count":1}},"date":1636746960,"epoch_div":27279116},{"groups":{"main":{"totals":{"load_avg":2.60546875,"cpu_usage":100,"mem_used":8304189440,"mem_free":6386548736,"tcp_conns":20,"disk_usage_root":6.12,"disk_read_sec":38161,"disk_write_sec":61235,"disk_iops_sec":14,"io_wait":0,"open_files":0,"os_bytes_in_sec":109,"os_bytes_out_sec":83,"total_procs":494},"count":1}},"date":1636747020,"epoch_div":27279117},{"groups":{"main":{"totals":{"load_avg":1.732421875,"cpu_usage":100,"mem_used":8302989312,"mem_free":6383521792,"tcp_conns":21,"disk_usage_root":6.12,"disk_read_sec":1774,"disk_write_sec":71680,"disk_iops_sec":13,"io_wait":0,"open_files":0,"os_bytes_in_sec":274,"os_bytes_out_sec":197,"total_procs":494},"count":1}},"date":1636747080,"epoch_div":27279118},{"groups":{"main":{"totals":{"load_avg":1.6220703125,"cpu_usage":100,"mem_used":8302231552,"mem_free":6386114560,"tcp_conns":20,"disk_usage_root":6.12,"disk_read_sec":4437,"disk_write_sec":69836,"disk_iops_sec":13,"io_wait":0,"open_files":0,"os_bytes_in_sec":365,"os_bytes_out_sec":259,"total_procs":494},"count":1}},"date":1636747140,"epoch_div":27279119},{"groups":{"main":{"totals":{"load_avg":1.53271484375,"cpu_usage":100,"mem_used":8260935680,"mem_free":6455771136,"tcp_conns":24,"disk_usage_root":6.12,"disk_read_sec":9079,"disk_write_sec":82397,"disk_iops_sec":13,"io_wait":0,"open_files":0,"os_bytes_in_sec":510,"os_bytes_out_sec":443,"total_procs":494},"count":1}},"date":1636747200,"epoch_div":27279120},{"groups":{"main":{"totals":{"load_avg":1.64697265625,"cpu_usage":100,"mem_used":8259489792,"mem_free":6400045056,"tcp_conns":21,"disk_usage_root":6.12,"disk_read_sec":1774,"disk_write_sec":85538,"disk_iops_sec":15,"io_wait":0,"open_files":0,"os_bytes_in_sec":328,"os_bytes_out_sec":227,"total_procs":494},"count":1}},"date":1636747260,"epoch_div":27279121},{"groups":{"main":{"totals":{"load_avg":1.79052734375,"cpu_usage":100,"mem_used":8257572864,"mem_free":6399590400,"tcp_conns":21,"disk_usage_root":6.12,"disk_read_sec":341,"disk_write_sec":53179,"disk_iops_sec":9,"io_wait":0,"open_files":0,"os_bytes_in_sec":87,"os_bytes_out_sec":117,"total_procs":493},"count":1}},"date":1636747320,"epoch_div":27279122},{"groups":{"main":{"totals":{"load_avg":1.75341796875,"cpu_usage":100,"mem_used":8298680320,"mem_free":6379069440,"tcp_conns":23,"disk_usage_root":6.12,"disk_read_sec":624,"disk_write_sec":371625,"disk_iops_sec":11,"io_wait":0,"open_files":0,"os_bytes_in_sec":208,"os_bytes_out_sec":243,"total_procs":497},"count":1}},"date":1636747380,"epoch_div":27279123},{"groups":{"main":{"totals":{"load_avg":1.67919921875,"cpu_usage":100,"mem_used":8291352576,"mem_free":6383833088,"tcp_conns":21,"disk_usage_root":6.12,"disk_read_sec":4901,"disk_write_sec":61305,"disk_iops_sec":12,"io_wait":0,"open_files":0,"os_bytes_in_sec":264,"os_bytes_out_sec":140,"total_procs":493},"count":1}},"date":1636747440,"epoch_div":27279124},{"groups":{"main":{"totals":{"load_avg":2.8369140625,"cpu_usage":100,"mem_used":8296701952,"mem_free":6435049472,"tcp_conns":22,"disk_usage_root":6.12,"disk_read_sec":5870,"disk_write_sec":61235,"disk_iops_sec":12,"io_wait":0,"open_files":0,"os_bytes_in_sec":501,"os_bytes_out_sec":309,"total_procs":494},"count":1}},"date":1636747500,"epoch_div":27279125},{"groups":{"main":{"totals":{"load_avg":1.86376953125,"cpu_usage":100,"mem_used":8367931392,"mem_free":6337404928,"tcp_conns":23,"disk_usage_root":6.12,"disk_read_sec":15155,"disk_write_sec":78165,"disk_iops_sec":13,"io_wait":0,"open_files":0,"os_bytes_in_sec":265,"os_bytes_out_sec":238,"total_procs":494},"count":1}},"date":1636747560,"epoch_div":27279126},{"groups":{"main":{"totals":{"load_avg":1.9384765625,"cpu_usage":100,"mem_used":8299077632,"mem_free":6380072960,"tcp_conns":20,"disk_usage_root":6.12,"disk_read_sec":682,"disk_write_sec":56183,"disk_iops_sec":10,"io_wait":0,"open_files":0,"os_bytes_in_sec":80,"os_bytes_out_sec":97,"total_procs":494},"count":1}},"date":1636747620,"epoch_div":27279127},{"groups":{"main":{"totals":{"load_avg":2.04833984375,"cpu_usage":100,"mem_used":8298565632,"mem_free":6380105728,"tcp_conns":21,"disk_usage_root":6.12,"disk_read_sec":68,"disk_write_sec":57890,"disk_iops_sec":10,"io_wait":0,"open_files":0,"os_bytes_in_sec":274,"os_bytes_out_sec":196,"total_procs":494},"count":1}},"date":1636747680,"epoch_div":27279128},{"groups":{"main":{"totals":{"load_avg":2.509765625,"cpu_usage":100,"mem_used":8294092800,"mem_free":6380969984,"tcp_conns":20,"disk_usage_root":6.12,"disk_read_sec":136,"disk_write_sec":65194,"disk_iops_sec":11,"io_wait":0,"open_files":0,"os_bytes_in_sec":489,"os_bytes_out_sec":331,"total_procs":494},"count":1}},"date":1636747740,"epoch_div":27279129},{"groups":{"main":{"totals":{"load_avg":2.17578125,"cpu_usage":100,"mem_used":8360919040,"mem_free":6343671808,"tcp_conns":21,"disk_usage_root":6.12,"disk_read_sec":211012,"disk_write_sec":56524,"disk_iops_sec":11,"io_wait":0,"open_files":0,"os_bytes_in_sec":345,"os_bytes_out_sec":185,"total_procs":493},"count":1}},"date":1636747800,"epoch_div":27279130},{"groups":{"main":{"totals":{"load_avg":2.466796875,"cpu_usage":100,"mem_used":8360534016,"mem_free":6305226752,"tcp_conns":21,"disk_usage_root":6.12,"disk_read_sec":19729,"disk_write_sec":60825,"disk_iops_sec":11,"io_wait":0,"open_files":0,"os_bytes_in_sec":127,"os_bytes_out_sec":90,"total_procs":494},"count":1}},"date":1636747860,"epoch_div":27279131},{"groups":{"main":{"totals":{"load_avg":1.5712890625,"cpu_usage":100,"mem_used":8343642112,"mem_free":6317432832,"tcp_conns":21,"disk_usage_root":6.12,"disk_read_sec":6212,"disk_write_sec":69836,"disk_iops_sec":10,"io_wait":0,"open_files":0,"os_bytes_in_sec":120,"os_bytes_out_sec":124,"total_procs":494},"count":1}},"date":1636747920,"epoch_div":27279132},{"groups":{"main":{"totals":{"load_avg":1.677734375,"cpu_usage":100,"mem_used":8344477696,"mem_free":6316982272,"tcp_conns":21,"disk_usage_root":6.12,"disk_read_sec":1024,"disk_write_sec":62395,"disk_iops_sec":11,"io_wait":0,"open_files":0,"os_bytes_in_sec":98,"os_bytes_out_sec":105,"total_procs":494},"count":1}},"date":1636747980,"epoch_div":27279133},{"groups":{"main":{"totals":{"load_avg":2.01318359375,"cpu_usage":100,"mem_used":8345362432,"mem_free":6313402368,"tcp_conns":19,"disk_usage_root":6.12,"disk_read_sec":4096,"disk_write_sec":63010,"disk_iops_sec":12,"io_wait":0,"open_files":0,"os_bytes_in_sec":568,"os_bytes_out_sec":213,"total_procs":494},"count":1}},"date":1636748040,"epoch_div":27279134},{"groups":{"main":{"totals":{"load_avg":1.8623046875,"cpu_usage":100,"mem_used":8348491776,"mem_free":6345433088,"tcp_conns":20,"disk_usage_root":6.12,"disk_read_sec":819,"disk_write_sec":62737,"disk_iops_sec":11,"io_wait":0,"open_files":0,"os_bytes_in_sec":180,"os_bytes_out_sec":138,"total_procs":494},"count":1}},"date":1636748100,"epoch_div":27279135},{"groups":{"main":{"totals":{"load_avg":2.70361328125,"cpu_usage":100,"mem_used":8414027776,"mem_free":6282883072,"tcp_conns":20,"disk_usage_root":6.12,"disk_read_sec":6212,"disk_write_sec":59869,"disk_iops_sec":11,"io_wait":0,"open_files":0,"os_bytes_in_sec":249,"os_bytes_out_sec":199,"total_procs":494},"count":1}},"date":1636748160,"epoch_div":27279136},{"groups":{"main":{"totals":{"load_avg":1.8115234375,"cpu_usage":100,"mem_used":8347394048,"mem_free":6320476160,"tcp_conns":20,"disk_usage_root":6.12,"disk_read_sec":18022,"disk_write_sec":78233,"disk_iops_sec":14,"io_wait":0,"open_files":0,"os_bytes_in_sec":538,"os_bytes_out_sec":82,"total_procs":494},"count":1}},"date":1636748220,"epoch_div":27279137},{"groups":{"main":{"totals":{"load_avg":2.0283203125,"cpu_usage":100,"mem_used":8348041216,"mem_free":6318682112,"tcp_conns":21,"disk_usage_root":6.12,"disk_read_sec":1249,"disk_write_sec":66785,"disk_iops_sec":12,"io_wait":0,"open_files":0,"os_bytes_in_sec":343,"os_bytes_out_sec":200,"total_procs":495},"count":1}},"date":1636748280,"epoch_div":27279138},{"groups":{"main":{"totals":{"load_avg":2.17138671875,"cpu_usage":100,"mem_used":8352440320,"mem_free":6318813184,"tcp_conns":20,"disk_usage_root":6.12,"disk_read_sec":45727,"disk_write_sec":219438,"disk_iops_sec":46,"io_wait":0,"open_files":0,"os_bytes_in_sec":337,"os_bytes_out_sec":269,"total_procs":496},"count":1}},"date":1636748340,"epoch_div":27279139},{"groups":{"main":{"totals":{"load_avg":2.11962890625,"cpu_usage":100,"mem_used":8352616448,"mem_free":6362263552,"tcp_conns":21,"disk_usage_root":6.12,"disk_read_sec":258252,"disk_write_sec":1229755,"disk_iops_sec":21,"io_wait":0,"open_files":0,"os_bytes_in_sec":1005,"os_bytes_out_sec":290,"total_procs":497},"count":1}},"date":1636748400,"epoch_div":27279140},{"groups":{"main":{"totals":{"load_avg":1.96923828125,"cpu_usage":100,"mem_used":8345030656,"mem_free":6335680512,"tcp_conns":22,"disk_usage_root":6.12,"disk_read_sec":3332,"disk_write_sec":356490,"disk_iops_sec":12,"io_wait":0,"open_files":0,"os_bytes_in_sec":243,"os_bytes_out_sec":175,"total_procs":494},"count":1}},"date":1636748460,"epoch_div":27279141},{"groups":{"main":{"totals":{"load_avg":1.60546875,"cpu_usage":100,"mem_used":8343056384,"mem_free":6338560000,"tcp_conns":21,"disk_usage_root":6.12,"disk_read_sec":604,"disk_write_sec":50494,"disk_iops_sec":9,"io_wait":0,"open_files":0,"os_bytes_in_sec":134,"os_bytes_out_sec":133,"total_procs":493},"count":1}},"date":1636748520,"epoch_div":27279142},{"groups":{"main":{"totals":{"load_avg":1.31396484375,"cpu_usage":100,"mem_used":8345137152,"mem_free":6334468096,"tcp_conns":21,"disk_usage_root":6.12,"disk_read_sec":11264,"disk_write_sec":81920,"disk_iops_sec":14,"io_wait":0,"open_files":0,"os_bytes_in_sec":56,"os_bytes_out_sec":73,"total_procs":494},"count":1}},"date":1636748580,"epoch_div":27279143},{"groups":{"main":{"totals":{"load_avg":1.35546875,"cpu_usage":100,"mem_used":8344035328,"mem_free":6338072576,"tcp_conns":19,"disk_usage_root":6.12,"disk_read_sec":204,"disk_write_sec":57275,"disk_iops_sec":10,"io_wait":0,"open_files":0,"os_bytes_in_sec":256,"os_bytes_out_sec":149,"total_procs":493},"count":1}},"date":1636748640,"epoch_div":27279144},{"groups":{"main":{"totals":{"load_avg":1.98779296875,"cpu_usage":100,"mem_used":8348463104,"mem_free":6366175232,"tcp_conns":20,"disk_usage_root":6.12,"disk_read_sec":347,"disk_write_sec":59218,"disk_iops_sec":10,"io_wait":0,"open_files":0,"os_bytes_in_sec":165,"os_bytes_out_sec":158,"total_procs":494},"count":1}},"date":1636748700,"epoch_div":27279145},{"groups":{"main":{"totals":{"load_avg":1.79345703125,"cpu_usage":100,"mem_used":8416321536,"mem_free":6290522112,"tcp_conns":20,"disk_usage_root":6.12,"disk_read_sec":249453,"disk_write_sec":57478,"disk_iops_sec":29,"io_wait":0,"open_files":0,"os_bytes_in_sec":118,"os_bytes_out_sec":107,"total_procs":493},"count":1}},"date":1636748760,"epoch_div":27279146},{"groups":{"main":{"totals":{"load_avg":1.44287109375,"cpu_usage":100,"mem_used":8349736960,"mem_free":6327459840,"tcp_conns":20,"disk_usage_root":6.12,"disk_read_sec":136,"disk_write_sec":56524,"disk_iops_sec":10,"io_wait":0,"open_files":0,"os_bytes_in_sec":59,"os_bytes_out_sec":85,"total_procs":494},"count":1}},"date":1636748820,"epoch_div":27279147},{"groups":{"main":{"totals":{"load_avg":1.39794921875,"cpu_usage":100,"mem_used":8350867456,"mem_free":6325075968,"tcp_conns":21,"disk_usage_root":6.12,"disk_read_sec":10830,"disk_write_sec":99623,"disk_iops_sec":14,"io_wait":0,"open_files":0,"os_bytes_in_sec":7351,"os_bytes_out_sec":1017,"total_procs":494},"count":1}},"date":1636748880,"epoch_div":27279148},{"groups":{"main":{"totals":{"load_avg":2.26513671875,"cpu_usage":100,"mem_used":8347004928,"mem_free":6325301248,"tcp_conns":20,"disk_usage_root":6.12,"disk_read_sec":8796,"disk_write_sec":69094,"disk_iops_sec":14,"io_wait":0,"open_files":0,"os_bytes_in_sec":344,"os_bytes_out_sec":266,"total_procs":494},"count":1}},"date":1636748940,"epoch_div":27279149},{"groups":{"main":{"totals":{"load_avg":1.89599609375,"cpu_usage":100,"mem_used":8347824128,"mem_free":6365532160,"tcp_conns":21,"disk_usage_root":6.12,"disk_read_sec":32768,"disk_write_sec":330683,"disk_iops_sec":28,"io_wait":0,"open_files":0,"os_bytes_in_sec":214,"os_bytes_out_sec":189,"total_procs":493},"count":1}},"date":1636749000,"epoch_div":27279150},{"groups":{"main":{"totals":{"load_avg":1.7236328125,"cpu_usage":100,"mem_used":8346558464,"mem_free":6322905088,"tcp_conns":21,"disk_usage_root":6.12,"disk_read_sec":1911,"disk_write_sec":66013,"disk_iops_sec":11,"io_wait":0,"open_files":0,"os_bytes_in_sec":74,"os_bytes_out_sec":85,"total_procs":494},"count":1}},"date":1636749060,"epoch_div":27279151},{"groups":{"main":{"totals":{"load_avg":2.296875,"cpu_usage":100,"mem_used":8345096192,"mem_free":6329233408,"tcp_conns":21,"disk_usage_root":6.12,"disk_read_sec":4234,"disk_write_sec":58315,"disk_iops_sec":11,"io_wait":0,"open_files":0,"os_bytes_in_sec":87,"os_bytes_out_sec":116,"total_procs":493},"count":1}},"date":1636749120,"epoch_div":27279152},{"groups":{"main":{"totals":{"load_avg":2.142578125,"cpu_usage":100,"mem_used":8389214208,"mem_free":6307090432,"tcp_conns":23,"disk_usage_root":6.12,"disk_read_sec":4163,"disk_write_sec":376429,"disk_iops_sec":14,"io_wait":0,"open_files":0,"os_bytes_in_sec":214,"os_bytes_out_sec":304,"total_procs":498},"count":1}},"date":1636749180,"epoch_div":27279153},{"groups":{"main":{"totals":{"load_avg":2.69775390625,"cpu_usage":100,"mem_used":8380198912,"mem_free":6312914944,"tcp_conns":21,"disk_usage_root":6.12,"disk_read_sec":7782,"disk_write_sec":85196,"disk_iops_sec":14,"io_wait":0,"open_files":0,"os_bytes_in_sec":347,"os_bytes_out_sec":136,"total_procs":493},"count":1}},"date":1636749240,"epoch_div":27279154},{"groups":{"main":{"totals":{"load_avg":2.111328125,"cpu_usage":100,"mem_used":8385175552,"mem_free":6347595776,"tcp_conns":22,"disk_usage_root":6.12,"disk_read_sec":6144,"disk_write_sec":58641,"disk_iops_sec":12,"io_wait":0,"open_files":0,"os_bytes_in_sec":189,"os_bytes_out_sec":149,"total_procs":494},"count":1}},"date":1636749300,"epoch_div":27279155},{"groups":{"main":{"totals":{"load_avg":1.58935546875,"cpu_usage":100,"mem_used":8429047808,"mem_free":6285561856,"tcp_conns":22,"disk_usage_root":6.12,"disk_read_sec":1570,"disk_write_sec":54203,"disk_iops_sec":9,"io_wait":0,"open_files":0,"os_bytes_in_sec":107,"os_bytes_out_sec":126,"total_procs":493},"count":1}},"date":1636749360,"epoch_div":27279156},{"groups":{"main":{"totals":{"load_avg":1.7568359375,"cpu_usage":100,"mem_used":8354213888,"mem_free":6324318208,"tcp_conns":20,"disk_usage_root":6.12,"disk_read_sec":136,"disk_write_sec":52224,"disk_iops_sec":9,"io_wait":0,"open_files":0,"os_bytes_in_sec":100,"os_bytes_out_sec":90,"total_procs":494},"count":1}},"date":1636749420,"epoch_div":27279157},{"groups":{"main":{"totals":{"load_avg":2.20654296875,"cpu_usage":100,"mem_used":8354197504,"mem_free":6325121024,"tcp_conns":21,"disk_usage_root":6.12,"disk_read_sec":10922,"disk_write_sec":67584,"disk_iops_sec":13,"io_wait":0,"open_files":0,"os_bytes_in_sec":390,"os_bytes_out_sec":286,"total_procs":494},"count":1}},"date":1636749480,"epoch_div":27279158},{"groups":{"main":{"totals":{"load_avg":1.84423828125,"cpu_usage":100,"mem_used":8351727616,"mem_free":6326542336,"tcp_conns":20,"disk_usage_root":6.12,"disk_read_sec":6039,"disk_write_sec":85807,"disk_iops_sec":14,"io_wait":0,"open_files":0,"os_bytes_in_sec":351,"os_bytes_out_sec":262,"total_procs":494},"count":1}},"date":1636749540,"epoch_div":27279159},{"groups":{"main":{"totals":{"load_avg":1.76123046875,"cpu_usage":100,"mem_used":8352911360,"mem_free":6362140672,"tcp_conns":21,"disk_usage_root":6.12,"disk_read_sec":0,"disk_write_sec":53113,"disk_iops_sec":10,"io_wait":0,"open_files":0,"os_bytes_in_sec":519,"os_bytes_out_sec":195,"total_procs":493},"count":1}},"date":1636749600,"epoch_div":27279160},{"groups":{"main":{"totals":{"load_avg":2.27001953125,"cpu_usage":100,"mem_used":8352014336,"mem_free":6322491392,"tcp_conns":21,"disk_usage_root":6.12,"disk_read_sec":887,"disk_write_sec":64307,"disk_iops_sec":11,"io_wait":0,"open_files":0,"os_bytes_in_sec":111,"os_bytes_out_sec":80,"total_procs":494},"count":1}},"date":1636749660,"epoch_div":27279161},{"groups":{"main":{"totals":{"load_avg":2.08935546875,"cpu_usage":100,"mem_used":8350265344,"mem_free":6325837824,"tcp_conns":21,"disk_usage_root":6.12,"disk_read_sec":138,"disk_write_sec":53664,"disk_iops_sec":10,"io_wait":0,"open_files":0,"os_bytes_in_sec":134,"os_bytes_out_sec":113,"total_procs":493},"count":1}},"date":1636749720,"epoch_div":27279162},{"groups":{"main":{"totals":{"load_avg":1.72802734375,"cpu_usage":100,"mem_used":8351449088,"mem_free":6322405376,"tcp_conns":21,"disk_usage_root":6.12,"disk_read_sec":0,"disk_write_sec":56739,"disk_iops_sec":10,"io_wait":0,"open_files":0,"os_bytes_in_sec":96,"os_bytes_out_sec":85,"total_procs":494},"count":1}},"date":1636749780,"epoch_div":27279163},{"groups":{"main":{"totals":{"load_avg":1.7353515625,"cpu_usage":100,"mem_used":8354267136,"mem_free":6324977664,"tcp_conns":19,"disk_usage_root":6.12,"disk_read_sec":11537,"disk_write_sec":68881,"disk_iops_sec":14,"io_wait":0,"open_files":0,"os_bytes_in_sec":314,"os_bytes_out_sec":123,"total_procs":494},"count":1}},"date":1636749840,"epoch_div":27279164},{"groups":{"main":{"totals":{"load_avg":2.0439453125,"cpu_usage":100,"mem_used":8362151936,"mem_free":6355234816,"tcp_conns":20,"disk_usage_root":6.12,"disk_read_sec":44782,"disk_write_sec":93047,"disk_iops_sec":17,"io_wait":0,"open_files":0,"os_bytes_in_sec":415,"os_bytes_out_sec":523,"total_procs":494},"count":1}},"date":1636749900,"epoch_div":27279165},{"groups":{"main":{"totals":{"load_avg":1.43603515625,"cpu_usage":100,"mem_used":8419168256,"mem_free":6283546624,"tcp_conns":20,"disk_usage_root":6.12,"disk_read_sec":60745,"disk_write_sec":57760,"disk_iops_sec":12,"io_wait":0,"open_files":0,"os_bytes_in_sec":93,"os_bytes_out_sec":126,"total_procs":493},"count":1}},"date":1636749960,"epoch_div":27279166},{"groups":{"main":{"totals":{"load_avg":1.24853515625,"cpu_usage":100,"mem_used":8346882048,"mem_free":6323798016,"tcp_conns":20,"disk_usage_root":6.12,"disk_read_sec":1947,"disk_write_sec":52710,"disk_iops_sec":9,"io_wait":0,"open_files":0,"os_bytes_in_sec":64,"os_bytes_out_sec":72,"total_procs":494},"count":1}},"date":1636750020,"epoch_div":27279167}]}