{"type":"list_page","items":[{"groups":{"main":{"totals":{"load_avg":4.06689453125,"cpu_usage":100,"mem_used":8493752320,"mem_free":6877966336,"tcp_conns":78,"disk_usage_root":6.12,"disk_read_sec":1470737,"disk_write_sec":146432,"disk_iops_sec":31,"io_wait":0,"open_files":0,"os_bytes_in_sec":913,"os_bytes_out_sec":1873,"total_procs":345},"count":1}},"date":1638252060,"epoch_div":27304201},{"groups":{"main":{"totals":{"load_avg":3.1826171875,"cpu_usage":100,"mem_used":8514527232,"mem_free":6788640768,"tcp_conns":74,"disk_usage_root":6.12,"disk_read_sec":1462886,"disk_write_sec":199953,"disk_iops_sec":29,"io_wait":0,"open_files":0,"os_bytes_in_sec":1080,"os_bytes_out_sec":2146,"total_procs":343},"count":1}},"date":1638252120,"epoch_div":27304202},{"groups":{"main":{"totals":{"load_avg":2.74755859375,"cpu_usage":100,"mem_used":8568446976,"mem_free":6861529088,"tcp_conns":76,"disk_usage_root":6.12,"disk_read_sec":820838,"disk_write_sec":148206,"disk_iops_sec":33,"io_wait":0,"open_files":0,"os_bytes_in_sec":1015,"os_bytes_out_sec":1365,"total_procs":345},"count":1}},"date":1638252180,"epoch_div":27304203},{"groups":{"main":{"totals":{"load_avg":3.1181640625,"cpu_usage":100,"mem_used":8572223488,"mem_free":6818897920,"tcp_conns":74,"disk_usage_root":6.12,"disk_read_sec":975803,"disk_write_sec":105881,"disk_iops_sec":26,"io_wait":0,"open_files":0,"os_bytes_in_sec":869,"os_bytes_out_sec":2529,"total_procs":344},"count":1}},"date":1638252240,"epoch_div":27304204},{"groups":{"main":{"totals":{"load_avg":2.60498046875,"cpu_usage":100,"mem_used":8458252288,"mem_free":6871572480,"tcp_conns":72,"disk_usage_root":6.12,"disk_read_sec":768750,"disk_write_sec":1693286,"disk_iops_sec":38,"io_wait":0,"open_files":0,"os_bytes_in_sec":1085,"os_bytes_out_sec":2204,"total_procs":345},"count":1}},"date":1638252300,"epoch_div":27304205},{"groups":{"main":{"totals":{"load_avg":2.61279296875,"cpu_usage":100,"mem_used":8557801472,"mem_free":6713602048,"tcp_conns":74,"disk_usage_root":6.12,"disk_read_sec":1221768,"disk_write_sec":258935,"disk_iops_sec":50,"io_wait":0,"open_files":0,"os_bytes_in_sec":1043,"os_bytes_out_sec":1810,"total_procs":348},"count":1}},"date":1638252360,"epoch_div":27304206},{"groups":{"main":{"totals":{"load_avg":3.39111328125,"cpu_usage":100,"mem_used":8570810368,"mem_free":6759735296,"tcp_conns":67,"disk_usage_root":6.12,"disk_read_sec":553642,"disk_write_sec":144110,"disk_iops_sec":26,"io_wait":0,"open_files":0,"os_bytes_in_sec":907,"os_bytes_out_sec":2304,"total_procs":346},"count":1}},"date":1638252420,"epoch_div":27304207},{"groups":{"main":{"totals":{"load_avg":2.734375,"cpu_usage":100,"mem_used":8325005312,"mem_free":6843596800,"tcp_conns":68,"disk_usage_root":6.12,"disk_read_sec":2552627,"disk_write_sec":6510250,"disk_iops_sec":61,"io_wait":0,"open_files":0,"os_bytes_in_sec":634,"os_bytes_out_sec":1256,"total_procs":345},"count":1}},"date":1638252480,"epoch_div":27304208},{"groups":{"main":{"totals":{"load_avg":2.37353515625,"cpu_usage":100,"mem_used":8568684544,"mem_free":6832029696,"tcp_conns":73,"disk_usage_root":6.12,"disk_read_sec":11578436,"disk_write_sec":264465,"disk_iops_sec":181,"io_wait":0,"open_files":0,"os_bytes_in_sec":1435,"os_bytes_out_sec":2133,"total_procs":353},"count":1}},"date":1638252540,"epoch_div":27304209},{"groups":{"main":{"totals":{"load_avg":2.15283203125,"cpu_usage":100,"mem_used":8489254912,"mem_free":6655438848,"tcp_conns":68,"disk_usage_root":6.12,"disk_read_sec":12475392,"disk_write_sec":14765943,"disk_iops_sec":329,"io_wait":0,"open_files":0,"os_bytes_in_sec":4788,"os_bytes_out_sec":7332,"total_procs":364},"count":1}},"date":1638259740,"epoch_div":27304329},{"groups":{"main":{"totals":{"load_avg":2.05517578125,"cpu_usage":100,"mem_used":4727906304,"mem_free":8022298624,"tcp_conns":55,"disk_usage_root":6.12,"disk_read_sec":114219,"disk_write_sec":175203,"disk_iops_sec":1,"io_wait":0,"open_files":0,"os_bytes_in_sec":0,"os_bytes_out_sec":0,"total_procs":370},"count":1}},"date":1638288420,"epoch_div":27304807},{"groups":{"main":{"totals":{"load_avg":12.84375,"cpu_usage":100,"mem_used":4496261120,"mem_free":7995932672,"tcp_conns":57,"disk_usage_root":6.12,"disk_read_sec":252733,"disk_write_sec":202024,"disk_iops_sec":3,"io_wait":0,"open_files":0,"os_bytes_in_sec":0,"os_bytes_out_sec":0,"total_procs":372},"count":1}},"date":1638288480,"epoch_div":27304808},{"groups":{"main":{"totals":{"load_avg":9.984375,"cpu_usage":100,"mem_used":8554590208,"mem_free":7260651520,"tcp_conns":98,"disk_usage_root":6.12,"disk_read_sec":87663709,"disk_write_sec":22878692,"disk_iops_sec":1441,"io_wait":0,"open_files":0,"os_bytes_in_sec":0,"os_bytes_out_sec":0,"total_procs":359},"count":1}},"date":1638288540,"epoch_div":27304809},{"groups":{"main":{"totals":{"load_avg":5.64599609375,"cpu_usage":100,"mem_used":8565141504,"mem_free":7278714880,"tcp_conns":82,"disk_usage_root":6.12,"disk_read_sec":23900842,"disk_write_sec":18168012,"disk_iops_sec":530,"io_wait":0,"open_files":0,"os_bytes_in_sec":2606567,"os_bytes_out_sec":62956,"total_procs":339},"count":1}},"date":1638288600,"epoch_div":27304810},{"groups":{"main":{"totals":{"load_avg":2.94384765625,"cpu_usage":100,"mem_used":8035147776,"mem_free":7182831616,"tcp_conns":72,"disk_usage_root":6.12,"disk_read_sec":2879692,"disk_write_sec":11840512,"disk_iops_sec":101,"io_wait":0,"open_files":0,"os_bytes_in_sec":959,"os_bytes_out_sec":2578,"total_procs":333},"count":1}},"date":1638288660,"epoch_div":27304811},{"groups":{"main":{"totals":{"load_avg":2.6865234375,"cpu_usage":100,"mem_used":8346157056,"mem_free":6927228928,"tcp_conns":108,"disk_usage_root":6.12,"disk_read_sec":26437319,"disk_write_sec":20731383,"disk_iops_sec":453,"io_wait":0,"open_files":0,"os_bytes_in_sec":61214,"os_bytes_out_sec":29011,"total_procs":340},"count":1}},"date":1638288720,"epoch_div":27304812},{"groups":{"main":{"totals":{"load_avg":2.9560546875,"cpu_usage":100,"mem_used":8424493056,"mem_free":6865108992,"tcp_conns":99,"disk_usage_root":6.12,"disk_read_sec":662528,"disk_write_sec":157696,"disk_iops_sec":32,"io_wait":0,"open_files":0,"os_bytes_in_sec":1526,"os_bytes_out_sec":3236,"total_procs":337},"count":1}},"date":1638288780,"epoch_div":27304813},{"groups":{"main":{"totals":{"load_avg":2.78515625,"cpu_usage":100,"mem_used":8440324096,"mem_free":6886715392,"tcp_conns":99,"disk_usage_root":6.12,"disk_read_sec":5506904,"disk_write_sec":3449906,"disk_iops_sec":144,"io_wait":0,"open_files":0,"os_bytes_in_sec":6888,"os_bytes_out_sec":12023,"total_procs":340},"count":1}},"date":1638288840,"epoch_div":27304814},{"groups":{"main":{"totals":{"load_avg":2.046875,"cpu_usage":100,"mem_used":8562909184,"mem_free":6824189952,"tcp_conns":97,"disk_usage_root":6.12,"disk_read_sec":2172723,"disk_write_sec":1993045,"disk_iops_sec":157,"io_wait":0,"open_files":0,"os_bytes_in_sec":2887,"os_bytes_out_sec":1912,"total_procs":353},"count":1}},"date":1638288900,"epoch_div":27304815},{"groups":{"main":{"totals":{"load_avg":2.13134765625,"cpu_usage":100,"mem_used":8151662592,"mem_free":6720954368,"tcp_conns":96,"disk_usage_root":6.12,"disk_read_sec":6770278,"disk_write_sec":11573930,"disk_iops_sec":280,"io_wait":0,"open_files":0,"os_bytes_in_sec":7644,"os_bytes_out_sec":13756,"total_procs":354},"count":1}},"date":1638288960,"epoch_div":27304816},{"groups":{"main":{"totals":{"load_avg":3.9140625,"cpu_usage":100,"mem_used":8122318848,"mem_free":6740774912,"tcp_conns":100,"disk_usage_root":6.12,"disk_read_sec":6371191,"disk_write_sec":4182630,"disk_iops_sec":166,"io_wait":0,"open_files":0,"os_bytes_in_sec":13055,"os_bytes_out_sec":21763,"total_procs":354},"count":1}},"date":1638289020,"epoch_div":27304817},{"groups":{"main":{"totals":{"load_avg":3.02099609375,"cpu_usage":100,"mem_used":8169836544,"mem_free":6706610176,"tcp_conns":89,"disk_usage_root":6.12,"disk_read_sec":363110,"disk_write_sec":139127,"disk_iops_sec":25,"io_wait":0,"open_files":0,"os_bytes_in_sec":839,"os_bytes_out_sec":1870,"total_procs":350},"count":1}},"date":1638289080,"epoch_div":27304818},{"groups":{"main":{"totals":{"load_avg":2.7861328125,"cpu_usage":100,"mem_used":8550653952,"mem_free":6921289728,"tcp_conns":105,"disk_usage_root":6.12,"disk_read_sec":27079748,"disk_write_sec":17467733,"disk_iops_sec":417,"io_wait":0,"open_files":0,"os_bytes_in_sec":18629,"os_bytes_out_sec":16569,"total_procs":359},"count":1}},"date":1638289140,"epoch_div":27304819},{"groups":{"main":{"totals":{"load_avg":2.39697265625,"cpu_usage":100,"mem_used":8448573440,"mem_free":6484844544,"tcp_conns":114,"disk_usage_root":6.12,"disk_read_sec":19615813,"disk_write_sec":28039133,"disk_iops_sec":419,"io_wait":0,"open_files":0,"os_bytes_in_sec":276043,"os_bytes_out_sec":25931,"total_procs":356},"count":1}},"date":1638289200,"epoch_div":27304820},{"groups":{"main":{"totals":{"load_avg":2.6201171875,"cpu_usage":100,"mem_used":8343203840,"mem_free":6469525504,"tcp_conns":112,"disk_usage_root":6.12,"disk_read_sec":6680234,"disk_write_sec":7790933,"disk_iops_sec":357,"io_wait":0,"open_files":0,"os_bytes_in_sec":48901,"os_bytes_out_sec":5504,"total_procs":387},"count":1}},"date":1638289260,"epoch_div":27304821},{"groups":{"main":{"totals":{"load_avg":2.54150390625,"cpu_usage":100,"mem_used":8416411648,"mem_free":6388416512,"tcp_conns":104,"disk_usage_root":6.12,"disk_read_sec":8308836,"disk_write_sec":8877844,"disk_iops_sec":179,"io_wait":0,"open_files":0,"os_bytes_in_sec":94327,"os_bytes_out_sec":22125,"total_procs":388},"count":1}},"date":1638289320,"epoch_div":27304822},{"groups":{"main":{"totals":{"load_avg":2.54736328125,"cpu_usage":100,"mem_used":8441532416,"mem_free":6384533504,"tcp_conns":96,"disk_usage_root":6.12,"disk_read_sec":866167,"disk_write_sec":139741,"disk_iops_sec":28,"io_wait":0,"open_files":0,"os_bytes_in_sec":1803,"os_bytes_out_sec":1877,"total_procs":386},"count":1}},"date":1638289380,"epoch_div":27304823},{"groups":{"main":{"totals":{"load_avg":2.2509765625,"cpu_usage":100,"mem_used":8525623296,"mem_free":6290739200,"tcp_conns":92,"disk_usage_root":6.12,"disk_read_sec":3430226,"disk_write_sec":5380894,"disk_iops_sec":124,"io_wait":0,"open_files":0,"os_bytes_in_sec":7896,"os_bytes_out_sec":13328,"total_procs":397},"count":1}},"date":1638289440,"epoch_div":27304824},{"groups":{"main":{"totals":{"load_avg":2.65966796875,"cpu_usage":100,"mem_used":8559042560,"mem_free":6361341952,"tcp_conns":100,"disk_usage_root":6.12,"disk_read_sec":14907358,"disk_write_sec":12125570,"disk_iops_sec":231,"io_wait":0,"open_files":0,"os_bytes_in_sec":325760,"os_bytes_out_sec":21055,"total_procs":400},"count":1}},"date":1638289500,"epoch_div":27304825},{"groups":{"main":{"totals":{"load_avg":6.23828125,"cpu_usage":100,"mem_used":8538521600,"mem_free":6270496768,"tcp_conns":92,"disk_usage_root":6.12,"disk_read_sec":4727330,"disk_write_sec":7643955,"disk_iops_sec":143,"io_wait":0,"open_files":0,"os_bytes_in_sec":15913,"os_bytes_out_sec":6329,"total_procs":415},"count":1}},"date":1638289560,"epoch_div":27304826},{"groups":{"main":{"totals":{"load_avg":3.5625,"cpu_usage":100,"mem_used":8568635392,"mem_free":6285750272,"tcp_conns":89,"disk_usage_root":6.12,"disk_read_sec":2562184,"disk_write_sec":2259626,"disk_iops_sec":53,"io_wait":0,"open_files":0,"os_bytes_in_sec":764198,"os_bytes_out_sec":9717,"total_procs":402},"count":1}},"date":1638289620,"epoch_div":27304827},{"groups":{"main":{"totals":{"load_avg":3.06787109375,"cpu_usage":100,"mem_used":8299167744,"mem_free":6882250752,"tcp_conns":103,"disk_usage_root":6.12,"disk_read_sec":21680878,"disk_write_sec":13116142,"disk_iops_sec":208,"io_wait":0,"open_files":0,"os_bytes_in_sec":22572,"os_bytes_out_sec":3946,"total_procs":407},"count":1}},"date":1638289680,"epoch_div":27304828},{"groups":{"main":{"totals":{"load_avg":3.02099609375,"cpu_usage":100,"mem_used":8570245120,"mem_free":6804766720,"tcp_conns":102,"disk_usage_root":6.12,"disk_read_sec":1901021,"disk_write_sec":160904,"disk_iops_sec":37,"io_wait":0,"open_files":0,"os_bytes_in_sec":2230,"os_bytes_out_sec":3412,"total_procs":406},"count":1}},"date":1638289740,"epoch_div":27304829},{"groups":{"main":{"totals":{"load_avg":2.25634765625,"cpu_usage":100,"mem_used":8565559296,"mem_free":6840823808,"tcp_conns":98,"disk_usage_root":6.12,"disk_read_sec":8547737,"disk_write_sec":8900949,"disk_iops_sec":108,"io_wait":0,"open_files":0,"os_bytes_in_sec":69201,"os_bytes_out_sec":4110,"total_procs":407},"count":1}},"date":1638289800,"epoch_div":27304830},{"groups":{"main":{"totals":{"load_avg":2.869140625,"cpu_usage":100,"mem_used":8562864128,"mem_free":6884425728,"tcp_conns":104,"disk_usage_root":6.12,"disk_read_sec":2474261,"disk_write_sec":343578,"disk_iops_sec":104,"io_wait":0,"open_files":0,"os_bytes_in_sec":4217,"os_bytes_out_sec":6869,"total_procs":409},"count":1}},"date":1638289860,"epoch_div":27304831},{"groups":{"main":{"totals":{"load_avg":3.1669921875,"cpu_usage":100,"mem_used":7836291072,"mem_free":6759800832,"tcp_conns":118,"disk_usage_root":6.12,"disk_read_sec":3545156,"disk_write_sec":16681779,"disk_iops_sec":183,"io_wait":0,"open_files":0,"os_bytes_in_sec":9422,"os_bytes_out_sec":12426,"total_procs":409},"count":1}},"date":1638289920,"epoch_div":27304832},{"groups":{"main":{"totals":{"load_avg":2.6611328125,"cpu_usage":100,"mem_used":8113520640,"mem_free":6571458560,"tcp_conns":110,"disk_usage_root":6.12,"disk_read_sec":3068381,"disk_write_sec":164864,"disk_iops_sec":42,"io_wait":0,"open_files":0,"os_bytes_in_sec":1674,"os_bytes_out_sec":2979,"total_procs":407},"count":1}},"date":1638289980,"epoch_div":27304833},{"groups":{"main":{"totals":{"load_avg":2.8671875,"cpu_usage":100,"mem_used":8286359552,"mem_free":6481842176,"tcp_conns":108,"disk_usage_root":6.12,"disk_read_sec":1201336,"disk_write_sec":184454,"disk_iops_sec":36,"io_wait":0,"open_files":0,"os_bytes_in_sec":1509,"os_bytes_out_sec":2758,"total_procs":410},"count":1}},"date":1638290040,"epoch_div":27304834},{"groups":{"main":{"totals":{"load_avg":2.62255859375,"cpu_usage":100,"mem_used":8514863104,"mem_free":6476079104,"tcp_conns":108,"disk_usage_root":6.12,"disk_read_sec":1731310,"disk_write_sec":151074,"disk_iops_sec":34,"io_wait":0,"open_files":0,"os_bytes_in_sec":1610,"os_bytes_out_sec":2719,"total_procs":406},"count":1}},"date":1638290100,"epoch_div":27304835},{"groups":{"main":{"totals":{"load_avg":2.23486328125,"cpu_usage":100,"mem_used":8560316416,"mem_free":6466842624,"tcp_conns":105,"disk_usage_root":6.12,"disk_read_sec":1133158,"disk_write_sec":168686,"disk_iops_sec":66,"io_wait":0,"open_files":0,"os_bytes_in_sec":1527,"os_bytes_out_sec":2670,"total_procs":407},"count":1}},"date":1638290160,"epoch_div":27304836},{"groups":{"main":{"totals":{"load_avg":2.30712890625,"cpu_usage":100,"mem_used":8281473024,"mem_free":6519611392,"tcp_conns":119,"disk_usage_root":6.12,"disk_read_sec":8988398,"disk_write_sec":7789363,"disk_iops_sec":396,"io_wait":0,"open_files":0,"os_bytes_in_sec":44905,"os_bytes_out_sec":13696,"total_procs":415},"count":1}},"date":1638290220,"epoch_div":27304837},{"groups":{"main":{"totals":{"load_avg":3.662109375,"cpu_usage":100,"mem_used":8520814592,"mem_free":6341320704,"tcp_conns":125,"disk_usage_root":6.12,"disk_read_sec":8648362,"disk_write_sec":7752772,"disk_iops_sec":305,"io_wait":0,"open_files":0,"os_bytes_in_sec":58608,"os_bytes_out_sec":11774,"total_procs":417},"count":1}},"date":1638290280,"epoch_div":27304838},{"groups":{"main":{"totals":{"load_avg":2.8466796875,"cpu_usage":100,"mem_used":8469045248,"mem_free":6367682560,"tcp_conns":122,"disk_usage_root":6.12,"disk_read_sec":19113710,"disk_write_sec":7720140,"disk_iops_sec":784,"io_wait":0,"open_files":0,"os_bytes_in_sec":40018,"os_bytes_out_sec":6269,"total_procs":439},"count":1}},"date":1638290340,"epoch_div":27304839},{"groups":{"main":{"totals":{"load_avg":2.828125,"cpu_usage":100,"mem_used":8488624128,"mem_free":6508093440,"tcp_conns":273,"disk_usage_root":6.12,"disk_read_sec":10984652,"disk_write_sec":10144153,"disk_iops_sec":328,"io_wait":0,"open_files":0,"os_bytes_in_sec":173971,"os_bytes_out_sec":54515,"total_procs":456},"count":1}},"date":1638290400,"epoch_div":27304840},{"groups":{"main":{"totals":{"load_avg":3.0966796875,"cpu_usage":100,"mem_used":8477921280,"mem_free":6313357312,"tcp_conns":256,"disk_usage_root":6.12,"disk_read_sec":5965892,"disk_write_sec":2212181,"disk_iops_sec":238,"io_wait":0,"open_files":0,"os_bytes_in_sec":29629,"os_bytes_out_sec":33267,"total_procs":451},"count":1}},"date":1638290460,"epoch_div":27304841},{"groups":{"main":{"totals":{"load_avg":2.98291015625,"cpu_usage":100,"mem_used":8543723520,"mem_free":6424748032,"tcp_conns":276,"disk_usage_root":6.12,"disk_read_sec":6134237,"disk_write_sec":2502451,"disk_iops_sec":183,"io_wait":0,"open_files":0,"os_bytes_in_sec":41445,"os_bytes_out_sec":41778,"total_procs":452},"count":1}},"date":1638290520,"epoch_div":27304842},{"groups":{"main":{"totals":{"load_avg":2.14697265625,"cpu_usage":100,"mem_used":8406118400,"mem_free":6422585344,"tcp_conns":272,"disk_usage_root":6.12,"disk_read_sec":5807923,"disk_write_sec":4711970,"disk_iops_sec":178,"io_wait":0,"open_files":0,"os_bytes_in_sec":29325,"os_bytes_out_sec":31340,"total_procs":458},"count":1}},"date":1638290580,"epoch_div":27304843},{"groups":{"main":{"totals":{"load_avg":12.04833984375,"cpu_usage":100,"mem_used":8423870464,"mem_free":6916755456,"tcp_conns":244,"disk_usage_root":6.12,"disk_read_sec":41182481,"disk_write_sec":25987208,"disk_iops_sec":449,"io_wait":0,"open_files":0,"os_bytes_in_sec":37484,"os_bytes_out_sec":37094,"total_procs":437},"count":1}},"date":1638290640,"epoch_div":27304844},{"groups":{"main":{"totals":{"load_avg":8.27734375,"cpu_usage":100,"mem_used":8523923456,"mem_free":6562340864,"tcp_conns":185,"disk_usage_root":6.12,"disk_read_sec":10697140,"disk_write_sec":21750968,"disk_iops_sec":233,"io_wait":0,"open_files":0,"os_bytes_in_sec":413589,"os_bytes_out_sec":23586,"total_procs":394},"count":1}},"date":1638290700,"epoch_div":27304845},{"groups":{"main":{"totals":{"load_avg":5.40478515625,"cpu_usage":100,"mem_used":8307617792,"mem_free":6197293056,"tcp_conns":203,"disk_usage_root":6.12,"disk_read_sec":9307014,"disk_write_sec":14789336,"disk_iops_sec":263,"io_wait":0,"open_files":0,"os_bytes_in_sec":320420,"os_bytes_out_sec":26356,"total_procs":397},"count":1}},"date":1638290760,"epoch_div":27304846},{"groups":{"main":{"totals":{"load_avg":3.90185546875,"cpu_usage":100,"mem_used":8271298560,"mem_free":6570479616,"tcp_conns":180,"disk_usage_root":6.12,"disk_read_sec":32685943,"disk_write_sec":25156881,"disk_iops_sec":375,"io_wait":0,"open_files":0,"os_bytes_in_sec":24595,"os_bytes_out_sec":24739,"total_procs":395},"count":1}},"date":1638290820,"epoch_div":27304847},{"groups":{"main":{"totals":{"load_avg":5.275390625,"cpu_usage":100,"mem_used":8028024832,"mem_free":6533152768,"tcp_conns":180,"disk_usage_root":6.12,"disk_read_sec":4516864,"disk_write_sec":5128738,"disk_iops_sec":158,"io_wait":0,"open_files":0,"os_bytes_in_sec":68295,"os_bytes_out_sec":20796,"total_procs":395},"count":1}},"date":1638290880,"epoch_div":27304848},{"groups":{"main":{"totals":{"load_avg":5.14111328125,"cpu_usage":100,"mem_used":8178692096,"mem_free":6400630784,"tcp_conns":190,"disk_usage_root":6.12,"disk_read_sec":11661380,"disk_write_sec":10820471,"disk_iops_sec":205,"io_wait":0,"open_files":0,"os_bytes_in_sec":20397,"os_bytes_out_sec":25360,"total_procs":397},"count":1}},"date":1638290940,"epoch_div":27304849},{"groups":{"main":{"totals":{"load_avg":4.50048828125,"cpu_usage":100,"mem_used":8524730368,"mem_free":6279503872,"tcp_conns":205,"disk_usage_root":6.12,"disk_read_sec":22587869,"disk_write_sec":19582839,"disk_iops_sec":387,"io_wait":0,"open_files":0,"os_bytes_in_sec":56319,"os_bytes_out_sec":24546,"total_procs":406},"count":1}},"date":1638291000,"epoch_div":27304850},{"groups":{"main":{"totals":{"load_avg":4.34619140625,"cpu_usage":100,"mem_used":8500445184,"mem_free":6114938880,"tcp_conns":229,"disk_usage_root":6.12,"disk_read_sec":7287876,"disk_write_sec":7735159,"disk_iops_sec":167,"io_wait":0,"open_files":0,"os_bytes_in_sec":27644,"os_bytes_out_sec":27567,"total_procs":407},"count":1}},"date":1638291060,"epoch_div":27304851},{"groups":{"main":{"totals":{"load_avg":4.0048828125,"cpu_usage":100,"mem_used":8557178880,"mem_free":6297149440,"tcp_conns":194,"disk_usage_root":6.12,"disk_read_sec":17701341,"disk_write_sec":9862348,"disk_iops_sec":350,"io_wait":0,"open_files":0,"os_bytes_in_sec":14568,"os_bytes_out_sec":20966,"total_procs":405},"count":1}},"date":1638291120,"epoch_div":27304852},{"groups":{"main":{"totals":{"load_avg":8.19287109375,"cpu_usage":100,"mem_used":8230891520,"mem_free":6296174592,"tcp_conns":209,"disk_usage_root":6.12,"disk_read_sec":23199197,"disk_write_sec":25334442,"disk_iops_sec":397,"io_wait":0,"open_files":0,"os_bytes_in_sec":30254,"os_bytes_out_sec":36480,"total_procs":417},"count":1}},"date":1638291180,"epoch_div":27304853},{"groups":{"main":{"totals":{"load_avg":9.828125,"cpu_usage":100,"mem_used":8560975872,"mem_free":6505328640,"tcp_conns":227,"disk_usage_root":6.12,"disk_read_sec":7710962,"disk_write_sec":296786,"disk_iops_sec":138,"io_wait":0,"open_files":0,"os_bytes_in_sec":43797,"os_bytes_out_sec":29462,"total_procs":407},"count":1}},"date":1638291240,"epoch_div":27304854},{"groups":{"main":{"totals":{"load_avg":7.55419921875,"cpu_usage":100,"mem_used":8494030848,"mem_free":6826864640,"tcp_conns":220,"disk_usage_root":6.12,"disk_read_sec":41837733,"disk_write_sec":28640685,"disk_iops_sec":520,"io_wait":0,"open_files":0,"os_bytes_in_sec":27779,"os_bytes_out_sec":25371,"total_procs":409},"count":1}},"date":1638291300,"epoch_div":27304855},{"groups":{"main":{"totals":{"load_avg":4.61181640625,"cpu_usage":100,"mem_used":8395100160,"mem_free":6492676096,"tcp_conns":213,"disk_usage_root":6.12,"disk_read_sec":34084898,"disk_write_sec":37132669,"disk_iops_sec":626,"io_wait":0,"open_files":0,"os_bytes_in_sec":57764,"os_bytes_out_sec":30748,"total_procs":417},"count":1}},"date":1638291360,"epoch_div":27304856},{"groups":{"main":{"totals":{"load_avg":2.9912109375,"cpu_usage":100,"mem_used":8256237568,"mem_free":6235320320,"tcp_conns":193,"disk_usage_root":6.12,"disk_read_sec":28325614,"disk_write_sec":31929890,"disk_iops_sec":446,"io_wait":0,"open_files":0,"os_bytes_in_sec":23299,"os_bytes_out_sec":16071,"total_procs":429},"count":1}},"date":1638291420,"epoch_div":27304857},{"groups":{"main":{"totals":{"load_avg":8.30517578125,"cpu_usage":100,"mem_used":8475987968,"mem_free":6137982976,"tcp_conns":215,"disk_usage_root":6.12,"disk_read_sec":17618944,"disk_write_sec":19479893,"disk_iops_sec":520,"io_wait":0,"open_files":0,"os_bytes_in_sec":281281,"os_bytes_out_sec":33550,"total_procs":436},"count":1}},"date":1638291480,"epoch_div":27304858},{"groups":{"main":{"totals":{"load_avg":7.8994140625,"cpu_usage":100,"mem_used":8405041152,"mem_free":6360092672,"tcp_conns":176,"disk_usage_root":6.12,"disk_read_sec":12450542,"disk_write_sec":15860872,"disk_iops_sec":1506,"io_wait":0,"open_files":0,"os_bytes_in_sec":1349791,"os_bytes_out_sec":60326,"total_procs":438},"count":1}},"date":1638291540,"epoch_div":27304859},{"groups":{"main":{"totals":{"load_avg":9.77392578125,"cpu_usage":100,"mem_used":8427036672,"mem_free":6368882688,"tcp_conns":168,"disk_usage_root":6.12,"disk_read_sec":8196232,"disk_write_sec":3220411,"disk_iops_sec":297,"io_wait":0,"open_files":0,"os_bytes_in_sec":13192,"os_bytes_out_sec":18476,"total_procs":434},"count":1}},"date":1638291600,"epoch_div":27304860},{"groups":{"main":{"totals":{"load_avg":7.91845703125,"cpu_usage":100,"mem_used":8247500800,"mem_free":6125150208,"tcp_conns":204,"disk_usage_root":6.12,"disk_read_sec":23699114,"disk_write_sec":27829179,"disk_iops_sec":417,"io_wait":0,"open_files":0,"os_bytes_in_sec":40441,"os_bytes_out_sec":30351,"total_procs":422},"count":1}},"date":1638291660,"epoch_div":27304861},{"groups":{"main":{"totals":{"load_avg":10.02685546875,"cpu_usage":100,"mem_used":8479485952,"mem_free":6264614912,"tcp_conns":173,"disk_usage_root":6.12,"disk_read_sec":10584064,"disk_write_sec":207394,"disk_iops_sec":230,"io_wait":0,"open_files":0,"os_bytes_in_sec":19706,"os_bytes_out_sec":29729,"total_procs":423},"count":1}},"date":1638291720,"epoch_div":27304862},{"groups":{"main":{"totals":{"load_avg":5.46533203125,"cpu_usage":100,"mem_used":8554086400,"mem_free":6429933568,"tcp_conns":159,"disk_usage_root":6.12,"disk_read_sec":9000618,"disk_write_sec":233745,"disk_iops_sec":233,"io_wait":0,"open_files":0,"os_bytes_in_sec":6244,"os_bytes_out_sec":10257,"total_procs":422},"count":1}},"date":1638291780,"epoch_div":27304863},{"groups":{"main":{"totals":{"load_avg":3.18603515625,"cpu_usage":100,"mem_used":8480133120,"mem_free":6471548928,"tcp_conns":196,"disk_usage_root":6.12,"disk_read_sec":8458376,"disk_write_sec":646894,"disk_iops_sec":913,"io_wait":0,"open_files":0,"os_bytes_in_sec":21583,"os_bytes_out_sec":22277,"total_procs":420},"count":1}},"date":1638291840,"epoch_div":27304864},{"groups":{"main":{"totals":{"load_avg":1.990234375,"cpu_usage":100,"mem_used":8472829952,"mem_free":6418456576,"tcp_conns":167,"disk_usage_root":6.12,"disk_read_sec":8613683,"disk_write_sec":8102775,"disk_iops_sec":139,"io_wait":0,"open_files":0,"os_bytes_in_sec":11960,"os_bytes_out_sec":24193,"total_procs":421},"count":1}},"date":1638291900,"epoch_div":27304865},{"groups":{"main":{"totals":{"load_avg":1.81689453125,"cpu_usage":100,"mem_used":8568598528,"mem_free":6416232448,"tcp_conns":156,"disk_usage_root":6.12,"disk_read_sec":1355980,"disk_write_sec":404684,"disk_iops_sec":45,"io_wait":0,"open_files":0,"os_bytes_in_sec":9428,"os_bytes_out_sec":16731,"total_procs":426},"count":1}},"date":1638291960,"epoch_div":27304866},{"groups":{"main":{"totals":{"load_avg":2.18798828125,"cpu_usage":100,"mem_used":8492859392,"mem_free":6397595648,"tcp_conns":129,"disk_usage_root":6.12,"disk_read_sec":2966459,"disk_write_sec":4484300,"disk_iops_sec":79,"io_wait":0,"open_files":0,"os_bytes_in_sec":1229,"os_bytes_out_sec":1751,"total_procs":425},"count":1}},"date":1638292020,"epoch_div":27304867},{"groups":{"main":{"totals":{"load_avg":3.50732421875,"cpu_usage":100,"mem_used":8491597824,"mem_free":6323765248,"tcp_conns":146,"disk_usage_root":6.12,"disk_read_sec":5472950,"disk_write_sec":6021050,"disk_iops_sec":167,"io_wait":0,"open_files":0,"os_bytes_in_sec":10125,"os_bytes_out_sec":15494,"total_procs":426},"count":1}},"date":1638292080,"epoch_div":27304868},{"groups":{"main":{"totals":{"load_avg":3.7353515625,"cpu_usage":100,"mem_used":8454885376,"mem_free":6326038528,"tcp_conns":150,"disk_usage_root":6.12,"disk_read_sec":2413819,"disk_write_sec":3104768,"disk_iops_sec":65,"io_wait":0,"open_files":0,"os_bytes_in_sec":7124,"os_bytes_out_sec":9911,"total_procs":426},"count":1}},"date":1638292140,"epoch_div":27304869},{"groups":{"main":{"totals":{"load_avg":3.5224609375,"cpu_usage":100,"mem_used":8527867904,"mem_free":6304915456,"tcp_conns":159,"disk_usage_root":6.12,"disk_read_sec":2024516,"disk_write_sec":911223,"disk_iops_sec":49,"io_wait":0,"open_files":0,"os_bytes_in_sec":12039,"os_bytes_out_sec":14255,"total_procs":425},"count":1}},"date":1638292200,"epoch_div":27304870},{"groups":{"main":{"totals":{"load_avg":3.24072265625,"cpu_usage":100,"mem_used":8569516032,"mem_free":6285488128,"tcp_conns":131,"disk_usage_root":6.12,"disk_read_sec":781038,"disk_write_sec":222139,"disk_iops_sec":36,"io_wait":0,"open_files":0,"os_bytes_in_sec":5660,"os_bytes_out_sec":10177,"total_procs":425},"count":1}},"date":1638292260,"epoch_div":27304871},{"groups":{"main":{"totals":{"load_avg":2.74169921875,"cpu_usage":100,"mem_used":8168001536,"mem_free":6347595776,"tcp_conns":148,"disk_usage_root":6.12,"disk_read_sec":5039650,"disk_write_sec":10330112,"disk_iops_sec":104,"io_wait":0,"open_files":0,"os_bytes_in_sec":8146,"os_bytes_out_sec":12559,"total_procs":425},"count":1}},"date":1638292320,"epoch_div":27304872},{"groups":{"main":{"totals":{"load_avg":3.86328125,"cpu_usage":100,"mem_used":8362758144,"mem_free":6234734592,"tcp_conns":160,"disk_usage_root":6.12,"disk_read_sec":3218500,"disk_write_sec":148480,"disk_iops_sec":98,"io_wait":0,"open_files":0,"os_bytes_in_sec":8660,"os_bytes_out_sec":14879,"total_procs":429},"count":1}},"date":1638292380,"epoch_div":27304873},{"groups":{"main":{"totals":{"load_avg":4.048828125,"cpu_usage":100,"mem_used":8449204224,"mem_free":6218014720,"tcp_conns":160,"disk_usage_root":6.12,"disk_read_sec":1100526,"disk_write_sec":181384,"disk_iops_sec":34,"io_wait":0,"open_files":0,"os_bytes_in_sec":16426,"os_bytes_out_sec":33317,"total_procs":428},"count":1}},"date":1638292440,"epoch_div":27304874},{"groups":{"main":{"totals":{"load_avg":3.1142578125,"cpu_usage":100,"mem_used":8546369536,"mem_free":6268026880,"tcp_conns":135,"disk_usage_root":6.12,"disk_read_sec":5560183,"disk_write_sec":221525,"disk_iops_sec":182,"io_wait":0,"open_files":0,"os_bytes_in_sec":2116,"os_bytes_out_sec":4654,"total_procs":428},"count":1}},"date":1638292500,"epoch_div":27304875},{"groups":{"main":{"totals":{"load_avg":2.79052734375,"cpu_usage":100,"mem_used":8261537792,"mem_free":6204231680,"tcp_conns":150,"disk_usage_root":6.12,"disk_read_sec":5106414,"disk_write_sec":8615185,"disk_iops_sec":172,"io_wait":0,"open_files":0,"os_bytes_in_sec":15157,"os_bytes_out_sec":15801,"total_procs":431},"count":1}},"date":1638292560,"epoch_div":27304876},{"groups":{"main":{"totals":{"load_avg":3.2109375,"cpu_usage":100,"mem_used":8361099264,"mem_free":6174220288,"tcp_conns":140,"disk_usage_root":6.12,"disk_read_sec":1006114,"disk_write_sec":200772,"disk_iops_sec":65,"io_wait":0,"open_files":0,"os_bytes_in_sec":14467,"os_bytes_out_sec":14168,"total_procs":427},"count":1}},"date":1638292620,"epoch_div":27304877},{"groups":{"main":{"totals":{"load_avg":3.55322265625,"cpu_usage":100,"mem_used":8411918336,"mem_free":6180139008,"tcp_conns":136,"disk_usage_root":6.12,"disk_read_sec":1220676,"disk_write_sec":130730,"disk_iops_sec":25,"io_wait":0,"open_files":0,"os_bytes_in_sec":9142,"os_bytes_out_sec":15552,"total_procs":427},"count":1}},"date":1638292680,"epoch_div":27304878},{"groups":{"main":{"totals":{"load_avg":2.90380859375,"cpu_usage":100,"mem_used":8561647616,"mem_free":6228979712,"tcp_conns":126,"disk_usage_root":6.12,"disk_read_sec":3298781,"disk_write_sec":952593,"disk_iops_sec":47,"io_wait":0,"open_files":0,"os_bytes_in_sec":4026,"os_bytes_out_sec":5664,"total_procs":428},"count":1}},"date":1638292740,"epoch_div":27304879},{"groups":{"main":{"totals":{"load_avg":2.16650390625,"cpu_usage":100,"mem_used":8567713792,"mem_free":6225088512,"tcp_conns":119,"disk_usage_root":6.12,"disk_read_sec":722602,"disk_write_sec":1100049,"disk_iops_sec":53,"io_wait":0,"open_files":0,"os_bytes_in_sec":1418,"os_bytes_out_sec":2300,"total_procs":424},"count":1}},"date":1638292800,"epoch_div":27304880},{"groups":{"main":{"totals":{"load_avg":2.16064453125,"cpu_usage":100,"mem_used":8547287040,"mem_free":6206263296,"tcp_conns":114,"disk_usage_root":6.12,"disk_read_sec":1150634,"disk_write_sec":1433395,"disk_iops_sec":43,"io_wait":0,"open_files":0,"os_bytes_in_sec":4477,"os_bytes_out_sec":8369,"total_procs":424},"count":1}},"date":1638292860,"epoch_div":27304881},{"groups":{"main":{"totals":{"load_avg":2.29931640625,"cpu_usage":100,"mem_used":8232857600,"mem_free":6190010368,"tcp_conns":107,"disk_usage_root":6.12,"disk_read_sec":2697284,"disk_write_sec":5733102,"disk_iops_sec":111,"io_wait":0,"open_files":0,"os_bytes_in_sec":1320,"os_bytes_out_sec":2594,"total_procs":425},"count":1}},"date":1638292920,"epoch_div":27304882},{"groups":{"main":{"totals":{"load_avg":3.60498046875,"cpu_usage":100,"mem_used":8331419648,"mem_free":6168637440,"tcp_conns":142,"disk_usage_root":6.12,"disk_read_sec":1146675,"disk_write_sec":134690,"disk_iops_sec":25,"io_wait":0,"open_files":0,"os_bytes_in_sec":11907,"os_bytes_out_sec":13959,"total_procs":425},"count":1}},"date":1638292980,"epoch_div":27304883},{"groups":{"main":{"totals":{"load_avg":2.595703125,"cpu_usage":100,"mem_used":8216907776,"mem_free":6183325696,"tcp_conns":125,"disk_usage_root":6.12,"disk_read_sec":5447884,"disk_write_sec":4757913,"disk_iops_sec":169,"io_wait":0,"open_files":0,"os_bytes_in_sec":6416,"os_bytes_out_sec":6869,"total_procs":426},"count":1}},"date":1638293040,"epoch_div":27304884},{"groups":{"main":{"totals":{"load_avg":2.44189453125,"cpu_usage":100,"mem_used":8312221696,"mem_free":6148427776,"tcp_conns":119,"disk_usage_root":6.12,"disk_read_sec":1723652,"disk_write_sec":250411,"disk_iops_sec":82,"io_wait":0,"open_files":0,"os_bytes_in_sec":6197,"os_bytes_out_sec":9903,"total_procs":426},"count":1}},"date":1638293100,"epoch_div":27304885},{"groups":{"main":{"totals":{"load_avg":2.33740234375,"cpu_usage":100,"mem_used":8384434176,"mem_free":6144110592,"tcp_conns":133,"disk_usage_root":6.12,"disk_read_sec":1118275,"disk_write_sec":126774,"disk_iops_sec":68,"io_wait":0,"open_files":0,"os_bytes_in_sec":6971,"os_bytes_out_sec":10912,"total_procs":426},"count":1}},"date":1638293160,"epoch_div":27304886},{"groups":{"main":{"totals":{"load_avg":2.19189453125,"cpu_usage":100,"mem_used":8475312128,"mem_free":6141673472,"tcp_conns":132,"disk_usage_root":6.12,"disk_read_sec":2659601,"disk_write_sec":152029,"disk_iops_sec":92,"io_wait":0,"open_files":0,"os_bytes_in_sec":9634,"os_bytes_out_sec":16513,"total_procs":428},"count":1}},"date":1638293220,"epoch_div":27304887},{"groups":{"main":{"totals":{"load_avg":2.15283203125,"cpu_usage":100,"mem_used":8433659904,"mem_free":6133710848,"tcp_conns":126,"disk_usage_root":6.12,"disk_read_sec":6637636,"disk_write_sec":3718348,"disk_iops_sec":201,"io_wait":0,"open_files":0,"os_bytes_in_sec":6039,"os_bytes_out_sec":11241,"total_procs":428},"count":1}},"date":1638293280,"epoch_div":27304888},{"groups":{"main":{"totals":{"load_avg":2.2509765625,"cpu_usage":100,"mem_used":8435445760,"mem_free":6133792768,"tcp_conns":116,"disk_usage_root":6.12,"disk_read_sec":455836,"disk_write_sec":129405,"disk_iops_sec":28,"io_wait":0,"open_files":0,"os_bytes_in_sec":7271,"os_bytes_out_sec":15413,"total_procs":426},"count":1}},"date":1638293340,"epoch_div":27304889},{"groups":{"main":{"totals":{"load_avg":2.18212890625,"cpu_usage":100,"mem_used":8522489856,"mem_free":6166749184,"tcp_conns":108,"disk_usage_root":6.12,"disk_read_sec":5634350,"disk_write_sec":4707982,"disk_iops_sec":79,"io_wait":0,"open_files":0,"os_bytes_in_sec":1106,"os_bytes_out_sec":1964,"total_procs":425},"count":1}},"date":1638293400,"epoch_div":27304890},{"groups":{"main":{"totals":{"load_avg":2.6201171875,"cpu_usage":100,"mem_used":8549732352,"mem_free":6170910720,"tcp_conns":122,"disk_usage_root":6.12,"disk_read_sec":2220714,"disk_write_sec":1565422,"disk_iops_sec":96,"io_wait":0,"open_files":0,"os_bytes_in_sec":5985,"os_bytes_out_sec":8674,"total_procs":426},"count":1}},"date":1638293460,"epoch_div":27304891},{"groups":{"main":{"totals":{"load_avg":2.40966796875,"cpu_usage":100,"mem_used":8426631168,"mem_free":6735118336,"tcp_conns":84,"disk_usage_root":6.12,"disk_read_sec":24855756,"disk_write_sec":15205580,"disk_iops_sec":282,"io_wait":0,"open_files":0,"os_bytes_in_sec":4555,"os_bytes_out_sec":8123,"total_procs":428},"count":1}},"date":1638293700,"epoch_div":27304895},{"groups":{"main":{"totals":{"load_avg":2.453125,"cpu_usage":100,"mem_used":8514183168,"mem_free":6886797312,"tcp_conns":87,"disk_usage_root":6.12,"disk_read_sec":6500159,"disk_write_sec":6853623,"disk_iops_sec":74,"io_wait":0,"open_files":0,"os_bytes_in_sec":318,"os_bytes_out_sec":507,"total_procs":442},"count":1}},"date":1638293700,"epoch_div":27304895},{"groups":{"main":{"totals":{"load_avg":12.02587890625,"cpu_usage":100,"mem_used":8460804096,"mem_free":7232397312,"tcp_conns":87,"disk_usage_root":6.12,"disk_read_sec":244727808,"disk_write_sec":182332074,"disk_iops_sec":2654,"io_wait":0,"open_files":0,"os_bytes_in_sec":5316,"os_bytes_out_sec":7546,"total_procs":441},"count":1}},"date":1638293760,"epoch_div":27304896},{"groups":{"main":{"totals":{"load_avg":5.296875,"cpu_usage":100,"mem_used":8080490496,"mem_free":6660898816,"tcp_conns":117,"disk_usage_root":6.12,"disk_read_sec":54827554,"disk_write_sec":60567961,"disk_iops_sec":771,"io_wait":0,"open_files":0,"os_bytes_in_sec":77030,"os_bytes_out_sec":23756,"total_procs":439},"count":1}},"date":1638293820,"epoch_div":27304897},{"groups":{"main":{"totals":{"load_avg":4.91015625,"cpu_usage":100,"mem_used":8564367360,"mem_free":6612779008,"tcp_conns":169,"disk_usage_root":6.12,"disk_read_sec":19112686,"disk_write_sec":10713019,"disk_iops_sec":311,"io_wait":0,"open_files":0,"os_bytes_in_sec":83053,"os_bytes_out_sec":22298,"total_procs":440},"count":1}},"date":1638293880,"epoch_div":27304898}]}