{"type":"list_page","items":[{"date":1637024400,"epoch_div":27283740,"totals":{"load_avg":2.37158203125,"cpu_usage":100,"mem_used":8444411904,"mem_free":6376890368,"tcp_conns":92,"disk_usage_root":6.12,"disk_read_sec":411511,"disk_write_sec":179746,"disk_iops_sec":59,"io_wait":0,"open_files":0,"os_bytes_in_sec":3028,"os_bytes_out_sec":5062,"total_procs":507},"count":1},{"date":1637024460,"epoch_div":27283741,"totals":{"load_avg":3.04248046875,"cpu_usage":100,"mem_used":8544464896,"mem_free":6412427264,"tcp_conns":92,"disk_usage_root":6.12,"disk_read_sec":5767509,"disk_write_sec":1009186,"disk_iops_sec":189,"io_wait":0,"open_files":0,"os_bytes_in_sec":4349,"os_bytes_out_sec":8144,"total_procs":507},"count":1},{"date":1637024520,"epoch_div":27283742,"totals":{"load_avg":2.578125,"cpu_usage":100,"mem_used":8560857088,"mem_free":6335275008,"tcp_conns":88,"disk_usage_root":6.12,"disk_read_sec":169779,"disk_write_sec":150937,"disk_iops_sec":26,"io_wait":0,"open_files":0,"os_bytes_in_sec":2904,"os_bytes_out_sec":5180,"total_procs":508},"count":1},{"date":1637024580,"epoch_div":27283743,"totals":{"load_avg":2.56982421875,"cpu_usage":100,"mem_used":8566575104,"mem_free":6394916864,"tcp_conns":84,"disk_usage_root":6.12,"disk_read_sec":97553,"disk_write_sec":176947,"disk_iops_sec":34,"io_wait":0,"open_files":0,"os_bytes_in_sec":1787,"os_bytes_out_sec":5635,"total_procs":509},"count":1},{"date":1637024640,"epoch_div":27283744,"totals":{"load_avg":3.00390625,"cpu_usage":100,"mem_used":8560914432,"mem_free":6405140480,"tcp_conns":72,"disk_usage_root":6.12,"disk_read_sec":164044,"disk_write_sec":125132,"disk_iops_sec":27,"io_wait":0,"open_files":0,"os_bytes_in_sec":901,"os_bytes_out_sec":2573,"total_procs":507},"count":1},{"date":1637024700,"epoch_div":27283745,"totals":{"load_avg":2.826171875,"cpu_usage":100,"mem_used":8568201216,"mem_free":6554836992,"tcp_conns":78,"disk_usage_root":6.12,"disk_read_sec":2989192,"disk_write_sec":382020,"disk_iops_sec":173,"io_wait":0,"open_files":0,"os_bytes_in_sec":23198,"os_bytes_out_sec":10017,"total_procs":512},"count":1},{"date":1637024760,"epoch_div":27283746,"totals":{"load_avg":2.21630859375,"cpu_usage":100,"mem_used":8560578560,"mem_free":6498996224,"tcp_conns":83,"disk_usage_root":6.12,"disk_read_sec":1842312,"disk_write_sec":407552,"disk_iops_sec":130,"io_wait":0,"open_files":0,"os_bytes_in_sec":47318,"os_bytes_out_sec":24931,"total_procs":510},"count":1},{"date":1637024820,"epoch_div":27283747,"totals":{"load_avg":1.96630859375,"cpu_usage":100,"mem_used":8553799680,"mem_free":6581559296,"tcp_conns":86,"disk_usage_root":6.12,"disk_read_sec":232448,"disk_write_sec":830395,"disk_iops_sec":49,"io_wait":0,"open_files":0,"os_bytes_in_sec":6167,"os_bytes_out_sec":13049,"total_procs":519},"count":1},{"date":1637024880,"epoch_div":27283748,"totals":{"load_avg":2.087890625,"cpu_usage":100,"mem_used":8560943104,"mem_free":6607138816,"tcp_conns":91,"disk_usage_root":6.12,"disk_read_sec":208349,"disk_write_sec":871014,"disk_iops_sec":71,"io_wait":0,"open_files":0,"os_bytes_in_sec":5500,"os_bytes_out_sec":6616,"total_procs":513},"count":1},{"date":1637024940,"epoch_div":27283749,"totals":{"load_avg":2.8046875,"cpu_usage":100,"mem_used":8563990528,"mem_free":6606692352,"tcp_conns":85,"disk_usage_root":6.12,"disk_read_sec":1503846,"disk_write_sec":1625907,"disk_iops_sec":102,"io_wait":0,"open_files":0,"os_bytes_in_sec":6379,"os_bytes_out_sec":3463,"total_procs":512},"count":1},{"date":1637025000,"epoch_div":27283750,"totals":{"load_avg":2.65087890625,"cpu_usage":100,"mem_used":8485142528,"mem_free":6595481600,"tcp_conns":100,"disk_usage_root":6.12,"disk_read_sec":3006464,"disk_write_sec":4067669,"disk_iops_sec":192,"io_wait":0,"open_files":0,"os_bytes_in_sec":117876,"os_bytes_out_sec":11084,"total_procs":515},"count":1},{"date":1637025060,"epoch_div":27283751,"totals":{"load_avg":3.3173828125,"cpu_usage":100,"mem_used":8466161664,"mem_free":6602231808,"tcp_conns":97,"disk_usage_root":6.12,"disk_read_sec":471790,"disk_write_sec":1677926,"disk_iops_sec":168,"io_wait":0,"open_files":0,"os_bytes_in_sec":205972,"os_bytes_out_sec":12225,"total_procs":513},"count":1},{"date":1637025120,"epoch_div":27283752,"totals":{"load_avg":2.76416015625,"cpu_usage":100,"mem_used":8354963456,"mem_free":6577213440,"tcp_conns":104,"disk_usage_root":6.12,"disk_read_sec":4450372,"disk_write_sec":716731,"disk_iops_sec":221,"io_wait":0,"open_files":0,"os_bytes_in_sec":52640,"os_bytes_out_sec":8977,"total_procs":512},"count":1},{"date":1637025180,"epoch_div":27283753,"totals":{"load_avg":2.89990234375,"cpu_usage":100,"mem_used":8568852480,"mem_free":6554468352,"tcp_conns":106,"disk_usage_root":6.12,"disk_read_sec":2086877,"disk_write_sec":626132,"disk_iops_sec":127,"io_wait":0,"open_files":0,"os_bytes_in_sec":14219,"os_bytes_out_sec":6948,"total_procs":514},"count":1},{"date":1637025240,"epoch_div":27283754,"totals":{"load_avg":2.6357421875,"cpu_usage":100,"mem_used":8517230592,"mem_free":6542499840,"tcp_conns":104,"disk_usage_root":6.12,"disk_read_sec":1658812,"disk_write_sec":223802,"disk_iops_sec":101,"io_wait":0,"open_files":0,"os_bytes_in_sec":8350,"os_bytes_out_sec":2255,"total_procs":514},"count":1},{"date":1637025300,"epoch_div":27283755,"totals":{"load_avg":2.41357421875,"cpu_usage":100,"mem_used":8257662976,"mem_free":6454452224,"tcp_conns":98,"disk_usage_root":6.12,"disk_read_sec":461824,"disk_write_sec":4259157,"disk_iops_sec":58,"io_wait":0,"open_files":0,"os_bytes_in_sec":1356,"os_bytes_out_sec":1311,"total_procs":511},"count":1},{"date":1637025360,"epoch_div":27283756,"totals":{"load_avg":2.36865234375,"cpu_usage":100,"mem_used":8437170176,"mem_free":6369062912,"tcp_conns":90,"disk_usage_root":6.12,"disk_read_sec":209305,"disk_write_sec":123289,"disk_iops_sec":24,"io_wait":0,"open_files":0,"os_bytes_in_sec":856,"os_bytes_out_sec":1340,"total_procs":513},"count":1},{"date":1637025420,"epoch_div":27283757,"totals":{"load_avg":2.53857421875,"cpu_usage":100,"mem_used":8544722944,"mem_free":6774833152,"tcp_conns":136,"disk_usage_root":6.12,"disk_read_sec":6491272,"disk_write_sec":752025,"disk_iops_sec":349,"io_wait":0,"open_files":0,"os_bytes_in_sec":102300,"os_bytes_out_sec":63776,"total_procs":533},"count":1},{"date":1637025480,"epoch_div":27283758,"totals":{"load_avg":1.6259765625,"cpu_usage":100,"mem_used":8570212352,"mem_free":6731890688,"tcp_conns":111,"disk_usage_root":6.12,"disk_read_sec":900369,"disk_write_sec":172305,"disk_iops_sec":78,"io_wait":0,"open_files":0,"os_bytes_in_sec":126816,"os_bytes_out_sec":3631,"total_procs":521},"count":1},{"date":1637025540,"epoch_div":27283759,"totals":{"load_avg":2.142578125,"cpu_usage":100,"mem_used":8571473920,"mem_free":6721007616,"tcp_conns":106,"disk_usage_root":6.12,"disk_read_sec":294161,"disk_write_sec":93457,"disk_iops_sec":60,"io_wait":0,"open_files":0,"os_bytes_in_sec":74056,"os_bytes_out_sec":2887,"total_procs":519},"count":1},{"date":1637025600,"epoch_div":27283760,"totals":{"load_avg":2.470703125,"cpu_usage":100,"mem_used":8566427648,"mem_free":6721916928,"tcp_conns":97,"disk_usage_root":6.12,"disk_read_sec":140083,"disk_write_sec":65194,"disk_iops_sec":41,"io_wait":0,"open_files":0,"os_bytes_in_sec":68479,"os_bytes_out_sec":2853,"total_procs":517},"count":1},{"date":1637025660,"epoch_div":27283761,"totals":{"load_avg":3.169921875,"cpu_usage":100,"mem_used":8515203072,"mem_free":6749859840,"tcp_conns":78,"disk_usage_root":6.12,"disk_read_sec":598224,"disk_write_sec":138153,"disk_iops_sec":76,"io_wait":0,"open_files":0,"os_bytes_in_sec":32699,"os_bytes_out_sec":2900,"total_procs":516},"count":1},{"date":1637025720,"epoch_div":27283762,"totals":{"load_avg":3.1591796875,"cpu_usage":100,"mem_used":8563814400,"mem_free":6712758272,"tcp_conns":77,"disk_usage_root":6.12,"disk_read_sec":251221,"disk_write_sec":90589,"disk_iops_sec":69,"io_wait":0,"open_files":0,"os_bytes_in_sec":22560,"os_bytes_out_sec":3932,"total_procs":517},"count":1},{"date":1637025780,"epoch_div":27283763,"totals":{"load_avg":2.6884765625,"cpu_usage":100,"mem_used":8571498496,"mem_free":6730797056,"tcp_conns":75,"disk_usage_root":6.12,"disk_read_sec":371661,"disk_write_sec":147388,"disk_iops_sec":92,"io_wait":0,"open_files":0,"os_bytes_in_sec":22178,"os_bytes_out_sec":2587,"total_procs":517},"count":1},{"date":1637025840,"epoch_div":27283764,"totals":{"load_avg":3.244140625,"cpu_usage":100,"mem_used":8539934720,"mem_free":6798245888,"tcp_conns":70,"disk_usage_root":6.12,"disk_read_sec":328499,"disk_write_sec":110592,"disk_iops_sec":73,"io_wait":0,"open_files":0,"os_bytes_in_sec":35691,"os_bytes_out_sec":3669,"total_procs":516},"count":1},{"date":1637025900,"epoch_div":27283765,"totals":{"load_avg":2.22802734375,"cpu_usage":100,"mem_used":8520617984,"mem_free":6772502528,"tcp_conns":71,"disk_usage_root":6.12,"disk_read_sec":206165,"disk_write_sec":90180,"disk_iops_sec":61,"io_wait":0,"open_files":0,"os_bytes_in_sec":69181,"os_bytes_out_sec":2987,"total_procs":515},"count":1},{"date":1637025960,"epoch_div":27283766,"totals":{"load_avg":2.9794921875,"cpu_usage":100,"mem_used":8555151360,"mem_free":6753763328,"tcp_conns":71,"disk_usage_root":6.12,"disk_read_sec":332185,"disk_write_sec":71475,"disk_iops_sec":50,"io_wait":0,"open_files":0,"os_bytes_in_sec":70332,"os_bytes_out_sec":3002,"total_procs":516},"count":1},{"date":1637026020,"epoch_div":27283767,"totals":{"load_avg":2.1943359375,"cpu_usage":100,"mem_used":8560656384,"mem_free":6753230848,"tcp_conns":69,"disk_usage_root":6.12,"disk_read_sec":208827,"disk_write_sec":81646,"disk_iops_sec":54,"io_wait":0,"open_files":0,"os_bytes_in_sec":76903,"os_bytes_out_sec":2545,"total_procs":516},"count":1},{"date":1637026080,"epoch_div":27283768,"totals":{"load_avg":2.29443359375,"cpu_usage":100,"mem_used":8548765696,"mem_free":6748614656,"tcp_conns":70,"disk_usage_root":6.12,"disk_read_sec":146500,"disk_write_sec":82124,"disk_iops_sec":44,"io_wait":0,"open_files":0,"os_bytes_in_sec":81874,"os_bytes_out_sec":2967,"total_procs":516},"count":1},{"date":1637026140,"epoch_div":27283769,"totals":{"load_avg":2.01708984375,"cpu_usage":100,"mem_used":8567070720,"mem_free":6753853440,"tcp_conns":69,"disk_usage_root":6.12,"disk_read_sec":374306,"disk_write_sec":89497,"disk_iops_sec":74,"io_wait":0,"open_files":0,"os_bytes_in_sec":81768,"os_bytes_out_sec":2825,"total_procs":516},"count":1},{"date":1637026200,"epoch_div":27283770,"totals":{"load_avg":2.39404296875,"cpu_usage":100,"mem_used":8563154944,"mem_free":6757314560,"tcp_conns":65,"disk_usage_root":6.12,"disk_read_sec":130116,"disk_write_sec":237021,"disk_iops_sec":58,"io_wait":0,"open_files":0,"os_bytes_in_sec":61890,"os_bytes_out_sec":2755,"total_procs":515},"count":1},{"date":1637026260,"epoch_div":27283771,"totals":{"load_avg":2.068359375,"cpu_usage":100,"mem_used":8533372928,"mem_free":6765117440,"tcp_conns":65,"disk_usage_root":6.12,"disk_read_sec":329318,"disk_write_sec":82602,"disk_iops_sec":48,"io_wait":0,"open_files":0,"os_bytes_in_sec":49827,"os_bytes_out_sec":2593,"total_procs":515},"count":1},{"date":1637026320,"epoch_div":27283772,"totals":{"load_avg":2.21484375,"cpu_usage":100,"mem_used":8541978624,"mem_free":6758768640,"tcp_conns":66,"disk_usage_root":6.12,"disk_read_sec":82534,"disk_write_sec":67584,"disk_iops_sec":26,"io_wait":0,"open_files":0,"os_bytes_in_sec":72569,"os_bytes_out_sec":2743,"total_procs":515},"count":1},{"date":1637026380,"epoch_div":27283773,"totals":{"load_avg":2.4287109375,"cpu_usage":100,"mem_used":8567738368,"mem_free":6788112384,"tcp_conns":65,"disk_usage_root":6.12,"disk_read_sec":224655,"disk_write_sec":87196,"disk_iops_sec":40,"io_wait":0,"open_files":0,"os_bytes_in_sec":68768,"os_bytes_out_sec":2879,"total_procs":515},"count":1},{"date":1637026440,"epoch_div":27283774,"totals":{"load_avg":3.64208984375,"cpu_usage":100,"mem_used":8553029632,"mem_free":6741958656,"tcp_conns":66,"disk_usage_root":6.12,"disk_read_sec":360716,"disk_write_sec":778710,"disk_iops_sec":53,"io_wait":0,"open_files":0,"os_bytes_in_sec":58456,"os_bytes_out_sec":3262,"total_procs":517},"count":1},{"date":1637026500,"epoch_div":27283775,"totals":{"load_avg":2.40380859375,"cpu_usage":100,"mem_used":8564457472,"mem_free":6732955648,"tcp_conns":64,"disk_usage_root":6.12,"disk_read_sec":107724,"disk_write_sec":95982,"disk_iops_sec":26,"io_wait":0,"open_files":0,"os_bytes_in_sec":52771,"os_bytes_out_sec":2700,"total_procs":515},"count":1},{"date":1637026560,"epoch_div":27283776,"totals":{"load_avg":2.93798828125,"cpu_usage":100,"mem_used":8567541760,"mem_free":6734639104,"tcp_conns":64,"disk_usage_root":6.12,"disk_read_sec":95709,"disk_write_sec":79598,"disk_iops_sec":22,"io_wait":0,"open_files":0,"os_bytes_in_sec":47745,"os_bytes_out_sec":2673,"total_procs":512},"count":1},{"date":1637026620,"epoch_div":27283777,"totals":{"load_avg":2.3837890625,"cpu_usage":100,"mem_used":8573952000,"mem_free":6730526720,"tcp_conns":64,"disk_usage_root":6.12,"disk_read_sec":115234,"disk_write_sec":65399,"disk_iops_sec":39,"io_wait":0,"open_files":0,"os_bytes_in_sec":89261,"os_bytes_out_sec":2824,"total_procs":512},"count":1},{"date":1637026680,"epoch_div":27283778,"totals":{"load_avg":3.30126953125,"cpu_usage":100,"mem_used":8525033472,"mem_free":6644523008,"tcp_conns":146,"disk_usage_root":6.12,"disk_read_sec":6475229,"disk_write_sec":4011281,"disk_iops_sec":379,"io_wait":0,"open_files":0,"os_bytes_in_sec":256002,"os_bytes_out_sec":19773,"total_procs":526},"count":1},{"date":1637026740,"epoch_div":27283779,"totals":{"load_avg":3.0048828125,"cpu_usage":100,"mem_used":8572973056,"mem_free":6625603584,"tcp_conns":127,"disk_usage_root":6.12,"disk_read_sec":218521,"disk_write_sec":156398,"disk_iops_sec":57,"io_wait":0,"open_files":0,"os_bytes_in_sec":64624,"os_bytes_out_sec":3292,"total_procs":522},"count":1},{"date":1637026800,"epoch_div":27283780,"totals":{"load_avg":2.37060546875,"cpu_usage":100,"mem_used":8560209920,"mem_free":6714327040,"tcp_conns":121,"disk_usage_root":6.12,"disk_read_sec":752025,"disk_write_sec":289996,"disk_iops_sec":95,"io_wait":0,"open_files":0,"os_bytes_in_sec":88163,"os_bytes_out_sec":7366,"total_procs":526},"count":1},{"date":1637026860,"epoch_div":27283781,"totals":{"load_avg":2.916015625,"cpu_usage":100,"mem_used":8450883584,"mem_free":6901604352,"tcp_conns":120,"disk_usage_root":6.12,"disk_read_sec":1294336,"disk_write_sec":312962,"disk_iops_sec":121,"io_wait":0,"open_files":0,"os_bytes_in_sec":66786,"os_bytes_out_sec":5015,"total_procs":524},"count":1},{"date":1637026920,"epoch_div":27283782,"totals":{"load_avg":2.71435546875,"cpu_usage":100,"mem_used":8510566400,"mem_free":6854500352,"tcp_conns":110,"disk_usage_root":6.12,"disk_read_sec":239582,"disk_write_sec":361858,"disk_iops_sec":82,"io_wait":0,"open_files":0,"os_bytes_in_sec":109896,"os_bytes_out_sec":7002,"total_procs":523},"count":1},{"date":1637026980,"epoch_div":27283783,"totals":{"load_avg":2.56298828125,"cpu_usage":100,"mem_used":8568340480,"mem_free":6813052928,"tcp_conns":109,"disk_usage_root":6.12,"disk_read_sec":1458176,"disk_write_sec":819336,"disk_iops_sec":127,"io_wait":0,"open_files":0,"os_bytes_in_sec":111063,"os_bytes_out_sec":5096,"total_procs":537},"count":1},{"date":1637027040,"epoch_div":27283784,"totals":{"load_avg":2.5146484375,"cpu_usage":100,"mem_used":8559271936,"mem_free":6800539648,"tcp_conns":100,"disk_usage_root":6.12,"disk_read_sec":1165926,"disk_write_sec":1677585,"disk_iops_sec":83,"io_wait":0,"open_files":0,"os_bytes_in_sec":69630,"os_bytes_out_sec":4044,"total_procs":522},"count":1},{"date":1637027100,"epoch_div":27283785,"totals":{"load_avg":2.0595703125,"cpu_usage":100,"mem_used":8568877056,"mem_free":6801301504,"tcp_conns":77,"disk_usage_root":6.12,"disk_read_sec":226986,"disk_write_sec":134690,"disk_iops_sec":43,"io_wait":0,"open_files":0,"os_bytes_in_sec":56778,"os_bytes_out_sec":3479,"total_procs":523},"count":1},{"date":1637027160,"epoch_div":27283786,"totals":{"load_avg":2.89501953125,"cpu_usage":100,"mem_used":8540643328,"mem_free":6821777408,"tcp_conns":78,"disk_usage_root":6.12,"disk_read_sec":608324,"disk_write_sec":126020,"disk_iops_sec":85,"io_wait":0,"open_files":0,"os_bytes_in_sec":64078,"os_bytes_out_sec":3582,"total_procs":523},"count":1},{"date":1637027220,"epoch_div":27283787,"totals":{"load_avg":2.689453125,"cpu_usage":100,"mem_used":8486293504,"mem_free":6788304896,"tcp_conns":82,"disk_usage_root":6.12,"disk_read_sec":3491430,"disk_write_sec":3710702,"disk_iops_sec":96,"io_wait":0,"open_files":0,"os_bytes_in_sec":178066,"os_bytes_out_sec":7374,"total_procs":536},"count":1},{"date":1637027280,"epoch_div":27283788,"totals":{"load_avg":2.26171875,"cpu_usage":100,"mem_used":8486707200,"mem_free":6806790144,"tcp_conns":72,"disk_usage_root":6.12,"disk_read_sec":1241565,"disk_write_sec":1648844,"disk_iops_sec":133,"io_wait":0,"open_files":0,"os_bytes_in_sec":262856,"os_bytes_out_sec":42656,"total_procs":530},"count":1},{"date":1637027340,"epoch_div":27283789,"totals":{"load_avg":2.228515625,"cpu_usage":100,"mem_used":8559292416,"mem_free":6767595520,"tcp_conns":70,"disk_usage_root":6.12,"disk_read_sec":993106,"disk_write_sec":143221,"disk_iops_sec":100,"io_wait":0,"open_files":0,"os_bytes_in_sec":68574,"os_bytes_out_sec":3686,"total_procs":522},"count":1},{"date":1637027400,"epoch_div":27283790,"totals":{"load_avg":2.56689453125,"cpu_usage":100,"mem_used":8568975360,"mem_free":6757453824,"tcp_conns":71,"disk_usage_root":6.12,"disk_read_sec":366759,"disk_write_sec":181365,"disk_iops_sec":51,"io_wait":0,"open_files":0,"os_bytes_in_sec":48504,"os_bytes_out_sec":3478,"total_procs":525},"count":1},{"date":1637027460,"epoch_div":27283791,"totals":{"load_avg":3.0537109375,"cpu_usage":100,"mem_used":8568631296,"mem_free":6751461376,"tcp_conns":72,"disk_usage_root":6.12,"disk_read_sec":925422,"disk_write_sec":160153,"disk_iops_sec":128,"io_wait":0,"open_files":0,"os_bytes_in_sec":77182,"os_bytes_out_sec":3061,"total_procs":523},"count":1},{"date":1637027520,"epoch_div":27283792,"totals":{"load_avg":2.21484375,"cpu_usage":100,"mem_used":8529752064,"mem_free":6751457280,"tcp_conns":72,"disk_usage_root":6.12,"disk_read_sec":435609,"disk_write_sec":1380215,"disk_iops_sec":64,"io_wait":0,"open_files":0,"os_bytes_in_sec":52096,"os_bytes_out_sec":3835,"total_procs":524},"count":1},{"date":1637027580,"epoch_div":27283793,"totals":{"load_avg":2.6923828125,"cpu_usage":100,"mem_used":8557420544,"mem_free":6731333632,"tcp_conns":72,"disk_usage_root":6.12,"disk_read_sec":556032,"disk_write_sec":135304,"disk_iops_sec":102,"io_wait":0,"open_files":0,"os_bytes_in_sec":80376,"os_bytes_out_sec":3434,"total_procs":523},"count":1},{"date":1637027640,"epoch_div":27283794,"totals":{"load_avg":3.20849609375,"cpu_usage":100,"mem_used":8565755904,"mem_free":6724644864,"tcp_conns":71,"disk_usage_root":6.12,"disk_read_sec":473224,"disk_write_sec":132778,"disk_iops_sec":96,"io_wait":0,"open_files":0,"os_bytes_in_sec":70677,"os_bytes_out_sec":4490,"total_procs":525},"count":1},{"date":1637027700,"epoch_div":27283795,"totals":{"load_avg":3.56640625,"cpu_usage":100,"mem_used":8566575104,"mem_free":6725439488,"tcp_conns":70,"disk_usage_root":6.12,"disk_read_sec":384000,"disk_write_sec":181794,"disk_iops_sec":86,"io_wait":0,"open_files":0,"os_bytes_in_sec":79579,"os_bytes_out_sec":3890,"total_procs":525},"count":1},{"date":1637027760,"epoch_div":27283796,"totals":{"load_avg":2.87890625,"cpu_usage":100,"mem_used":8507142144,"mem_free":6735192064,"tcp_conns":69,"disk_usage_root":6.12,"disk_read_sec":354030,"disk_write_sec":1185450,"disk_iops_sec":48,"io_wait":0,"open_files":0,"os_bytes_in_sec":75282,"os_bytes_out_sec":3204,"total_procs":521},"count":1},{"date":1637027820,"epoch_div":27283797,"totals":{"load_avg":2.62841796875,"cpu_usage":100,"mem_used":8533454848,"mem_free":6729220096,"tcp_conns":69,"disk_usage_root":6.12,"disk_read_sec":303718,"disk_write_sec":137625,"disk_iops_sec":50,"io_wait":0,"open_files":0,"os_bytes_in_sec":57065,"os_bytes_out_sec":3207,"total_procs":523},"count":1},{"date":1637027880,"epoch_div":27283798,"totals":{"load_avg":2.978515625,"cpu_usage":100,"mem_used":8563740672,"mem_free":6748975104,"tcp_conns":70,"disk_usage_root":6.12,"disk_read_sec":381205,"disk_write_sec":158772,"disk_iops_sec":55,"io_wait":0,"open_files":0,"os_bytes_in_sec":75700,"os_bytes_out_sec":3874,"total_procs":524},"count":1},{"date":1637027940,"epoch_div":27283799,"totals":{"load_avg":2.75,"cpu_usage":100,"mem_used":8566624256,"mem_free":6706040832,"tcp_conns":68,"disk_usage_root":6.12,"disk_read_sec":830145,"disk_write_sec":151149,"disk_iops_sec":165,"io_wait":0,"open_files":0,"os_bytes_in_sec":71175,"os_bytes_out_sec":4692,"total_procs":524},"count":1}]}