{"type":"list_page","items":[{"date":1638047340,"epoch_div":27300789,"totals":{"load_avg":2.521484375,"cpu_usage":100,"mem_used":8456413184,"mem_free":6312546304,"tcp_conns":95,"disk_usage_root":6.12,"disk_read_sec":85271,"disk_write_sec":113263,"disk_iops_sec":3,"io_wait":0,"open_files":0,"os_bytes_in_sec":351,"os_bytes_out_sec":305,"total_procs":485},"count":1},{"date":1638047400,"epoch_div":27300790,"totals":{"load_avg":2.95654296875,"cpu_usage":100,"mem_used":8567373824,"mem_free":6224793600,"tcp_conns":89,"disk_usage_root":6.12,"disk_read_sec":1774445,"disk_write_sec":1134884,"disk_iops_sec":213,"io_wait":0,"open_files":0,"os_bytes_in_sec":195,"os_bytes_out_sec":1400,"total_procs":485},"count":1},{"date":1638048480,"epoch_div":27300808,"totals":{"load_avg":10.17822265625,"cpu_usage":100,"mem_used":8518225920,"mem_free":6265565184,"tcp_conns":91,"disk_usage_root":6.12,"disk_read_sec":225439,"disk_write_sec":230424,"disk_iops_sec":5,"io_wait":0,"open_files":0,"os_bytes_in_sec":223,"os_bytes_out_sec":517,"total_procs":484},"count":1,"alerts":{"load_avg_high":true}},{"date":1638048540,"epoch_div":27300809,"totals":{"load_avg":6.7841796875,"cpu_usage":100,"mem_used":8538935296,"mem_free":6219522048,"tcp_conns":90,"disk_usage_root":6.12,"disk_read_sec":1290240,"disk_write_sec":574625,"disk_iops_sec":84,"io_wait":0,"open_files":0,"os_bytes_in_sec":5077,"os_bytes_out_sec":11098,"total_procs":484},"count":1}]}