{"type":"list_page","items":[{"date":1637067600,"epoch_div":27284460,"totals":{"load_avg":2.62451171875,"cpu_usage":100,"mem_used":8498978816,"mem_free":6213767168,"tcp_conns":38,"disk_usage_root":6.12,"disk_read_sec":100185,"disk_write_sec":148563,"disk_iops_sec":26,"io_wait":0,"open_files":0,"os_bytes_in_sec":3126,"os_bytes_out_sec":7225,"total_procs":503},"count":1},{"date":1637070780,"epoch_div":27284513,"totals":{"load_avg":2.35986328125,"cpu_usage":100,"mem_used":8535461888,"mem_free":6230269952,"tcp_conns":41,"disk_usage_root":6.12,"disk_read_sec":6547,"disk_write_sec":2016,"disk_iops_sec":0,"io_wait":0,"open_files":0,"os_bytes_in_sec":222,"os_bytes_out_sec":51,"total_procs":503},"count":1},{"date":1637070840,"epoch_div":27284514,"totals":{"load_avg":1.85546875,"cpu_usage":100,"mem_used":8516788224,"mem_free":6220713984,"tcp_conns":35,"disk_usage_root":6.12,"disk_read_sec":205506,"disk_write_sec":198302,"disk_iops_sec":39,"io_wait":0,"open_files":0,"os_bytes_in_sec":4212,"os_bytes_out_sec":10124,"total_procs":503},"count":1}]}