{"type":"list_page","items":[{"date":1636506000,"epoch_div":27275100,"totals":{"load_avg":3.36669921875,"cpu_usage":100,"mem_used":8482586624,"mem_free":6275280896,"tcp_conns":31,"disk_usage_root":6.12,"disk_read_sec":14813,"disk_write_sec":141243,"disk_iops_sec":23,"io_wait":0,"open_files":0,"os_bytes_in_sec":1296,"os_bytes_out_sec":1132,"total_procs":486},"count":1},{"date":1636506060,"epoch_div":27275101,"totals":{"load_avg":2.697265625,"cpu_usage":100,"mem_used":8571174912,"mem_free":6207860736,"tcp_conns":31,"disk_usage_root":6.12,"disk_read_sec":13038,"disk_write_sec":87108,"disk_iops_sec":16,"io_wait":0,"open_files":0,"os_bytes_in_sec":446,"os_bytes_out_sec":569,"total_procs":484},"count":1},{"date":1636506120,"epoch_div":27275102,"totals":{"load_avg":1.90478515625,"cpu_usage":100,"mem_used":8568012800,"mem_free":6221127680,"tcp_conns":31,"disk_usage_root":6.12,"disk_read_sec":22732,"disk_write_sec":68539,"disk_iops_sec":14,"io_wait":0,"open_files":0,"os_bytes_in_sec":299,"os_bytes_out_sec":261,"total_procs":484},"count":1},{"date":1636506180,"epoch_div":27275103,"totals":{"load_avg":1.607421875,"cpu_usage":100,"mem_used":8564006912,"mem_free":6175588352,"tcp_conns":32,"disk_usage_root":6.12,"disk_read_sec":750,"disk_write_sec":72157,"disk_iops_sec":12,"io_wait":0,"open_files":0,"os_bytes_in_sec":281,"os_bytes_out_sec":295,"total_procs":484},"count":1},{"date":1636506240,"epoch_div":27275104,"totals":{"load_avg":2.0341796875,"cpu_usage":100,"mem_used":8567013376,"mem_free":6225494016,"tcp_conns":32,"disk_usage_root":6.12,"disk_read_sec":28741,"disk_write_sec":80323,"disk_iops_sec":15,"io_wait":0,"open_files":0,"os_bytes_in_sec":244,"os_bytes_out_sec":248,"total_procs":484},"count":1},{"date":1636506300,"epoch_div":27275105,"totals":{"load_avg":2.0712890625,"cpu_usage":100,"mem_used":8560873472,"mem_free":6237683712,"tcp_conns":34,"disk_usage_root":6.12,"disk_read_sec":274499,"disk_write_sec":87090,"disk_iops_sec":39,"io_wait":0,"open_files":0,"os_bytes_in_sec":550,"os_bytes_out_sec":685,"total_procs":486},"count":1},{"date":1636506360,"epoch_div":27275106,"totals":{"load_avg":1.87548828125,"cpu_usage":100,"mem_used":8549969920,"mem_free":6238760960,"tcp_conns":33,"disk_usage_root":6.12,"disk_read_sec":115712,"disk_write_sec":390621,"disk_iops_sec":27,"io_wait":0,"open_files":0,"os_bytes_in_sec":617,"os_bytes_out_sec":692,"total_procs":489},"count":1},{"date":1636506420,"epoch_div":27275107,"totals":{"load_avg":2.095703125,"cpu_usage":100,"mem_used":8525225984,"mem_free":6249656320,"tcp_conns":30,"disk_usage_root":6.12,"disk_read_sec":43645,"disk_write_sec":60298,"disk_iops_sec":20,"io_wait":0,"open_files":0,"os_bytes_in_sec":240,"os_bytes_out_sec":235,"total_procs":486},"count":1},{"date":1636506480,"epoch_div":27275108,"totals":{"load_avg":2.37939453125,"cpu_usage":100,"mem_used":8522866688,"mem_free":6229798912,"tcp_conns":32,"disk_usage_root":6.12,"disk_read_sec":1735,"disk_write_sec":61509,"disk_iops_sec":11,"io_wait":0,"open_files":0,"os_bytes_in_sec":337,"os_bytes_out_sec":388,"total_procs":484},"count":1},{"date":1636506540,"epoch_div":27275109,"totals":{"load_avg":1.61572265625,"cpu_usage":100,"mem_used":8527544320,"mem_free":6248636416,"tcp_conns":31,"disk_usage_root":6.12,"disk_read_sec":3088,"disk_write_sec":58216,"disk_iops_sec":11,"io_wait":0,"open_files":0,"os_bytes_in_sec":139,"os_bytes_out_sec":211,"total_procs":485},"count":1},{"date":1636506600,"epoch_div":27275110,"totals":{"load_avg":2.25830078125,"cpu_usage":100,"mem_used":8569171968,"mem_free":6208401408,"tcp_conns":25,"disk_usage_root":6.12,"disk_read_sec":892164,"disk_write_sec":98095,"disk_iops_sec":39,"io_wait":0,"open_files":0,"os_bytes_in_sec":2475,"os_bytes_out_sec":2927,"total_procs":485},"count":1},{"date":1636506660,"epoch_div":27275111,"totals":{"load_avg":3.08251953125,"cpu_usage":100,"mem_used":8568274944,"mem_free":6360584192,"tcp_conns":24,"disk_usage_root":6.12,"disk_read_sec":3543744,"disk_write_sec":2804288,"disk_iops_sec":109,"io_wait":0,"open_files":0,"os_bytes_in_sec":728,"os_bytes_out_sec":914,"total_procs":489},"count":1},{"date":1636506720,"epoch_div":27275112,"totals":{"load_avg":2.3291015625,"cpu_usage":100,"mem_used":8569171968,"mem_free":6389092352,"tcp_conns":24,"disk_usage_root":6.12,"disk_read_sec":4058180,"disk_write_sec":3898982,"disk_iops_sec":103,"io_wait":0,"open_files":0,"os_bytes_in_sec":713,"os_bytes_out_sec":977,"total_procs":488},"count":1},{"date":1636506780,"epoch_div":27275113,"totals":{"load_avg":2.73095703125,"cpu_usage":100,"mem_used":8566063104,"mem_free":6393626624,"tcp_conns":26,"disk_usage_root":6.12,"disk_read_sec":3669584,"disk_write_sec":3814094,"disk_iops_sec":86,"io_wait":0,"open_files":0,"os_bytes_in_sec":561,"os_bytes_out_sec":885,"total_procs":483},"count":1},{"date":1636506840,"epoch_div":27275114,"totals":{"load_avg":4.4912109375,"cpu_usage":100,"mem_used":8569208832,"mem_free":6388703232,"tcp_conns":25,"disk_usage_root":6.12,"disk_read_sec":1170985,"disk_write_sec":948526,"disk_iops_sec":51,"io_wait":0,"open_files":0,"os_bytes_in_sec":187,"os_bytes_out_sec":590,"total_procs":482},"count":1},{"date":1636506900,"epoch_div":27275115,"totals":{"load_avg":2.4052734375,"cpu_usage":100,"mem_used":8567099392,"mem_free":6402473984,"tcp_conns":26,"disk_usage_root":6.12,"disk_read_sec":1639787,"disk_write_sec":1203431,"disk_iops_sec":62,"io_wait":0,"open_files":0,"os_bytes_in_sec":202,"os_bytes_out_sec":671,"total_procs":483},"count":1},{"date":1636506960,"epoch_div":27275116,"totals":{"load_avg":2.3720703125,"cpu_usage":100,"mem_used":8565096448,"mem_free":6394843136,"tcp_conns":26,"disk_usage_root":6.12,"disk_read_sec":102400,"disk_write_sec":128388,"disk_iops_sec":28,"io_wait":0,"open_files":0,"os_bytes_in_sec":293,"os_bytes_out_sec":749,"total_procs":483},"count":1},{"date":1636507020,"epoch_div":27275117,"totals":{"load_avg":2.2275390625,"cpu_usage":100,"mem_used":8561455104,"mem_free":6395789312,"tcp_conns":25,"disk_usage_root":6.12,"disk_read_sec":65737,"disk_write_sec":104280,"disk_iops_sec":21,"io_wait":0,"open_files":0,"os_bytes_in_sec":169,"os_bytes_out_sec":580,"total_procs":483},"count":1},{"date":1636507080,"epoch_div":27275118,"totals":{"load_avg":1.65380859375,"cpu_usage":100,"mem_used":8558821376,"mem_free":6400757760,"tcp_conns":27,"disk_usage_root":6.12,"disk_read_sec":66757,"disk_write_sec":122233,"disk_iops_sec":21,"io_wait":0,"open_files":0,"os_bytes_in_sec":350,"os_bytes_out_sec":685,"total_procs":483},"count":1},{"date":1636507140,"epoch_div":27275119,"totals":{"load_avg":1.78271484375,"cpu_usage":100,"mem_used":8556097536,"mem_free":6379933696,"tcp_conns":25,"disk_usage_root":6.12,"disk_read_sec":75943,"disk_write_sec":106294,"disk_iops_sec":20,"io_wait":0,"open_files":0,"os_bytes_in_sec":376,"os_bytes_out_sec":800,"total_procs":483},"count":1},{"date":1636507200,"epoch_div":27275120,"totals":{"load_avg":7.7333984375,"cpu_usage":100,"mem_used":8552833024,"mem_free":6379339776,"tcp_conns":25,"disk_usage_root":6.12,"disk_read_sec":726,"disk_write_sec":102069,"disk_iops_sec":17,"io_wait":0,"open_files":0,"os_bytes_in_sec":702,"os_bytes_out_sec":701,"total_procs":482},"count":1},{"date":1636507260,"epoch_div":27275121,"totals":{"load_avg":4.2001953125,"cpu_usage":100,"mem_used":8553525248,"mem_free":6381821952,"tcp_conns":24,"disk_usage_root":6.12,"disk_read_sec":12288,"disk_write_sec":108717,"disk_iops_sec":19,"io_wait":0,"open_files":0,"os_bytes_in_sec":134,"os_bytes_out_sec":662,"total_procs":483},"count":1},{"date":1636507320,"epoch_div":27275122,"totals":{"load_avg":2.44677734375,"cpu_usage":100,"mem_used":8552501248,"mem_free":6373187584,"tcp_conns":25,"disk_usage_root":6.12,"disk_read_sec":61166,"disk_write_sec":97006,"disk_iops_sec":19,"io_wait":0,"open_files":0,"os_bytes_in_sec":542,"os_bytes_out_sec":994,"total_procs":483},"count":1},{"date":1636507380,"epoch_div":27275123,"totals":{"load_avg":1.9169921875,"cpu_usage":100,"mem_used":8554274816,"mem_free":6376509440,"tcp_conns":27,"disk_usage_root":6.12,"disk_read_sec":13329,"disk_write_sec":112466,"disk_iops_sec":18,"io_wait":0,"open_files":0,"os_bytes_in_sec":300,"os_bytes_out_sec":685,"total_procs":483},"count":1},{"date":1636507440,"epoch_div":27275124,"totals":{"load_avg":1.80615234375,"cpu_usage":100,"mem_used":8546996224,"mem_free":6378082304,"tcp_conns":27,"disk_usage_root":6.12,"disk_read_sec":87126,"disk_write_sec":129544,"disk_iops_sec":23,"io_wait":0,"open_files":0,"os_bytes_in_sec":269,"os_bytes_out_sec":627,"total_procs":482},"count":1},{"date":1636507500,"epoch_div":27275125,"totals":{"load_avg":1.5517578125,"cpu_usage":100,"mem_used":8547065856,"mem_free":6367670272,"tcp_conns":26,"disk_usage_root":6.12,"disk_read_sec":16912,"disk_write_sec":102466,"disk_iops_sec":16,"io_wait":0,"open_files":0,"os_bytes_in_sec":369,"os_bytes_out_sec":746,"total_procs":483},"count":1},{"date":1636507560,"epoch_div":27275126,"totals":{"load_avg":2.7861328125,"cpu_usage":100,"mem_used":8541040640,"mem_free":6367752192,"tcp_conns":27,"disk_usage_root":6.12,"disk_read_sec":9381,"disk_write_sec":101078,"disk_iops_sec":17,"io_wait":0,"open_files":0,"os_bytes_in_sec":369,"os_bytes_out_sec":740,"total_procs":483},"count":1},{"date":1636507620,"epoch_div":27275127,"totals":{"load_avg":4.7890625,"cpu_usage":100,"mem_used":8546713600,"mem_free":6365130752,"tcp_conns":26,"disk_usage_root":6.12,"disk_read_sec":103621,"disk_write_sec":115981,"disk_iops_sec":22,"io_wait":0,"open_files":0,"os_bytes_in_sec":224,"os_bytes_out_sec":753,"total_procs":484},"count":1},{"date":1636507680,"epoch_div":27275128,"totals":{"load_avg":2.57470703125,"cpu_usage":100,"mem_used":8543309824,"mem_free":6368059392,"tcp_conns":26,"disk_usage_root":6.12,"disk_read_sec":3003,"disk_write_sec":121787,"disk_iops_sec":21,"io_wait":0,"open_files":0,"os_bytes_in_sec":511,"os_bytes_out_sec":898,"total_procs":483},"count":1},{"date":1636507740,"epoch_div":27275129,"totals":{"load_avg":1.751953125,"cpu_usage":100,"mem_used":8543764480,"mem_free":6370852864,"tcp_conns":26,"disk_usage_root":6.12,"disk_read_sec":9163,"disk_write_sec":174531,"disk_iops_sec":28,"io_wait":0,"open_files":0,"os_bytes_in_sec":6357,"os_bytes_out_sec":1594,"total_procs":485},"count":1},{"date":1636507800,"epoch_div":27275130,"totals":{"load_avg":1.8681640625,"cpu_usage":100,"mem_used":8539475968,"mem_free":6360150016,"tcp_conns":25,"disk_usage_root":6.12,"disk_read_sec":62464,"disk_write_sec":325358,"disk_iops_sec":37,"io_wait":0,"open_files":0,"os_bytes_in_sec":625,"os_bytes_out_sec":652,"total_procs":483},"count":1},{"date":1636507860,"epoch_div":27275131,"totals":{"load_avg":1.6884765625,"cpu_usage":100,"mem_used":8537309184,"mem_free":6359965696,"tcp_conns":25,"disk_usage_root":6.12,"disk_read_sec":1519,"disk_write_sec":115877,"disk_iops_sec":20,"io_wait":0,"open_files":0,"os_bytes_in_sec":244,"os_bytes_out_sec":666,"total_procs":483},"count":1},{"date":1636507920,"epoch_div":27275132,"totals":{"load_avg":1.6708984375,"cpu_usage":100,"mem_used":8503382016,"mem_free":6369943552,"tcp_conns":25,"disk_usage_root":6.12,"disk_read_sec":40751,"disk_write_sec":117326,"disk_iops_sec":24,"io_wait":0,"open_files":0,"os_bytes_in_sec":381,"os_bytes_out_sec":733,"total_procs":477},"count":1},{"date":1636507980,"epoch_div":27275133,"totals":{"load_avg":1.72216796875,"cpu_usage":100,"mem_used":8507420672,"mem_free":6361579520,"tcp_conns":26,"disk_usage_root":6.12,"disk_read_sec":11537,"disk_write_sec":116940,"disk_iops_sec":20,"io_wait":0,"open_files":0,"os_bytes_in_sec":469,"os_bytes_out_sec":971,"total_procs":476},"count":1},{"date":1636508040,"epoch_div":27275134,"totals":{"load_avg":1.64501953125,"cpu_usage":100,"mem_used":8480161792,"mem_free":6327013376,"tcp_conns":28,"disk_usage_root":6.12,"disk_read_sec":130867,"disk_write_sec":1048371,"disk_iops_sec":26,"io_wait":0,"open_files":0,"os_bytes_in_sec":61889,"os_bytes_out_sec":1799,"total_procs":479},"count":1},{"date":1636508100,"epoch_div":27275135,"totals":{"load_avg":1.98876953125,"cpu_usage":100,"mem_used":8480587776,"mem_free":6315364352,"tcp_conns":28,"disk_usage_root":6.12,"disk_read_sec":52553,"disk_write_sec":176475,"disk_iops_sec":26,"io_wait":0,"open_files":0,"os_bytes_in_sec":145,"os_bytes_out_sec":591,"total_procs":476},"count":1},{"date":1636508160,"epoch_div":27275136,"totals":{"load_avg":2.7568359375,"cpu_usage":100,"mem_used":8483725312,"mem_free":6291746816,"tcp_conns":28,"disk_usage_root":6.12,"disk_read_sec":2960218,"disk_write_sec":441773,"disk_iops_sec":433,"io_wait":0,"open_files":0,"os_bytes_in_sec":1084,"os_bytes_out_sec":1145,"total_procs":481},"count":1},{"date":1636508220,"epoch_div":27275137,"totals":{"load_avg":14.16845703125,"cpu_usage":100,"mem_used":8475652096,"mem_free":6299250688,"tcp_conns":27,"disk_usage_root":6.12,"disk_read_sec":5086,"disk_write_sec":111450,"disk_iops_sec":19,"io_wait":0,"open_files":0,"os_bytes_in_sec":265,"os_bytes_out_sec":662,"total_procs":478},"count":1,"alerts":{"load_avg_high":true}},{"date":1636508280,"epoch_div":27275138,"totals":{"load_avg":7.32568359375,"cpu_usage":100,"mem_used":8440311808,"mem_free":6317584384,"tcp_conns":28,"disk_usage_root":6.12,"disk_read_sec":74459,"disk_write_sec":160329,"disk_iops_sec":41,"io_wait":0,"open_files":0,"os_bytes_in_sec":369,"os_bytes_out_sec":771,"total_procs":477},"count":1},{"date":1636508340,"epoch_div":27275139,"totals":{"load_avg":3.66357421875,"cpu_usage":100,"mem_used":8450064384,"mem_free":6315204608,"tcp_conns":28,"disk_usage_root":6.12,"disk_read_sec":819,"disk_write_sec":117896,"disk_iops_sec":20,"io_wait":0,"open_files":0,"os_bytes_in_sec":270,"os_bytes_out_sec":805,"total_procs":478},"count":1},{"date":1636508400,"epoch_div":27275140,"totals":{"load_avg":3.33544921875,"cpu_usage":100,"mem_used":8449056768,"mem_free":6316556288,"tcp_conns":28,"disk_usage_root":6.12,"disk_read_sec":940,"disk_write_sec":111666,"disk_iops_sec":19,"io_wait":0,"open_files":0,"os_bytes_in_sec":739,"os_bytes_out_sec":759,"total_procs":478},"count":1},{"date":1636508460,"epoch_div":27275141,"totals":{"load_avg":2.0458984375,"cpu_usage":100,"mem_used":8449220608,"mem_free":6306766848,"tcp_conns":27,"disk_usage_root":6.12,"disk_read_sec":8747,"disk_write_sec":127878,"disk_iops_sec":21,"io_wait":0,"open_files":0,"os_bytes_in_sec":119,"os_bytes_out_sec":581,"total_procs":477},"count":1},{"date":1636508520,"epoch_div":27275142,"totals":{"load_avg":1.716796875,"cpu_usage":100,"mem_used":8449294336,"mem_free":6305964032,"tcp_conns":26,"disk_usage_root":6.12,"disk_read_sec":1783,"disk_write_sec":106760,"disk_iops_sec":18,"io_wait":0,"open_files":0,"os_bytes_in_sec":370,"os_bytes_out_sec":679,"total_procs":477},"count":1},{"date":1636508580,"epoch_div":27275143,"totals":{"load_avg":1.2255859375,"cpu_usage":100,"mem_used":8451776512,"mem_free":6304235520,"tcp_conns":28,"disk_usage_root":6.12,"disk_read_sec":4164,"disk_write_sec":109909,"disk_iops_sec":18,"io_wait":0,"open_files":0,"os_bytes_in_sec":408,"os_bytes_out_sec":835,"total_procs":477},"count":1},{"date":1636508640,"epoch_div":27275144,"totals":{"load_avg":1.1630859375,"cpu_usage":100,"mem_used":8427933696,"mem_free":6316011520,"tcp_conns":27,"disk_usage_root":6.12,"disk_read_sec":9463,"disk_write_sec":114193,"disk_iops_sec":20,"io_wait":0,"open_files":0,"os_bytes_in_sec":302,"os_bytes_out_sec":726,"total_procs":476},"count":1},{"date":1636508700,"epoch_div":27275145,"totals":{"load_avg":1.80419921875,"cpu_usage":100,"mem_used":8434470912,"mem_free":6315876352,"tcp_conns":28,"disk_usage_root":6.12,"disk_read_sec":10581,"disk_write_sec":100352,"disk_iops_sec":17,"io_wait":0,"open_files":0,"os_bytes_in_sec":243,"os_bytes_out_sec":732,"total_procs":477},"count":1},{"date":1636508760,"epoch_div":27275146,"totals":{"load_avg":1.40869140625,"cpu_usage":100,"mem_used":8437870592,"mem_free":6320283648,"tcp_conns":28,"disk_usage_root":6.12,"disk_read_sec":5393,"disk_write_sec":118169,"disk_iops_sec":18,"io_wait":0,"open_files":0,"os_bytes_in_sec":326,"os_bytes_out_sec":691,"total_procs":477},"count":1},{"date":1636508820,"epoch_div":27275147,"totals":{"load_avg":1.8837890625,"cpu_usage":100,"mem_used":8445140992,"mem_free":6304059392,"tcp_conns":26,"disk_usage_root":6.12,"disk_read_sec":23971,"disk_write_sec":100855,"disk_iops_sec":18,"io_wait":0,"open_files":0,"os_bytes_in_sec":129,"os_bytes_out_sec":610,"total_procs":477},"count":1},{"date":1636508880,"epoch_div":27275148,"totals":{"load_avg":2.232421875,"cpu_usage":100,"mem_used":8400748544,"mem_free":6350524416,"tcp_conns":27,"disk_usage_root":6.12,"disk_read_sec":47172,"disk_write_sec":78097,"disk_iops_sec":15,"io_wait":0,"open_files":0,"os_bytes_in_sec":294,"os_bytes_out_sec":437,"total_procs":476},"count":1},{"date":1636508940,"epoch_div":27275149,"totals":{"load_avg":2.13720703125,"cpu_usage":100,"mem_used":8410230784,"mem_free":6317604864,"tcp_conns":25,"disk_usage_root":6.12,"disk_read_sec":1666,"disk_write_sec":74005,"disk_iops_sec":13,"io_wait":0,"open_files":0,"os_bytes_in_sec":233,"os_bytes_out_sec":490,"total_procs":477},"count":1},{"date":1636509000,"epoch_div":27275150,"totals":{"load_avg":1.68212890625,"cpu_usage":100,"mem_used":8410337280,"mem_free":6319968256,"tcp_conns":26,"disk_usage_root":6.12,"disk_read_sec":33909,"disk_write_sec":72452,"disk_iops_sec":14,"io_wait":0,"open_files":0,"os_bytes_in_sec":680,"os_bytes_out_sec":521,"total_procs":476},"count":1},{"date":1636509060,"epoch_div":27275151,"totals":{"load_avg":1.67041015625,"cpu_usage":100,"mem_used":8420290560,"mem_free":6314684416,"tcp_conns":26,"disk_usage_root":6.12,"disk_read_sec":4294,"disk_write_sec":89847,"disk_iops_sec":15,"io_wait":0,"open_files":0,"os_bytes_in_sec":153,"os_bytes_out_sec":447,"total_procs":479},"count":1},{"date":1636509120,"epoch_div":27275152,"totals":{"load_avg":1.724609375,"cpu_usage":100,"mem_used":8423235584,"mem_free":6311731200,"tcp_conns":26,"disk_usage_root":6.12,"disk_read_sec":21435,"disk_write_sec":77004,"disk_iops_sec":15,"io_wait":0,"open_files":0,"os_bytes_in_sec":694,"os_bytes_out_sec":602,"total_procs":478},"count":1},{"date":1636509180,"epoch_div":27275153,"totals":{"load_avg":1.53662109375,"cpu_usage":100,"mem_used":8432488448,"mem_free":6330273792,"tcp_conns":27,"disk_usage_root":6.12,"disk_read_sec":11856,"disk_write_sec":105633,"disk_iops_sec":17,"io_wait":0,"open_files":0,"os_bytes_in_sec":359,"os_bytes_out_sec":521,"total_procs":477},"count":1},{"date":1636509240,"epoch_div":27275154,"totals":{"load_avg":1.76220703125,"cpu_usage":100,"mem_used":8429727744,"mem_free":6306742272,"tcp_conns":27,"disk_usage_root":6.12,"disk_read_sec":10240,"disk_write_sec":88132,"disk_iops_sec":16,"io_wait":0,"open_files":0,"os_bytes_in_sec":449,"os_bytes_out_sec":564,"total_procs":479},"count":1},{"date":1636509300,"epoch_div":27275155,"totals":{"load_avg":1.5869140625,"cpu_usage":100,"mem_used":8383733760,"mem_free":6301601792,"tcp_conns":28,"disk_usage_root":6.12,"disk_read_sec":1416942,"disk_write_sec":106359,"disk_iops_sec":65,"io_wait":0,"open_files":0,"os_bytes_in_sec":995,"os_bytes_out_sec":816,"total_procs":479},"count":1},{"date":1636509360,"epoch_div":27275156,"totals":{"load_avg":2.57568359375,"cpu_usage":100,"mem_used":8378155008,"mem_free":6289199104,"tcp_conns":26,"disk_usage_root":6.12,"disk_read_sec":2708,"disk_write_sec":79673,"disk_iops_sec":14,"io_wait":0,"open_files":0,"os_bytes_in_sec":169,"os_bytes_out_sec":347,"total_procs":477},"count":1},{"date":1636509420,"epoch_div":27275157,"totals":{"load_avg":1.65185546875,"cpu_usage":100,"mem_used":8379269120,"mem_free":6288351232,"tcp_conns":26,"disk_usage_root":6.12,"disk_read_sec":5597,"disk_write_sec":77687,"disk_iops_sec":13,"io_wait":0,"open_files":0,"os_bytes_in_sec":248,"os_bytes_out_sec":494,"total_procs":477},"count":1},{"date":1636509480,"epoch_div":27275158,"totals":{"load_avg":1.74462890625,"cpu_usage":100,"mem_used":8380952576,"mem_free":6314016768,"tcp_conns":27,"disk_usage_root":6.12,"disk_read_sec":485,"disk_write_sec":98026,"disk_iops_sec":16,"io_wait":0,"open_files":0,"os_bytes_in_sec":407,"os_bytes_out_sec":599,"total_procs":477},"count":1},{"date":1636509540,"epoch_div":27275159,"totals":{"load_avg":2.13427734375,"cpu_usage":100,"mem_used":8374169600,"mem_free":6293073920,"tcp_conns":27,"disk_usage_root":6.12,"disk_read_sec":13585,"disk_write_sec":92091,"disk_iops_sec":14,"io_wait":0,"open_files":0,"os_bytes_in_sec":474,"os_bytes_out_sec":521,"total_procs":477},"count":1}]}