{"type":"list_page","items":[{"date":1639105200,"epoch_div":27318420,"totals":{"load_avg":2.982421875,"cpu_usage":100,"mem_used":8523055104,"mem_free":6362583040,"tcp_conns":101,"disk_usage_root":8.83,"disk_read_sec":75602,"disk_write_sec":95041,"disk_iops_sec":16,"io_wait":0,"open_files":0,"os_bytes_in_sec":4692,"os_bytes_out_sec":2959,"total_procs":482},"count":1},{"date":1639105260,"epoch_div":27318421,"totals":{"load_avg":2.970703125,"cpu_usage":100,"mem_used":8525950976,"mem_free":6371414016,"tcp_conns":96,"disk_usage_root":8.83,"disk_read_sec":19271,"disk_write_sec":96155,"disk_iops_sec":16,"io_wait":0,"open_files":0,"os_bytes_in_sec":158,"os_bytes_out_sec":176,"total_procs":482},"count":1},{"date":1639105320,"epoch_div":27318422,"totals":{"load_avg":3.3515625,"cpu_usage":100,"mem_used":8552857600,"mem_free":6344785920,"tcp_conns":100,"disk_usage_root":8.83,"disk_read_sec":193467,"disk_write_sec":130798,"disk_iops_sec":36,"io_wait":0,"open_files":0,"os_bytes_in_sec":4184,"os_bytes_out_sec":2279,"total_procs":482},"count":1},{"date":1639105380,"epoch_div":27318423,"totals":{"load_avg":2.8173828125,"cpu_usage":100,"mem_used":8572080128,"mem_free":6360698880,"tcp_conns":100,"disk_usage_root":8.83,"disk_read_sec":34017,"disk_write_sec":97054,"disk_iops_sec":16,"io_wait":0,"open_files":0,"os_bytes_in_sec":3498,"os_bytes_out_sec":1921,"total_procs":482},"count":1},{"date":1639105440,"epoch_div":27318424,"totals":{"load_avg":2.7265625,"cpu_usage":100,"mem_used":8568016896,"mem_free":6352674816,"tcp_conns":98,"disk_usage_root":8.83,"disk_read_sec":272887,"disk_write_sec":167936,"disk_iops_sec":37,"io_wait":0,"open_files":0,"os_bytes_in_sec":2574,"os_bytes_out_sec":1527,"total_procs":486},"count":1},{"date":1639105500,"epoch_div":27318425,"totals":{"load_avg":2.81005859375,"cpu_usage":100,"mem_used":8483471360,"mem_free":6397517824,"tcp_conns":95,"disk_usage_root":8.83,"disk_read_sec":116189,"disk_write_sec":99805,"disk_iops_sec":31,"io_wait":0,"open_files":0,"os_bytes_in_sec":375,"os_bytes_out_sec":262,"total_procs":483},"count":1},{"date":1639105560,"epoch_div":27318426,"totals":{"load_avg":2.24560546875,"cpu_usage":100,"mem_used":8492040192,"mem_free":6399377408,"tcp_conns":99,"disk_usage_root":8.83,"disk_read_sec":19785,"disk_write_sec":92194,"disk_iops_sec":15,"io_wait":0,"open_files":0,"os_bytes_in_sec":4854,"os_bytes_out_sec":2229,"total_procs":483},"count":1},{"date":1639105620,"epoch_div":27318427,"totals":{"load_avg":2.9248046875,"cpu_usage":100,"mem_used":8524009472,"mem_free":6392885248,"tcp_conns":97,"disk_usage_root":8.83,"disk_read_sec":425245,"disk_write_sec":94610,"disk_iops_sec":19,"io_wait":0,"open_files":0,"os_bytes_in_sec":1194,"os_bytes_out_sec":680,"total_procs":482},"count":1},{"date":1639105680,"epoch_div":27318428,"totals":{"load_avg":2.97607421875,"cpu_usage":100,"mem_used":8561664000,"mem_free":6372417536,"tcp_conns":99,"disk_usage_root":8.83,"disk_read_sec":96324,"disk_write_sec":166229,"disk_iops_sec":27,"io_wait":0,"open_files":0,"os_bytes_in_sec":3655,"os_bytes_out_sec":2266,"total_procs":486},"count":1},{"date":1639105740,"epoch_div":27318429,"totals":{"load_avg":2.64501953125,"cpu_usage":100,"mem_used":8506146816,"mem_free":6370533376,"tcp_conns":94,"disk_usage_root":8.83,"disk_read_sec":149162,"disk_write_sec":172100,"disk_iops_sec":20,"io_wait":0,"open_files":0,"os_bytes_in_sec":309,"os_bytes_out_sec":261,"total_procs":483},"count":1},{"date":1639105800,"epoch_div":27318430,"totals":{"load_avg":2.7109375,"cpu_usage":100,"mem_used":8514940928,"mem_free":6336737280,"tcp_conns":100,"disk_usage_root":8.83,"disk_read_sec":80554,"disk_write_sec":232311,"disk_iops_sec":51,"io_wait":0,"open_files":0,"os_bytes_in_sec":4129,"os_bytes_out_sec":2355,"total_procs":482},"count":1},{"date":1639105860,"epoch_div":27318431,"totals":{"load_avg":2.50439453125,"cpu_usage":100,"mem_used":8571588608,"mem_free":6345363456,"tcp_conns":101,"disk_usage_root":8.83,"disk_read_sec":184456,"disk_write_sec":95300,"disk_iops_sec":17,"io_wait":0,"open_files":0,"os_bytes_in_sec":2742,"os_bytes_out_sec":1803,"total_procs":482},"count":1},{"date":1639105920,"epoch_div":27318432,"totals":{"load_avg":2.66943359375,"cpu_usage":100,"mem_used":8570970112,"mem_free":6342414336,"tcp_conns":98,"disk_usage_root":8.83,"disk_read_sec":216473,"disk_write_sec":120285,"disk_iops_sec":40,"io_wait":0,"open_files":0,"os_bytes_in_sec":313,"os_bytes_out_sec":363,"total_procs":483},"count":1},{"date":1639105980,"epoch_div":27318433,"totals":{"load_avg":2.47802734375,"cpu_usage":100,"mem_used":8563396608,"mem_free":6345043968,"tcp_conns":106,"disk_usage_root":8.83,"disk_read_sec":223027,"disk_write_sec":129024,"disk_iops_sec":34,"io_wait":0,"open_files":0,"os_bytes_in_sec":5129,"os_bytes_out_sec":2679,"total_procs":485},"count":1},{"date":1639106040,"epoch_div":27318434,"totals":{"load_avg":2.6865234375,"cpu_usage":100,"mem_used":8505413632,"mem_free":6294179840,"tcp_conns":102,"disk_usage_root":8.83,"disk_read_sec":294980,"disk_write_sec":1366016,"disk_iops_sec":31,"io_wait":0,"open_files":0,"os_bytes_in_sec":1414,"os_bytes_out_sec":765,"total_procs":484},"count":1},{"date":1639106100,"epoch_div":27318435,"totals":{"load_avg":2.62890625,"cpu_usage":100,"mem_used":8565788672,"mem_free":6340435968,"tcp_conns":106,"disk_usage_root":8.83,"disk_read_sec":81988,"disk_write_sec":249173,"disk_iops_sec":28,"io_wait":0,"open_files":0,"os_bytes_in_sec":4214,"os_bytes_out_sec":2122,"total_procs":482},"count":1},{"date":1639106160,"epoch_div":27318436,"totals":{"load_avg":2.24560546875,"cpu_usage":100,"mem_used":8570937344,"mem_free":6339514368,"tcp_conns":105,"disk_usage_root":8.83,"disk_read_sec":49425,"disk_write_sec":90385,"disk_iops_sec":18,"io_wait":0,"open_files":0,"os_bytes_in_sec":2516,"os_bytes_out_sec":1421,"total_procs":482},"count":1},{"date":1639106220,"epoch_div":27318437,"totals":{"load_avg":2.63330078125,"cpu_usage":100,"mem_used":8572149760,"mem_free":6344482816,"tcp_conns":105,"disk_usage_root":8.83,"disk_read_sec":69284,"disk_write_sec":104690,"disk_iops_sec":24,"io_wait":0,"open_files":0,"os_bytes_in_sec":2795,"os_bytes_out_sec":1506,"total_procs":482},"count":1},{"date":1639106280,"epoch_div":27318438,"totals":{"load_avg":3.7216796875,"cpu_usage":100,"mem_used":8566960128,"mem_free":6345531392,"tcp_conns":107,"disk_usage_root":8.83,"disk_read_sec":220311,"disk_write_sec":430281,"disk_iops_sec":35,"io_wait":0,"open_files":0,"os_bytes_in_sec":3464,"os_bytes_out_sec":2096,"total_procs":486},"count":1},{"date":1639106340,"epoch_div":27318439,"totals":{"load_avg":3.8564453125,"cpu_usage":100,"mem_used":8507351040,"mem_free":6396653568,"tcp_conns":101,"disk_usage_root":8.83,"disk_read_sec":96119,"disk_write_sec":88064,"disk_iops_sec":21,"io_wait":0,"open_files":0,"os_bytes_in_sec":3699,"os_bytes_out_sec":2093,"total_procs":483},"count":1},{"date":1639106400,"epoch_div":27318440,"totals":{"load_avg":2.7607421875,"cpu_usage":100,"mem_used":8534441984,"mem_free":6338826240,"tcp_conns":101,"disk_usage_root":8.83,"disk_read_sec":69493,"disk_write_sec":114132,"disk_iops_sec":20,"io_wait":0,"open_files":0,"os_bytes_in_sec":1839,"os_bytes_out_sec":1164,"total_procs":483},"count":1},{"date":1639106460,"epoch_div":27318441,"totals":{"load_avg":2.68115234375,"cpu_usage":100,"mem_used":8546435072,"mem_free":6378192896,"tcp_conns":100,"disk_usage_root":8.83,"disk_read_sec":1751946,"disk_write_sec":239851,"disk_iops_sec":103,"io_wait":0,"open_files":0,"os_bytes_in_sec":3343,"os_bytes_out_sec":2801,"total_procs":484},"count":1},{"date":1639108260,"epoch_div":27318471,"totals":{"load_avg":2.54833984375,"cpu_usage":100,"mem_used":8255025152,"mem_free":6452813824,"tcp_conns":105,"disk_usage_root":8.83,"disk_read_sec":87702,"disk_write_sec":353109,"disk_iops_sec":3,"io_wait":0,"open_files":0,"os_bytes_in_sec":81,"os_bytes_out_sec":37,"total_procs":495},"count":1}]}