{"type":"list_page","items":[{"date":1639174500,"epoch_div":27319575,"totals":{"load_avg":2.16357421875,"cpu_usage":100,"mem_used":8561909760,"mem_free":6458302464,"tcp_conns":107,"disk_usage_root":8.83,"disk_read_sec":36752,"disk_write_sec":21487,"disk_iops_sec":1,"io_wait":0,"open_files":0,"os_bytes_in_sec":58,"os_bytes_out_sec":28,"total_procs":485},"count":1},{"date":1639174560,"epoch_div":27319576,"totals":{"load_avg":2.2744140625,"cpu_usage":100,"mem_used":8570245120,"mem_free":6492876800,"tcp_conns":102,"disk_usage_root":8.83,"disk_read_sec":3265920,"disk_write_sec":2333312,"disk_iops_sec":174,"io_wait":0,"open_files":0,"os_bytes_in_sec":2877,"os_bytes_out_sec":5775,"total_procs":489},"count":1}]}