{"type":"list_page","items":[{"date":1636761240,"epoch_div":13639677,"totals":{"load_avg":3.49755859375,"cpu_usage":200,"mem_used":16896540672,"mem_free":12546473984,"tcp_conns":40,"disk_usage_root":12.24,"disk_read_sec":14676,"disk_write_sec":116394,"disk_iops_sec":22,"io_wait":0,"open_files":0,"os_bytes_in_sec":562,"os_bytes_out_sec":337,"total_procs":987},"count":2},{"date":1636761360,"epoch_div":13639678,"totals":{"load_avg":4.5341796875,"cpu_usage":200,"mem_used":16974585856,"mem_free":12512616448,"tcp_conns":40,"disk_usage_root":12.24,"disk_read_sec":25895,"disk_write_sec":113321,"disk_iops_sec":22,"io_wait":0,"open_files":0,"os_bytes_in_sec":351,"os_bytes_out_sec":274,"total_procs":987},"count":2},{"date":1636761480,"epoch_div":13639679,"totals":{"load_avg":3.3154296875,"cpu_usage":200,"mem_used":16904658944,"mem_free":12548624384,"tcp_conns":43,"disk_usage_root":12.24,"disk_read_sec":17066,"disk_write_sec":146022,"disk_iops_sec":27,"io_wait":0,"open_files":0,"os_bytes_in_sec":494,"os_bytes_out_sec":455,"total_procs":988},"count":2},{"date":1636761600,"epoch_div":13639680,"totals":{"load_avg":3.591796875,"cpu_usage":200,"mem_used":16906543104,"mem_free":12567937024,"tcp_conns":41,"disk_usage_root":12.24,"disk_read_sec":33655,"disk_write_sec":153053,"disk_iops_sec":30,"io_wait":0,"open_files":0,"os_bytes_in_sec":501,"os_bytes_out_sec":302,"total_procs":989},"count":2},{"date":1636761720,"epoch_div":13639681,"totals":{"load_avg":3.79296875,"cpu_usage":200,"mem_used":16907599872,"mem_free":12468051968,"tcp_conns":49,"disk_usage_root":12.24,"disk_read_sec":1620885,"disk_write_sec":435537,"disk_iops_sec":85,"io_wait":0,"open_files":0,"os_bytes_in_sec":412,"os_bytes_out_sec":802,"total_procs":993},"count":2},{"date":1636761840,"epoch_div":13639682,"totals":{"load_avg":4.13232421875,"cpu_usage":200,"mem_used":16919007232,"mem_free":12469354496,"tcp_conns":48,"disk_usage_root":12.24,"disk_read_sec":37783,"disk_write_sec":1039323,"disk_iops_sec":36,"io_wait":0,"open_files":0,"os_bytes_in_sec":469,"os_bytes_out_sec":314,"total_procs":994},"count":2},{"date":1636761960,"epoch_div":13639683,"totals":{"load_avg":4.458984375,"cpu_usage":200,"mem_used":16924049408,"mem_free":12528230400,"tcp_conns":42,"disk_usage_root":12.24,"disk_read_sec":331006,"disk_write_sec":1342350,"disk_iops_sec":56,"io_wait":0,"open_files":0,"os_bytes_in_sec":399,"os_bytes_out_sec":311,"total_procs":992},"count":2},{"date":1636762080,"epoch_div":13639684,"totals":{"load_avg":4.716796875,"cpu_usage":200,"mem_used":16918245376,"mem_free":12527878144,"tcp_conns":42,"disk_usage_root":12.24,"disk_read_sec":14404,"disk_write_sec":124343,"disk_iops_sec":23,"io_wait":0,"open_files":0,"os_bytes_in_sec":485,"os_bytes_out_sec":432,"total_procs":992},"count":2},{"date":1636762200,"epoch_div":13639685,"totals":{"load_avg":3.8291015625,"cpu_usage":200,"mem_used":16915578880,"mem_free":12555931648,"tcp_conns":41,"disk_usage_root":12.24,"disk_read_sec":5891,"disk_write_sec":133417,"disk_iops_sec":25,"io_wait":0,"open_files":0,"os_bytes_in_sec":502,"os_bytes_out_sec":350,"total_procs":992},"count":2},{"date":1636762320,"epoch_div":13639686,"totals":{"load_avg":4.20654296875,"cpu_usage":200,"mem_used":16915050496,"mem_free":12513914880,"tcp_conns":42,"disk_usage_root":12.24,"disk_read_sec":1509,"disk_write_sec":107898,"disk_iops_sec":20,"io_wait":0,"open_files":0,"os_bytes_in_sec":758,"os_bytes_out_sec":248,"total_procs":991},"count":2},{"date":1636762440,"epoch_div":13639687,"totals":{"load_avg":4.974609375,"cpu_usage":200,"mem_used":16896618496,"mem_free":12539203584,"tcp_conns":39,"disk_usage_root":12.24,"disk_read_sec":13652,"disk_write_sec":138922,"disk_iops_sec":28,"io_wait":0,"open_files":0,"os_bytes_in_sec":369,"os_bytes_out_sec":213,"total_procs":987},"count":2},{"date":1636762560,"epoch_div":13639688,"totals":{"load_avg":3.58056640625,"cpu_usage":200,"mem_used":16905609216,"mem_free":12538417152,"tcp_conns":40,"disk_usage_root":12.24,"disk_read_sec":13106,"disk_write_sec":133870,"disk_iops_sec":23,"io_wait":0,"open_files":0,"os_bytes_in_sec":322,"os_bytes_out_sec":275,"total_procs":988},"count":2},{"date":1636762680,"epoch_div":13639689,"totals":{"load_avg":3.08154296875,"cpu_usage":200,"mem_used":16901947392,"mem_free":12531109888,"tcp_conns":42,"disk_usage_root":12.24,"disk_read_sec":3139,"disk_write_sec":124108,"disk_iops_sec":23,"io_wait":0,"open_files":0,"os_bytes_in_sec":586,"os_bytes_out_sec":409,"total_procs":989},"count":2},{"date":1636762800,"epoch_div":13639690,"totals":{"load_avg":4.2431640625,"cpu_usage":200,"mem_used":16964890624,"mem_free":12558159872,"tcp_conns":41,"disk_usage_root":12.24,"disk_read_sec":335525,"disk_write_sec":1520693,"disk_iops_sec":78,"io_wait":0,"open_files":0,"os_bytes_in_sec":557,"os_bytes_out_sec":350,"total_procs":991},"count":2},{"date":1636762920,"epoch_div":13639691,"totals":{"load_avg":3.9580078125,"cpu_usage":200,"mem_used":16956592128,"mem_free":12522807296,"tcp_conns":43,"disk_usage_root":12.24,"disk_read_sec":12701,"disk_write_sec":409258,"disk_iops_sec":24,"io_wait":0,"open_files":0,"os_bytes_in_sec":382,"os_bytes_out_sec":309,"total_procs":987},"count":2},{"date":1636763040,"epoch_div":13639692,"totals":{"load_avg":3.763671875,"cpu_usage":200,"mem_used":16956313600,"mem_free":12539113472,"tcp_conns":39,"disk_usage_root":12.24,"disk_read_sec":5054,"disk_write_sec":106641,"disk_iops_sec":21,"io_wait":0,"open_files":0,"os_bytes_in_sec":437,"os_bytes_out_sec":238,"total_procs":987},"count":2},{"date":1636763160,"epoch_div":13639693,"totals":{"load_avg":3.7783203125,"cpu_usage":200,"mem_used":17019944960,"mem_free":12523950080,"tcp_conns":40,"disk_usage_root":12.24,"disk_read_sec":288235,"disk_write_sec":161297,"disk_iops_sec":46,"io_wait":0,"open_files":0,"os_bytes_in_sec":12299,"os_bytes_out_sec":1387,"total_procs":987},"count":2},{"date":1636763280,"epoch_div":13639694,"totals":{"load_avg":5.10009765625,"cpu_usage":200,"mem_used":16947040256,"mem_free":12549574656,"tcp_conns":42,"disk_usage_root":12.24,"disk_read_sec":1568,"disk_write_sec":111815,"disk_iops_sec":20,"io_wait":0,"open_files":0,"os_bytes_in_sec":1025,"os_bytes_out_sec":413,"total_procs":988},"count":2},{"date":1636763400,"epoch_div":13639695,"totals":{"load_avg":3.66162109375,"cpu_usage":200,"mem_used":16950439936,"mem_free":12565823488,"tcp_conns":41,"disk_usage_root":12.24,"disk_read_sec":50380,"disk_write_sec":415129,"disk_iops_sec":45,"io_wait":0,"open_files":0,"os_bytes_in_sec":611,"os_bytes_out_sec":347,"total_procs":989},"count":2},{"date":1636763520,"epoch_div":13639696,"totals":{"load_avg":4.1826171875,"cpu_usage":200,"mem_used":16902643712,"mem_free":12533538816,"tcp_conns":49,"disk_usage_root":12.24,"disk_read_sec":18031,"disk_write_sec":462541,"disk_iops_sec":28,"io_wait":0,"open_files":0,"os_bytes_in_sec":1437,"os_bytes_out_sec":972,"total_procs":992},"count":2},{"date":1636763640,"epoch_div":13639697,"totals":{"load_avg":4.150390625,"cpu_usage":200,"mem_used":16904069120,"mem_free":12533821440,"tcp_conns":53,"disk_usage_root":12.24,"disk_read_sec":1599623,"disk_write_sec":135235,"disk_iops_sec":80,"io_wait":0,"open_files":0,"os_bytes_in_sec":1088,"os_bytes_out_sec":929,"total_procs":988},"count":2},{"date":1636763760,"epoch_div":13639698,"totals":{"load_avg":4.35205078125,"cpu_usage":200,"mem_used":16974249984,"mem_free":12521832448,"tcp_conns":51,"disk_usage_root":12.24,"disk_read_sec":281122,"disk_write_sec":111684,"disk_iops_sec":42,"io_wait":0,"open_files":0,"os_bytes_in_sec":430,"os_bytes_out_sec":386,"total_procs":987},"count":2},{"date":1636763880,"epoch_div":13639699,"totals":{"load_avg":3.439453125,"cpu_usage":200,"mem_used":16904421376,"mem_free":12547497984,"tcp_conns":46,"disk_usage_root":12.24,"disk_read_sec":19852,"disk_write_sec":140742,"disk_iops_sec":27,"io_wait":0,"open_files":0,"os_bytes_in_sec":536,"os_bytes_out_sec":492,"total_procs":988},"count":2},{"date":1636764000,"epoch_div":13639700,"totals":{"load_avg":3.57958984375,"cpu_usage":200,"mem_used":16901545984,"mem_free":12570951680,"tcp_conns":41,"disk_usage_root":12.24,"disk_read_sec":4073,"disk_write_sec":127658,"disk_iops_sec":23,"io_wait":0,"open_files":0,"os_bytes_in_sec":570,"os_bytes_out_sec":335,"total_procs":988},"count":2},{"date":1636764120,"epoch_div":13639701,"totals":{"load_avg":4.73876953125,"cpu_usage":200,"mem_used":16901509120,"mem_free":12531220480,"tcp_conns":42,"disk_usage_root":12.24,"disk_read_sec":208,"disk_write_sec":111418,"disk_iops_sec":20,"io_wait":0,"open_files":0,"os_bytes_in_sec":243,"os_bytes_out_sec":197,"total_procs":987},"count":2},{"date":1636764240,"epoch_div":13639702,"totals":{"load_avg":3.4892578125,"cpu_usage":200,"mem_used":16902701056,"mem_free":12542685184,"tcp_conns":39,"disk_usage_root":12.24,"disk_read_sec":21321,"disk_write_sec":132845,"disk_iops_sec":25,"io_wait":0,"open_files":0,"os_bytes_in_sec":656,"os_bytes_out_sec":315,"total_procs":987},"count":2},{"date":1636764360,"epoch_div":13639703,"totals":{"load_avg":3.4794921875,"cpu_usage":200,"mem_used":16909930496,"mem_free":12558524416,"tcp_conns":40,"disk_usage_root":12.24,"disk_read_sec":2806,"disk_write_sec":124178,"disk_iops_sec":21,"io_wait":0,"open_files":0,"os_bytes_in_sec":791,"os_bytes_out_sec":276,"total_procs":987},"count":2},{"date":1636764480,"epoch_div":13639704,"totals":{"load_avg":4.11474609375,"cpu_usage":200,"mem_used":16907923456,"mem_free":12538736640,"tcp_conns":42,"disk_usage_root":12.24,"disk_read_sec":1687,"disk_write_sec":112867,"disk_iops_sec":20,"io_wait":0,"open_files":0,"os_bytes_in_sec":702,"os_bytes_out_sec":395,"total_procs":988},"count":2},{"date":1636764600,"epoch_div":13639705,"totals":{"load_avg":3.279296875,"cpu_usage":200,"mem_used":16903999488,"mem_free":12567031808,"tcp_conns":41,"disk_usage_root":12.24,"disk_read_sec":7121,"disk_write_sec":138548,"disk_iops_sec":23,"io_wait":0,"open_files":0,"os_bytes_in_sec":586,"os_bytes_out_sec":350,"total_procs":988},"count":2},{"date":1636764720,"epoch_div":13639706,"totals":{"load_avg":5.38427734375,"cpu_usage":200,"mem_used":16905936896,"mem_free":12532584448,"tcp_conns":43,"disk_usage_root":12.24,"disk_read_sec":36026,"disk_write_sec":396348,"disk_iops_sec":23,"io_wait":0,"open_files":0,"os_bytes_in_sec":329,"os_bytes_out_sec":345,"total_procs":987},"count":2},{"date":1636764840,"epoch_div":13639707,"totals":{"load_avg":3.84375,"cpu_usage":200,"mem_used":16904519680,"mem_free":12541435904,"tcp_conns":39,"disk_usage_root":12.24,"disk_read_sec":3441,"disk_write_sec":114165,"disk_iops_sec":22,"io_wait":0,"open_files":0,"os_bytes_in_sec":518,"os_bytes_out_sec":201,"total_procs":987},"count":2},{"date":1636764960,"epoch_div":13639708,"totals":{"load_avg":2.3505859375,"cpu_usage":200,"mem_used":16986083328,"mem_free":12509278208,"tcp_conns":40,"disk_usage_root":12.24,"disk_read_sec":16292,"disk_write_sec":158073,"disk_iops_sec":24,"io_wait":0,"open_files":0,"os_bytes_in_sec":9768,"os_bytes_out_sec":1193,"total_procs":987},"count":2},{"date":1636765080,"epoch_div":13639709,"totals":{"load_avg":2.96533203125,"cpu_usage":200,"mem_used":16918290432,"mem_free":12538187776,"tcp_conns":42,"disk_usage_root":12.24,"disk_read_sec":6320,"disk_write_sec":126558,"disk_iops_sec":24,"io_wait":0,"open_files":0,"os_bytes_in_sec":487,"os_bytes_out_sec":622,"total_procs":989},"count":2},{"date":1636765200,"epoch_div":13639710,"totals":{"load_avg":3.79541015625,"cpu_usage":200,"mem_used":16877826048,"mem_free":12579069952,"tcp_conns":41,"disk_usage_root":12.24,"disk_read_sec":4952,"disk_write_sec":147665,"disk_iops_sec":27,"io_wait":0,"open_files":0,"os_bytes_in_sec":631,"os_bytes_out_sec":337,"total_procs":989},"count":2},{"date":1636765320,"epoch_div":13639711,"totals":{"load_avg":3.70361328125,"cpu_usage":200,"mem_used":16936390656,"mem_free":12482428928,"tcp_conns":45,"disk_usage_root":12.24,"disk_read_sec":955,"disk_write_sec":420385,"disk_iops_sec":21,"io_wait":0,"open_files":0,"os_bytes_in_sec":290,"os_bytes_out_sec":382,"total_procs":991},"count":2},{"date":1636765440,"epoch_div":13639712,"totals":{"load_avg":4.04736328125,"cpu_usage":200,"mem_used":16932069376,"mem_free":12507451392,"tcp_conns":43,"disk_usage_root":12.24,"disk_read_sec":10102,"disk_write_sec":138035,"disk_iops_sec":23,"io_wait":0,"open_files":0,"os_bytes_in_sec":537,"os_bytes_out_sec":216,"total_procs":988},"count":2},{"date":1636765560,"epoch_div":13639713,"totals":{"load_avg":3.8583984375,"cpu_usage":200,"mem_used":17012056064,"mem_free":12508889088,"tcp_conns":41,"disk_usage_root":12.24,"disk_read_sec":33213,"disk_write_sec":109424,"disk_iops_sec":23,"io_wait":0,"open_files":0,"os_bytes_in_sec":838,"os_bytes_out_sec":281,"total_procs":987},"count":2},{"date":1636765680,"epoch_div":13639714,"totals":{"load_avg":3.96142578125,"cpu_usage":200,"mem_used":16901324800,"mem_free":12559278080,"tcp_conns":42,"disk_usage_root":12.24,"disk_read_sec":2368,"disk_write_sec":109836,"disk_iops_sec":20,"io_wait":0,"open_files":0,"os_bytes_in_sec":471,"os_bytes_out_sec":421,"total_procs":988},"count":2},{"date":1636765800,"epoch_div":13639715,"totals":{"load_avg":3.654296875,"cpu_usage":200,"mem_used":16899096576,"mem_free":12581785600,"tcp_conns":41,"disk_usage_root":12.24,"disk_read_sec":16583,"disk_write_sec":142230,"disk_iops_sec":25,"io_wait":0,"open_files":0,"os_bytes_in_sec":1098,"os_bytes_out_sec":413,"total_procs":989},"count":2},{"date":1636765920,"epoch_div":13639716,"totals":{"load_avg":4.4052734375,"cpu_usage":200,"mem_used":16896593920,"mem_free":12548313088,"tcp_conns":43,"disk_usage_root":12.24,"disk_read_sec":1843,"disk_write_sec":112482,"disk_iops_sec":21,"io_wait":0,"open_files":0,"os_bytes_in_sec":428,"os_bytes_out_sec":309,"total_procs":987},"count":2},{"date":1636766040,"epoch_div":13639717,"totals":{"load_avg":3.6708984375,"cpu_usage":200,"mem_used":16897953792,"mem_free":12559896576,"tcp_conns":39,"disk_usage_root":12.24,"disk_read_sec":8883,"disk_write_sec":107575,"disk_iops_sec":21,"io_wait":0,"open_files":0,"os_bytes_in_sec":551,"os_bytes_out_sec":222,"total_procs":987},"count":2},{"date":1636766160,"epoch_div":13639718,"totals":{"load_avg":4.24560546875,"cpu_usage":200,"mem_used":17021120512,"mem_free":12525936640,"tcp_conns":40,"disk_usage_root":12.24,"disk_read_sec":366084,"disk_write_sec":173882,"disk_iops_sec":59,"io_wait":0,"open_files":0,"os_bytes_in_sec":386,"os_bytes_out_sec":280,"total_procs":988},"count":2},{"date":1636766280,"epoch_div":13639719,"totals":{"load_avg":3.8916015625,"cpu_usage":200,"mem_used":16992546816,"mem_free":12519940096,"tcp_conns":44,"disk_usage_root":12.24,"disk_read_sec":26082,"disk_write_sec":138012,"disk_iops_sec":29,"io_wait":0,"open_files":0,"os_bytes_in_sec":1000,"os_bytes_out_sec":636,"total_procs":990},"count":2},{"date":1636766400,"epoch_div":13639720,"totals":{"load_avg":4.14111328125,"cpu_usage":200,"mem_used":16932200448,"mem_free":12585848832,"tcp_conns":44,"disk_usage_root":12.24,"disk_read_sec":45533,"disk_write_sec":1191526,"disk_iops_sec":34,"io_wait":0,"open_files":0,"os_bytes_in_sec":1743,"os_bytes_out_sec":703,"total_procs":992},"count":2},{"date":1636766520,"epoch_div":13639721,"totals":{"load_avg":4.77685546875,"cpu_usage":200,"mem_used":16926928896,"mem_free":12518711296,"tcp_conns":43,"disk_usage_root":12.24,"disk_read_sec":16930,"disk_write_sec":137284,"disk_iops_sec":25,"io_wait":0,"open_files":0,"os_bytes_in_sec":412,"os_bytes_out_sec":310,"total_procs":988},"count":2},{"date":1636766640,"epoch_div":13639722,"totals":{"load_avg":3.64501953125,"cpu_usage":200,"mem_used":16926670848,"mem_free":12537720832,"tcp_conns":39,"disk_usage_root":12.24,"disk_read_sec":277,"disk_write_sec":109260,"disk_iops_sec":20,"io_wait":0,"open_files":0,"os_bytes_in_sec":472,"os_bytes_out_sec":222,"total_procs":987},"count":2},{"date":1636766760,"epoch_div":13639723,"totals":{"load_avg":4.4169921875,"cpu_usage":200,"mem_used":17005699072,"mem_free":12509483008,"tcp_conns":40,"disk_usage_root":12.24,"disk_read_sec":266195,"disk_write_sec":114969,"disk_iops_sec":38,"io_wait":0,"open_files":0,"os_bytes_in_sec":276,"os_bytes_out_sec":263,"total_procs":987},"count":2},{"date":1636766880,"epoch_div":13639724,"totals":{"load_avg":4.6923828125,"cpu_usage":200,"mem_used":16930242560,"mem_free":12536754176,"tcp_conns":42,"disk_usage_root":12.24,"disk_read_sec":14499,"disk_write_sec":148829,"disk_iops_sec":24,"io_wait":0,"open_files":0,"os_bytes_in_sec":6121,"os_bytes_out_sec":972,"total_procs":988},"count":2},{"date":1636767000,"epoch_div":13639725,"totals":{"load_avg":4.47265625,"cpu_usage":200,"mem_used":16930447360,"mem_free":12510875648,"tcp_conns":41,"disk_usage_root":12.24,"disk_read_sec":89420,"disk_write_sec":483072,"disk_iops_sec":48,"io_wait":0,"open_files":0,"os_bytes_in_sec":1129,"os_bytes_out_sec":350,"total_procs":989},"count":2},{"date":1636767120,"epoch_div":13639726,"totals":{"load_avg":3.50390625,"cpu_usage":200,"mem_used":17009905664,"mem_free":12477456384,"tcp_conns":46,"disk_usage_root":12.24,"disk_read_sec":7904,"disk_write_sec":436329,"disk_iops_sec":25,"io_wait":0,"open_files":0,"os_bytes_in_sec":483,"os_bytes_out_sec":538,"total_procs":993},"count":2},{"date":1636767240,"epoch_div":13639727,"totals":{"load_avg":3.095703125,"cpu_usage":200,"mem_used":17001029632,"mem_free":12478218240,"tcp_conns":45,"disk_usage_root":12.24,"disk_read_sec":21640,"disk_write_sec":139672,"disk_iops_sec":23,"io_wait":0,"open_files":0,"os_bytes_in_sec":471,"os_bytes_out_sec":210,"total_procs":987},"count":2},{"date":1636767360,"epoch_div":13639728,"totals":{"load_avg":4.4208984375,"cpu_usage":200,"mem_used":17002504192,"mem_free":12486148096,"tcp_conns":43,"disk_usage_root":12.24,"disk_read_sec":2389,"disk_write_sec":121309,"disk_iops_sec":21,"io_wait":0,"open_files":0,"os_bytes_in_sec":378,"os_bytes_out_sec":285,"total_procs":987},"count":2},{"date":1636767480,"epoch_div":13639729,"totals":{"load_avg":4.412109375,"cpu_usage":200,"mem_used":17007009792,"mem_free":12475060224,"tcp_conns":43,"disk_usage_root":12.24,"disk_read_sec":3481,"disk_write_sec":125132,"disk_iops_sec":23,"io_wait":0,"open_files":0,"os_bytes_in_sec":443,"os_bytes_out_sec":402,"total_procs":989},"count":2},{"date":1636767600,"epoch_div":13639730,"totals":{"load_avg":4.26318359375,"cpu_usage":200,"mem_used":17005154304,"mem_free":12502740992,"tcp_conns":41,"disk_usage_root":12.24,"disk_read_sec":7561,"disk_write_sec":128817,"disk_iops_sec":23,"io_wait":0,"open_files":0,"os_bytes_in_sec":521,"os_bytes_out_sec":365,"total_procs":988},"count":2},{"date":1636767720,"epoch_div":13639731,"totals":{"load_avg":4.9453125,"cpu_usage":200,"mem_used":17004810240,"mem_free":12465868800,"tcp_conns":42,"disk_usage_root":12.24,"disk_read_sec":9638,"disk_write_sec":132419,"disk_iops_sec":22,"io_wait":0,"open_files":0,"os_bytes_in_sec":161,"os_bytes_out_sec":189,"total_procs":987},"count":2},{"date":1636767840,"epoch_div":13639732,"totals":{"load_avg":3.7802734375,"cpu_usage":200,"mem_used":17005953024,"mem_free":12479725568,"tcp_conns":39,"disk_usage_root":12.24,"disk_read_sec":2441,"disk_write_sec":117341,"disk_iops_sec":21,"io_wait":0,"open_files":0,"os_bytes_in_sec":435,"os_bytes_out_sec":215,"total_procs":987},"count":2},{"date":1636767960,"epoch_div":13639733,"totals":{"load_avg":4.01806640625,"cpu_usage":200,"mem_used":17005125632,"mem_free":12493733888,"tcp_conns":38,"disk_usage_root":12.24,"disk_read_sec":6800,"disk_write_sec":128986,"disk_iops_sec":23,"io_wait":0,"open_files":0,"os_bytes_in_sec":278,"os_bytes_out_sec":273,"total_procs":987},"count":2},{"date":1636768080,"epoch_div":13639734,"totals":{"load_avg":4.05126953125,"cpu_usage":200,"mem_used":17029079040,"mem_free":12455669760,"tcp_conns":42,"disk_usage_root":12.24,"disk_read_sec":14084,"disk_write_sec":139286,"disk_iops_sec":24,"io_wait":0,"open_files":0,"os_bytes_in_sec":586,"os_bytes_out_sec":396,"total_procs":988},"count":2},{"date":1636768200,"epoch_div":13639735,"totals":{"load_avg":4.3291015625,"cpu_usage":200,"mem_used":17026211840,"mem_free":12440494080,"tcp_conns":41,"disk_usage_root":12.24,"disk_read_sec":5119,"disk_write_sec":125336,"disk_iops_sec":22,"io_wait":0,"open_files":0,"os_bytes_in_sec":578,"os_bytes_out_sec":334,"total_procs":988},"count":2},{"date":1636768320,"epoch_div":13639736,"totals":{"load_avg":4.1982421875,"cpu_usage":200,"mem_used":17025310720,"mem_free":12454928384,"tcp_conns":43,"disk_usage_root":12.24,"disk_read_sec":3549,"disk_write_sec":111069,"disk_iops_sec":21,"io_wait":0,"open_files":0,"os_bytes_in_sec":305,"os_bytes_out_sec":324,"total_procs":987},"count":2},{"date":1636768440,"epoch_div":13639737,"totals":{"load_avg":4.16064453125,"cpu_usage":200,"mem_used":17029660672,"mem_free":12453167104,"tcp_conns":39,"disk_usage_root":12.24,"disk_read_sec":49151,"disk_write_sec":140560,"disk_iops_sec":27,"io_wait":0,"open_files":0,"os_bytes_in_sec":760,"os_bytes_out_sec":281,"total_procs":988},"count":2},{"date":1636768560,"epoch_div":13639738,"totals":{"load_avg":4.7607421875,"cpu_usage":200,"mem_used":17027289088,"mem_free":12459655168,"tcp_conns":40,"disk_usage_root":12.24,"disk_read_sec":411,"disk_write_sec":112509,"disk_iops_sec":19,"io_wait":0,"open_files":0,"os_bytes_in_sec":352,"os_bytes_out_sec":271,"total_procs":987},"count":2},{"date":1636768680,"epoch_div":13639739,"totals":{"load_avg":3.7919921875,"cpu_usage":200,"mem_used":16896475136,"mem_free":12440723456,"tcp_conns":43,"disk_usage_root":12.24,"disk_read_sec":10292,"disk_write_sec":129524,"disk_iops_sec":25,"io_wait":0,"open_files":0,"os_bytes_in_sec":1000,"os_bytes_out_sec":482,"total_procs":989},"count":2},{"date":1636768800,"epoch_div":13639740,"totals":{"load_avg":4.01611328125,"cpu_usage":200,"mem_used":16769290240,"mem_free":12451258368,"tcp_conns":42,"disk_usage_root":12.24,"disk_read_sec":17378,"disk_write_sec":478862,"disk_iops_sec":32,"io_wait":0,"open_files":0,"os_bytes_in_sec":5616,"os_bytes_out_sec":831,"total_procs":992},"count":2},{"date":1636768920,"epoch_div":13639741,"totals":{"load_avg":4.41845703125,"cpu_usage":200,"mem_used":16760438784,"mem_free":12430225408,"tcp_conns":45,"disk_usage_root":12.24,"disk_read_sec":1774,"disk_write_sec":117622,"disk_iops_sec":20,"io_wait":0,"open_files":0,"os_bytes_in_sec":678,"os_bytes_out_sec":420,"total_procs":987},"count":2},{"date":1636769040,"epoch_div":13639742,"totals":{"load_avg":3.8837890625,"cpu_usage":200,"mem_used":16760700928,"mem_free":12433424384,"tcp_conns":42,"disk_usage_root":12.24,"disk_read_sec":273,"disk_write_sec":115848,"disk_iops_sec":21,"io_wait":0,"open_files":0,"os_bytes_in_sec":644,"os_bytes_out_sec":226,"total_procs":987},"count":2},{"date":1636769160,"epoch_div":13639743,"totals":{"load_avg":3.32763671875,"cpu_usage":200,"mem_used":16764395520,"mem_free":12422213632,"tcp_conns":43,"disk_usage_root":12.24,"disk_read_sec":37388,"disk_write_sec":145878,"disk_iops_sec":24,"io_wait":0,"open_files":0,"os_bytes_in_sec":830,"os_bytes_out_sec":724,"total_procs":988},"count":2},{"date":1636769280,"epoch_div":13639744,"totals":{"load_avg":3.875,"cpu_usage":200,"mem_used":16764407808,"mem_free":12429889536,"tcp_conns":42,"disk_usage_root":12.24,"disk_read_sec":0,"disk_write_sec":108776,"disk_iops_sec":20,"io_wait":0,"open_files":0,"os_bytes_in_sec":395,"os_bytes_out_sec":300,"total_procs":988},"count":2},{"date":1636769400,"epoch_div":13639745,"totals":{"load_avg":3.8291015625,"cpu_usage":200,"mem_used":16765751296,"mem_free":12453027840,"tcp_conns":41,"disk_usage_root":12.24,"disk_read_sec":36454,"disk_write_sec":119553,"disk_iops_sec":23,"io_wait":0,"open_files":0,"os_bytes_in_sec":736,"os_bytes_out_sec":544,"total_procs":988},"count":2},{"date":1636769520,"epoch_div":13639746,"totals":{"load_avg":4.33056640625,"cpu_usage":200,"mem_used":16763588608,"mem_free":12412686336,"tcp_conns":42,"disk_usage_root":12.24,"disk_read_sec":13243,"disk_write_sec":128613,"disk_iops_sec":23,"io_wait":0,"open_files":0,"os_bytes_in_sec":238,"os_bytes_out_sec":210,"total_procs":987},"count":2},{"date":1636769640,"epoch_div":13639747,"totals":{"load_avg":3.12841796875,"cpu_usage":200,"mem_used":16764694528,"mem_free":12427272192,"tcp_conns":39,"disk_usage_root":12.24,"disk_read_sec":68,"disk_write_sec":112912,"disk_iops_sec":19,"io_wait":0,"open_files":0,"os_bytes_in_sec":651,"os_bytes_out_sec":203,"total_procs":987},"count":2},{"date":1636769760,"epoch_div":13639748,"totals":{"load_avg":4.14794921875,"cpu_usage":200,"mem_used":16767021056,"mem_free":12431147008,"tcp_conns":40,"disk_usage_root":12.24,"disk_read_sec":9287,"disk_write_sec":112631,"disk_iops_sec":20,"io_wait":0,"open_files":0,"os_bytes_in_sec":355,"os_bytes_out_sec":278,"total_procs":987},"count":2},{"date":1636769880,"epoch_div":13639749,"totals":{"load_avg":3.83056640625,"cpu_usage":200,"mem_used":16775184384,"mem_free":12424179712,"tcp_conns":42,"disk_usage_root":12.24,"disk_read_sec":23520,"disk_write_sec":147684,"disk_iops_sec":28,"io_wait":0,"open_files":0,"os_bytes_in_sec":612,"os_bytes_out_sec":393,"total_procs":990},"count":2},{"date":1636770000,"epoch_div":13639750,"totals":{"load_avg":3.8466796875,"cpu_usage":200,"mem_used":16704602112,"mem_free":12457021440,"tcp_conns":41,"disk_usage_root":12.24,"disk_read_sec":368197,"disk_write_sec":985446,"disk_iops_sec":33,"io_wait":0,"open_files":0,"os_bytes_in_sec":1212,"os_bytes_out_sec":626,"total_procs":991},"count":2},{"date":1636770120,"epoch_div":13639751,"totals":{"load_avg":3.44189453125,"cpu_usage":200,"mem_used":16798023680,"mem_free":12287578112,"tcp_conns":41,"disk_usage_root":12.24,"disk_read_sec":1663908,"disk_write_sec":124827,"disk_iops_sec":83,"io_wait":0,"open_files":0,"os_bytes_in_sec":1897,"os_bytes_out_sec":3077,"total_procs":987},"count":2},{"date":1636776720,"epoch_div":13639806,"totals":{"load_avg":1.90234375,"cpu_usage":100,"mem_used":8461418496,"mem_free":6360424448,"tcp_conns":17,"disk_usage_root":6.12,"disk_read_sec":21282,"disk_write_sec":4230,"disk_iops_sec":1,"io_wait":0,"open_files":0,"os_bytes_in_sec":0,"os_bytes_out_sec":0,"total_procs":506},"count":1},{"date":1636776840,"epoch_div":13639807,"totals":{"load_avg":7.45458984375,"cpu_usage":200,"mem_used":15482417152,"mem_free":12304261120,"tcp_conns":105,"disk_usage_root":12.24,"disk_read_sec":4334778,"disk_write_sec":9718683,"disk_iops_sec":399,"io_wait":0,"open_files":0,"os_bytes_in_sec":8337639,"os_bytes_out_sec":110062,"total_procs":967},"count":2},{"date":1636776960,"epoch_div":13639808,"totals":{"load_avg":6.15380859375,"cpu_usage":200,"mem_used":16059641856,"mem_free":11859222528,"tcp_conns":124,"disk_usage_root":12.24,"disk_read_sec":27581211,"disk_write_sec":69009419,"disk_iops_sec":1810,"io_wait":0,"open_files":0,"os_bytes_in_sec":5217,"os_bytes_out_sec":6183,"total_procs":979},"count":2},{"date":1636777080,"epoch_div":13639809,"totals":{"load_avg":6.60302734375,"cpu_usage":200,"mem_used":16812273664,"mem_free":11878834176,"tcp_conns":83,"disk_usage_root":12.24,"disk_read_sec":9732846,"disk_write_sec":24545552,"disk_iops_sec":1368,"io_wait":0,"open_files":0,"os_bytes_in_sec":8787,"os_bytes_out_sec":2681,"total_procs":982},"count":2},{"date":1636777200,"epoch_div":13639810,"totals":{"load_avg":5.6904296875,"cpu_usage":200,"mem_used":16990289920,"mem_free":11735146496,"tcp_conns":52,"disk_usage_root":12.24,"disk_read_sec":84171,"disk_write_sec":2236005,"disk_iops_sec":60,"io_wait":0,"open_files":0,"os_bytes_in_sec":402,"os_bytes_out_sec":429,"total_procs":986},"count":2},{"date":1636777320,"epoch_div":13639811,"totals":{"load_avg":7.3203125,"cpu_usage":200,"mem_used":17055117312,"mem_free":11809247232,"tcp_conns":56,"disk_usage_root":12.24,"disk_read_sec":254548,"disk_write_sec":1752498,"disk_iops_sec":69,"io_wait":0,"open_files":0,"os_bytes_in_sec":17953,"os_bytes_out_sec":2877,"total_procs":981},"count":2},{"date":1636777440,"epoch_div":13639812,"totals":{"load_avg":5.9150390625,"cpu_usage":200,"mem_used":17085362176,"mem_free":11716968448,"tcp_conns":46,"disk_usage_root":12.24,"disk_read_sec":276684,"disk_write_sec":8772607,"disk_iops_sec":1691,"io_wait":0,"open_files":0,"os_bytes_in_sec":794,"os_bytes_out_sec":842,"total_procs":972},"count":2},{"date":1636777560,"epoch_div":13639813,"totals":{"load_avg":6.142578125,"cpu_usage":200,"mem_used":17076572160,"mem_free":11832397824,"tcp_conns":44,"disk_usage_root":12.24,"disk_read_sec":4429,"disk_write_sec":1127686,"disk_iops_sec":32,"io_wait":0,"open_files":0,"os_bytes_in_sec":384,"os_bytes_out_sec":337,"total_procs":969},"count":2},{"date":1636777680,"epoch_div":13639814,"totals":{"load_avg":5.9072265625,"cpu_usage":200,"mem_used":17077866496,"mem_free":11814182912,"tcp_conns":44,"disk_usage_root":12.24,"disk_read_sec":38632,"disk_write_sec":668882,"disk_iops_sec":31,"io_wait":0,"open_files":0,"os_bytes_in_sec":164,"os_bytes_out_sec":201,"total_procs":969},"count":2},{"date":1636777800,"epoch_div":13639815,"totals":{"load_avg":5.5263671875,"cpu_usage":200,"mem_used":15620968448,"mem_free":12567945216,"tcp_conns":42,"disk_usage_root":12.24,"disk_read_sec":113254,"disk_write_sec":202478,"disk_iops_sec":43,"io_wait":0,"open_files":0,"os_bytes_in_sec":327,"os_bytes_out_sec":393,"total_procs":950},"count":2},{"date":1636777920,"epoch_div":13639816,"totals":{"load_avg":5.92724609375,"cpu_usage":200,"mem_used":15617740800,"mem_free":12545110016,"tcp_conns":42,"disk_usage_root":12.24,"disk_read_sec":341,"disk_write_sec":115123,"disk_iops_sec":21,"io_wait":0,"open_files":0,"os_bytes_in_sec":322,"os_bytes_out_sec":338,"total_procs":947},"count":2},{"date":1636778040,"epoch_div":13639817,"totals":{"load_avg":6.06201171875,"cpu_usage":200,"mem_used":15636111360,"mem_free":12564000768,"tcp_conns":39,"disk_usage_root":12.24,"disk_read_sec":18908,"disk_write_sec":1655898,"disk_iops_sec":35,"io_wait":0,"open_files":0,"os_bytes_in_sec":475,"os_bytes_out_sec":273,"total_procs":949},"count":2},{"date":1636778160,"epoch_div":13639818,"totals":{"load_avg":5.20458984375,"cpu_usage":200,"mem_used":15637929984,"mem_free":12533469184,"tcp_conns":40,"disk_usage_root":12.24,"disk_read_sec":16246,"disk_write_sec":749363,"disk_iops_sec":26,"io_wait":0,"open_files":0,"os_bytes_in_sec":329,"os_bytes_out_sec":236,"total_procs":949},"count":2},{"date":1636778280,"epoch_div":13639819,"totals":{"load_avg":5.876953125,"cpu_usage":200,"mem_used":15645691904,"mem_free":12505329664,"tcp_conns":41,"disk_usage_root":12.24,"disk_read_sec":8209,"disk_write_sec":2481969,"disk_iops_sec":34,"io_wait":0,"open_files":0,"os_bytes_in_sec":147,"os_bytes_out_sec":171,"total_procs":950},"count":2},{"date":1636778400,"epoch_div":13639820,"totals":{"load_avg":7.88916015625,"cpu_usage":200,"mem_used":15648165888,"mem_free":12562345984,"tcp_conns":42,"disk_usage_root":12.24,"disk_read_sec":18935,"disk_write_sec":4254446,"disk_iops_sec":49,"io_wait":0,"open_files":0,"os_bytes_in_sec":277,"os_bytes_out_sec":277,"total_procs":949},"count":2},{"date":1636778520,"epoch_div":13639821,"totals":{"load_avg":6.70263671875,"cpu_usage":200,"mem_used":15655325696,"mem_free":12517830656,"tcp_conns":44,"disk_usage_root":12.24,"disk_read_sec":12901,"disk_write_sec":6657638,"disk_iops_sec":65,"io_wait":0,"open_files":0,"os_bytes_in_sec":337,"os_bytes_out_sec":466,"total_procs":952},"count":2},{"date":1636778640,"epoch_div":13639822,"totals":{"load_avg":5.87939453125,"cpu_usage":200,"mem_used":15778922496,"mem_free":12533936128,"tcp_conns":41,"disk_usage_root":12.24,"disk_read_sec":2785075,"disk_write_sec":4592981,"disk_iops_sec":471,"io_wait":0,"open_files":0,"os_bytes_in_sec":709,"os_bytes_out_sec":436,"total_procs":951},"count":2},{"date":1636778760,"epoch_div":13639823,"totals":{"load_avg":5.873046875,"cpu_usage":200,"mem_used":15773732864,"mem_free":12515352576,"tcp_conns":42,"disk_usage_root":12.24,"disk_read_sec":10375,"disk_write_sec":792371,"disk_iops_sec":29,"io_wait":0,"open_files":0,"os_bytes_in_sec":526,"os_bytes_out_sec":313,"total_procs":951},"count":2},{"date":1636778880,"epoch_div":13639824,"totals":{"load_avg":8.15234375,"cpu_usage":200,"mem_used":15770353664,"mem_free":12515201024,"tcp_conns":43,"disk_usage_root":12.24,"disk_read_sec":136,"disk_write_sec":753390,"disk_iops_sec":26,"io_wait":0,"open_files":0,"os_bytes_in_sec":236,"os_bytes_out_sec":264,"total_procs":951},"count":2},{"date":1636779000,"epoch_div":13639825,"totals":{"load_avg":5.98291015625,"cpu_usage":200,"mem_used":15946100736,"mem_free":12231106560,"tcp_conns":45,"disk_usage_root":12.24,"disk_read_sec":136054,"disk_write_sec":2381004,"disk_iops_sec":46,"io_wait":0,"open_files":0,"os_bytes_in_sec":324,"os_bytes_out_sec":330,"total_procs":960},"count":2},{"date":1636779120,"epoch_div":13639826,"totals":{"load_avg":6.10400390625,"cpu_usage":200,"mem_used":15979134976,"mem_free":12150235136,"tcp_conns":48,"disk_usage_root":12.24,"disk_read_sec":14130,"disk_write_sec":3768593,"disk_iops_sec":45,"io_wait":0,"open_files":0,"os_bytes_in_sec":6647,"os_bytes_out_sec":975,"total_procs":958},"count":2},{"date":1636779240,"epoch_div":13639827,"totals":{"load_avg":5.5263671875,"cpu_usage":200,"mem_used":15974244352,"mem_free":12154273792,"tcp_conns":43,"disk_usage_root":12.24,"disk_read_sec":7167,"disk_write_sec":2565392,"disk_iops_sec":40,"io_wait":0,"open_files":0,"os_bytes_in_sec":507,"os_bytes_out_sec":419,"total_procs":960},"count":2},{"date":1636779360,"epoch_div":13639828,"totals":{"load_avg":5.60986328125,"cpu_usage":200,"mem_used":15948591104,"mem_free":12151500800,"tcp_conns":41,"disk_usage_root":12.24,"disk_read_sec":10922,"disk_write_sec":126839,"disk_iops_sec":24,"io_wait":0,"open_files":0,"os_bytes_in_sec":431,"os_bytes_out_sec":243,"total_procs":956},"count":2},{"date":1636779480,"epoch_div":13639829,"totals":{"load_avg":7.04248046875,"cpu_usage":200,"mem_used":15949279232,"mem_free":12161675264,"tcp_conns":40,"disk_usage_root":12.24,"disk_read_sec":11175,"disk_write_sec":169725,"disk_iops_sec":29,"io_wait":0,"open_files":0,"os_bytes_in_sec":252,"os_bytes_out_sec":281,"total_procs":956},"count":2}]}