{"type":"list_page","items":[{"date":1638072000,"epoch_div":27301200,"totals":{"load_avg":2.51318359375,"cpu_usage":100,"mem_used":8092553216,"mem_free":6660112384,"tcp_conns":100,"disk_usage_root":6.12,"disk_read_sec":567159,"disk_write_sec":200635,"disk_iops_sec":37,"io_wait":0,"open_files":0,"os_bytes_in_sec":28145,"os_bytes_out_sec":1309,"total_procs":483},"count":1},{"date":1638072060,"epoch_div":27301201,"totals":{"load_avg":2.623046875,"cpu_usage":100,"mem_used":8245542912,"mem_free":6547615744,"tcp_conns":98,"disk_usage_root":6.12,"disk_read_sec":154897,"disk_write_sec":852514,"disk_iops_sec":35,"io_wait":0,"open_files":0,"os_bytes_in_sec":684,"os_bytes_out_sec":968,"total_procs":483},"count":1},{"date":1638072120,"epoch_div":27301202,"totals":{"load_avg":2.51611328125,"cpu_usage":100,"mem_used":8264986624,"mem_free":6526111744,"tcp_conns":94,"disk_usage_root":6.12,"disk_read_sec":25736,"disk_write_sec":1366357,"disk_iops_sec":23,"io_wait":0,"open_files":0,"os_bytes_in_sec":603,"os_bytes_out_sec":806,"total_procs":482},"count":1},{"date":1638072180,"epoch_div":27301203,"totals":{"load_avg":2.40625,"cpu_usage":100,"mem_used":8264921088,"mem_free":6500364288,"tcp_conns":95,"disk_usage_root":6.12,"disk_read_sec":43076,"disk_write_sec":685806,"disk_iops_sec":18,"io_wait":0,"open_files":0,"os_bytes_in_sec":420,"os_bytes_out_sec":596,"total_procs":481},"count":1},{"date":1638072240,"epoch_div":27301204,"totals":{"load_avg":2.93896484375,"cpu_usage":100,"mem_used":8281112576,"mem_free":6485585920,"tcp_conns":93,"disk_usage_root":6.12,"disk_read_sec":45397,"disk_write_sec":1179306,"disk_iops_sec":23,"io_wait":0,"open_files":0,"os_bytes_in_sec":561,"os_bytes_out_sec":1327,"total_procs":483},"count":1},{"date":1638072300,"epoch_div":27301205,"totals":{"load_avg":2.8583984375,"cpu_usage":100,"mem_used":8286420992,"mem_free":6463098880,"tcp_conns":94,"disk_usage_root":6.12,"disk_read_sec":65604,"disk_write_sec":891084,"disk_iops_sec":28,"io_wait":0,"open_files":0,"os_bytes_in_sec":669,"os_bytes_out_sec":800,"total_procs":483},"count":1},{"date":1638072360,"epoch_div":27301206,"totals":{"load_avg":3.7744140625,"cpu_usage":100,"mem_used":8293896192,"mem_free":6462857216,"tcp_conns":97,"disk_usage_root":6.12,"disk_read_sec":56115,"disk_write_sec":447897,"disk_iops_sec":18,"io_wait":0,"open_files":0,"os_bytes_in_sec":1000,"os_bytes_out_sec":1468,"total_procs":481},"count":1},{"date":1638072420,"epoch_div":27301207,"totals":{"load_avg":3.6904296875,"cpu_usage":100,"mem_used":8303276032,"mem_free":6455488512,"tcp_conns":94,"disk_usage_root":6.12,"disk_read_sec":301670,"disk_write_sec":127453,"disk_iops_sec":43,"io_wait":0,"open_files":0,"os_bytes_in_sec":5672,"os_bytes_out_sec":1257,"total_procs":482},"count":1},{"date":1638072480,"epoch_div":27301208,"totals":{"load_avg":3.251953125,"cpu_usage":100,"mem_used":8345186304,"mem_free":6433665024,"tcp_conns":95,"disk_usage_root":6.12,"disk_read_sec":334711,"disk_write_sec":708471,"disk_iops_sec":53,"io_wait":0,"open_files":0,"os_bytes_in_sec":1270,"os_bytes_out_sec":1134,"total_procs":481},"count":1},{"date":1638072540,"epoch_div":27301209,"totals":{"load_avg":2.84423828125,"cpu_usage":100,"mem_used":8363794432,"mem_free":6430470144,"tcp_conns":89,"disk_usage_root":6.12,"disk_read_sec":131754,"disk_write_sec":100420,"disk_iops_sec":27,"io_wait":0,"open_files":0,"os_bytes_in_sec":860,"os_bytes_out_sec":608,"total_procs":483},"count":1},{"date":1638072600,"epoch_div":27301210,"totals":{"load_avg":2.49853515625,"cpu_usage":100,"mem_used":8374771712,"mem_free":6421041152,"tcp_conns":88,"disk_usage_root":6.12,"disk_read_sec":46830,"disk_write_sec":104994,"disk_iops_sec":17,"io_wait":0,"open_files":0,"os_bytes_in_sec":857,"os_bytes_out_sec":667,"total_procs":484},"count":1},{"date":1638072660,"epoch_div":27301211,"totals":{"load_avg":1.89697265625,"cpu_usage":100,"mem_used":8436924416,"mem_free":6371840000,"tcp_conns":88,"disk_usage_root":6.12,"disk_read_sec":340309,"disk_write_sec":1035741,"disk_iops_sec":23,"io_wait":0,"open_files":0,"os_bytes_in_sec":7847,"os_bytes_out_sec":1035,"total_procs":482},"count":1},{"date":1638072720,"epoch_div":27301212,"totals":{"load_avg":2.1533203125,"cpu_usage":100,"mem_used":8422805504,"mem_free":6390362112,"tcp_conns":87,"disk_usage_root":6.12,"disk_read_sec":19369,"disk_write_sec":72131,"disk_iops_sec":11,"io_wait":0,"open_files":0,"os_bytes_in_sec":455,"os_bytes_out_sec":411,"total_procs":480},"count":1},{"date":1638072780,"epoch_div":27301213,"totals":{"load_avg":2.0498046875,"cpu_usage":100,"mem_used":8452005888,"mem_free":6357315584,"tcp_conns":84,"disk_usage_root":6.12,"disk_read_sec":56806,"disk_write_sec":97632,"disk_iops_sec":16,"io_wait":0,"open_files":0,"os_bytes_in_sec":501,"os_bytes_out_sec":670,"total_procs":480},"count":1},{"date":1638072840,"epoch_div":27301214,"totals":{"load_avg":2.39697265625,"cpu_usage":100,"mem_used":8438804480,"mem_free":6371012608,"tcp_conns":85,"disk_usage_root":6.12,"disk_read_sec":85947,"disk_write_sec":2586965,"disk_iops_sec":35,"io_wait":0,"open_files":0,"os_bytes_in_sec":337,"os_bytes_out_sec":641,"total_procs":481},"count":1},{"date":1638072900,"epoch_div":27301215,"totals":{"load_avg":3.728515625,"cpu_usage":100,"mem_used":8454574080,"mem_free":6354550784,"tcp_conns":86,"disk_usage_root":6.12,"disk_read_sec":86835,"disk_write_sec":536166,"disk_iops_sec":25,"io_wait":0,"open_files":0,"os_bytes_in_sec":742,"os_bytes_out_sec":559,"total_procs":482},"count":1},{"date":1638072960,"epoch_div":27301216,"totals":{"load_avg":3.21435546875,"cpu_usage":100,"mem_used":8450846720,"mem_free":6353403904,"tcp_conns":86,"disk_usage_root":6.12,"disk_read_sec":95527,"disk_write_sec":86501,"disk_iops_sec":24,"io_wait":0,"open_files":0,"os_bytes_in_sec":804,"os_bytes_out_sec":506,"total_procs":480},"count":1},{"date":1638073020,"epoch_div":27301217,"totals":{"load_avg":2.87646484375,"cpu_usage":100,"mem_used":8472883200,"mem_free":6387363840,"tcp_conns":88,"disk_usage_root":6.12,"disk_read_sec":432631,"disk_write_sec":88164,"disk_iops_sec":39,"io_wait":0,"open_files":0,"os_bytes_in_sec":1369,"os_bytes_out_sec":1055,"total_procs":480},"count":1},{"date":1638073080,"epoch_div":27301218,"totals":{"load_avg":2.83447265625,"cpu_usage":100,"mem_used":8506683392,"mem_free":6457139200,"tcp_conns":90,"disk_usage_root":6.12,"disk_read_sec":66969,"disk_write_sec":104106,"disk_iops_sec":19,"io_wait":0,"open_files":0,"os_bytes_in_sec":1008,"os_bytes_out_sec":787,"total_procs":480},"count":1},{"date":1638073140,"epoch_div":27301219,"totals":{"load_avg":2.2548828125,"cpu_usage":100,"mem_used":8559296512,"mem_free":6355173376,"tcp_conns":86,"disk_usage_root":6.12,"disk_read_sec":150459,"disk_write_sec":99259,"disk_iops_sec":19,"io_wait":0,"open_files":0,"os_bytes_in_sec":964,"os_bytes_out_sec":681,"total_procs":482},"count":1},{"date":1638073200,"epoch_div":27301220,"totals":{"load_avg":1.83349609375,"cpu_usage":100,"mem_used":8572878848,"mem_free":6355947520,"tcp_conns":87,"disk_usage_root":6.12,"disk_read_sec":61849,"disk_write_sec":105062,"disk_iops_sec":19,"io_wait":0,"open_files":0,"os_bytes_in_sec":1243,"os_bytes_out_sec":1059,"total_procs":482},"count":1},{"date":1638073260,"epoch_div":27301221,"totals":{"load_avg":2.166015625,"cpu_usage":100,"mem_used":8568373248,"mem_free":6353186816,"tcp_conns":87,"disk_usage_root":6.12,"disk_read_sec":115035,"disk_write_sec":248259,"disk_iops_sec":52,"io_wait":0,"open_files":0,"os_bytes_in_sec":933,"os_bytes_out_sec":602,"total_procs":480},"count":1},{"date":1638073320,"epoch_div":27301222,"totals":{"load_avg":1.87890625,"cpu_usage":100,"mem_used":8571326464,"mem_free":6341550080,"tcp_conns":86,"disk_usage_root":6.12,"disk_read_sec":49890,"disk_write_sec":100452,"disk_iops_sec":22,"io_wait":0,"open_files":0,"os_bytes_in_sec":1081,"os_bytes_out_sec":1143,"total_procs":482},"count":1},{"date":1638073380,"epoch_div":27301223,"totals":{"load_avg":2.599609375,"cpu_usage":100,"mem_used":8571158528,"mem_free":6503297024,"tcp_conns":87,"disk_usage_root":6.12,"disk_read_sec":499985,"disk_write_sec":111001,"disk_iops_sec":28,"io_wait":0,"open_files":0,"os_bytes_in_sec":1159,"os_bytes_out_sec":888,"total_procs":481},"count":1},{"date":1638073440,"epoch_div":27301224,"totals":{"load_avg":5.2744140625,"cpu_usage":100,"mem_used":8104583168,"mem_free":6560284672,"tcp_conns":112,"disk_usage_root":6.12,"disk_read_sec":4386010,"disk_write_sec":851900,"disk_iops_sec":219,"io_wait":0,"open_files":0,"os_bytes_in_sec":203357,"os_bytes_out_sec":13350,"total_procs":483},"count":1},{"date":1638073500,"epoch_div":27301225,"totals":{"load_avg":3.43896484375,"cpu_usage":100,"mem_used":8314740736,"mem_free":6439419904,"tcp_conns":105,"disk_usage_root":6.12,"disk_read_sec":397381,"disk_write_sec":218962,"disk_iops_sec":39,"io_wait":0,"open_files":0,"os_bytes_in_sec":6018,"os_bytes_out_sec":2549,"total_procs":481},"count":1},{"date":1638073560,"epoch_div":27301226,"totals":{"load_avg":2.76904296875,"cpu_usage":100,"mem_used":8328564736,"mem_free":6394204160,"tcp_conns":103,"disk_usage_root":6.12,"disk_read_sec":13107,"disk_write_sec":106291,"disk_iops_sec":18,"io_wait":0,"open_files":0,"os_bytes_in_sec":981,"os_bytes_out_sec":579,"total_procs":477},"count":1},{"date":1638073620,"epoch_div":27301227,"totals":{"load_avg":2.5302734375,"cpu_usage":100,"mem_used":8414969856,"mem_free":6312370176,"tcp_conns":103,"disk_usage_root":6.12,"disk_read_sec":252771,"disk_write_sec":402310,"disk_iops_sec":39,"io_wait":0,"open_files":0,"os_bytes_in_sec":968,"os_bytes_out_sec":1242,"total_procs":481},"count":1},{"date":1638073680,"epoch_div":27301228,"totals":{"load_avg":2.73193359375,"cpu_usage":100,"mem_used":8416145408,"mem_free":6285373440,"tcp_conns":94,"disk_usage_root":6.12,"disk_read_sec":22391,"disk_write_sec":75639,"disk_iops_sec":14,"io_wait":0,"open_files":0,"os_bytes_in_sec":1018,"os_bytes_out_sec":287,"total_procs":477},"count":1},{"date":1638073740,"epoch_div":27301229,"totals":{"load_avg":2.6904296875,"cpu_usage":100,"mem_used":8409829376,"mem_free":6344097792,"tcp_conns":92,"disk_usage_root":6.12,"disk_read_sec":17525,"disk_write_sec":103474,"disk_iops_sec":17,"io_wait":0,"open_files":0,"os_bytes_in_sec":825,"os_bytes_out_sec":510,"total_procs":477},"count":1},{"date":1638073800,"epoch_div":27301230,"totals":{"load_avg":2.70654296875,"cpu_usage":100,"mem_used":8407760896,"mem_free":6352711680,"tcp_conns":89,"disk_usage_root":6.12,"disk_read_sec":70656,"disk_write_sec":113595,"disk_iops_sec":18,"io_wait":0,"open_files":0,"os_bytes_in_sec":789,"os_bytes_out_sec":338,"total_procs":477},"count":1},{"date":1638073860,"epoch_div":27301231,"totals":{"load_avg":2.98681640625,"cpu_usage":100,"mem_used":8424267776,"mem_free":6359384064,"tcp_conns":85,"disk_usage_root":6.12,"disk_read_sec":107110,"disk_write_sec":112913,"disk_iops_sec":21,"io_wait":0,"open_files":0,"os_bytes_in_sec":700,"os_bytes_out_sec":315,"total_procs":477},"count":1},{"date":1638073920,"epoch_div":27301232,"totals":{"load_avg":2.3212890625,"cpu_usage":100,"mem_used":8428732416,"mem_free":6346190848,"tcp_conns":84,"disk_usage_root":6.12,"disk_read_sec":46557,"disk_write_sec":94822,"disk_iops_sec":18,"io_wait":0,"open_files":0,"os_bytes_in_sec":877,"os_bytes_out_sec":445,"total_procs":477},"count":1},{"date":1638073980,"epoch_div":27301233,"totals":{"load_avg":2.37841796875,"cpu_usage":100,"mem_used":8396275712,"mem_free":6365368320,"tcp_conns":84,"disk_usage_root":6.12,"disk_read_sec":36386,"disk_write_sec":142404,"disk_iops_sec":20,"io_wait":0,"open_files":0,"os_bytes_in_sec":11894,"os_bytes_out_sec":1829,"total_procs":477},"count":1},{"date":1638074040,"epoch_div":27301234,"totals":{"load_avg":2.33740234375,"cpu_usage":100,"mem_used":8423792640,"mem_free":6352039936,"tcp_conns":80,"disk_usage_root":6.12,"disk_read_sec":155852,"disk_write_sec":95436,"disk_iops_sec":20,"io_wait":0,"open_files":0,"os_bytes_in_sec":784,"os_bytes_out_sec":422,"total_procs":477},"count":1},{"date":1638074100,"epoch_div":27301235,"totals":{"load_avg":2.02099609375,"cpu_usage":100,"mem_used":8446324736,"mem_free":6407012352,"tcp_conns":82,"disk_usage_root":6.12,"disk_read_sec":272725,"disk_write_sec":144588,"disk_iops_sec":25,"io_wait":0,"open_files":0,"os_bytes_in_sec":3166,"os_bytes_out_sec":1110,"total_procs":478},"count":1},{"date":1638074160,"epoch_div":27301236,"totals":{"load_avg":3.4150390625,"cpu_usage":100,"mem_used":8467763200,"mem_free":6480769024,"tcp_conns":102,"disk_usage_root":6.12,"disk_read_sec":2908501,"disk_write_sec":451379,"disk_iops_sec":169,"io_wait":0,"open_files":0,"os_bytes_in_sec":106910,"os_bytes_out_sec":7962,"total_procs":483},"count":1},{"date":1638074220,"epoch_div":27301237,"totals":{"load_avg":3.86962890625,"cpu_usage":100,"mem_used":8460304384,"mem_free":6532468736,"tcp_conns":109,"disk_usage_root":6.12,"disk_read_sec":1883682,"disk_write_sec":148684,"disk_iops_sec":106,"io_wait":0,"open_files":0,"os_bytes_in_sec":21606,"os_bytes_out_sec":2727,"total_procs":479},"count":1},{"date":1638074280,"epoch_div":27301238,"totals":{"load_avg":5.05859375,"cpu_usage":100,"mem_used":8474161152,"mem_free":6649241600,"tcp_conns":105,"disk_usage_root":6.12,"disk_read_sec":6625962,"disk_write_sec":966724,"disk_iops_sec":309,"io_wait":0,"open_files":0,"os_bytes_in_sec":314622,"os_bytes_out_sec":13181,"total_procs":484},"count":1},{"date":1638074340,"epoch_div":27301239,"totals":{"load_avg":3.34912109375,"cpu_usage":100,"mem_used":8440774656,"mem_free":6644752384,"tcp_conns":114,"disk_usage_root":6.12,"disk_read_sec":1693764,"disk_write_sec":15623714,"disk_iops_sec":153,"io_wait":0,"open_files":0,"os_bytes_in_sec":9935782,"os_bytes_out_sec":92365,"total_procs":482},"count":1},{"date":1638074400,"epoch_div":27301240,"totals":{"load_avg":2.748046875,"cpu_usage":100,"mem_used":8481087488,"mem_free":6619963392,"tcp_conns":108,"disk_usage_root":6.12,"disk_read_sec":1953450,"disk_write_sec":2513305,"disk_iops_sec":98,"io_wait":0,"open_files":0,"os_bytes_in_sec":1342336,"os_bytes_out_sec":10627,"total_procs":482},"count":1},{"date":1638074460,"epoch_div":27301241,"totals":{"load_avg":2.181640625,"cpu_usage":100,"mem_used":8453246976,"mem_free":6592376832,"tcp_conns":105,"disk_usage_root":6.12,"disk_read_sec":87449,"disk_write_sec":1611161,"disk_iops_sec":35,"io_wait":0,"open_files":0,"os_bytes_in_sec":9007,"os_bytes_out_sec":1428,"total_procs":482},"count":1},{"date":1638074520,"epoch_div":27301242,"totals":{"load_avg":2.0654296875,"cpu_usage":100,"mem_used":8484327424,"mem_free":6588481536,"tcp_conns":102,"disk_usage_root":6.12,"disk_read_sec":111129,"disk_write_sec":1859919,"disk_iops_sec":40,"io_wait":0,"open_files":0,"os_bytes_in_sec":678,"os_bytes_out_sec":654,"total_procs":485},"count":1},{"date":1638074580,"epoch_div":27301243,"totals":{"load_avg":1.68310546875,"cpu_usage":100,"mem_used":8450396160,"mem_free":6610812928,"tcp_conns":96,"disk_usage_root":6.12,"disk_read_sec":3715696,"disk_write_sec":2005582,"disk_iops_sec":158,"io_wait":0,"open_files":0,"os_bytes_in_sec":738,"os_bytes_out_sec":961,"total_procs":484},"count":1},{"date":1638074640,"epoch_div":27301244,"totals":{"load_avg":1.96875,"cpu_usage":100,"mem_used":8483725312,"mem_free":6595375104,"tcp_conns":90,"disk_usage_root":6.12,"disk_read_sec":1812849,"disk_write_sec":2666630,"disk_iops_sec":158,"io_wait":0,"open_files":0,"os_bytes_in_sec":1243,"os_bytes_out_sec":1287,"total_procs":484},"count":1},{"date":1638074700,"epoch_div":27301245,"totals":{"load_avg":2.12060546875,"cpu_usage":100,"mem_used":8505831424,"mem_free":6604423168,"tcp_conns":92,"disk_usage_root":6.12,"disk_read_sec":543607,"disk_write_sec":2675575,"disk_iops_sec":111,"io_wait":0,"open_files":0,"os_bytes_in_sec":967,"os_bytes_out_sec":1193,"total_procs":484},"count":1},{"date":1638074760,"epoch_div":27301246,"totals":{"load_avg":1.45556640625,"cpu_usage":100,"mem_used":8517607424,"mem_free":6562873344,"tcp_conns":85,"disk_usage_root":6.12,"disk_read_sec":114549,"disk_write_sec":1510035,"disk_iops_sec":41,"io_wait":0,"open_files":0,"os_bytes_in_sec":378,"os_bytes_out_sec":457,"total_procs":481},"count":1},{"date":1638074820,"epoch_div":27301247,"totals":{"load_avg":1.59033203125,"cpu_usage":100,"mem_used":8481865728,"mem_free":6589566976,"tcp_conns":87,"disk_usage_root":6.12,"disk_read_sec":530500,"disk_write_sec":3098419,"disk_iops_sec":100,"io_wait":0,"open_files":0,"os_bytes_in_sec":401,"os_bytes_out_sec":490,"total_procs":481},"count":1},{"date":1638074880,"epoch_div":27301248,"totals":{"load_avg":1.89404296875,"cpu_usage":100,"mem_used":8476823552,"mem_free":6576283648,"tcp_conns":84,"disk_usage_root":6.12,"disk_read_sec":49971,"disk_write_sec":1532245,"disk_iops_sec":23,"io_wait":0,"open_files":0,"os_bytes_in_sec":228,"os_bytes_out_sec":342,"total_procs":481},"count":1},{"date":1638074940,"epoch_div":27301249,"totals":{"load_avg":2.00390625,"cpu_usage":100,"mem_used":8286724096,"mem_free":6613618688,"tcp_conns":81,"disk_usage_root":6.12,"disk_read_sec":941274,"disk_write_sec":2377358,"disk_iops_sec":75,"io_wait":0,"open_files":0,"os_bytes_in_sec":3755,"os_bytes_out_sec":8022,"total_procs":487},"count":1}]}