{"type":"list_page","items":[{"date":1638086640,"epoch_div":27301444,"totals":{"load_avg":2.75537109375,"cpu_usage":100,"mem_used":8559882240,"mem_free":6313050112,"tcp_conns":92,"disk_usage_root":6.12,"disk_read_sec":50737,"disk_write_sec":53099,"disk_iops_sec":1,"io_wait":0,"open_files":0,"os_bytes_in_sec":159,"os_bytes_out_sec":156,"total_procs":491},"count":1},{"date":1638089880,"epoch_div":27301498,"totals":{"load_avg":2.82568359375,"cpu_usage":100,"mem_used":8474144768,"mem_free":6358786048,"tcp_conns":95,"disk_usage_root":6.12,"disk_read_sec":30052,"disk_write_sec":6338,"disk_iops_sec":1,"io_wait":0,"open_files":0,"os_bytes_in_sec":189,"os_bytes_out_sec":204,"total_procs":484},"count":1},{"date":1638089940,"epoch_div":27301499,"totals":{"load_avg":2.291015625,"cpu_usage":100,"mem_used":8490668032,"mem_free":6372900864,"tcp_conns":93,"disk_usage_root":6.12,"disk_read_sec":438644,"disk_write_sec":181527,"disk_iops_sec":46,"io_wait":0,"open_files":0,"os_bytes_in_sec":4908,"os_bytes_out_sec":11778,"total_procs":482},"count":1}]}