{"type":"list_page","items":[{"date":1637330640,"epoch_div":27288844,"totals":{"load_avg":2.12255859375,"cpu_usage":100,"mem_used":8567869440,"mem_free":6318219264,"tcp_conns":72,"disk_usage_root":6.12,"disk_read_sec":14975,"disk_write_sec":4892,"disk_iops_sec":0,"io_wait":0,"open_files":0,"os_bytes_in_sec":201,"os_bytes_out_sec":145,"total_procs":424},"count":1},{"date":1637330700,"epoch_div":27288845,"totals":{"load_avg":2.5126953125,"cpu_usage":100,"mem_used":8571809792,"mem_free":6249414656,"tcp_conns":67,"disk_usage_root":6.12,"disk_read_sec":2246363,"disk_write_sec":1839689,"disk_iops_sec":153,"io_wait":0,"open_files":0,"os_bytes_in_sec":8238,"os_bytes_out_sec":22657,"total_procs":424},"count":1},{"date":1637333940,"epoch_div":27288899,"totals":{"load_avg":2.67822265625,"cpu_usage":100,"mem_used":8477241344,"mem_free":6268899328,"tcp_conns":68,"disk_usage_root":6.12,"disk_read_sec":48803,"disk_write_sec":62018,"disk_iops_sec":1,"io_wait":0,"open_files":0,"os_bytes_in_sec":204,"os_bytes_out_sec":218,"total_procs":425},"count":1}]}