{"type":"list_page","items":[{"groups":{"main":{"totals":{"load_avg":3.4833984375,"cpu_usage":100,"mem_used":8530104320,"mem_free":6340403200,"tcp_conns":26,"disk_usage_root":6.12,"disk_read_sec":6026103,"disk_write_sec":4014284,"disk_iops_sec":272,"io_wait":0,"open_files":0,"os_bytes_in_sec":2262,"os_bytes_out_sec":1677,"total_procs":508},"count":1}},"date":1638855960,"epoch_div":27314266},{"groups":{"main":{"totals":{"load_avg":2.68017578125,"cpu_usage":100,"mem_used":8558231552,"mem_free":6421295104,"tcp_conns":24,"disk_usage_root":6.12,"disk_read_sec":1374958,"disk_write_sec":159880,"disk_iops_sec":47,"io_wait":0,"open_files":0,"os_bytes_in_sec":662,"os_bytes_out_sec":938,"total_procs":507},"count":1}},"date":1638856020,"epoch_div":27314267},{"groups":{"main":{"totals":{"load_avg":2.73193359375,"cpu_usage":100,"mem_used":8309485568,"mem_free":6076416000,"tcp_conns":20,"disk_usage_root":6.12,"disk_read_sec":3415927,"disk_write_sec":8756224,"disk_iops_sec":164,"io_wait":0,"open_files":0,"os_bytes_in_sec":892,"os_bytes_out_sec":1026,"total_procs":511},"count":1}},"date":1638856080,"epoch_div":27314268},{"groups":{"main":{"totals":{"load_avg":1.80224609375,"cpu_usage":100,"mem_used":8476499968,"mem_free":6307389440,"tcp_conns":19,"disk_usage_root":6.12,"disk_read_sec":6279168,"disk_write_sec":158583,"disk_iops_sec":160,"io_wait":0,"open_files":0,"os_bytes_in_sec":339,"os_bytes_out_sec":553,"total_procs":509},"count":1}},"date":1638856140,"epoch_div":27314269},{"groups":{"main":{"totals":{"load_avg":1.39794921875,"cpu_usage":100,"mem_used":8524673024,"mem_free":6247682048,"tcp_conns":19,"disk_usage_root":6.12,"disk_read_sec":133188,"disk_write_sec":96324,"disk_iops_sec":18,"io_wait":0,"open_files":0,"os_bytes_in_sec":179,"os_bytes_out_sec":296,"total_procs":509},"count":1}},"date":1638856200,"epoch_div":27314270},{"groups":{"main":{"totals":{"load_avg":1.89306640625,"cpu_usage":100,"mem_used":8566263808,"mem_free":6267338752,"tcp_conns":19,"disk_usage_root":6.12,"disk_read_sec":104516,"disk_write_sec":118442,"disk_iops_sec":19,"io_wait":0,"open_files":0,"os_bytes_in_sec":323,"os_bytes_out_sec":329,"total_procs":511},"count":1}},"date":1638856260,"epoch_div":27314271},{"groups":{"main":{"totals":{"load_avg":1.88720703125,"cpu_usage":100,"mem_used":8371642368,"mem_free":6373081088,"tcp_conns":16,"disk_usage_root":6.12,"disk_read_sec":753937,"disk_write_sec":233130,"disk_iops_sec":34,"io_wait":0,"open_files":0,"os_bytes_in_sec":411,"os_bytes_out_sec":369,"total_procs":507},"count":1}},"date":1638856320,"epoch_div":27314272},{"groups":{"main":{"totals":{"load_avg":1.9111328125,"cpu_usage":100,"mem_used":8534089728,"mem_free":6337994752,"tcp_conns":17,"disk_usage_root":6.12,"disk_read_sec":3217095,"disk_write_sec":312406,"disk_iops_sec":106,"io_wait":0,"open_files":0,"os_bytes_in_sec":303,"os_bytes_out_sec":376,"total_procs":513},"count":1}},"date":1638856380,"epoch_div":27314273},{"groups":{"main":{"totals":{"load_avg":2.5556640625,"cpu_usage":100,"mem_used":8569995264,"mem_free":6555398144,"tcp_conns":17,"disk_usage_root":6.12,"disk_read_sec":505889,"disk_write_sec":246901,"disk_iops_sec":58,"io_wait":0,"open_files":0,"os_bytes_in_sec":320,"os_bytes_out_sec":514,"total_procs":509},"count":1}},"date":1638856440,"epoch_div":27314274},{"groups":{"main":{"totals":{"load_avg":2.22900390625,"cpu_usage":100,"mem_used":8541327360,"mem_free":6614249472,"tcp_conns":17,"disk_usage_root":6.12,"disk_read_sec":833058,"disk_write_sec":132027,"disk_iops_sec":82,"io_wait":0,"open_files":0,"os_bytes_in_sec":279,"os_bytes_out_sec":323,"total_procs":515},"count":1}},"date":1638856500,"epoch_div":27314275},{"groups":{"main":{"totals":{"load_avg":1.7578125,"cpu_usage":100,"mem_used":8567844864,"mem_free":6607175680,"tcp_conns":17,"disk_usage_root":6.12,"disk_read_sec":1638741,"disk_write_sec":204936,"disk_iops_sec":110,"io_wait":0,"open_files":0,"os_bytes_in_sec":332,"os_bytes_out_sec":405,"total_procs":517},"count":1}},"date":1638856560,"epoch_div":27314276},{"groups":{"main":{"totals":{"load_avg":1.7802734375,"cpu_usage":100,"mem_used":8367808512,"mem_free":6643073024,"tcp_conns":16,"disk_usage_root":6.12,"disk_read_sec":296413,"disk_write_sec":142813,"disk_iops_sec":36,"io_wait":0,"open_files":0,"os_bytes_in_sec":76,"os_bytes_out_sec":93,"total_procs":514},"count":1}},"date":1638856620,"epoch_div":27314277},{"groups":{"main":{"totals":{"load_avg":1.65625,"cpu_usage":100,"mem_used":8520712192,"mem_free":6591328256,"tcp_conns":17,"disk_usage_root":6.12,"disk_read_sec":1853098,"disk_write_sec":613580,"disk_iops_sec":90,"io_wait":0,"open_files":0,"os_bytes_in_sec":6428,"os_bytes_out_sec":1520,"total_procs":520},"count":1}},"date":1638856680,"epoch_div":27314278},{"groups":{"main":{"totals":{"load_avg":2.7509765625,"cpu_usage":100,"mem_used":8530063360,"mem_free":6650822656,"tcp_conns":17,"disk_usage_root":6.12,"disk_read_sec":399223,"disk_write_sec":155852,"disk_iops_sec":39,"io_wait":0,"open_files":0,"os_bytes_in_sec":274,"os_bytes_out_sec":306,"total_procs":513},"count":1}},"date":1638856740,"epoch_div":27314279},{"groups":{"main":{"totals":{"load_avg":1.88671875,"cpu_usage":100,"mem_used":8565997568,"mem_free":6568710144,"tcp_conns":21,"disk_usage_root":6.12,"disk_read_sec":536166,"disk_write_sec":238592,"disk_iops_sec":51,"io_wait":0,"open_files":0,"os_bytes_in_sec":837,"os_bytes_out_sec":1100,"total_procs":515},"count":1}},"date":1638856800,"epoch_div":27314280},{"groups":{"main":{"totals":{"load_avg":1.8427734375,"cpu_usage":100,"mem_used":8570417152,"mem_free":6712770560,"tcp_conns":19,"disk_usage_root":6.12,"disk_read_sec":553723,"disk_write_sec":168213,"disk_iops_sec":53,"io_wait":0,"open_files":0,"os_bytes_in_sec":362,"os_bytes_out_sec":319,"total_procs":514},"count":1}},"date":1638856860,"epoch_div":27314281},{"groups":{"main":{"totals":{"load_avg":2.5234375,"cpu_usage":100,"mem_used":8215306240,"mem_free":6763184128,"tcp_conns":19,"disk_usage_root":6.12,"disk_read_sec":4382173,"disk_write_sec":3691246,"disk_iops_sec":87,"io_wait":0,"open_files":0,"os_bytes_in_sec":409,"os_bytes_out_sec":568,"total_procs":512},"count":1}},"date":1638856920,"epoch_div":27314282},{"groups":{"main":{"totals":{"load_avg":2.92333984375,"cpu_usage":100,"mem_used":8478117888,"mem_free":6458818560,"tcp_conns":20,"disk_usage_root":6.12,"disk_read_sec":5218102,"disk_write_sec":3820627,"disk_iops_sec":190,"io_wait":0,"open_files":0,"os_bytes_in_sec":11721,"os_bytes_out_sec":4943,"total_procs":517},"count":1}},"date":1638856980,"epoch_div":27314283},{"groups":{"main":{"totals":{"load_avg":2.48779296875,"cpu_usage":100,"mem_used":8330547200,"mem_free":6767206400,"tcp_conns":21,"disk_usage_root":6.12,"disk_read_sec":3872221,"disk_write_sec":529203,"disk_iops_sec":168,"io_wait":0,"open_files":0,"os_bytes_in_sec":355,"os_bytes_out_sec":627,"total_procs":521},"count":1}},"date":1638857040,"epoch_div":27314284},{"groups":{"main":{"totals":{"load_avg":1.25927734375,"cpu_usage":100,"mem_used":8478830592,"mem_free":6707097600,"tcp_conns":21,"disk_usage_root":6.12,"disk_read_sec":2067114,"disk_write_sec":1214327,"disk_iops_sec":96,"io_wait":0,"open_files":0,"os_bytes_in_sec":147,"os_bytes_out_sec":270,"total_procs":519},"count":1}},"date":1638857100,"epoch_div":27314285},{"groups":{"main":{"totals":{"load_avg":1.46923828125,"cpu_usage":100,"mem_used":8569217024,"mem_free":6620798976,"tcp_conns":20,"disk_usage_root":6.12,"disk_read_sec":287607,"disk_write_sec":163362,"disk_iops_sec":48,"io_wait":0,"open_files":0,"os_bytes_in_sec":567,"os_bytes_out_sec":760,"total_procs":514},"count":1}},"date":1638857160,"epoch_div":27314286},{"groups":{"main":{"totals":{"load_avg":1.89599609375,"cpu_usage":100,"mem_used":8386281472,"mem_free":6772195328,"tcp_conns":18,"disk_usage_root":6.12,"disk_read_sec":202001,"disk_write_sec":168823,"disk_iops_sec":40,"io_wait":0,"open_files":0,"os_bytes_in_sec":223,"os_bytes_out_sec":293,"total_procs":512},"count":1}},"date":1638857220,"epoch_div":27314287},{"groups":{"main":{"totals":{"load_avg":2.18603515625,"cpu_usage":100,"mem_used":8479657984,"mem_free":6641102848,"tcp_conns":18,"disk_usage_root":6.12,"disk_read_sec":1657378,"disk_write_sec":166570,"disk_iops_sec":87,"io_wait":0,"open_files":0,"os_bytes_in_sec":557,"os_bytes_out_sec":810,"total_procs":515},"count":1}},"date":1638857280,"epoch_div":27314288},{"groups":{"main":{"totals":{"load_avg":2.57080078125,"cpu_usage":100,"mem_used":8513810432,"mem_free":6410887168,"tcp_conns":81,"disk_usage_root":6.12,"disk_read_sec":5858167,"disk_write_sec":4325717,"disk_iops_sec":335,"io_wait":0,"open_files":0,"os_bytes_in_sec":77259,"os_bytes_out_sec":27317,"total_procs":518},"count":1}},"date":1638857340,"epoch_div":27314289},{"groups":{"main":{"totals":{"load_avg":7.21875,"cpu_usage":100,"mem_used":8139911168,"mem_free":6867787776,"tcp_conns":56,"disk_usage_root":6.12,"disk_read_sec":3322402,"disk_write_sec":7628390,"disk_iops_sec":176,"io_wait":0,"open_files":0,"os_bytes_in_sec":8560,"os_bytes_out_sec":72231,"total_procs":515},"count":1}},"date":1638857400,"epoch_div":27314290},{"groups":{"main":{"totals":{"load_avg":4.18017578125,"cpu_usage":100,"mem_used":7840690176,"mem_free":6707146752,"tcp_conns":52,"disk_usage_root":6.12,"disk_read_sec":578286,"disk_write_sec":125542,"disk_iops_sec":36,"io_wait":0,"open_files":0,"os_bytes_in_sec":1539,"os_bytes_out_sec":101019,"total_procs":512},"count":1}},"date":1638857460,"epoch_div":27314291},{"groups":{"main":{"totals":{"load_avg":2.447265625,"cpu_usage":100,"mem_used":8232017920,"mem_free":6431760384,"tcp_conns":48,"disk_usage_root":6.12,"disk_read_sec":1356936,"disk_write_sec":292590,"disk_iops_sec":79,"io_wait":0,"open_files":0,"os_bytes_in_sec":1744,"os_bytes_out_sec":31225,"total_procs":515},"count":1}},"date":1638857520,"epoch_div":27314292},{"groups":{"main":{"totals":{"load_avg":2.0615234375,"cpu_usage":100,"mem_used":8566706176,"mem_free":6431961088,"tcp_conns":38,"disk_usage_root":6.12,"disk_read_sec":5480994,"disk_write_sec":218862,"disk_iops_sec":182,"io_wait":0,"open_files":0,"os_bytes_in_sec":1311,"os_bytes_out_sec":928,"total_procs":520},"count":1}},"date":1638857580,"epoch_div":27314293},{"groups":{"main":{"totals":{"load_avg":2.21875,"cpu_usage":100,"mem_used":8099356672,"mem_free":6655139840,"tcp_conns":26,"disk_usage_root":6.12,"disk_read_sec":2269593,"disk_write_sec":7333205,"disk_iops_sec":152,"io_wait":0,"open_files":0,"os_bytes_in_sec":15391,"os_bytes_out_sec":862539,"total_procs":517},"count":1}},"date":1638857640,"epoch_div":27314294},{"groups":{"main":{"totals":{"load_avg":2.55029296875,"cpu_usage":100,"mem_used":7849963520,"mem_free":6656249856,"tcp_conns":22,"disk_usage_root":6.12,"disk_read_sec":946790,"disk_write_sec":176332,"disk_iops_sec":36,"io_wait":0,"open_files":0,"os_bytes_in_sec":373,"os_bytes_out_sec":424,"total_procs":513},"count":1}},"date":1638857700,"epoch_div":27314295},{"groups":{"main":{"totals":{"load_avg":3.041015625,"cpu_usage":100,"mem_used":7872892928,"mem_free":6639931392,"tcp_conns":19,"disk_usage_root":6.12,"disk_read_sec":166365,"disk_write_sec":139537,"disk_iops_sec":18,"io_wait":0,"open_files":0,"os_bytes_in_sec":272,"os_bytes_out_sec":555,"total_procs":512},"count":1}},"date":1638857760,"epoch_div":27314296},{"groups":{"main":{"totals":{"load_avg":2.669921875,"cpu_usage":100,"mem_used":7927889920,"mem_free":6612836352,"tcp_conns":18,"disk_usage_root":6.12,"disk_read_sec":565942,"disk_write_sec":146900,"disk_iops_sec":32,"io_wait":0,"open_files":0,"os_bytes_in_sec":74,"os_bytes_out_sec":131,"total_procs":512},"count":1}},"date":1638857820,"epoch_div":27314297},{"groups":{"main":{"totals":{"load_avg":2.91015625,"cpu_usage":100,"mem_used":8114376704,"mem_free":6493782016,"tcp_conns":18,"disk_usage_root":6.12,"disk_read_sec":2063496,"disk_write_sec":202752,"disk_iops_sec":85,"io_wait":0,"open_files":0,"os_bytes_in_sec":649,"os_bytes_out_sec":747,"total_procs":517},"count":1}},"date":1638857880,"epoch_div":27314298},{"groups":{"main":{"totals":{"load_avg":2.5380859375,"cpu_usage":100,"mem_used":8153518080,"mem_free":6452219904,"tcp_conns":19,"disk_usage_root":6.12,"disk_read_sec":822221,"disk_write_sec":149268,"disk_iops_sec":40,"io_wait":0,"open_files":0,"os_bytes_in_sec":3193,"os_bytes_out_sec":598,"total_procs":513},"count":1}},"date":1638857940,"epoch_div":27314299},{"groups":{"main":{"totals":{"load_avg":3.04443359375,"cpu_usage":100,"mem_used":8410877952,"mem_free":6353616896,"tcp_conns":19,"disk_usage_root":6.12,"disk_read_sec":3875157,"disk_write_sec":344405,"disk_iops_sec":184,"io_wait":0,"open_files":0,"os_bytes_in_sec":1686,"os_bytes_out_sec":939,"total_procs":517},"count":1}},"date":1638858000,"epoch_div":27314300},{"groups":{"main":{"totals":{"load_avg":2.33251953125,"cpu_usage":100,"mem_used":8407547904,"mem_free":6431350784,"tcp_conns":18,"disk_usage_root":6.12,"disk_read_sec":476433,"disk_write_sec":228966,"disk_iops_sec":48,"io_wait":0,"open_files":0,"os_bytes_in_sec":141,"os_bytes_out_sec":160,"total_procs":517},"count":1}},"date":1638858060,"epoch_div":27314301},{"groups":{"main":{"totals":{"load_avg":2.2978515625,"cpu_usage":100,"mem_used":8461737984,"mem_free":6363226112,"tcp_conns":81,"disk_usage_root":6.12,"disk_read_sec":9076803,"disk_write_sec":573977,"disk_iops_sec":352,"io_wait":0,"open_files":0,"os_bytes_in_sec":54950,"os_bytes_out_sec":16395,"total_procs":523},"count":1}},"date":1638858120,"epoch_div":27314302},{"groups":{"main":{"totals":{"load_avg":2.1474609375,"cpu_usage":100,"mem_used":8350322688,"mem_free":6531358720,"tcp_conns":74,"disk_usage_root":6.12,"disk_read_sec":3274509,"disk_write_sec":5112710,"disk_iops_sec":186,"io_wait":0,"open_files":0,"os_bytes_in_sec":74547,"os_bytes_out_sec":220525,"total_procs":512},"count":1}},"date":1638858180,"epoch_div":27314303},{"groups":{"main":{"totals":{"load_avg":2.27685546875,"cpu_usage":100,"mem_used":8428322816,"mem_free":6444457984,"tcp_conns":67,"disk_usage_root":6.12,"disk_read_sec":4019404,"disk_write_sec":872379,"disk_iops_sec":94,"io_wait":0,"open_files":0,"os_bytes_in_sec":1242,"os_bytes_out_sec":746,"total_procs":513},"count":1}},"date":1638858240,"epoch_div":27314304},{"groups":{"main":{"totals":{"load_avg":2.36279296875,"cpu_usage":100,"mem_used":8494272512,"mem_free":6368317440,"tcp_conns":64,"disk_usage_root":6.12,"disk_read_sec":2868292,"disk_write_sec":329386,"disk_iops_sec":159,"io_wait":0,"open_files":0,"os_bytes_in_sec":4901,"os_bytes_out_sec":2379,"total_procs":516},"count":1}},"date":1638858300,"epoch_div":27314305},{"groups":{"main":{"totals":{"load_avg":7.74560546875,"cpu_usage":100,"mem_used":7604600832,"mem_free":6683725824,"tcp_conns":55,"disk_usage_root":6.12,"disk_read_sec":3012744,"disk_write_sec":9643622,"disk_iops_sec":162,"io_wait":0,"open_files":0,"os_bytes_in_sec":27192,"os_bytes_out_sec":847305,"total_procs":516},"count":1}},"date":1638858360,"epoch_div":27314306},{"groups":{"main":{"totals":{"load_avg":5.5498046875,"cpu_usage":100,"mem_used":7772487680,"mem_free":6424891392,"tcp_conns":43,"disk_usage_root":6.12,"disk_read_sec":2955605,"disk_write_sec":269107,"disk_iops_sec":93,"io_wait":0,"open_files":0,"os_bytes_in_sec":2604,"os_bytes_out_sec":105082,"total_procs":508},"count":1}},"date":1638858420,"epoch_div":27314307},{"groups":{"main":{"totals":{"load_avg":3.16845703125,"cpu_usage":100,"mem_used":8288989184,"mem_free":6167912448,"tcp_conns":27,"disk_usage_root":6.12,"disk_read_sec":1307101,"disk_write_sec":1203473,"disk_iops_sec":73,"io_wait":0,"open_files":0,"os_bytes_in_sec":721,"os_bytes_out_sec":993,"total_procs":515},"count":1}},"date":1638858480,"epoch_div":27314308},{"groups":{"main":{"totals":{"load_avg":2.9990234375,"cpu_usage":100,"mem_used":8242786304,"mem_free":6161117184,"tcp_conns":24,"disk_usage_root":6.12,"disk_read_sec":3596356,"disk_write_sec":4824951,"disk_iops_sec":142,"io_wait":0,"open_files":0,"os_bytes_in_sec":15242,"os_bytes_out_sec":1554481,"total_procs":514},"count":1}},"date":1638858540,"epoch_div":27314309},{"groups":{"main":{"totals":{"load_avg":2.4775390625,"cpu_usage":100,"mem_used":7995998208,"mem_free":6335098880,"tcp_conns":20,"disk_usage_root":6.12,"disk_read_sec":2158114,"disk_write_sec":231765,"disk_iops_sec":44,"io_wait":0,"open_files":0,"os_bytes_in_sec":824,"os_bytes_out_sec":1409,"total_procs":514},"count":1}},"date":1638858600,"epoch_div":27314310},{"groups":{"main":{"totals":{"load_avg":2.16015625,"cpu_usage":100,"mem_used":8050892800,"mem_free":6281568256,"tcp_conns":20,"disk_usage_root":6.12,"disk_read_sec":209373,"disk_write_sec":296140,"disk_iops_sec":23,"io_wait":0,"open_files":0,"os_bytes_in_sec":504,"os_bytes_out_sec":834,"total_procs":513},"count":1}},"date":1638858660,"epoch_div":27314311},{"groups":{"main":{"totals":{"load_avg":2.02099609375,"cpu_usage":100,"mem_used":8531615744,"mem_free":6337986560,"tcp_conns":22,"disk_usage_root":6.12,"disk_read_sec":783701,"disk_write_sec":366660,"disk_iops_sec":55,"io_wait":0,"open_files":0,"os_bytes_in_sec":4535,"os_bytes_out_sec":37398,"total_procs":513},"count":1}},"date":1638858720,"epoch_div":27314312},{"groups":{"main":{"totals":{"load_avg":2.34033203125,"cpu_usage":100,"mem_used":8263528448,"mem_free":6239707136,"tcp_conns":21,"disk_usage_root":6.12,"disk_read_sec":2493908,"disk_write_sec":207507,"disk_iops_sec":86,"io_wait":0,"open_files":0,"os_bytes_in_sec":13677,"os_bytes_out_sec":1240059,"total_procs":512},"count":1}},"date":1638858780,"epoch_div":27314313},{"groups":{"main":{"totals":{"load_avg":3.84716796875,"cpu_usage":100,"mem_used":8248733696,"mem_free":6241714176,"tcp_conns":19,"disk_usage_root":6.12,"disk_read_sec":350754,"disk_write_sec":157013,"disk_iops_sec":25,"io_wait":0,"open_files":0,"os_bytes_in_sec":429,"os_bytes_out_sec":511,"total_procs":508},"count":1}},"date":1638858840,"epoch_div":27314314},{"groups":{"main":{"totals":{"load_avg":3.2041015625,"cpu_usage":100,"mem_used":8256315392,"mem_free":6226653184,"tcp_conns":19,"disk_usage_root":6.12,"disk_read_sec":85143,"disk_write_sec":124424,"disk_iops_sec":16,"io_wait":0,"open_files":0,"os_bytes_in_sec":290,"os_bytes_out_sec":318,"total_procs":508},"count":1}},"date":1638858900,"epoch_div":27314315},{"groups":{"main":{"totals":{"load_avg":2.64697265625,"cpu_usage":100,"mem_used":8331808768,"mem_free":6242181120,"tcp_conns":20,"disk_usage_root":6.12,"disk_read_sec":2015914,"disk_write_sec":237772,"disk_iops_sec":82,"io_wait":0,"open_files":0,"os_bytes_in_sec":3464,"os_bytes_out_sec":812,"total_procs":521},"count":1}},"date":1638858960,"epoch_div":27314316},{"groups":{"main":{"totals":{"load_avg":3.197265625,"cpu_usage":100,"mem_used":8570953728,"mem_free":6255345664,"tcp_conns":18,"disk_usage_root":6.12,"disk_read_sec":4174028,"disk_write_sec":194628,"disk_iops_sec":82,"io_wait":0,"open_files":0,"os_bytes_in_sec":1018,"os_bytes_out_sec":1247,"total_procs":508},"count":1}},"date":1638859020,"epoch_div":27314317},{"groups":{"main":{"totals":{"load_avg":2.783203125,"cpu_usage":100,"mem_used":8511246336,"mem_free":6328934400,"tcp_conns":20,"disk_usage_root":6.12,"disk_read_sec":2072507,"disk_write_sec":356693,"disk_iops_sec":118,"io_wait":0,"open_files":0,"os_bytes_in_sec":5408,"os_bytes_out_sec":2092,"total_procs":512},"count":1}},"date":1638859080,"epoch_div":27314318},{"groups":{"main":{"totals":{"load_avg":2.47265625,"cpu_usage":100,"mem_used":8470786048,"mem_free":6368002048,"tcp_conns":21,"disk_usage_root":6.12,"disk_read_sec":168960,"disk_write_sec":294775,"disk_iops_sec":50,"io_wait":0,"open_files":0,"os_bytes_in_sec":759,"os_bytes_out_sec":950,"total_procs":511},"count":1}},"date":1638859140,"epoch_div":27314319},{"groups":{"main":{"totals":{"load_avg":3.71044921875,"cpu_usage":100,"mem_used":8518365184,"mem_free":6432133120,"tcp_conns":21,"disk_usage_root":6.12,"disk_read_sec":306585,"disk_write_sec":265489,"disk_iops_sec":50,"io_wait":0,"open_files":0,"os_bytes_in_sec":507,"os_bytes_out_sec":885,"total_procs":512},"count":1}},"date":1638859200,"epoch_div":27314320},{"groups":{"main":{"totals":{"load_avg":3.0224609375,"cpu_usage":100,"mem_used":8525598720,"mem_free":6506835968,"tcp_conns":18,"disk_usage_root":6.12,"disk_read_sec":975819,"disk_write_sec":271724,"disk_iops_sec":93,"io_wait":0,"open_files":0,"os_bytes_in_sec":299,"os_bytes_out_sec":494,"total_procs":517},"count":1}},"date":1638859260,"epoch_div":27314321},{"groups":{"main":{"totals":{"load_avg":4.244140625,"cpu_usage":100,"mem_used":8433496064,"mem_free":6450081792,"tcp_conns":16,"disk_usage_root":6.12,"disk_read_sec":369664,"disk_write_sec":399564,"disk_iops_sec":34,"io_wait":0,"open_files":0,"os_bytes_in_sec":620,"os_bytes_out_sec":767,"total_procs":517},"count":1}},"date":1638859320,"epoch_div":27314322},{"groups":{"main":{"totals":{"load_avg":3.13525390625,"cpu_usage":100,"mem_used":8550936576,"mem_free":6422482944,"tcp_conns":19,"disk_usage_root":6.12,"disk_read_sec":2286508,"disk_write_sec":558734,"disk_iops_sec":101,"io_wait":0,"open_files":0,"os_bytes_in_sec":4766,"os_bytes_out_sec":1294,"total_procs":520},"count":1}},"date":1638859380,"epoch_div":27314323},{"groups":{"main":{"totals":{"load_avg":3.2177734375,"cpu_usage":100,"mem_used":8488050688,"mem_free":6498107392,"tcp_conns":26,"disk_usage_root":6.12,"disk_read_sec":5465634,"disk_write_sec":3690837,"disk_iops_sec":263,"io_wait":0,"open_files":0,"os_bytes_in_sec":62870,"os_bytes_out_sec":13230,"total_procs":523},"count":1}},"date":1638859440,"epoch_div":27314324},{"groups":{"main":{"totals":{"load_avg":3.32666015625,"cpu_usage":100,"mem_used":8428343296,"mem_free":6357606400,"tcp_conns":27,"disk_usage_root":6.12,"disk_read_sec":2351308,"disk_write_sec":7201723,"disk_iops_sec":122,"io_wait":0,"open_files":0,"os_bytes_in_sec":5719,"os_bytes_out_sec":15872,"total_procs":516},"count":1}},"date":1638859500,"epoch_div":27314325},{"groups":{"main":{"totals":{"load_avg":2.8173828125,"cpu_usage":100,"mem_used":8520941568,"mem_free":6325563392,"tcp_conns":26,"disk_usage_root":6.12,"disk_read_sec":4886254,"disk_write_sec":5481608,"disk_iops_sec":227,"io_wait":0,"open_files":0,"os_bytes_in_sec":82959,"os_bytes_out_sec":61682,"total_procs":521},"count":1}},"date":1638859560,"epoch_div":27314326},{"groups":{"main":{"totals":{"load_avg":2.310546875,"cpu_usage":100,"mem_used":8561508352,"mem_free":6314872832,"tcp_conns":27,"disk_usage_root":6.12,"disk_read_sec":2322022,"disk_write_sec":289996,"disk_iops_sec":97,"io_wait":0,"open_files":0,"os_bytes_in_sec":11980,"os_bytes_out_sec":4996,"total_procs":517},"count":1}},"date":1638859620,"epoch_div":27314327},{"groups":{"main":{"totals":{"load_avg":17.015625,"cpu_usage":100,"mem_used":8530268160,"mem_free":6291841024,"tcp_conns":18,"disk_usage_root":6.12,"disk_read_sec":2250820,"disk_write_sec":169301,"disk_iops_sec":95,"io_wait":0,"open_files":0,"os_bytes_in_sec":1121,"os_bytes_out_sec":2570,"total_procs":518},"count":1}},"date":1638859680,"epoch_div":27314328},{"groups":{"main":{"totals":{"load_avg":8.02001953125,"cpu_usage":100,"mem_used":8568033280,"mem_free":6107492352,"tcp_conns":23,"disk_usage_root":6.12,"disk_read_sec":1983297,"disk_write_sec":5059115,"disk_iops_sec":97,"io_wait":0,"open_files":0,"os_bytes_in_sec":1063,"os_bytes_out_sec":2495,"total_procs":517},"count":1}},"date":1638859740,"epoch_div":27314329},{"groups":{"main":{"totals":{"load_avg":3.9775390625,"cpu_usage":100,"mem_used":8568635392,"mem_free":6092611584,"tcp_conns":21,"disk_usage_root":6.12,"disk_read_sec":12000407,"disk_write_sec":279468,"disk_iops_sec":125,"io_wait":0,"open_files":0,"os_bytes_in_sec":1006,"os_bytes_out_sec":2804,"total_procs":490},"count":1}},"date":1638859800,"epoch_div":27314330},{"groups":{"main":{"totals":{"load_avg":2.8076171875,"cpu_usage":100,"mem_used":8526000128,"mem_free":6068162560,"tcp_conns":18,"disk_usage_root":6.12,"disk_read_sec":166912,"disk_write_sec":178722,"disk_iops_sec":31,"io_wait":0,"open_files":0,"os_bytes_in_sec":635,"os_bytes_out_sec":1293,"total_procs":476},"count":1}},"date":1638859860,"epoch_div":27314331},{"groups":{"main":{"totals":{"load_avg":2.400390625,"cpu_usage":100,"mem_used":8566394880,"mem_free":6058979328,"tcp_conns":19,"disk_usage_root":6.12,"disk_read_sec":234222,"disk_write_sec":163771,"disk_iops_sec":38,"io_wait":0,"open_files":0,"os_bytes_in_sec":1107,"os_bytes_out_sec":2031,"total_procs":476},"count":1}},"date":1638859920,"epoch_div":27314332},{"groups":{"main":{"totals":{"load_avg":2.4140625,"cpu_usage":100,"mem_used":8571432960,"mem_free":6049054720,"tcp_conns":18,"disk_usage_root":6.12,"disk_read_sec":2059332,"disk_write_sec":235246,"disk_iops_sec":111,"io_wait":0,"open_files":0,"os_bytes_in_sec":1349,"os_bytes_out_sec":2050,"total_procs":479},"count":1}},"date":1638859980,"epoch_div":27314333},{"groups":{"main":{"totals":{"load_avg":2.61181640625,"cpu_usage":100,"mem_used":8505098240,"mem_free":6127259648,"tcp_conns":26,"disk_usage_root":6.12,"disk_read_sec":2203579,"disk_write_sec":336145,"disk_iops_sec":126,"io_wait":0,"open_files":0,"os_bytes_in_sec":94681,"os_bytes_out_sec":5860,"total_procs":478},"count":1}},"date":1638860040,"epoch_div":27314334},{"groups":{"main":{"totals":{"load_avg":2.78955078125,"cpu_usage":100,"mem_used":8528441344,"mem_free":6146351104,"tcp_conns":26,"disk_usage_root":6.12,"disk_read_sec":4130087,"disk_write_sec":426955,"disk_iops_sec":138,"io_wait":0,"open_files":0,"os_bytes_in_sec":7088,"os_bytes_out_sec":6405,"total_procs":480},"count":1}},"date":1638860100,"epoch_div":27314335},{"groups":{"main":{"totals":{"load_avg":4.45166015625,"cpu_usage":100,"mem_used":8422047744,"mem_free":6334414848,"tcp_conns":27,"disk_usage_root":6.12,"disk_read_sec":6741948,"disk_write_sec":377637,"disk_iops_sec":332,"io_wait":0,"open_files":0,"os_bytes_in_sec":27677,"os_bytes_out_sec":5215,"total_procs":479},"count":1}},"date":1638860160,"epoch_div":27314336},{"groups":{"main":{"totals":{"load_avg":3.21337890625,"cpu_usage":100,"mem_used":8481173504,"mem_free":6287618048,"tcp_conns":31,"disk_usage_root":6.12,"disk_read_sec":3446033,"disk_write_sec":377309,"disk_iops_sec":163,"io_wait":0,"open_files":0,"os_bytes_in_sec":27139,"os_bytes_out_sec":7621,"total_procs":479},"count":1}},"date":1638860220,"epoch_div":27314337},{"groups":{"main":{"totals":{"load_avg":2.5458984375,"cpu_usage":100,"mem_used":8087961600,"mem_free":6141444096,"tcp_conns":30,"disk_usage_root":6.12,"disk_read_sec":3451767,"disk_write_sec":8197734,"disk_iops_sec":181,"io_wait":0,"open_files":0,"os_bytes_in_sec":103514,"os_bytes_out_sec":8206,"total_procs":483},"count":1}},"date":1638860280,"epoch_div":27314338},{"groups":{"main":{"totals":{"load_avg":2.8759765625,"cpu_usage":100,"mem_used":8167702528,"mem_free":6152622080,"tcp_conns":29,"disk_usage_root":6.12,"disk_read_sec":575897,"disk_write_sec":121924,"disk_iops_sec":30,"io_wait":0,"open_files":0,"os_bytes_in_sec":1265,"os_bytes_out_sec":2545,"total_procs":478},"count":1}},"date":1638860340,"epoch_div":27314339},{"groups":{"main":{"totals":{"load_avg":2.21875,"cpu_usage":100,"mem_used":8343019520,"mem_free":6060236800,"tcp_conns":24,"disk_usage_root":6.12,"disk_read_sec":528793,"disk_write_sec":192716,"disk_iops_sec":42,"io_wait":0,"open_files":0,"os_bytes_in_sec":1374,"os_bytes_out_sec":2583,"total_procs":478},"count":1}},"date":1638860400,"epoch_div":27314340},{"groups":{"main":{"totals":{"load_avg":2.2607421875,"cpu_usage":100,"mem_used":8565948416,"mem_free":6007316480,"tcp_conns":22,"disk_usage_root":6.12,"disk_read_sec":2216004,"disk_write_sec":197563,"disk_iops_sec":66,"io_wait":0,"open_files":0,"os_bytes_in_sec":1137,"os_bytes_out_sec":2294,"total_procs":484},"count":1}},"date":1638860460,"epoch_div":27314341},{"groups":{"main":{"totals":{"load_avg":2.134765625,"cpu_usage":100,"mem_used":8568791040,"mem_free":6234054656,"tcp_conns":26,"disk_usage_root":6.12,"disk_read_sec":29416448,"disk_write_sec":329728,"disk_iops_sec":822,"io_wait":0,"open_files":0,"os_bytes_in_sec":15863,"os_bytes_out_sec":16001,"total_procs":485},"count":1}},"date":1638860520,"epoch_div":27314342},{"groups":{"main":{"totals":{"load_avg":2.06396484375,"cpu_usage":100,"mem_used":8494428160,"mem_free":6190960640,"tcp_conns":21,"disk_usage_root":6.12,"disk_read_sec":2183372,"disk_write_sec":251289,"disk_iops_sec":104,"io_wait":0,"open_files":0,"os_bytes_in_sec":1067,"os_bytes_out_sec":1806,"total_procs":485},"count":1}},"date":1638860580,"epoch_div":27314343},{"groups":{"main":{"totals":{"load_avg":2.01513671875,"cpu_usage":100,"mem_used":8462278656,"mem_free":6068428800,"tcp_conns":19,"disk_usage_root":6.12,"disk_read_sec":3591031,"disk_write_sec":290269,"disk_iops_sec":181,"io_wait":0,"open_files":0,"os_bytes_in_sec":843,"os_bytes_out_sec":1706,"total_procs":482},"count":1}},"date":1638860640,"epoch_div":27314344},{"groups":{"main":{"totals":{"load_avg":2.06298828125,"cpu_usage":100,"mem_used":8506499072,"mem_free":6107430912,"tcp_conns":18,"disk_usage_root":6.12,"disk_read_sec":170530,"disk_write_sec":205414,"disk_iops_sec":34,"io_wait":0,"open_files":0,"os_bytes_in_sec":712,"os_bytes_out_sec":1555,"total_procs":482},"count":1}},"date":1638860700,"epoch_div":27314345},{"groups":{"main":{"totals":{"load_avg":2.68017578125,"cpu_usage":100,"mem_used":8569995264,"mem_free":6115508224,"tcp_conns":22,"disk_usage_root":6.12,"disk_read_sec":243780,"disk_write_sec":248558,"disk_iops_sec":48,"io_wait":0,"open_files":0,"os_bytes_in_sec":810,"os_bytes_out_sec":1672,"total_procs":483},"count":1}},"date":1638860760,"epoch_div":27314346},{"groups":{"main":{"totals":{"load_avg":12.71728515625,"cpu_usage":100,"mem_used":8560648192,"mem_free":6089859072,"tcp_conns":18,"disk_usage_root":6.12,"disk_read_sec":334711,"disk_write_sec":210193,"disk_iops_sec":44,"io_wait":0,"open_files":0,"os_bytes_in_sec":590,"os_bytes_out_sec":1167,"total_procs":481},"count":1}},"date":1638860820,"epoch_div":27314347},{"groups":{"main":{"totals":{"load_avg":6.5615234375,"cpu_usage":100,"mem_used":8453861376,"mem_free":6159048704,"tcp_conns":20,"disk_usage_root":6.12,"disk_read_sec":2031001,"disk_write_sec":312729,"disk_iops_sec":136,"io_wait":0,"open_files":0,"os_bytes_in_sec":5713,"os_bytes_out_sec":2885,"total_procs":481},"count":1}},"date":1638860880,"epoch_div":27314348},{"groups":{"main":{"totals":{"load_avg":4.58203125,"cpu_usage":100,"mem_used":8196694016,"mem_free":6510276608,"tcp_conns":18,"disk_usage_root":6.12,"disk_read_sec":8950454,"disk_write_sec":1656519,"disk_iops_sec":184,"io_wait":0,"open_files":0,"os_bytes_in_sec":1233,"os_bytes_out_sec":1025,"total_procs":481},"count":1}},"date":1638860940,"epoch_div":27314349},{"groups":{"main":{"totals":{"load_avg":3.7841796875,"cpu_usage":100,"mem_used":8237215744,"mem_free":6458875904,"tcp_conns":18,"disk_usage_root":6.12,"disk_read_sec":78984,"disk_write_sec":105949,"disk_iops_sec":16,"io_wait":0,"open_files":0,"os_bytes_in_sec":356,"os_bytes_out_sec":380,"total_procs":479},"count":1}},"date":1638861000,"epoch_div":27314350},{"groups":{"main":{"totals":{"load_avg":3.02099609375,"cpu_usage":100,"mem_used":8248320000,"mem_free":6453870592,"tcp_conns":17,"disk_usage_root":6.12,"disk_read_sec":41698,"disk_write_sec":108644,"disk_iops_sec":19,"io_wait":0,"open_files":0,"os_bytes_in_sec":78,"os_bytes_out_sec":105,"total_procs":478},"count":1}},"date":1638861060,"epoch_div":27314351},{"groups":{"main":{"totals":{"load_avg":2.81982421875,"cpu_usage":100,"mem_used":8262959104,"mem_free":6438146048,"tcp_conns":16,"disk_usage_root":6.12,"disk_read_sec":52906,"disk_write_sec":106154,"disk_iops_sec":21,"io_wait":0,"open_files":0,"os_bytes_in_sec":517,"os_bytes_out_sec":452,"total_procs":478},"count":1}},"date":1638861120,"epoch_div":27314352},{"groups":{"main":{"totals":{"load_avg":2.49169921875,"cpu_usage":100,"mem_used":8401358848,"mem_free":6371139584,"tcp_conns":18,"disk_usage_root":6.12,"disk_read_sec":924603,"disk_write_sec":181111,"disk_iops_sec":59,"io_wait":0,"open_files":0,"os_bytes_in_sec":759,"os_bytes_out_sec":925,"total_procs":483},"count":1}},"date":1638861180,"epoch_div":27314353},{"groups":{"main":{"totals":{"load_avg":2.52978515625,"cpu_usage":100,"mem_used":8351109120,"mem_free":6363570176,"tcp_conns":19,"disk_usage_root":6.12,"disk_read_sec":253466,"disk_write_sec":218476,"disk_iops_sec":43,"io_wait":0,"open_files":0,"os_bytes_in_sec":549,"os_bytes_out_sec":537,"total_procs":482},"count":1}},"date":1638861240,"epoch_div":27314354},{"groups":{"main":{"totals":{"load_avg":2.189453125,"cpu_usage":100,"mem_used":8333430784,"mem_free":6374854656,"tcp_conns":18,"disk_usage_root":6.12,"disk_read_sec":77421,"disk_write_sec":108107,"disk_iops_sec":21,"io_wait":0,"open_files":0,"os_bytes_in_sec":81,"os_bytes_out_sec":108,"total_procs":479},"count":1}},"date":1638861300,"epoch_div":27314355},{"groups":{"main":{"totals":{"load_avg":3.12255859375,"cpu_usage":100,"mem_used":8348975104,"mem_free":6358663168,"tcp_conns":18,"disk_usage_root":6.12,"disk_read_sec":106018,"disk_write_sec":135099,"disk_iops_sec":17,"io_wait":0,"open_files":0,"os_bytes_in_sec":387,"os_bytes_out_sec":369,"total_procs":479},"count":1}},"date":1638861360,"epoch_div":27314356},{"groups":{"main":{"totals":{"load_avg":2.85595703125,"cpu_usage":100,"mem_used":8351629312,"mem_free":6364016640,"tcp_conns":16,"disk_usage_root":6.12,"disk_read_sec":4790,"disk_write_sec":109064,"disk_iops_sec":16,"io_wait":0,"open_files":0,"os_bytes_in_sec":308,"os_bytes_out_sec":344,"total_procs":479},"count":1}},"date":1638861420,"epoch_div":27314357},{"groups":{"main":{"totals":{"load_avg":2.59912109375,"cpu_usage":100,"mem_used":8426823680,"mem_free":6348660736,"tcp_conns":17,"disk_usage_root":6.12,"disk_read_sec":26993,"disk_write_sec":113613,"disk_iops_sec":17,"io_wait":0,"open_files":0,"os_bytes_in_sec":458,"os_bytes_out_sec":423,"total_procs":483},"count":1}},"date":1638861480,"epoch_div":27314358},{"groups":{"main":{"totals":{"load_avg":2.89111328125,"cpu_usage":100,"mem_used":8360955904,"mem_free":6350098432,"tcp_conns":17,"disk_usage_root":6.12,"disk_read_sec":14131,"disk_write_sec":116394,"disk_iops_sec":16,"io_wait":0,"open_files":0,"os_bytes_in_sec":70,"os_bytes_out_sec":101,"total_procs":480},"count":1}},"date":1638861540,"epoch_div":27314359},{"groups":{"main":{"totals":{"load_avg":2.98193359375,"cpu_usage":100,"mem_used":8360734720,"mem_free":6350049280,"tcp_conns":17,"disk_usage_root":6.12,"disk_read_sec":5901,"disk_write_sec":110869,"disk_iops_sec":16,"io_wait":0,"open_files":0,"os_bytes_in_sec":116,"os_bytes_out_sec":296,"total_procs":480},"count":1}},"date":1638861600,"epoch_div":27314360},{"groups":{"main":{"totals":{"load_avg":2.28564453125,"cpu_usage":100,"mem_used":8363876352,"mem_free":6348464128,"tcp_conns":17,"disk_usage_root":6.12,"disk_read_sec":10877,"disk_write_sec":126505,"disk_iops_sec":17,"io_wait":0,"open_files":0,"os_bytes_in_sec":275,"os_bytes_out_sec":303,"total_procs":480},"count":1}},"date":1638861660,"epoch_div":27314361},{"groups":{"main":{"totals":{"load_avg":2.35888671875,"cpu_usage":100,"mem_used":8367697920,"mem_free":6343995392,"tcp_conns":17,"disk_usage_root":6.12,"disk_read_sec":12288,"disk_write_sec":101376,"disk_iops_sec":16,"io_wait":0,"open_files":0,"os_bytes_in_sec":405,"os_bytes_out_sec":364,"total_procs":479},"count":1}},"date":1638861720,"epoch_div":27314362},{"groups":{"main":{"totals":{"load_avg":2.59912109375,"cpu_usage":100,"mem_used":8412266496,"mem_free":6345486336,"tcp_conns":25,"disk_usage_root":6.12,"disk_read_sec":320443,"disk_write_sec":139400,"disk_iops_sec":35,"io_wait":0,"open_files":0,"os_bytes_in_sec":11649,"os_bytes_out_sec":1474,"total_procs":481},"count":1}},"date":1638861780,"epoch_div":27314363},{"groups":{"main":{"totals":{"load_avg":2.3759765625,"cpu_usage":100,"mem_used":8558051328,"mem_free":6293811200,"tcp_conns":18,"disk_usage_root":6.12,"disk_read_sec":953275,"disk_write_sec":788411,"disk_iops_sec":86,"io_wait":0,"open_files":0,"os_bytes_in_sec":2969,"os_bytes_out_sec":1490,"total_procs":490},"count":1}},"date":1638861840,"epoch_div":27314364},{"groups":{"main":{"totals":{"load_avg":2.85498046875,"cpu_usage":100,"mem_used":8413192192,"mem_free":6362456064,"tcp_conns":17,"disk_usage_root":6.12,"disk_read_sec":77407,"disk_write_sec":153357,"disk_iops_sec":24,"io_wait":0,"open_files":0,"os_bytes_in_sec":453,"os_bytes_out_sec":3989,"total_procs":483},"count":1}},"date":1638861900,"epoch_div":27314365}]}