{"type":"list_page","items":[{"date":1638334800,"epoch_div":455093,"totals":{"load_avg":223.96484375,"cpu_usage":6000,"mem_used":477441245184,"mem_free":398005477376,"tcp_conns":6522,"disk_usage_root":367.2000000000002,"disk_read_sec":942018228,"disk_write_sec":877648375,"disk_iops_sec":14165,"io_wait":0,"open_files":0,"os_bytes_in_sec":3167645,"os_bytes_out_sec":174406,"total_procs":26816},"count":60,"alerts":{"load_avg_high":true}},{"date":1638338400,"epoch_div":455094,"totals":{"load_avg":193.0087890625,"cpu_usage":6000,"mem_used":489988648960,"mem_free":372870692864,"tcp_conns":6904,"disk_usage_root":367.2000000000002,"disk_read_sec":1128238039,"disk_write_sec":1043338900,"disk_iops_sec":14514,"io_wait":0,"open_files":0,"os_bytes_in_sec":844681,"os_bytes_out_sec":552406,"total_procs":26203},"count":60},{"date":1638342000,"epoch_div":455095,"totals":{"load_avg":66.9931640625,"cpu_usage":3200,"mem_used":242227130368,"mem_free":217915170816,"tcp_conns":3305,"disk_usage_root":195.8400000000001,"disk_read_sec":159068431,"disk_write_sec":149341102,"disk_iops_sec":2279,"io_wait":0,"open_files":0,"os_bytes_in_sec":87756,"os_bytes_out_sec":64653,"total_procs":13100},"count":32},{"date":1638345600,"epoch_div":455096,"totals":{"load_avg":8.21826171875,"cpu_usage":400,"mem_used":31595290624,"mem_free":26763763712,"tcp_conns":423,"disk_usage_root":24.48,"disk_read_sec":58788821,"disk_write_sec":850276174,"disk_iops_sec":4046,"io_wait":0,"open_files":0,"os_bytes_in_sec":3963,"os_bytes_out_sec":13623,"total_procs":1651},"count":4},{"date":1638349200,"epoch_div":455097,"totals":{"load_avg":24.12890625,"cpu_usage":300,"mem_used":24194043904,"mem_free":20803424256,"tcp_conns":302,"disk_usage_root":18.36,"disk_read_sec":62472833,"disk_write_sec":56995086,"disk_iops_sec":660,"io_wait":0,"open_files":0,"os_bytes_in_sec":172,"os_bytes_out_sec":126,"total_procs":1223},"count":3,"alerts":{"load_avg_high":true}},{"date":1638352800,"epoch_div":455098,"totals":{"load_avg":40.763671875,"cpu_usage":400,"mem_used":31784947712,"mem_free":26437210112,"tcp_conns":445,"disk_usage_root":24.48,"disk_read_sec":217669458,"disk_write_sec":121972537,"disk_iops_sec":7994,"io_wait":0,"open_files":0,"os_bytes_in_sec":121172,"os_bytes_out_sec":55082,"total_procs":1672},"count":4},{"date":1638356400,"epoch_div":455099,"totals":{"load_avg":2.23828125,"cpu_usage":100,"mem_used":8546660352,"mem_free":6719135744,"tcp_conns":108,"disk_usage_root":6.12,"disk_read_sec":297364,"disk_write_sec":55739,"disk_iops_sec":30,"io_wait":0,"open_files":0,"os_bytes_in_sec":198,"os_bytes_out_sec":55,"total_procs":421},"count":1},{"date":1638360000,"epoch_div":455100,"totals":{"load_avg":3.36669921875,"cpu_usage":200,"mem_used":14353485824,"mem_free":13119549440,"tcp_conns":212,"disk_usage_root":12.24,"disk_read_sec":10510470,"disk_write_sec":906430,"disk_iops_sec":91,"io_wait":0,"open_files":0,"os_bytes_in_sec":13316,"os_bytes_out_sec":8774,"total_procs":839},"count":2},{"date":1638363600,"epoch_div":455101,"totals":{"load_avg":10.46630859375,"cpu_usage":200,"mem_used":16215932928,"mem_free":13646368768,"tcp_conns":216,"disk_usage_root":12.24,"disk_read_sec":85103574,"disk_write_sec":36743694,"disk_iops_sec":531,"io_wait":0,"open_files":0,"os_bytes_in_sec":2278,"os_bytes_out_sec":4293,"total_procs":824},"count":2},{"date":1638367200,"epoch_div":455102,"totals":{"load_avg":22.4404296875,"cpu_usage":400,"mem_used":30633799680,"mem_free":28301623296,"tcp_conns":442,"disk_usage_root":24.48,"disk_read_sec":145745355,"disk_write_sec":251758753,"disk_iops_sec":2301,"io_wait":0,"open_files":0,"os_bytes_in_sec":16524,"os_bytes_out_sec":24054,"total_procs":1594},"count":4},{"date":1638370800,"epoch_div":455103,"totals":{"load_avg":187.6337890625,"cpu_usage":6000,"mem_used":485275807744,"mem_free":381251264512,"tcp_conns":6854,"disk_usage_root":367.2000000000002,"disk_read_sec":939526999,"disk_write_sec":905599424,"disk_iops_sec":12562,"io_wait":0,"open_files":0,"os_bytes_in_sec":954402,"os_bytes_out_sec":345426,"total_procs":25938},"count":60},{"date":1638374400,"epoch_div":455104,"totals":{"load_avg":156.857421875,"cpu_usage":6000,"mem_used":441680723968,"mem_free":405649317888,"tcp_conns":6243,"disk_usage_root":367.2000000000002,"disk_read_sec":369673875,"disk_write_sec":346040283,"disk_iops_sec":5691,"io_wait":0,"open_files":0,"os_bytes_in_sec":198969,"os_bytes_out_sec":104796,"total_procs":25371},"count":60},{"date":1638378000,"epoch_div":455105,"totals":{"load_avg":146.62646484375,"cpu_usage":6000,"mem_used":483192897536,"mem_free":377333678080,"tcp_conns":6709,"disk_usage_root":367.2000000000002,"disk_read_sec":460436361,"disk_write_sec":457467922,"disk_iops_sec":6544,"io_wait":0,"open_files":0,"os_bytes_in_sec":3606139,"os_bytes_out_sec":202772,"total_procs":26423},"count":60},{"date":1638381600,"epoch_div":455106,"totals":{"load_avg":135.64599609375,"cpu_usage":6000,"mem_used":503596666880,"mem_free":366355202048,"tcp_conns":6212,"disk_usage_root":367.2000000000002,"disk_read_sec":137419118,"disk_write_sec":148069228,"disk_iops_sec":2886,"io_wait":0,"open_files":0,"os_bytes_in_sec":158781,"os_bytes_out_sec":73521,"total_procs":26401},"count":60},{"date":1638385200,"epoch_div":455107,"totals":{"load_avg":148.10693359375,"cpu_usage":6000,"mem_used":474713980928,"mem_free":373037154304,"tcp_conns":6066,"disk_usage_root":367.2000000000002,"disk_read_sec":474281446,"disk_write_sec":475442302,"disk_iops_sec":6845,"io_wait":0,"open_files":0,"os_bytes_in_sec":2974008,"os_bytes_out_sec":208465,"total_procs":25796},"count":60},{"date":1638388800,"epoch_div":455108,"totals":{"load_avg":160.50390625,"cpu_usage":6000,"mem_used":485797711872,"mem_free":359373643776,"tcp_conns":5909,"disk_usage_root":367.2000000000002,"disk_read_sec":228214354,"disk_write_sec":235327395,"disk_iops_sec":4526,"io_wait":0,"open_files":0,"os_bytes_in_sec":287701,"os_bytes_out_sec":93409,"total_procs":24351},"count":60},{"date":1638392400,"epoch_div":455109,"totals":{"load_avg":50.3505859375,"cpu_usage":1000,"mem_used":80905351168,"mem_free":63082127360,"tcp_conns":1046,"disk_usage_root":61.19999999999999,"disk_read_sec":97421363,"disk_write_sec":95518049,"disk_iops_sec":1316,"io_wait":0,"open_files":0,"os_bytes_in_sec":18429,"os_bytes_out_sec":23645,"total_procs":4037},"count":10},{"date":1638396000,"epoch_div":455110,"totals":{"load_avg":108.96484375,"cpu_usage":4300,"mem_used":346356936704,"mem_free":274640195584,"tcp_conns":4562,"disk_usage_root":263.16000000000014,"disk_read_sec":496163520,"disk_write_sec":477791630,"disk_iops_sec":6960,"io_wait":0,"open_files":0,"os_bytes_in_sec":456071,"os_bytes_out_sec":132737,"total_procs":17711},"count":43},{"date":1638399600,"epoch_div":455111,"totals":{"load_avg":145.20263671875,"cpu_usage":6000,"mem_used":495802019840,"mem_free":372210036736,"tcp_conns":5996,"disk_usage_root":367.2000000000002,"disk_read_sec":253168551,"disk_write_sec":234366910,"disk_iops_sec":4528,"io_wait":0,"open_files":0,"os_bytes_in_sec":409571,"os_bytes_out_sec":104316,"total_procs":25686},"count":60},{"date":1638403200,"epoch_div":455112,"totals":{"load_avg":136.57568359375,"cpu_usage":5200,"mem_used":437625864192,"mem_free":312827396096,"tcp_conns":4743,"disk_usage_root":318.2400000000002,"disk_read_sec":83441832,"disk_write_sec":75232528,"disk_iops_sec":2563,"io_wait":0,"open_files":0,"os_bytes_in_sec":145211,"os_bytes_out_sec":75762,"total_procs":22375},"count":52},{"date":1638406800,"epoch_div":455113,"totals":{"load_avg":13.943359375,"cpu_usage":200,"mem_used":14628085760,"mem_free":14159728640,"tcp_conns":183,"disk_usage_root":12.24,"disk_read_sec":36308168,"disk_write_sec":79053530,"disk_iops_sec":631,"io_wait":0,"open_files":0,"os_bytes_in_sec":1957,"os_bytes_out_sec":4316,"total_procs":828},"count":2},{"date":1638410400,"epoch_div":455114,"totals":{"load_avg":33.7021484375,"cpu_usage":200,"mem_used":16142667776,"mem_free":13381640192,"tcp_conns":197,"disk_usage_root":12.24,"disk_read_sec":20134324,"disk_write_sec":28801552,"disk_iops_sec":494,"io_wait":0,"open_files":0,"os_bytes_in_sec":8069,"os_bytes_out_sec":11329,"total_procs":840},"count":2,"alerts":{"load_avg_high":true}},{"date":1638414000,"epoch_div":455115,"totals":{"load_avg":108.0166015625,"cpu_usage":2400,"mem_used":197275799552,"mem_free":150442258432,"tcp_conns":2348,"disk_usage_root":146.88000000000005,"disk_read_sec":470134384,"disk_write_sec":426360876,"disk_iops_sec":7175,"io_wait":0,"open_files":0,"os_bytes_in_sec":133511,"os_bytes_out_sec":133875,"total_procs":10208},"count":24},{"date":1638417600,"epoch_div":455116,"totals":{"load_avg":145.25048828125,"cpu_usage":6000,"mem_used":502263017472,"mem_free":368152317952,"tcp_conns":5919,"disk_usage_root":367.2000000000002,"disk_read_sec":317009630,"disk_write_sec":298223025,"disk_iops_sec":6717,"io_wait":0,"open_files":0,"os_bytes_in_sec":580382,"os_bytes_out_sec":134072,"total_procs":25832},"count":60},{"date":1638421200,"epoch_div":455117,"totals":{"load_avg":167.65625,"cpu_usage":6000,"mem_used":500396650496,"mem_free":373551001600,"tcp_conns":6672,"disk_usage_root":367.2000000000002,"disk_read_sec":348664579,"disk_write_sec":313343189,"disk_iops_sec":6386,"io_wait":0,"open_files":0,"os_bytes_in_sec":776999,"os_bytes_out_sec":594587,"total_procs":26290},"count":60},{"date":1638424800,"epoch_div":455118,"totals":{"load_avg":94.17431640625,"cpu_usage":3300,"mem_used":268123566080,"mem_free":209563222016,"tcp_conns":3641,"disk_usage_root":201.9600000000001,"disk_read_sec":755584669,"disk_write_sec":648849456,"disk_iops_sec":8688,"io_wait":0,"open_files":0,"os_bytes_in_sec":1535183,"os_bytes_out_sec":286028,"total_procs":14136},"count":33},{"date":1638756000,"epoch_div":455210,"totals":{"load_avg":35.89599609375,"cpu_usage":1500,"mem_used":127781371904,"mem_free":99392954368,"tcp_conns":492,"disk_usage_root":91.80000000000001,"disk_read_sec":25699443,"disk_write_sec":29396336,"disk_iops_sec":1316,"io_wait":0,"open_files":0,"os_bytes_in_sec":3547712,"os_bytes_out_sec":36488,"total_procs":6386},"count":15},{"date":1638828000,"epoch_div":455230,"totals":{"load_avg":40.03173828125,"cpu_usage":1500,"mem_used":126622371840,"mem_free":89148239872,"tcp_conns":240,"disk_usage_root":91.80000000000001,"disk_read_sec":11307393,"disk_write_sec":3402280,"disk_iops_sec":803,"io_wait":0,"open_files":0,"os_bytes_in_sec":12804,"os_bytes_out_sec":6999,"total_procs":6721},"count":15},{"date":1638831600,"epoch_div":455231,"totals":{"load_avg":150.6083984375,"cpu_usage":6000,"mem_used":506226352128,"mem_free":370986598400,"tcp_conns":993,"disk_usage_root":367.2000000000002,"disk_read_sec":65509787,"disk_write_sec":25418523,"disk_iops_sec":4241,"io_wait":0,"open_files":0,"os_bytes_in_sec":87693,"os_bytes_out_sec":41961,"total_procs":27476},"count":60},{"date":1638835200,"epoch_div":455232,"totals":{"load_avg":133.4013671875,"cpu_usage":4800,"mem_used":404417941504,"mem_free":294427942912,"tcp_conns":1298,"disk_usage_root":293.76000000000016,"disk_read_sec":82156770,"disk_write_sec":44437152,"disk_iops_sec":5268,"io_wait":0,"open_files":0,"os_bytes_in_sec":1818605,"os_bytes_out_sec":289732,"total_procs":22420},"count":48},{"date":1638838800,"epoch_div":455233,"totals":{"load_avg":148.19287109375,"cpu_usage":6000,"mem_used":507260739584,"mem_free":366343692288,"tcp_conns":1021,"disk_usage_root":367.2000000000002,"disk_read_sec":69328889,"disk_write_sec":36146723,"disk_iops_sec":4215,"io_wait":0,"open_files":0,"os_bytes_in_sec":738341,"os_bytes_out_sec":58427,"total_procs":28445},"count":60},{"date":1638842400,"epoch_div":455234,"totals":{"load_avg":136.75390625,"cpu_usage":6000,"mem_used":503475945472,"mem_free":365805064192,"tcp_conns":1275,"disk_usage_root":367.2000000000002,"disk_read_sec":76458689,"disk_write_sec":46218490,"disk_iops_sec":4457,"io_wait":0,"open_files":0,"os_bytes_in_sec":538623,"os_bytes_out_sec":89815,"total_procs":28842},"count":60},{"date":1638846000,"epoch_div":455235,"totals":{"load_avg":152.4990234375,"cpu_usage":6000,"mem_used":510147952640,"mem_free":372789657600,"tcp_conns":1368,"disk_usage_root":367.2000000000002,"disk_read_sec":80908716,"disk_write_sec":37767598,"disk_iops_sec":5118,"io_wait":0,"open_files":0,"os_bytes_in_sec":331216,"os_bytes_out_sec":114010,"total_procs":29305},"count":60},{"date":1638849600,"epoch_div":455236,"totals":{"load_avg":175.55517578125,"cpu_usage":6000,"mem_used":508877402112,"mem_free":382214479872,"tcp_conns":2347,"disk_usage_root":367.2000000000002,"disk_read_sec":150518379,"disk_write_sec":91969977,"disk_iops_sec":6989,"io_wait":0,"open_files":0,"os_bytes_in_sec":953831,"os_bytes_out_sec":335143,"total_procs":30118},"count":60,"alerts":{"load_avg_high":true}},{"date":1638853200,"epoch_div":455237,"totals":{"load_avg":179.19189453125,"cpu_usage":6000,"mem_used":507465502720,"mem_free":372549660672,"tcp_conns":1496,"disk_usage_root":367.2000000000002,"disk_read_sec":159795772,"disk_write_sec":94004525,"disk_iops_sec":6725,"io_wait":0,"open_files":0,"os_bytes_in_sec":573308,"os_bytes_out_sec":178197,"total_procs":30674},"count":60,"alerts":{"load_avg_high":true}},{"date":1638856800,"epoch_div":455238,"totals":{"load_avg":194.86474609375,"cpu_usage":6000,"mem_used":500629762048,"mem_free":384324288512,"tcp_conns":1712,"disk_usage_root":367.2000000000002,"disk_read_sec":149390578,"disk_write_sec":90853413,"disk_iops_sec":6519,"io_wait":0,"open_files":0,"os_bytes_in_sec":777042,"os_bytes_out_sec":5290354,"total_procs":30550},"count":60,"alerts":{"load_avg_high":true}},{"date":1638860400,"epoch_div":455239,"totals":{"load_avg":144.3701171875,"cpu_usage":5100,"mem_used":429038321664,"mem_free":319984967680,"tcp_conns":1013,"disk_usage_root":312.1200000000002,"disk_read_sec":76651651,"disk_write_sec":18999981,"disk_iops_sec":3816,"io_wait":0,"open_files":0,"os_bytes_in_sec":129136,"os_bytes_out_sec":99197,"total_procs":23770},"count":51,"alerts":{"load_avg_high":true}},{"date":1638864000,"epoch_div":455240,"totals":{"load_avg":159.9609375,"cpu_usage":6000,"mem_used":507900215296,"mem_free":379622539264,"tcp_conns":1286,"disk_usage_root":367.2000000000002,"disk_read_sec":90786352,"disk_write_sec":37866186,"disk_iops_sec":6002,"io_wait":0,"open_files":0,"os_bytes_in_sec":1600593,"os_bytes_out_sec":10673828,"total_procs":27776},"count":60},{"date":1638867600,"epoch_div":455241,"totals":{"load_avg":18.94482421875,"cpu_usage":800,"mem_used":67915194368,"mem_free":51059888128,"tcp_conns":135,"disk_usage_root":48.959999999999994,"disk_read_sec":2651205,"disk_write_sec":1278221,"disk_iops_sec":255,"io_wait":0,"open_files":0,"os_bytes_in_sec":2764,"os_bytes_out_sec":3015,"total_procs":3765},"count":8},{"date":1639094400,"epoch_div":455304,"totals":{"load_avg":29.56396484375,"cpu_usage":1100,"mem_used":92937711616,"mem_free":72279080960,"tcp_conns":1113,"disk_usage_root":97.13,"disk_read_sec":17318406,"disk_write_sec":17590431,"disk_iops_sec":891,"io_wait":0,"open_files":0,"os_bytes_in_sec":592186,"os_bytes_out_sec":23583,"total_procs":5128},"count":11},{"date":1639098000,"epoch_div":455305,"totals":{"load_avg":155.3916015625,"cpu_usage":6000,"mem_used":510867439616,"mem_free":381693722624,"tcp_conns":5937,"disk_usage_root":529.7999999999998,"disk_read_sec":29004531,"disk_write_sec":33968538,"disk_iops_sec":2286,"io_wait":0,"open_files":0,"os_bytes_in_sec":327159,"os_bytes_out_sec":102721,"total_procs":28308},"count":60},{"date":1639101600,"epoch_div":455306,"totals":{"load_avg":148.40380859375,"cpu_usage":6000,"mem_used":511414763520,"mem_free":384080932864,"tcp_conns":5960,"disk_usage_root":529.7999999999998,"disk_read_sec":52280830,"disk_write_sec":36764721,"disk_iops_sec":4343,"io_wait":0,"open_files":0,"os_bytes_in_sec":192077,"os_bytes_out_sec":101201,"total_procs":29059},"count":60},{"date":1639105200,"epoch_div":455307,"totals":{"load_avg":64.57568359375,"cpu_usage":2300,"mem_used":196154691584,"mem_free":146325078016,"tcp_conns":2316,"disk_usage_root":203.0900000000001,"disk_read_sec":4827707,"disk_write_sec":4824543,"disk_iops_sec":658,"io_wait":0,"open_files":0,"os_bytes_in_sec":61171,"os_bytes_out_sec":35765,"total_procs":11124},"count":23},{"date":1639108800,"epoch_div":455308,"totals":{"load_avg":5.87548828125,"cpu_usage":200,"mem_used":17102196736,"mem_free":12593782784,"tcp_conns":207,"disk_usage_root":17.66,"disk_read_sec":3392562,"disk_write_sec":2501596,"disk_iops_sec":97,"io_wait":0,"open_files":0,"os_bytes_in_sec":4239,"os_bytes_out_sec":3222,"total_procs":975},"count":2},{"date":1639112400,"epoch_div":455309,"totals":{"load_avg":6.93701171875,"cpu_usage":200,"mem_used":17090867200,"mem_free":12594094080,"tcp_conns":203,"disk_usage_root":17.66,"disk_read_sec":3828867,"disk_write_sec":5763545,"disk_iops_sec":344,"io_wait":0,"open_files":0,"os_bytes_in_sec":1815,"os_bytes_out_sec":7385,"total_procs":993},"count":2},{"date":1639116000,"epoch_div":455310,"totals":{"load_avg":5.52099609375,"cpu_usage":200,"mem_used":17084899328,"mem_free":12617150464,"tcp_conns":203,"disk_usage_root":17.66,"disk_read_sec":933003,"disk_write_sec":329217,"disk_iops_sec":92,"io_wait":0,"open_files":0,"os_bytes_in_sec":1359,"os_bytes_out_sec":4497,"total_procs":977},"count":2},{"date":1639119600,"epoch_div":455311,"totals":{"load_avg":5.7626953125,"cpu_usage":200,"mem_used":17096003584,"mem_free":12538564608,"tcp_conns":209,"disk_usage_root":17.66,"disk_read_sec":4446469,"disk_write_sec":1449235,"disk_iops_sec":164,"io_wait":0,"open_files":0,"os_bytes_in_sec":9457,"os_bytes_out_sec":7991,"total_procs":972},"count":2},{"date":1639123200,"epoch_div":455312,"totals":{"load_avg":5.26611328125,"cpu_usage":200,"mem_used":17064689664,"mem_free":12453871616,"tcp_conns":213,"disk_usage_root":17.66,"disk_read_sec":759654,"disk_write_sec":354754,"disk_iops_sec":65,"io_wait":0,"open_files":0,"os_bytes_in_sec":5735,"os_bytes_out_sec":9270,"total_procs":972},"count":2},{"date":1639126800,"epoch_div":455313,"totals":{"load_avg":5.06494140625,"cpu_usage":200,"mem_used":17126494208,"mem_free":12469882880,"tcp_conns":207,"disk_usage_root":17.66,"disk_read_sec":1787266,"disk_write_sec":1019325,"disk_iops_sec":112,"io_wait":0,"open_files":0,"os_bytes_in_sec":2002,"os_bytes_out_sec":1483,"total_procs":973},"count":2},{"date":1639130400,"epoch_div":455314,"totals":{"load_avg":3.27587890625,"cpu_usage":100,"mem_used":8555302912,"mem_free":6252949504,"tcp_conns":108,"disk_usage_root":8.83,"disk_read_sec":26146,"disk_write_sec":11004,"disk_iops_sec":1,"io_wait":0,"open_files":0,"os_bytes_in_sec":119,"os_bytes_out_sec":83,"total_procs":489},"count":1},{"date":1639134000,"epoch_div":455315,"totals":{"load_avg":13.95751953125,"cpu_usage":300,"mem_used":25530675200,"mem_free":18919387136,"tcp_conns":332,"disk_usage_root":26.490000000000002,"disk_read_sec":1248663,"disk_write_sec":346440,"disk_iops_sec":63,"io_wait":0,"open_files":0,"os_bytes_in_sec":1579,"os_bytes_out_sec":2786,"total_procs":1468},"count":3},{"date":1639137600,"epoch_div":455316,"totals":{"load_avg":7.6171875,"cpu_usage":200,"mem_used":16996315136,"mem_free":12590764032,"tcp_conns":216,"disk_usage_root":17.66,"disk_read_sec":1521711,"disk_write_sec":613923,"disk_iops_sec":115,"io_wait":0,"open_files":0,"os_bytes_in_sec":2572,"os_bytes_out_sec":5424,"total_procs":972},"count":2},{"date":1639141200,"epoch_div":455317,"totals":{"load_avg":6.39697265625,"cpu_usage":200,"mem_used":17112064000,"mem_free":12586102784,"tcp_conns":228,"disk_usage_root":17.66,"disk_read_sec":1757422,"disk_write_sec":754031,"disk_iops_sec":126,"io_wait":0,"open_files":0,"os_bytes_in_sec":6526,"os_bytes_out_sec":10685,"total_procs":977},"count":2},{"date":1639144800,"epoch_div":455318,"totals":{"load_avg":7.1259765625,"cpu_usage":200,"mem_used":17101152256,"mem_free":12759863296,"tcp_conns":228,"disk_usage_root":17.66,"disk_read_sec":6807088,"disk_write_sec":3306105,"disk_iops_sec":210,"io_wait":0,"open_files":0,"os_bytes_in_sec":30398,"os_bytes_out_sec":12649,"total_procs":979},"count":2},{"date":1639148400,"epoch_div":455319,"totals":{"load_avg":159.6162109375,"cpu_usage":6000,"mem_used":513080930304,"mem_free":387290046464,"tcp_conns":5966,"disk_usage_root":529.7999999999998,"disk_read_sec":47976786,"disk_write_sec":38677289,"disk_iops_sec":3866,"io_wait":0,"open_files":0,"os_bytes_in_sec":204788,"os_bytes_out_sec":100485,"total_procs":29177},"count":60},{"date":1639152000,"epoch_div":455320,"totals":{"load_avg":11.40234375,"cpu_usage":500,"mem_used":42703417344,"mem_free":32599400448,"tcp_conns":515,"disk_usage_root":44.15,"disk_read_sec":6304193,"disk_write_sec":7439949,"disk_iops_sec":335,"io_wait":0,"open_files":0,"os_bytes_in_sec":13468,"os_bytes_out_sec":15937,"total_procs":2441},"count":5},{"date":1639155600,"epoch_div":455321,"totals":{"load_avg":108.54931640625,"cpu_usage":3800,"mem_used":324096659456,"mem_free":249337507840,"tcp_conns":3887,"disk_usage_root":335.54,"disk_read_sec":26678209,"disk_write_sec":24424933,"disk_iops_sec":1771,"io_wait":0,"open_files":0,"os_bytes_in_sec":106871,"os_bytes_out_sec":73048,"total_procs":18526},"count":38},{"date":1639159200,"epoch_div":455322,"totals":{"load_avg":37.837890625,"cpu_usage":1300,"mem_used":110937407488,"mem_free":84616536064,"tcp_conns":1297,"disk_usage_root":114.78999999999999,"disk_read_sec":4776966,"disk_write_sec":5181684,"disk_iops_sec":500,"io_wait":0,"open_files":0,"os_bytes_in_sec":23420,"os_bytes_out_sec":18045,"total_procs":6334},"count":13},{"date":1639162800,"epoch_div":455323,"totals":{"load_avg":2.599609375,"cpu_usage":100,"mem_used":8542502912,"mem_free":6441582592,"tcp_conns":104,"disk_usage_root":8.83,"disk_read_sec":68534,"disk_write_sec":65362,"disk_iops_sec":2,"io_wait":0,"open_files":0,"os_bytes_in_sec":87,"os_bytes_out_sec":55,"total_procs":494},"count":1},{"date":1639166400,"epoch_div":455324,"totals":{"load_avg":4.14013671875,"cpu_usage":200,"mem_used":17117122560,"mem_free":12904648704,"tcp_conns":214,"disk_usage_root":17.66,"disk_read_sec":2253945,"disk_write_sec":2072000,"disk_iops_sec":64,"io_wait":0,"open_files":0,"os_bytes_in_sec":15989,"os_bytes_out_sec":6898,"total_procs":975},"count":2},{"date":1639170000,"epoch_div":455325,"totals":{"load_avg":4.0751953125,"cpu_usage":200,"mem_used":17119842304,"mem_free":12839403520,"tcp_conns":211,"disk_usage_root":17.66,"disk_read_sec":2734941,"disk_write_sec":1943350,"disk_iops_sec":89,"io_wait":0,"open_files":0,"os_bytes_in_sec":5547,"os_bytes_out_sec":5973,"total_procs":971},"count":2},{"date":1639173600,"epoch_div":455326,"totals":{"load_avg":4.43798828125,"cpu_usage":200,"mem_used":17132154880,"mem_free":12951179264,"tcp_conns":209,"disk_usage_root":17.66,"disk_read_sec":3302672,"disk_write_sec":2354799,"disk_iops_sec":175,"io_wait":0,"open_files":0,"os_bytes_in_sec":2935,"os_bytes_out_sec":5803,"total_procs":974},"count":2},{"date":1639177200,"epoch_div":455327,"totals":{"load_avg":4.85791015625,"cpu_usage":200,"mem_used":17114689536,"mem_free":12824571904,"tcp_conns":207,"disk_usage_root":17.66,"disk_read_sec":2616530,"disk_write_sec":1647509,"disk_iops_sec":117,"io_wait":0,"open_files":0,"os_bytes_in_sec":740,"os_bytes_out_sec":1109,"total_procs":982},"count":2},{"date":1639180800,"epoch_div":455328,"totals":{"load_avg":12.20849609375,"cpu_usage":400,"mem_used":34198683648,"mem_free":25210724352,"tcp_conns":428,"disk_usage_root":35.32,"disk_read_sec":3789948,"disk_write_sec":5138237,"disk_iops_sec":270,"io_wait":0,"open_files":0,"os_bytes_in_sec":2279,"os_bytes_out_sec":2810,"total_procs":1956},"count":4},{"date":1639184400,"epoch_div":455329,"totals":{"load_avg":2.0751953125,"cpu_usage":100,"mem_used":8533004288,"mem_free":6296424448,"tcp_conns":119,"disk_usage_root":8.83,"disk_read_sec":6735,"disk_write_sec":3200,"disk_iops_sec":0,"io_wait":0,"open_files":0,"os_bytes_in_sec":298,"os_bytes_out_sec":70,"total_procs":488},"count":1},{"date":1639188000,"epoch_div":455330,"totals":{"load_avg":13.81103515625,"cpu_usage":500,"mem_used":42768343040,"mem_free":31878184960,"tcp_conns":531,"disk_usage_root":44.15,"disk_read_sec":11235510,"disk_write_sec":9133124,"disk_iops_sec":533,"io_wait":0,"open_files":0,"os_bytes_in_sec":27733,"os_bytes_out_sec":24622,"total_procs":2449},"count":5},{"date":1639191600,"epoch_div":455331,"totals":{"load_avg":44.3974609375,"cpu_usage":1600,"mem_used":136283275264,"mem_free":104841326592,"tcp_conns":1637,"disk_usage_root":141.28,"disk_read_sec":55783842,"disk_write_sec":33773926,"disk_iops_sec":2907,"io_wait":0,"open_files":0,"os_bytes_in_sec":841917,"os_bytes_out_sec":73834,"total_procs":7759},"count":16},{"date":1639195200,"epoch_div":455332,"totals":{"load_avg":116.6044921875,"cpu_usage":4300,"mem_used":364299472896,"mem_free":277332070400,"tcp_conns":4180,"disk_usage_root":379.68999999999994,"disk_read_sec":9280124,"disk_write_sec":14956640,"disk_iops_sec":1637,"io_wait":0,"open_files":0,"os_bytes_in_sec":996792,"os_bytes_out_sec":82016,"total_procs":20613},"count":43},{"date":1639198800,"epoch_div":455333,"totals":{"load_avg":35.52978515625,"cpu_usage":900,"mem_used":77017202688,"mem_free":57595351040,"tcp_conns":839,"disk_usage_root":79.47,"disk_read_sec":16813857,"disk_write_sec":13446923,"disk_iops_sec":807,"io_wait":0,"open_files":0,"os_bytes_in_sec":23949,"os_bytes_out_sec":17344,"total_procs":4345},"count":9,"alerts":{"load_avg_high":true}},{"date":1639202400,"epoch_div":455334,"totals":{"load_avg":25.04052734375,"cpu_usage":300,"mem_used":25655250944,"mem_free":19167367168,"tcp_conns":289,"disk_usage_root":26.490000000000002,"disk_read_sec":2629847,"disk_write_sec":1430844,"disk_iops_sec":216,"io_wait":0,"open_files":0,"os_bytes_in_sec":14669,"os_bytes_out_sec":9362,"total_procs":1443},"count":3,"alerts":{"load_avg_high":true}},{"date":1639227600,"epoch_div":455341,"totals":{"load_avg":16.5078125,"cpu_usage":300,"mem_used":25493082112,"mem_free":19228839936,"tcp_conns":284,"disk_usage_root":26.490000000000002,"disk_read_sec":16125923,"disk_write_sec":13869203,"disk_iops_sec":1069,"io_wait":0,"open_files":0,"os_bytes_in_sec":11377,"os_bytes_out_sec":4199,"total_procs":1446},"count":3},{"date":1639231200,"epoch_div":455342,"totals":{"load_avg":77.6943359375,"cpu_usage":3000,"mem_used":256354373632,"mem_free":187924135936,"tcp_conns":2893,"disk_usage_root":264.90000000000015,"disk_read_sec":20644088,"disk_write_sec":10809599,"disk_iops_sec":2480,"io_wait":0,"open_files":0,"os_bytes_in_sec":80229,"os_bytes_out_sec":47409,"total_procs":14417},"count":30},{"date":1639234800,"epoch_div":455343,"totals":{"load_avg":84.46630859375,"cpu_usage":3200,"mem_used":273403195392,"mem_free":199841685504,"tcp_conns":3064,"disk_usage_root":282.5600000000001,"disk_read_sec":15857434,"disk_write_sec":17455631,"disk_iops_sec":1032,"io_wait":0,"open_files":0,"os_bytes_in_sec":90766,"os_bytes_out_sec":44674,"total_procs":15360},"count":32},{"date":1639238400,"epoch_div":455344,"totals":{"load_avg":4.0576171875,"cpu_usage":300,"mem_used":25664081920,"mem_free":18747551744,"tcp_conns":279,"disk_usage_root":26.490000000000002,"disk_read_sec":22277602,"disk_write_sec":24173545,"disk_iops_sec":760,"io_wait":0,"open_files":0,"os_bytes_in_sec":43851,"os_bytes_out_sec":43454,"total_procs":1444},"count":3},{"date":1639252800,"epoch_div":455348,"totals":{"load_avg":3.486328125,"cpu_usage":200,"mem_used":16935837696,"mem_free":12785307648,"tcp_conns":200,"disk_usage_root":17.66,"disk_read_sec":5851687,"disk_write_sec":15544426,"disk_iops_sec":308,"io_wait":0,"open_files":0,"os_bytes_in_sec":0,"os_bytes_out_sec":0,"total_procs":969},"count":2},{"date":1639256400,"epoch_div":455349,"totals":{"load_avg":72.37646484375,"cpu_usage":3100,"mem_used":250692091904,"mem_free":191232512000,"tcp_conns":3082,"disk_usage_root":273.73000000000013,"disk_read_sec":369484521,"disk_write_sec":18384699,"disk_iops_sec":33029,"io_wait":0,"open_files":0,"os_bytes_in_sec":120174,"os_bytes_out_sec":71092,"total_procs":14928},"count":31},{"date":1639260000,"epoch_div":455350,"totals":{"load_avg":14.41455078125,"cpu_usage":500,"mem_used":42803830784,"mem_free":30412918784,"tcp_conns":503,"disk_usage_root":44.15,"disk_read_sec":3670043,"disk_write_sec":2559682,"disk_iops_sec":393,"io_wait":0,"open_files":0,"os_bytes_in_sec":29540,"os_bytes_out_sec":11008,"total_procs":2415},"count":5},{"date":1639263600,"epoch_div":455351,"totals":{"load_avg":10.95654296875,"cpu_usage":400,"mem_used":34079014912,"mem_free":24429633536,"tcp_conns":408,"disk_usage_root":35.32,"disk_read_sec":14190017,"disk_write_sec":7435143,"disk_iops_sec":450,"io_wait":0,"open_files":0,"os_bytes_in_sec":7337,"os_bytes_out_sec":15449,"total_procs":1928},"count":4},{"date":1639267200,"epoch_div":455352,"totals":{"load_avg":10.4462890625,"cpu_usage":200,"mem_used":17047654400,"mem_free":12255240192,"tcp_conns":220,"disk_usage_root":17.66,"disk_read_sec":8891922,"disk_write_sec":11332089,"disk_iops_sec":197,"io_wait":0,"open_files":0,"os_bytes_in_sec":35510,"os_bytes_out_sec":5209,"total_procs":968},"count":2},{"date":1639270800,"epoch_div":455353,"totals":{"load_avg":11.27294921875,"cpu_usage":200,"mem_used":17104863232,"mem_free":12171902976,"tcp_conns":219,"disk_usage_root":17.66,"disk_read_sec":1074745,"disk_write_sec":1227639,"disk_iops_sec":112,"io_wait":0,"open_files":0,"os_bytes_in_sec":16097,"os_bytes_out_sec":10286,"total_procs":967},"count":2},{"date":1639274400,"epoch_div":455354,"totals":{"load_avg":93.4404296875,"cpu_usage":3200,"mem_used":271143976960,"mem_free":202599469056,"tcp_conns":3184,"disk_usage_root":282.5600000000001,"disk_read_sec":56753208,"disk_write_sec":19396850,"disk_iops_sec":4124,"io_wait":0,"open_files":0,"os_bytes_in_sec":102564,"os_bytes_out_sec":63276,"total_procs":15711},"count":32},{"date":1639278000,"epoch_div":455355,"totals":{"load_avg":169.78271484375,"cpu_usage":6000,"mem_used":506303102976,"mem_free":376612192256,"tcp_conns":5819,"disk_usage_root":529.7999999999998,"disk_read_sec":40316538,"disk_write_sec":13782220,"disk_iops_sec":2838,"io_wait":0,"open_files":0,"os_bytes_in_sec":187215,"os_bytes_out_sec":90418,"total_procs":29280},"count":60},{"date":1639281600,"epoch_div":455356,"totals":{"load_avg":28.12060546875,"cpu_usage":900,"mem_used":76307546112,"mem_free":55807442944,"tcp_conns":879,"disk_usage_root":79.47,"disk_read_sec":9715441,"disk_write_sec":7275498,"disk_iops_sec":481,"io_wait":0,"open_files":0,"os_bytes_in_sec":23969,"os_bytes_out_sec":16433,"total_procs":4395},"count":9},{"date":1639285200,"epoch_div":455357,"totals":{"load_avg":5.66259765625,"cpu_usage":200,"mem_used":17102344192,"mem_free":12113674240,"tcp_conns":204,"disk_usage_root":17.66,"disk_read_sec":2512599,"disk_write_sec":2159940,"disk_iops_sec":131,"io_wait":0,"open_files":0,"os_bytes_in_sec":5163,"os_bytes_out_sec":3011,"total_procs":984},"count":2},{"date":1639288800,"epoch_div":455358,"totals":{"load_avg":5.14111328125,"cpu_usage":200,"mem_used":16984469504,"mem_free":12072022016,"tcp_conns":205,"disk_usage_root":17.66,"disk_read_sec":6791086,"disk_write_sec":5362694,"disk_iops_sec":262,"io_wait":0,"open_files":0,"os_bytes_in_sec":1746,"os_bytes_out_sec":1855,"total_procs":992},"count":2},{"date":1639292400,"epoch_div":455359,"totals":{"load_avg":4.93212890625,"cpu_usage":200,"mem_used":17113575424,"mem_free":12057927680,"tcp_conns":212,"disk_usage_root":17.66,"disk_read_sec":5747213,"disk_write_sec":3729354,"disk_iops_sec":135,"io_wait":0,"open_files":0,"os_bytes_in_sec":21726,"os_bytes_out_sec":6366,"total_procs":989},"count":2},{"date":1639296000,"epoch_div":455360,"totals":{"load_avg":6.4755859375,"cpu_usage":300,"mem_used":25645854720,"mem_free":18148241408,"tcp_conns":301,"disk_usage_root":26.490000000000002,"disk_read_sec":5642825,"disk_write_sec":2729654,"disk_iops_sec":145,"io_wait":0,"open_files":0,"os_bytes_in_sec":6944,"os_bytes_out_sec":8638,"total_procs":1465},"count":3},{"date":1639299600,"epoch_div":455361,"totals":{"load_avg":10.80810546875,"cpu_usage":400,"mem_used":34096582656,"mem_free":24170143744,"tcp_conns":401,"disk_usage_root":35.32,"disk_read_sec":1499882,"disk_write_sec":2207113,"disk_iops_sec":412,"io_wait":0,"open_files":0,"os_bytes_in_sec":1859,"os_bytes_out_sec":3611,"total_procs":1962},"count":4},{"date":1639303200,"epoch_div":455362,"totals":{"load_avg":2.9384765625,"cpu_usage":100,"mem_used":8551649280,"mem_free":6063681536,"tcp_conns":110,"disk_usage_root":8.83,"disk_read_sec":60790,"disk_write_sec":42148,"disk_iops_sec":1,"io_wait":0,"open_files":0,"os_bytes_in_sec":92,"os_bytes_out_sec":93,"total_procs":492},"count":1},{"date":1639306800,"epoch_div":455363,"totals":{"load_avg":2.56640625,"cpu_usage":100,"mem_used":8525737984,"mem_free":6052474880,"tcp_conns":107,"disk_usage_root":8.83,"disk_read_sec":296776,"disk_write_sec":70234,"disk_iops_sec":14,"io_wait":0,"open_files":0,"os_bytes_in_sec":72,"os_bytes_out_sec":137,"total_procs":493},"count":1},{"date":1639310400,"epoch_div":455364,"totals":{"load_avg":4.583984375,"cpu_usage":200,"mem_used":16970670080,"mem_free":12053000192,"tcp_conns":217,"disk_usage_root":17.66,"disk_read_sec":746637,"disk_write_sec":597278,"disk_iops_sec":108,"io_wait":0,"open_files":0,"os_bytes_in_sec":24151,"os_bytes_out_sec":6873,"total_procs":980},"count":2},{"date":1639314000,"epoch_div":455365,"totals":{"load_avg":11.01953125,"cpu_usage":200,"mem_used":17053224960,"mem_free":12470697984,"tcp_conns":218,"disk_usage_root":17.66,"disk_read_sec":32203676,"disk_write_sec":21324208,"disk_iops_sec":478,"io_wait":0,"open_files":0,"os_bytes_in_sec":68300,"os_bytes_out_sec":6141,"total_procs":981},"count":2,"alerts":{"load_avg_high":true}},{"date":1639317600,"epoch_div":455366,"totals":{"load_avg":95.04345703125,"cpu_usage":3200,"mem_used":271140122624,"mem_free":195997384704,"tcp_conns":3104,"disk_usage_root":282.5600000000001,"disk_read_sec":42569945,"disk_write_sec":25182148,"disk_iops_sec":1694,"io_wait":0,"open_files":0,"os_bytes_in_sec":105211,"os_bytes_out_sec":49978,"total_procs":15591},"count":32},{"date":1639321200,"epoch_div":455367,"totals":{"load_avg":89.66650390625,"cpu_usage":3100,"mem_used":261920616448,"mem_free":188834185216,"tcp_conns":2975,"disk_usage_root":273.73000000000013,"disk_read_sec":25766340,"disk_write_sec":6246727,"disk_iops_sec":2638,"io_wait":0,"open_files":0,"os_bytes_in_sec":84282,"os_bytes_out_sec":43269,"total_procs":15108},"count":31},{"date":1639324800,"epoch_div":455368,"totals":{"load_avg":96.18701171875,"cpu_usage":3700,"mem_used":311575429120,"mem_free":226876301312,"tcp_conns":3648,"disk_usage_root":326.71000000000004,"disk_read_sec":62110587,"disk_write_sec":47900019,"disk_iops_sec":2589,"io_wait":0,"open_files":0,"os_bytes_in_sec":83344,"os_bytes_out_sec":68819,"total_procs":18136},"count":37}]}