{"type":"list_page","items":[{"date":1637644800,"epoch_div":13647040,"totals":{"load_avg":5.51904296875,"cpu_usage":200,"mem_used":17037647872,"mem_free":13597843456,"tcp_conns":168,"disk_usage_root":12.24,"disk_read_sec":1661776,"disk_write_sec":433799,"disk_iops_sec":136,"io_wait":0,"open_files":0,"os_bytes_in_sec":3301,"os_bytes_out_sec":6888,"total_procs":898},"count":2},{"date":1637644920,"epoch_div":13647041,"totals":{"load_avg":5.09033203125,"cpu_usage":200,"mem_used":16877596672,"mem_free":13510668288,"tcp_conns":163,"disk_usage_root":12.24,"disk_read_sec":1504050,"disk_write_sec":280302,"disk_iops_sec":80,"io_wait":0,"open_files":0,"os_bytes_in_sec":3565,"os_bytes_out_sec":6613,"total_procs":878},"count":2},{"date":1637645040,"epoch_div":13647042,"totals":{"load_avg":5.4375,"cpu_usage":200,"mem_used":17014358016,"mem_free":13426642944,"tcp_conns":178,"disk_usage_root":12.24,"disk_read_sec":2278536,"disk_write_sec":831350,"disk_iops_sec":164,"io_wait":0,"open_files":0,"os_bytes_in_sec":27019,"os_bytes_out_sec":6735,"total_procs":890},"count":2},{"date":1637645160,"epoch_div":13647043,"totals":{"load_avg":4.7548828125,"cpu_usage":200,"mem_used":17047756800,"mem_free":13506564096,"tcp_conns":191,"disk_usage_root":12.24,"disk_read_sec":2601219,"disk_write_sec":1340749,"disk_iops_sec":185,"io_wait":0,"open_files":0,"os_bytes_in_sec":24454,"os_bytes_out_sec":28723,"total_procs":885},"count":2},{"date":1637645280,"epoch_div":13647044,"totals":{"load_avg":4.06005859375,"cpu_usage":200,"mem_used":17113038848,"mem_free":13471367168,"tcp_conns":180,"disk_usage_root":12.24,"disk_read_sec":111957,"disk_write_sec":480733,"disk_iops_sec":98,"io_wait":0,"open_files":0,"os_bytes_in_sec":7956,"os_bytes_out_sec":9082,"total_procs":882},"count":2},{"date":1637645400,"epoch_div":13647045,"totals":{"load_avg":4.53271484375,"cpu_usage":200,"mem_used":17129332736,"mem_free":13312876544,"tcp_conns":160,"disk_usage_root":12.24,"disk_read_sec":63655,"disk_write_sec":158495,"disk_iops_sec":35,"io_wait":0,"open_files":0,"os_bytes_in_sec":707,"os_bytes_out_sec":1342,"total_procs":882},"count":2},{"date":1637645520,"epoch_div":13647046,"totals":{"load_avg":5.13330078125,"cpu_usage":200,"mem_used":17132183552,"mem_free":13307015168,"tcp_conns":152,"disk_usage_root":12.24,"disk_read_sec":116944,"disk_write_sec":524994,"disk_iops_sec":60,"io_wait":0,"open_files":0,"os_bytes_in_sec":779,"os_bytes_out_sec":1711,"total_procs":879},"count":2},{"date":1637645640,"epoch_div":13647047,"totals":{"load_avg":5.45654296875,"cpu_usage":200,"mem_used":16995278848,"mem_free":13516079104,"tcp_conns":151,"disk_usage_root":12.24,"disk_read_sec":475241,"disk_write_sec":522825,"disk_iops_sec":132,"io_wait":0,"open_files":0,"os_bytes_in_sec":13163,"os_bytes_out_sec":17896,"total_procs":881},"count":2},{"date":1637645760,"epoch_div":13647048,"totals":{"load_avg":5.30078125,"cpu_usage":200,"mem_used":17008156672,"mem_free":13645336576,"tcp_conns":154,"disk_usage_root":12.24,"disk_read_sec":229785,"disk_write_sec":640068,"disk_iops_sec":133,"io_wait":0,"open_files":0,"os_bytes_in_sec":18099,"os_bytes_out_sec":27468,"total_procs":880},"count":2},{"date":1637645880,"epoch_div":13647049,"totals":{"load_avg":5.18359375,"cpu_usage":200,"mem_used":16891277312,"mem_free":13655486464,"tcp_conns":159,"disk_usage_root":12.24,"disk_read_sec":3262805,"disk_write_sec":633377,"disk_iops_sec":207,"io_wait":0,"open_files":0,"os_bytes_in_sec":60199,"os_bytes_out_sec":17204,"total_procs":879},"count":2},{"date":1637646000,"epoch_div":13647050,"totals":{"load_avg":5.291015625,"cpu_usage":200,"mem_used":17054191616,"mem_free":13732290560,"tcp_conns":186,"disk_usage_root":12.24,"disk_read_sec":2063753,"disk_write_sec":547939,"disk_iops_sec":199,"io_wait":0,"open_files":0,"os_bytes_in_sec":45370,"os_bytes_out_sec":11326,"total_procs":882},"count":2},{"date":1637646120,"epoch_div":13647051,"totals":{"load_avg":4.7255859375,"cpu_usage":200,"mem_used":17097834496,"mem_free":13660495872,"tcp_conns":178,"disk_usage_root":12.24,"disk_read_sec":120831,"disk_write_sec":219749,"disk_iops_sec":46,"io_wait":0,"open_files":0,"os_bytes_in_sec":3253,"os_bytes_out_sec":3707,"total_procs":880},"count":2},{"date":1637646240,"epoch_div":13647052,"totals":{"load_avg":4.55224609375,"cpu_usage":200,"mem_used":17113485312,"mem_free":13763534848,"tcp_conns":167,"disk_usage_root":12.24,"disk_read_sec":213401,"disk_write_sec":354712,"disk_iops_sec":80,"io_wait":0,"open_files":0,"os_bytes_in_sec":5494,"os_bytes_out_sec":8379,"total_procs":880},"count":2},{"date":1637646360,"epoch_div":13647053,"totals":{"load_avg":4.53759765625,"cpu_usage":200,"mem_used":17049862144,"mem_free":13721812992,"tcp_conns":150,"disk_usage_root":12.24,"disk_read_sec":6229,"disk_write_sec":159000,"disk_iops_sec":26,"io_wait":0,"open_files":0,"os_bytes_in_sec":588,"os_bytes_out_sec":604,"total_procs":878},"count":2},{"date":1637646480,"epoch_div":13647054,"totals":{"load_avg":4.490234375,"cpu_usage":200,"mem_used":17061761024,"mem_free":13704433664,"tcp_conns":149,"disk_usage_root":12.24,"disk_read_sec":254164,"disk_write_sec":142380,"disk_iops_sec":50,"io_wait":0,"open_files":0,"os_bytes_in_sec":397,"os_bytes_out_sec":424,"total_procs":878},"count":2},{"date":1637646600,"epoch_div":13647055,"totals":{"load_avg":5.990234375,"cpu_usage":200,"mem_used":17115869184,"mem_free":13856325632,"tcp_conns":149,"disk_usage_root":12.24,"disk_read_sec":481961,"disk_write_sec":747860,"disk_iops_sec":103,"io_wait":0,"open_files":0,"os_bytes_in_sec":9012,"os_bytes_out_sec":10174,"total_procs":880},"count":2},{"date":1637646720,"epoch_div":13647056,"totals":{"load_avg":4.955078125,"cpu_usage":200,"mem_used":17058004992,"mem_free":13775286272,"tcp_conns":162,"disk_usage_root":12.24,"disk_read_sec":1675645,"disk_write_sec":440806,"disk_iops_sec":146,"io_wait":0,"open_files":0,"os_bytes_in_sec":18339,"os_bytes_out_sec":7427,"total_procs":881},"count":2},{"date":1637646840,"epoch_div":13647057,"totals":{"load_avg":5.11181640625,"cpu_usage":200,"mem_used":16513064960,"mem_free":13900345344,"tcp_conns":171,"disk_usage_root":12.24,"disk_read_sec":185627,"disk_write_sec":555216,"disk_iops_sec":59,"io_wait":0,"open_files":0,"os_bytes_in_sec":3518,"os_bytes_out_sec":5982,"total_procs":871},"count":2},{"date":1637646960,"epoch_div":13647058,"totals":{"load_avg":5.38427734375,"cpu_usage":200,"mem_used":16548691968,"mem_free":13823995904,"tcp_conns":164,"disk_usage_root":12.24,"disk_read_sec":28535,"disk_write_sec":177220,"disk_iops_sec":29,"io_wait":0,"open_files":0,"os_bytes_in_sec":5854,"os_bytes_out_sec":1278,"total_procs":870},"count":2},{"date":1637647080,"epoch_div":13647059,"totals":{"load_avg":5.3076171875,"cpu_usage":200,"mem_used":16613806080,"mem_free":13790601216,"tcp_conns":162,"disk_usage_root":12.24,"disk_read_sec":294842,"disk_write_sec":797832,"disk_iops_sec":61,"io_wait":0,"open_files":0,"os_bytes_in_sec":493,"os_bytes_out_sec":497,"total_procs":871},"count":2},{"date":1637647200,"epoch_div":13647060,"totals":{"load_avg":5.369140625,"cpu_usage":200,"mem_used":16624119808,"mem_free":13752213504,"tcp_conns":151,"disk_usage_root":12.24,"disk_read_sec":10990,"disk_write_sec":154076,"disk_iops_sec":29,"io_wait":0,"open_files":0,"os_bytes_in_sec":636,"os_bytes_out_sec":703,"total_procs":870},"count":2},{"date":1637647320,"epoch_div":13647061,"totals":{"load_avg":6.333984375,"cpu_usage":200,"mem_used":16558374912,"mem_free":13425274880,"tcp_conns":150,"disk_usage_root":12.24,"disk_read_sec":263437,"disk_write_sec":1204236,"disk_iops_sec":33,"io_wait":0,"open_files":0,"os_bytes_in_sec":1303,"os_bytes_out_sec":763,"total_procs":873},"count":2},{"date":1637647440,"epoch_div":13647062,"totals":{"load_avg":3.970703125,"cpu_usage":100,"mem_used":8570220544,"mem_free":6678282240,"tcp_conns":71,"disk_usage_root":6.12,"disk_read_sec":72586,"disk_write_sec":62648,"disk_iops_sec":18,"io_wait":0,"open_files":0,"os_bytes_in_sec":628,"os_bytes_out_sec":1056,"total_procs":435},"count":1},{"date":1637649240,"epoch_div":13647077,"totals":{"load_avg":3.46533203125,"cpu_usage":100,"mem_used":8563163136,"mem_free":6648180736,"tcp_conns":76,"disk_usage_root":6.12,"disk_read_sec":4529,"disk_write_sec":4541,"disk_iops_sec":1,"io_wait":0,"open_files":0,"os_bytes_in_sec":277,"os_bytes_out_sec":223,"total_procs":435},"count":1},{"date":1637652480,"epoch_div":13647104,"totals":{"load_avg":5.5224609375,"cpu_usage":200,"mem_used":17134153728,"mem_free":13317124096,"tcp_conns":148,"disk_usage_root":12.24,"disk_read_sec":9081351,"disk_write_sec":8455589,"disk_iops_sec":217,"io_wait":0,"open_files":0,"os_bytes_in_sec":17597,"os_bytes_out_sec":10567,"total_procs":875},"count":2},{"date":1637655720,"epoch_div":13647131,"totals":{"load_avg":5.3125,"cpu_usage":200,"mem_used":17028558848,"mem_free":13376897024,"tcp_conns":155,"disk_usage_root":12.24,"disk_read_sec":206289,"disk_write_sec":283147,"disk_iops_sec":50,"io_wait":0,"open_files":0,"os_bytes_in_sec":663,"os_bytes_out_sec":2258,"total_procs":877},"count":2},{"date":1637658960,"epoch_div":13647158,"totals":{"load_avg":5.15771484375,"cpu_usage":200,"mem_used":17047351296,"mem_free":13290962944,"tcp_conns":155,"disk_usage_root":12.24,"disk_read_sec":163177,"disk_write_sec":238308,"disk_iops_sec":51,"io_wait":0,"open_files":0,"os_bytes_in_sec":251,"os_bytes_out_sec":1042,"total_procs":874},"count":2},{"date":1637662200,"epoch_div":13647185,"totals":{"load_avg":4.20654296875,"cpu_usage":200,"mem_used":16907870208,"mem_free":13343178752,"tcp_conns":154,"disk_usage_root":12.24,"disk_read_sec":210249,"disk_write_sec":243614,"disk_iops_sec":65,"io_wait":0,"open_files":0,"os_bytes_in_sec":608,"os_bytes_out_sec":1838,"total_procs":883},"count":2},{"date":1637664840,"epoch_div":13647207,"totals":{"load_avg":2.4462890625,"cpu_usage":100,"mem_used":8553549824,"mem_free":6665072640,"tcp_conns":80,"disk_usage_root":6.12,"disk_read_sec":7794,"disk_write_sec":3384,"disk_iops_sec":0,"io_wait":0,"open_files":0,"os_bytes_in_sec":189,"os_bytes_out_sec":169,"total_procs":437},"count":1},{"date":1637664960,"epoch_div":13647208,"totals":{"load_avg":2.52783203125,"cpu_usage":100,"mem_used":8569438208,"mem_free":6608498688,"tcp_conns":86,"disk_usage_root":6.12,"disk_read_sec":547225,"disk_write_sec":384204,"disk_iops_sec":83,"io_wait":0,"open_files":0,"os_bytes_in_sec":31116,"os_bytes_out_sec":4735,"total_procs":440},"count":1},{"date":1637668080,"epoch_div":13647234,"totals":{"load_avg":2.05126953125,"cpu_usage":100,"mem_used":8554962944,"mem_free":6645354496,"tcp_conns":82,"disk_usage_root":6.12,"disk_read_sec":16809,"disk_write_sec":9323,"disk_iops_sec":1,"io_wait":0,"open_files":0,"os_bytes_in_sec":159,"os_bytes_out_sec":141,"total_procs":436},"count":1},{"date":1637668200,"epoch_div":13647235,"totals":{"load_avg":2.5302734375,"cpu_usage":100,"mem_used":8498716672,"mem_free":6657400832,"tcp_conns":77,"disk_usage_root":6.12,"disk_read_sec":1313060,"disk_write_sec":452022,"disk_iops_sec":94,"io_wait":0,"open_files":0,"os_bytes_in_sec":2870,"os_bytes_out_sec":3741,"total_procs":437},"count":1},{"date":1637671440,"epoch_div":13647262,"totals":{"load_avg":3.8544921875,"cpu_usage":100,"mem_used":8560386048,"mem_free":6730141696,"tcp_conns":77,"disk_usage_root":6.12,"disk_read_sec":14486,"disk_write_sec":23941,"disk_iops_sec":1,"io_wait":0,"open_files":0,"os_bytes_in_sec":149,"os_bytes_out_sec":138,"total_procs":437},"count":1},{"date":1637674680,"epoch_div":13647289,"totals":{"load_avg":2.90673828125,"cpu_usage":100,"mem_used":8540577792,"mem_free":6688645120,"tcp_conns":85,"disk_usage_root":6.12,"disk_read_sec":28873,"disk_write_sec":22371,"disk_iops_sec":2,"io_wait":0,"open_files":0,"os_bytes_in_sec":261,"os_bytes_out_sec":167,"total_procs":440},"count":1},{"date":1637676480,"epoch_div":13647304,"totals":{"load_avg":2.32470703125,"cpu_usage":100,"mem_used":8518721536,"mem_free":6709702656,"tcp_conns":81,"disk_usage_root":6.12,"disk_read_sec":47707,"disk_write_sec":32715,"disk_iops_sec":1,"io_wait":0,"open_files":0,"os_bytes_in_sec":333,"os_bytes_out_sec":254,"total_procs":437},"count":1},{"date":1637676600,"epoch_div":13647305,"totals":{"load_avg":2.28173828125,"cpu_usage":100,"mem_used":8541954048,"mem_free":6649991168,"tcp_conns":80,"disk_usage_root":6.12,"disk_read_sec":821323,"disk_write_sec":215874,"disk_iops_sec":57,"io_wait":0,"open_files":0,"os_bytes_in_sec":2293,"os_bytes_out_sec":3490,"total_procs":437},"count":1},{"date":1637679600,"epoch_div":13647330,"totals":{"load_avg":4.05029296875,"cpu_usage":200,"mem_used":17082425344,"mem_free":13278179328,"tcp_conns":164,"disk_usage_root":12.24,"disk_read_sec":99463,"disk_write_sec":464024,"disk_iops_sec":31,"io_wait":0,"open_files":0,"os_bytes_in_sec":117314,"os_bytes_out_sec":8340,"total_procs":873},"count":2},{"date":1637679720,"epoch_div":13647331,"totals":{"load_avg":5.39599609375,"cpu_usage":200,"mem_used":17027735552,"mem_free":13349208064,"tcp_conns":159,"disk_usage_root":12.24,"disk_read_sec":7282285,"disk_write_sec":5673298,"disk_iops_sec":192,"io_wait":0,"open_files":0,"os_bytes_in_sec":35325,"os_bytes_out_sec":2576,"total_procs":887},"count":2},{"date":1637679840,"epoch_div":13647332,"totals":{"load_avg":5.66015625,"cpu_usage":200,"mem_used":17052598272,"mem_free":13332885504,"tcp_conns":156,"disk_usage_root":12.24,"disk_read_sec":259791,"disk_write_sec":151337,"disk_iops_sec":46,"io_wait":0,"open_files":0,"os_bytes_in_sec":432,"os_bytes_out_sec":723,"total_procs":874},"count":2},{"date":1637679960,"epoch_div":13647333,"totals":{"load_avg":3.1279296875,"cpu_usage":100,"mem_used":8517996544,"mem_free":6667964416,"tcp_conns":78,"disk_usage_root":6.12,"disk_read_sec":1745,"disk_write_sec":67147,"disk_iops_sec":12,"io_wait":0,"open_files":0,"os_bytes_in_sec":124,"os_bytes_out_sec":129,"total_procs":436},"count":1},{"date":1637682840,"epoch_div":13647357,"totals":{"load_avg":6.18798828125,"cpu_usage":200,"mem_used":17070870528,"mem_free":13355216896,"tcp_conns":165,"disk_usage_root":12.24,"disk_read_sec":112855,"disk_write_sec":313814,"disk_iops_sec":58,"io_wait":0,"open_files":0,"os_bytes_in_sec":956,"os_bytes_out_sec":1653,"total_procs":876},"count":2},{"date":1637682960,"epoch_div":13647358,"totals":{"load_avg":5.2958984375,"cpu_usage":200,"mem_used":17046298624,"mem_free":13341937664,"tcp_conns":157,"disk_usage_root":12.24,"disk_read_sec":342900,"disk_write_sec":511651,"disk_iops_sec":40,"io_wait":0,"open_files":0,"os_bytes_in_sec":4254,"os_bytes_out_sec":8592,"total_procs":872},"count":2},{"date":1637683080,"epoch_div":13647359,"totals":{"load_avg":4.97021484375,"cpu_usage":200,"mem_used":17090056192,"mem_free":13260890112,"tcp_conns":161,"disk_usage_root":12.24,"disk_read_sec":6006,"disk_write_sec":132573,"disk_iops_sec":25,"io_wait":0,"open_files":0,"os_bytes_in_sec":1449,"os_bytes_out_sec":746,"total_procs":872},"count":2},{"date":1637683200,"epoch_div":13647360,"totals":{"load_avg":6.79541015625,"cpu_usage":200,"mem_used":17129930752,"mem_free":13253746688,"tcp_conns":163,"disk_usage_root":12.24,"disk_read_sec":46898,"disk_write_sec":176400,"disk_iops_sec":39,"io_wait":0,"open_files":0,"os_bytes_in_sec":486,"os_bytes_out_sec":509,"total_procs":874},"count":2},{"date":1637683320,"epoch_div":13647361,"totals":{"load_avg":5.1279296875,"cpu_usage":200,"mem_used":16885227520,"mem_free":13243817984,"tcp_conns":167,"disk_usage_root":12.24,"disk_read_sec":3585501,"disk_write_sec":1556001,"disk_iops_sec":140,"io_wait":0,"open_files":0,"os_bytes_in_sec":1380,"os_bytes_out_sec":1631,"total_procs":876},"count":2},{"date":1637683440,"epoch_div":13647362,"totals":{"load_avg":5.25830078125,"cpu_usage":200,"mem_used":16885813248,"mem_free":13168402432,"tcp_conns":165,"disk_usage_root":12.24,"disk_read_sec":1617032,"disk_write_sec":612624,"disk_iops_sec":116,"io_wait":0,"open_files":0,"os_bytes_in_sec":2710,"os_bytes_out_sec":1884,"total_procs":874},"count":2},{"date":1637683560,"epoch_div":13647363,"totals":{"load_avg":5.4677734375,"cpu_usage":200,"mem_used":17142259712,"mem_free":13158440960,"tcp_conns":152,"disk_usage_root":12.24,"disk_read_sec":356028,"disk_write_sec":344380,"disk_iops_sec":93,"io_wait":0,"open_files":0,"os_bytes_in_sec":1082,"os_bytes_out_sec":1264,"total_procs":872},"count":2},{"date":1637683680,"epoch_div":13647364,"totals":{"load_avg":5.0703125,"cpu_usage":200,"mem_used":17137938432,"mem_free":13123063808,"tcp_conns":146,"disk_usage_root":12.24,"disk_read_sec":36181,"disk_write_sec":128688,"disk_iops_sec":24,"io_wait":0,"open_files":0,"os_bytes_in_sec":352,"os_bytes_out_sec":340,"total_procs":869},"count":2},{"date":1637683800,"epoch_div":13647365,"totals":{"load_avg":6.45654296875,"cpu_usage":200,"mem_used":17120120832,"mem_free":13154541568,"tcp_conns":148,"disk_usage_root":12.24,"disk_read_sec":384887,"disk_write_sec":212582,"disk_iops_sec":71,"io_wait":0,"open_files":0,"os_bytes_in_sec":733,"os_bytes_out_sec":933,"total_procs":874},"count":2},{"date":1637683920,"epoch_div":13647366,"totals":{"load_avg":6.99609375,"cpu_usage":200,"mem_used":17085562880,"mem_free":13166620672,"tcp_conns":147,"disk_usage_root":12.24,"disk_read_sec":320101,"disk_write_sec":184115,"disk_iops_sec":59,"io_wait":0,"open_files":0,"os_bytes_in_sec":625,"os_bytes_out_sec":674,"total_procs":872},"count":2},{"date":1637684040,"epoch_div":13647367,"totals":{"load_avg":5.83203125,"cpu_usage":200,"mem_used":17024819200,"mem_free":13314404352,"tcp_conns":175,"disk_usage_root":12.24,"disk_read_sec":2819072,"disk_write_sec":809232,"disk_iops_sec":212,"io_wait":0,"open_files":0,"os_bytes_in_sec":208516,"os_bytes_out_sec":14987,"total_procs":878},"count":2},{"date":1637684160,"epoch_div":13647368,"totals":{"load_avg":5.91748046875,"cpu_usage":200,"mem_used":16389632000,"mem_free":13695221760,"tcp_conns":214,"disk_usage_root":12.24,"disk_read_sec":2034687,"disk_write_sec":1074448,"disk_iops_sec":213,"io_wait":0,"open_files":0,"os_bytes_in_sec":460745,"os_bytes_out_sec":21908,"total_procs":875},"count":2},{"date":1637684280,"epoch_div":13647369,"totals":{"load_avg":5.51953125,"cpu_usage":200,"mem_used":16425074688,"mem_free":13700071424,"tcp_conns":226,"disk_usage_root":12.24,"disk_read_sec":1442815,"disk_write_sec":257842,"disk_iops_sec":93,"io_wait":0,"open_files":0,"os_bytes_in_sec":25563,"os_bytes_out_sec":4397,"total_procs":875},"count":2},{"date":1637684400,"epoch_div":13647370,"totals":{"load_avg":6.0078125,"cpu_usage":200,"mem_used":16698191872,"mem_free":13505638400,"tcp_conns":407,"disk_usage_root":12.24,"disk_read_sec":7485780,"disk_write_sec":7208617,"disk_iops_sec":766,"io_wait":0,"open_files":0,"os_bytes_in_sec":137383,"os_bytes_out_sec":114577,"total_procs":894},"count":2},{"date":1637684520,"epoch_div":13647371,"totals":{"load_avg":5.6416015625,"cpu_usage":200,"mem_used":16946450432,"mem_free":13344256000,"tcp_conns":337,"disk_usage_root":12.24,"disk_read_sec":3134111,"disk_write_sec":718568,"disk_iops_sec":260,"io_wait":0,"open_files":0,"os_bytes_in_sec":29707,"os_bytes_out_sec":26412,"total_procs":886},"count":2},{"date":1637684640,"epoch_div":13647372,"totals":{"load_avg":4.783203125,"cpu_usage":200,"mem_used":16997359616,"mem_free":13577691136,"tcp_conns":280,"disk_usage_root":12.24,"disk_read_sec":3138833,"disk_write_sec":1303619,"disk_iops_sec":311,"io_wait":0,"open_files":0,"os_bytes_in_sec":23311,"os_bytes_out_sec":24323,"total_procs":903},"count":2},{"date":1637684760,"epoch_div":13647373,"totals":{"load_avg":4.68603515625,"cpu_usage":200,"mem_used":16716496896,"mem_free":13718482944,"tcp_conns":252,"disk_usage_root":12.24,"disk_read_sec":3094459,"disk_write_sec":4277725,"disk_iops_sec":364,"io_wait":0,"open_files":0,"os_bytes_in_sec":41513,"os_bytes_out_sec":42716,"total_procs":900},"count":2},{"date":1637684880,"epoch_div":13647374,"totals":{"load_avg":5.69775390625,"cpu_usage":200,"mem_used":16952373248,"mem_free":13599281152,"tcp_conns":246,"disk_usage_root":12.24,"disk_read_sec":1854734,"disk_write_sec":880888,"disk_iops_sec":210,"io_wait":0,"open_files":0,"os_bytes_in_sec":41612,"os_bytes_out_sec":17645,"total_procs":890},"count":2},{"date":1637685000,"epoch_div":13647375,"totals":{"load_avg":4.748046875,"cpu_usage":200,"mem_used":16123146240,"mem_free":14090031104,"tcp_conns":271,"disk_usage_root":12.24,"disk_read_sec":1639949,"disk_write_sec":614854,"disk_iops_sec":187,"io_wait":0,"open_files":0,"os_bytes_in_sec":13820,"os_bytes_out_sec":19493,"total_procs":889},"count":2},{"date":1637685120,"epoch_div":13647376,"totals":{"load_avg":6.73388671875,"cpu_usage":200,"mem_used":15730794496,"mem_free":14199951360,"tcp_conns":269,"disk_usage_root":12.24,"disk_read_sec":1462681,"disk_write_sec":656452,"disk_iops_sec":137,"io_wait":0,"open_files":0,"os_bytes_in_sec":173202,"os_bytes_out_sec":26951,"total_procs":878},"count":2},{"date":1637685240,"epoch_div":13647377,"totals":{"load_avg":6.03515625,"cpu_usage":200,"mem_used":16656248832,"mem_free":13434216448,"tcp_conns":235,"disk_usage_root":12.24,"disk_read_sec":823500,"disk_write_sec":996897,"disk_iops_sec":149,"io_wait":0,"open_files":0,"os_bytes_in_sec":94912,"os_bytes_out_sec":14968,"total_procs":879},"count":2},{"date":1637685360,"epoch_div":13647378,"totals":{"load_avg":6.74609375,"cpu_usage":200,"mem_used":16976908288,"mem_free":13265584128,"tcp_conns":212,"disk_usage_root":12.24,"disk_read_sec":1540686,"disk_write_sec":1613694,"disk_iops_sec":157,"io_wait":0,"open_files":0,"os_bytes_in_sec":193647,"os_bytes_out_sec":12917,"total_procs":878},"count":2},{"date":1637685480,"epoch_div":13647379,"totals":{"load_avg":6.76220703125,"cpu_usage":200,"mem_used":17083072512,"mem_free":13452996608,"tcp_conns":195,"disk_usage_root":12.24,"disk_read_sec":10969048,"disk_write_sec":837990,"disk_iops_sec":721,"io_wait":0,"open_files":0,"os_bytes_in_sec":231108,"os_bytes_out_sec":28995,"total_procs":886},"count":2},{"date":1637685600,"epoch_div":13647380,"totals":{"load_avg":5.8037109375,"cpu_usage":200,"mem_used":16996364288,"mem_free":13372084224,"tcp_conns":165,"disk_usage_root":12.24,"disk_read_sec":348637,"disk_write_sec":435950,"disk_iops_sec":86,"io_wait":0,"open_files":0,"os_bytes_in_sec":83448,"os_bytes_out_sec":16629,"total_procs":875},"count":2},{"date":1637685720,"epoch_div":13647381,"totals":{"load_avg":5.23095703125,"cpu_usage":200,"mem_used":17004646400,"mem_free":13309624320,"tcp_conns":162,"disk_usage_root":12.24,"disk_read_sec":216336,"disk_write_sec":408166,"disk_iops_sec":72,"io_wait":0,"open_files":0,"os_bytes_in_sec":119095,"os_bytes_out_sec":8912,"total_procs":876},"count":2},{"date":1637685840,"epoch_div":13647382,"totals":{"load_avg":5.2421875,"cpu_usage":200,"mem_used":17110634496,"mem_free":13223198720,"tcp_conns":160,"disk_usage_root":12.24,"disk_read_sec":2500607,"disk_write_sec":339148,"disk_iops_sec":411,"io_wait":0,"open_files":0,"os_bytes_in_sec":101091,"os_bytes_out_sec":4610,"total_procs":876},"count":2},{"date":1637685960,"epoch_div":13647383,"totals":{"load_avg":5.740234375,"cpu_usage":200,"mem_used":17079689216,"mem_free":13424168960,"tcp_conns":163,"disk_usage_root":12.24,"disk_read_sec":304400,"disk_write_sec":809642,"disk_iops_sec":124,"io_wait":0,"open_files":0,"os_bytes_in_sec":108788,"os_bytes_out_sec":21668,"total_procs":880},"count":2},{"date":1637686080,"epoch_div":13647384,"totals":{"load_avg":6.0390625,"cpu_usage":200,"mem_used":17069060096,"mem_free":13378011136,"tcp_conns":164,"disk_usage_root":12.24,"disk_read_sec":143086,"disk_write_sec":446873,"disk_iops_sec":75,"io_wait":0,"open_files":0,"os_bytes_in_sec":77336,"os_bytes_out_sec":21415,"total_procs":876},"count":2},{"date":1637686200,"epoch_div":13647385,"totals":{"load_avg":6.35498046875,"cpu_usage":200,"mem_used":17048350720,"mem_free":13309657088,"tcp_conns":156,"disk_usage_root":12.24,"disk_read_sec":1321095,"disk_write_sec":205277,"disk_iops_sec":92,"io_wait":0,"open_files":0,"os_bytes_in_sec":1725,"os_bytes_out_sec":1146,"total_procs":876},"count":2},{"date":1637686320,"epoch_div":13647386,"totals":{"load_avg":5.47705078125,"cpu_usage":200,"mem_used":17055268864,"mem_free":13449314304,"tcp_conns":160,"disk_usage_root":12.24,"disk_read_sec":275182,"disk_write_sec":312933,"disk_iops_sec":71,"io_wait":0,"open_files":0,"os_bytes_in_sec":96030,"os_bytes_out_sec":6819,"total_procs":877},"count":2},{"date":1637686440,"epoch_div":13647387,"totals":{"load_avg":5.35009765625,"cpu_usage":200,"mem_used":17011875840,"mem_free":13309554688,"tcp_conns":158,"disk_usage_root":12.24,"disk_read_sec":77549,"disk_write_sec":302348,"disk_iops_sec":54,"io_wait":0,"open_files":0,"os_bytes_in_sec":71275,"os_bytes_out_sec":3603,"total_procs":874},"count":2},{"date":1637686560,"epoch_div":13647388,"totals":{"load_avg":5.7900390625,"cpu_usage":200,"mem_used":17045925888,"mem_free":13284646912,"tcp_conns":151,"disk_usage_root":12.24,"disk_read_sec":24211,"disk_write_sec":605084,"disk_iops_sec":41,"io_wait":0,"open_files":0,"os_bytes_in_sec":67208,"os_bytes_out_sec":3822,"total_procs":876},"count":2},{"date":1637686680,"epoch_div":13647389,"totals":{"load_avg":6.396484375,"cpu_usage":200,"mem_used":17026912256,"mem_free":13205979136,"tcp_conns":150,"disk_usage_root":12.24,"disk_read_sec":47035,"disk_write_sec":237840,"disk_iops_sec":32,"io_wait":0,"open_files":0,"os_bytes_in_sec":48331,"os_bytes_out_sec":2303,"total_procs":875},"count":2},{"date":1637686800,"epoch_div":13647390,"totals":{"load_avg":6.69482421875,"cpu_usage":200,"mem_used":17107689472,"mem_free":13410529280,"tcp_conns":155,"disk_usage_root":12.24,"disk_read_sec":264259,"disk_write_sec":1117934,"disk_iops_sec":103,"io_wait":0,"open_files":0,"os_bytes_in_sec":23548,"os_bytes_out_sec":5912,"total_procs":878},"count":2},{"date":1637686920,"epoch_div":13647391,"totals":{"load_avg":6.84130859375,"cpu_usage":200,"mem_used":17060294656,"mem_free":13257887744,"tcp_conns":155,"disk_usage_root":12.24,"disk_read_sec":1133704,"disk_write_sec":472268,"disk_iops_sec":173,"io_wait":0,"open_files":0,"os_bytes_in_sec":10263,"os_bytes_out_sec":5438,"total_procs":880},"count":2},{"date":1637687040,"epoch_div":13647392,"totals":{"load_avg":5.71728515625,"cpu_usage":200,"mem_used":17091059712,"mem_free":13327192064,"tcp_conns":154,"disk_usage_root":12.24,"disk_read_sec":553983,"disk_write_sec":548385,"disk_iops_sec":75,"io_wait":0,"open_files":0,"os_bytes_in_sec":6180,"os_bytes_out_sec":6851,"total_procs":877},"count":2},{"date":1637687160,"epoch_div":13647393,"totals":{"load_avg":5.7705078125,"cpu_usage":200,"mem_used":17067569152,"mem_free":13231890432,"tcp_conns":151,"disk_usage_root":12.24,"disk_read_sec":99327,"disk_write_sec":161996,"disk_iops_sec":39,"io_wait":0,"open_files":0,"os_bytes_in_sec":513,"os_bytes_out_sec":584,"total_procs":875},"count":2},{"date":1637687280,"epoch_div":13647394,"totals":{"load_avg":4.748046875,"cpu_usage":200,"mem_used":17064792064,"mem_free":13214306304,"tcp_conns":150,"disk_usage_root":12.24,"disk_read_sec":58185,"disk_write_sec":134850,"disk_iops_sec":24,"io_wait":0,"open_files":0,"os_bytes_in_sec":347,"os_bytes_out_sec":329,"total_procs":873},"count":2},{"date":1637687400,"epoch_div":13647395,"totals":{"load_avg":5.6630859375,"cpu_usage":200,"mem_used":17132732416,"mem_free":13216616448,"tcp_conns":152,"disk_usage_root":12.24,"disk_read_sec":399018,"disk_write_sec":219681,"disk_iops_sec":76,"io_wait":0,"open_files":0,"os_bytes_in_sec":1043,"os_bytes_out_sec":895,"total_procs":875},"count":2},{"date":1637687520,"epoch_div":13647396,"totals":{"load_avg":7.17822265625,"cpu_usage":200,"mem_used":17090265088,"mem_free":13208195072,"tcp_conns":150,"disk_usage_root":12.24,"disk_read_sec":287948,"disk_write_sec":141721,"disk_iops_sec":52,"io_wait":0,"open_files":0,"os_bytes_in_sec":972,"os_bytes_out_sec":872,"total_procs":873},"count":2},{"date":1637687640,"epoch_div":13647397,"totals":{"load_avg":5.20556640625,"cpu_usage":200,"mem_used":17089216512,"mem_free":13202038784,"tcp_conns":148,"disk_usage_root":12.24,"disk_read_sec":91749,"disk_write_sec":150868,"disk_iops_sec":30,"io_wait":0,"open_files":0,"os_bytes_in_sec":408,"os_bytes_out_sec":334,"total_procs":874},"count":2},{"date":1637687760,"epoch_div":13647398,"totals":{"load_avg":5.18115234375,"cpu_usage":200,"mem_used":17115992064,"mem_free":13210497024,"tcp_conns":147,"disk_usage_root":12.24,"disk_read_sec":11263,"disk_write_sec":142676,"disk_iops_sec":26,"io_wait":0,"open_files":0,"os_bytes_in_sec":449,"os_bytes_out_sec":598,"total_procs":878},"count":2},{"date":1637687880,"epoch_div":13647399,"totals":{"load_avg":6.06640625,"cpu_usage":200,"mem_used":17124454400,"mem_free":13177356288,"tcp_conns":146,"disk_usage_root":12.24,"disk_read_sec":44100,"disk_write_sec":205073,"disk_iops_sec":39,"io_wait":0,"open_files":0,"os_bytes_in_sec":832,"os_bytes_out_sec":743,"total_procs":878},"count":2},{"date":1637688000,"epoch_div":13647400,"totals":{"load_avg":6.87060546875,"cpu_usage":200,"mem_used":17026904064,"mem_free":13227577344,"tcp_conns":185,"disk_usage_root":12.24,"disk_read_sec":4955545,"disk_write_sec":1005567,"disk_iops_sec":372,"io_wait":0,"open_files":0,"os_bytes_in_sec":173135,"os_bytes_out_sec":16104,"total_procs":884},"count":2},{"date":1637688120,"epoch_div":13647401,"totals":{"load_avg":5.37939453125,"cpu_usage":200,"mem_used":16782270464,"mem_free":13436895232,"tcp_conns":211,"disk_usage_root":12.24,"disk_read_sec":1760255,"disk_write_sec":384204,"disk_iops_sec":138,"io_wait":0,"open_files":0,"os_bytes_in_sec":17700,"os_bytes_out_sec":4219,"total_procs":886},"count":2},{"date":1637688240,"epoch_div":13647402,"totals":{"load_avg":5.8515625,"cpu_usage":200,"mem_used":16991825920,"mem_free":13265539072,"tcp_conns":204,"disk_usage_root":12.24,"disk_read_sec":1370043,"disk_write_sec":232583,"disk_iops_sec":85,"io_wait":0,"open_files":0,"os_bytes_in_sec":9066,"os_bytes_out_sec":2248,"total_procs":887},"count":2},{"date":1637688360,"epoch_div":13647403,"totals":{"load_avg":8.18505859375,"cpu_usage":200,"mem_used":16905891840,"mem_free":13366431744,"tcp_conns":202,"disk_usage_root":12.24,"disk_read_sec":3015474,"disk_write_sec":784656,"disk_iops_sec":207,"io_wait":0,"open_files":0,"os_bytes_in_sec":58118,"os_bytes_out_sec":8304,"total_procs":887},"count":2},{"date":1637688480,"epoch_div":13647404,"totals":{"load_avg":6.2294921875,"cpu_usage":200,"mem_used":16924524544,"mem_free":13425623040,"tcp_conns":174,"disk_usage_root":12.24,"disk_read_sec":2106162,"disk_write_sec":397311,"disk_iops_sec":176,"io_wait":0,"open_files":0,"os_bytes_in_sec":6353,"os_bytes_out_sec":3860,"total_procs":885},"count":2},{"date":1637688600,"epoch_div":13647405,"totals":{"load_avg":4.72021484375,"cpu_usage":200,"mem_used":16890036224,"mem_free":13449048064,"tcp_conns":175,"disk_usage_root":12.24,"disk_read_sec":4456157,"disk_write_sec":442865,"disk_iops_sec":265,"io_wait":0,"open_files":0,"os_bytes_in_sec":36667,"os_bytes_out_sec":4998,"total_procs":891},"count":2},{"date":1637688720,"epoch_div":13647406,"totals":{"load_avg":6.232421875,"cpu_usage":200,"mem_used":16716128256,"mem_free":13538406400,"tcp_conns":177,"disk_usage_root":12.24,"disk_read_sec":3537032,"disk_write_sec":470425,"disk_iops_sec":215,"io_wait":0,"open_files":0,"os_bytes_in_sec":57096,"os_bytes_out_sec":10686,"total_procs":893},"count":2},{"date":1637688840,"epoch_div":13647407,"totals":{"load_avg":5.787109375,"cpu_usage":200,"mem_used":16908926976,"mem_free":13524324352,"tcp_conns":186,"disk_usage_root":12.24,"disk_read_sec":78984,"disk_write_sec":461345,"disk_iops_sec":36,"io_wait":0,"open_files":0,"os_bytes_in_sec":1038,"os_bytes_out_sec":1057,"total_procs":884},"count":2},{"date":1637688960,"epoch_div":13647408,"totals":{"load_avg":5.1083984375,"cpu_usage":200,"mem_used":16977571840,"mem_free":13385129984,"tcp_conns":180,"disk_usage_root":12.24,"disk_read_sec":308837,"disk_write_sec":1207704,"disk_iops_sec":39,"io_wait":0,"open_files":0,"os_bytes_in_sec":1022,"os_bytes_out_sec":462,"total_procs":884},"count":2},{"date":1637689080,"epoch_div":13647409,"totals":{"load_avg":6.07373046875,"cpu_usage":200,"mem_used":16289595392,"mem_free":13463408640,"tcp_conns":302,"disk_usage_root":12.24,"disk_read_sec":4916687,"disk_write_sec":7448416,"disk_iops_sec":393,"io_wait":0,"open_files":0,"os_bytes_in_sec":591842,"os_bytes_out_sec":39719,"total_procs":898},"count":2},{"date":1637689200,"epoch_div":13647410,"totals":{"load_avg":4.18603515625,"cpu_usage":200,"mem_used":16183152640,"mem_free":13438590976,"tcp_conns":273,"disk_usage_root":12.24,"disk_read_sec":60699,"disk_write_sec":238702,"disk_iops_sec":45,"io_wait":0,"open_files":0,"os_bytes_in_sec":1108,"os_bytes_out_sec":1214,"total_procs":889},"count":2},{"date":1637689320,"epoch_div":13647411,"totals":{"load_avg":5.27392578125,"cpu_usage":200,"mem_used":16226848768,"mem_free":13401427968,"tcp_conns":232,"disk_usage_root":12.24,"disk_read_sec":169027,"disk_write_sec":224665,"disk_iops_sec":55,"io_wait":0,"open_files":0,"os_bytes_in_sec":1131,"os_bytes_out_sec":1426,"total_procs":887},"count":2},{"date":1637689440,"epoch_div":13647412,"totals":{"load_avg":5.55810546875,"cpu_usage":200,"mem_used":16300347392,"mem_free":13322747904,"tcp_conns":186,"disk_usage_root":12.24,"disk_read_sec":136127,"disk_write_sec":182911,"disk_iops_sec":36,"io_wait":0,"open_files":0,"os_bytes_in_sec":679,"os_bytes_out_sec":883,"total_procs":882},"count":2},{"date":1637689560,"epoch_div":13647413,"totals":{"load_avg":4.94189453125,"cpu_usage":200,"mem_used":16333828096,"mem_free":13298724864,"tcp_conns":157,"disk_usage_root":12.24,"disk_read_sec":57343,"disk_write_sec":360925,"disk_iops_sec":45,"io_wait":0,"open_files":0,"os_bytes_in_sec":573,"os_bytes_out_sec":454,"total_procs":884},"count":2},{"date":1637689680,"epoch_div":13647414,"totals":{"load_avg":2.27490234375,"cpu_usage":100,"mem_used":8170475520,"mem_free":6646751232,"tcp_conns":74,"disk_usage_root":6.12,"disk_read_sec":10717,"disk_write_sec":63078,"disk_iops_sec":11,"io_wait":0,"open_files":0,"os_bytes_in_sec":283,"os_bytes_out_sec":742,"total_procs":441},"count":1},{"date":1637689920,"epoch_div":13647416,"totals":{"load_avg":2.26416015625,"cpu_usage":100,"mem_used":8556953600,"mem_free":6801612800,"tcp_conns":74,"disk_usage_root":6.12,"disk_read_sec":136266,"disk_write_sec":30907,"disk_iops_sec":10,"io_wait":0,"open_files":0,"os_bytes_in_sec":674,"os_bytes_out_sec":1350,"total_procs":441},"count":1},{"date":1637690040,"epoch_div":13647417,"totals":{"load_avg":7.19482421875,"cpu_usage":200,"mem_used":16457621504,"mem_free":13123768320,"tcp_conns":199,"disk_usage_root":12.24,"disk_read_sec":9031271,"disk_write_sec":17252205,"disk_iops_sec":642,"io_wait":0,"open_files":0,"os_bytes_in_sec":289324,"os_bytes_out_sec":91301,"total_procs":908},"count":2}]}