{"type":"list_page","items":[{"groups":{"main":{"totals":{"load_avg":2.95654296875,"cpu_usage":100,"mem_used":8543776768,"mem_free":6497329152,"tcp_conns":57,"disk_usage_root":6.12,"disk_read_sec":274295,"disk_write_sec":77277,"disk_iops_sec":38,"io_wait":0,"open_files":0,"os_bytes_in_sec":320,"os_bytes_out_sec":387,"total_procs":422},"count":1}},"date":1637099700,"epoch_div":27284995},{"groups":{"main":{"totals":{"load_avg":2.95849609375,"cpu_usage":100,"mem_used":8571895808,"mem_free":6489096192,"tcp_conns":60,"disk_usage_root":6.12,"disk_read_sec":278326,"disk_write_sec":94409,"disk_iops_sec":23,"io_wait":0,"open_files":0,"os_bytes_in_sec":427,"os_bytes_out_sec":554,"total_procs":424},"count":1}},"date":1637099760,"epoch_div":27284996},{"groups":{"main":{"totals":{"load_avg":3.33154296875,"cpu_usage":100,"mem_used":8570544128,"mem_free":6511636480,"tcp_conns":64,"disk_usage_root":6.12,"disk_read_sec":193345,"disk_write_sec":109411,"disk_iops_sec":26,"io_wait":0,"open_files":0,"os_bytes_in_sec":1391,"os_bytes_out_sec":856,"total_procs":423},"count":1}},"date":1637099820,"epoch_div":27284997},{"groups":{"main":{"totals":{"load_avg":2.78955078125,"cpu_usage":100,"mem_used":8571015168,"mem_free":6504628224,"tcp_conns":65,"disk_usage_root":6.12,"disk_read_sec":35771,"disk_write_sec":84787,"disk_iops_sec":19,"io_wait":0,"open_files":0,"os_bytes_in_sec":344,"os_bytes_out_sec":311,"total_procs":425},"count":1}},"date":1637099880,"epoch_div":27284998},{"groups":{"main":{"totals":{"load_avg":2.302734375,"cpu_usage":100,"mem_used":8568475648,"mem_free":6531751936,"tcp_conns":66,"disk_usage_root":6.12,"disk_read_sec":478003,"disk_write_sec":99532,"disk_iops_sec":48,"io_wait":0,"open_files":0,"os_bytes_in_sec":745,"os_bytes_out_sec":590,"total_procs":424},"count":1}},"date":1637099940,"epoch_div":27284999},{"groups":{"main":{"totals":{"load_avg":1.970703125,"cpu_usage":100,"mem_used":8570998784,"mem_free":6544777216,"tcp_conns":66,"disk_usage_root":6.12,"disk_read_sec":268590,"disk_write_sec":84740,"disk_iops_sec":25,"io_wait":0,"open_files":0,"os_bytes_in_sec":422,"os_bytes_out_sec":438,"total_procs":426},"count":1}},"date":1637100000,"epoch_div":27285000},{"groups":{"main":{"totals":{"load_avg":2.15380859375,"cpu_usage":100,"mem_used":8570376192,"mem_free":6566346752,"tcp_conns":66,"disk_usage_root":6.12,"disk_read_sec":68174,"disk_write_sec":89834,"disk_iops_sec":16,"io_wait":0,"open_files":0,"os_bytes_in_sec":324,"os_bytes_out_sec":407,"total_procs":424},"count":1}},"date":1637100060,"epoch_div":27285001},{"groups":{"main":{"totals":{"load_avg":3.0263671875,"cpu_usage":100,"mem_used":8550821888,"mem_free":6629302272,"tcp_conns":59,"disk_usage_root":6.12,"disk_read_sec":297710,"disk_write_sec":124040,"disk_iops_sec":39,"io_wait":0,"open_files":0,"os_bytes_in_sec":304,"os_bytes_out_sec":526,"total_procs":426},"count":1}},"date":1637100120,"epoch_div":27285002},{"groups":{"main":{"totals":{"load_avg":2.322265625,"cpu_usage":100,"mem_used":8566767616,"mem_free":6599585792,"tcp_conns":60,"disk_usage_root":6.12,"disk_read_sec":54135,"disk_write_sec":98099,"disk_iops_sec":19,"io_wait":0,"open_files":0,"os_bytes_in_sec":316,"os_bytes_out_sec":372,"total_procs":425},"count":1}},"date":1637100180,"epoch_div":27285003},{"groups":{"main":{"totals":{"load_avg":2.70263671875,"cpu_usage":100,"mem_used":8550752256,"mem_free":6652047360,"tcp_conns":63,"disk_usage_root":6.12,"disk_read_sec":263236,"disk_write_sec":196198,"disk_iops_sec":46,"io_wait":0,"open_files":0,"os_bytes_in_sec":3027,"os_bytes_out_sec":1632,"total_procs":427},"count":1}},"date":1637100240,"epoch_div":27285004},{"groups":{"main":{"totals":{"load_avg":3.29248046875,"cpu_usage":100,"mem_used":8548786176,"mem_free":6841233408,"tcp_conns":68,"disk_usage_root":6.12,"disk_read_sec":5182600,"disk_write_sec":407620,"disk_iops_sec":274,"io_wait":0,"open_files":0,"os_bytes_in_sec":25797,"os_bytes_out_sec":6157,"total_procs":430},"count":1}},"date":1637100300,"epoch_div":27285005},{"groups":{"main":{"totals":{"load_avg":3.30224609375,"cpu_usage":100,"mem_used":8463966208,"mem_free":6822572032,"tcp_conns":106,"disk_usage_root":6.12,"disk_read_sec":4886664,"disk_write_sec":381747,"disk_iops_sec":223,"io_wait":0,"open_files":0,"os_bytes_in_sec":60870,"os_bytes_out_sec":12446,"total_procs":435},"count":1}},"date":1637100360,"epoch_div":27285006},{"groups":{"main":{"totals":{"load_avg":2.7998046875,"cpu_usage":100,"mem_used":8517582848,"mem_free":6781616128,"tcp_conns":93,"disk_usage_root":6.12,"disk_read_sec":2906180,"disk_write_sec":248217,"disk_iops_sec":153,"io_wait":0,"open_files":0,"os_bytes_in_sec":4824,"os_bytes_out_sec":3129,"total_procs":431},"count":1}},"date":1637100420,"epoch_div":27285007},{"groups":{"main":{"totals":{"load_avg":2.82177734375,"cpu_usage":100,"mem_used":8128159744,"mem_free":6628204544,"tcp_conns":179,"disk_usage_root":6.12,"disk_read_sec":4250707,"disk_write_sec":10008005,"disk_iops_sec":230,"io_wait":0,"open_files":0,"os_bytes_in_sec":72870,"os_bytes_out_sec":23318,"total_procs":429},"count":1}},"date":1637100480,"epoch_div":27285008},{"groups":{"main":{"totals":{"load_avg":4.62109375,"cpu_usage":100,"mem_used":8566214656,"mem_free":6336663552,"tcp_conns":210,"disk_usage_root":6.12,"disk_read_sec":2806593,"disk_write_sec":804273,"disk_iops_sec":158,"io_wait":0,"open_files":0,"os_bytes_in_sec":19638,"os_bytes_out_sec":27891,"total_procs":428},"count":1}},"date":1637100540,"epoch_div":27285009},{"groups":{"main":{"totals":{"load_avg":3.12548828125,"cpu_usage":100,"mem_used":8570490880,"mem_free":6408339456,"tcp_conns":162,"disk_usage_root":6.12,"disk_read_sec":599859,"disk_write_sec":186368,"disk_iops_sec":45,"io_wait":0,"open_files":0,"os_bytes_in_sec":2609,"os_bytes_out_sec":2097,"total_procs":430},"count":1}},"date":1637100600,"epoch_div":27285010},{"groups":{"main":{"totals":{"load_avg":2.4765625,"cpu_usage":100,"mem_used":8554934272,"mem_free":6332776448,"tcp_conns":163,"disk_usage_root":6.12,"disk_read_sec":2983594,"disk_write_sec":4297864,"disk_iops_sec":150,"io_wait":0,"open_files":0,"os_bytes_in_sec":26754,"os_bytes_out_sec":4993,"total_procs":435},"count":1}},"date":1637100660,"epoch_div":27285011},{"groups":{"main":{"totals":{"load_avg":1.9775390625,"cpu_usage":100,"mem_used":8566861824,"mem_free":6427762688,"tcp_conns":143,"disk_usage_root":6.12,"disk_read_sec":794487,"disk_write_sec":146978,"disk_iops_sec":40,"io_wait":0,"open_files":0,"os_bytes_in_sec":591,"os_bytes_out_sec":991,"total_procs":431},"count":1}},"date":1637100720,"epoch_div":27285012},{"groups":{"main":{"totals":{"load_avg":1.93603515625,"cpu_usage":100,"mem_used":8570658816,"mem_free":6656192512,"tcp_conns":139,"disk_usage_root":6.12,"disk_read_sec":3533141,"disk_write_sec":583884,"disk_iops_sec":91,"io_wait":0,"open_files":0,"os_bytes_in_sec":1990,"os_bytes_out_sec":2045,"total_procs":438},"count":1}},"date":1637100780,"epoch_div":27285013},{"groups":{"main":{"totals":{"load_avg":2.4140625,"cpu_usage":100,"mem_used":8562794496,"mem_free":6545002496,"tcp_conns":98,"disk_usage_root":6.12,"disk_read_sec":1018811,"disk_write_sec":201932,"disk_iops_sec":44,"io_wait":0,"open_files":0,"os_bytes_in_sec":782,"os_bytes_out_sec":1003,"total_procs":431},"count":1}},"date":1637100840,"epoch_div":27285014},{"groups":{"main":{"totals":{"load_avg":2.65771484375,"cpu_usage":100,"mem_used":8563363840,"mem_free":6643261440,"tcp_conns":79,"disk_usage_root":6.12,"disk_read_sec":475136,"disk_write_sec":126698,"disk_iops_sec":54,"io_wait":0,"open_files":0,"os_bytes_in_sec":826,"os_bytes_out_sec":920,"total_procs":432},"count":1}},"date":1637100900,"epoch_div":27285015},{"groups":{"main":{"totals":{"load_avg":2.849609375,"cpu_usage":100,"mem_used":8524582912,"mem_free":6588944384,"tcp_conns":79,"disk_usage_root":6.12,"disk_read_sec":382338,"disk_write_sec":162967,"disk_iops_sec":42,"io_wait":0,"open_files":0,"os_bytes_in_sec":982,"os_bytes_out_sec":1020,"total_procs":431},"count":1}},"date":1637100960,"epoch_div":27285016},{"groups":{"main":{"totals":{"load_avg":2.5126953125,"cpu_usage":100,"mem_used":8554512384,"mem_free":6627139584,"tcp_conns":75,"disk_usage_root":6.12,"disk_read_sec":570845,"disk_write_sec":138444,"disk_iops_sec":38,"io_wait":0,"open_files":0,"os_bytes_in_sec":429,"os_bytes_out_sec":624,"total_procs":433},"count":1}},"date":1637101020,"epoch_div":27285017},{"groups":{"main":{"totals":{"load_avg":1.98583984375,"cpu_usage":100,"mem_used":8561332224,"mem_free":6331191296,"tcp_conns":70,"disk_usage_root":6.12,"disk_read_sec":2988578,"disk_write_sec":7466871,"disk_iops_sec":159,"io_wait":0,"open_files":0,"os_bytes_in_sec":17507,"os_bytes_out_sec":4144,"total_procs":437},"count":1}},"date":1637101080,"epoch_div":27285018},{"groups":{"main":{"totals":{"load_avg":2.9951171875,"cpu_usage":100,"mem_used":8414707712,"mem_free":6428188672,"tcp_conns":98,"disk_usage_root":6.12,"disk_read_sec":4199150,"disk_write_sec":2345233,"disk_iops_sec":190,"io_wait":0,"open_files":0,"os_bytes_in_sec":33024,"os_bytes_out_sec":8980,"total_procs":436},"count":1}},"date":1637101140,"epoch_div":27285019},{"groups":{"main":{"totals":{"load_avg":3.16064453125,"cpu_usage":100,"mem_used":8567091200,"mem_free":6412095488,"tcp_conns":88,"disk_usage_root":6.12,"disk_read_sec":1256652,"disk_write_sec":236680,"disk_iops_sec":52,"io_wait":0,"open_files":0,"os_bytes_in_sec":2174,"os_bytes_out_sec":1651,"total_procs":433},"count":1}},"date":1637101200,"epoch_div":27285020},{"groups":{"main":{"totals":{"load_avg":2.48876953125,"cpu_usage":100,"mem_used":8524656640,"mem_free":6407651328,"tcp_conns":83,"disk_usage_root":6.12,"disk_read_sec":789367,"disk_write_sec":257843,"disk_iops_sec":47,"io_wait":0,"open_files":0,"os_bytes_in_sec":1343,"os_bytes_out_sec":1553,"total_procs":433},"count":1}},"date":1637101260,"epoch_div":27285021},{"groups":{"main":{"totals":{"load_avg":2.21533203125,"cpu_usage":100,"mem_used":8517005312,"mem_free":6319583232,"tcp_conns":80,"disk_usage_root":6.12,"disk_read_sec":996556,"disk_write_sec":3010082,"disk_iops_sec":57,"io_wait":0,"open_files":0,"os_bytes_in_sec":7816,"os_bytes_out_sec":1881,"total_procs":436},"count":1}},"date":1637101320,"epoch_div":27285022},{"groups":{"main":{"totals":{"load_avg":1.76953125,"cpu_usage":100,"mem_used":8558546944,"mem_free":6374739968,"tcp_conns":78,"disk_usage_root":6.12,"disk_read_sec":4637354,"disk_write_sec":4419310,"disk_iops_sec":136,"io_wait":0,"open_files":0,"os_bytes_in_sec":1563,"os_bytes_out_sec":1419,"total_procs":437},"count":1}},"date":1637101380,"epoch_div":27285023},{"groups":{"main":{"totals":{"load_avg":1.85791015625,"cpu_usage":100,"mem_used":8541581312,"mem_free":6337814528,"tcp_conns":71,"disk_usage_root":6.12,"disk_read_sec":753664,"disk_write_sec":892859,"disk_iops_sec":41,"io_wait":0,"open_files":0,"os_bytes_in_sec":487,"os_bytes_out_sec":800,"total_procs":436},"count":1}},"date":1637101440,"epoch_div":27285024},{"groups":{"main":{"totals":{"load_avg":2.22265625,"cpu_usage":100,"mem_used":8549507072,"mem_free":6341074944,"tcp_conns":71,"disk_usage_root":6.12,"disk_read_sec":1451212,"disk_write_sec":2296081,"disk_iops_sec":75,"io_wait":0,"open_files":0,"os_bytes_in_sec":1925,"os_bytes_out_sec":1464,"total_procs":436},"count":1}},"date":1637101500,"epoch_div":27285025},{"groups":{"main":{"totals":{"load_avg":2.04736328125,"cpu_usage":100,"mem_used":8547418112,"mem_free":6320492544,"tcp_conns":64,"disk_usage_root":6.12,"disk_read_sec":752025,"disk_write_sec":387481,"disk_iops_sec":32,"io_wait":0,"open_files":0,"os_bytes_in_sec":327,"os_bytes_out_sec":438,"total_procs":433},"count":1}},"date":1637101560,"epoch_div":27285026},{"groups":{"main":{"totals":{"load_avg":1.92138671875,"cpu_usage":100,"mem_used":8554725376,"mem_free":6286143488,"tcp_conns":67,"disk_usage_root":6.12,"disk_read_sec":781038,"disk_write_sec":1311129,"disk_iops_sec":44,"io_wait":0,"open_files":0,"os_bytes_in_sec":1290,"os_bytes_out_sec":1080,"total_procs":435},"count":1}},"date":1637101620,"epoch_div":27285027},{"groups":{"main":{"totals":{"load_avg":2.212890625,"cpu_usage":100,"mem_used":8553234432,"mem_free":6294863872,"tcp_conns":69,"disk_usage_root":6.12,"disk_read_sec":821384,"disk_write_sec":579106,"disk_iops_sec":46,"io_wait":0,"open_files":0,"os_bytes_in_sec":18765,"os_bytes_out_sec":1899,"total_procs":437},"count":1}},"date":1637101680,"epoch_div":27285028},{"groups":{"main":{"totals":{"load_avg":2.486328125,"cpu_usage":100,"mem_used":8533553152,"mem_free":6303920128,"tcp_conns":72,"disk_usage_root":6.12,"disk_read_sec":3515118,"disk_write_sec":4495496,"disk_iops_sec":81,"io_wait":0,"open_files":0,"os_bytes_in_sec":18867,"os_bytes_out_sec":2809,"total_procs":435},"count":1}},"date":1637101740,"epoch_div":27285029},{"groups":{"main":{"totals":{"load_avg":2.62939453125,"cpu_usage":100,"mem_used":8568901632,"mem_free":6294351872,"tcp_conns":66,"disk_usage_root":6.12,"disk_read_sec":263532,"disk_write_sec":120519,"disk_iops_sec":21,"io_wait":0,"open_files":0,"os_bytes_in_sec":673,"os_bytes_out_sec":926,"total_procs":434},"count":1}},"date":1637101800,"epoch_div":27285030},{"groups":{"main":{"totals":{"load_avg":3.056640625,"cpu_usage":100,"mem_used":8565788672,"mem_free":6287376384,"tcp_conns":68,"disk_usage_root":6.12,"disk_read_sec":869359,"disk_write_sec":1609795,"disk_iops_sec":38,"io_wait":0,"open_files":0,"os_bytes_in_sec":1057,"os_bytes_out_sec":1085,"total_procs":433},"count":1}},"date":1637101860,"epoch_div":27285031},{"groups":{"main":{"totals":{"load_avg":2.76708984375,"cpu_usage":100,"mem_used":8549187584,"mem_free":6330875904,"tcp_conns":70,"disk_usage_root":6.12,"disk_read_sec":1286075,"disk_write_sec":663620,"disk_iops_sec":47,"io_wait":0,"open_files":0,"os_bytes_in_sec":3954,"os_bytes_out_sec":1765,"total_procs":433},"count":1}},"date":1637101920,"epoch_div":27285032},{"groups":{"main":{"totals":{"load_avg":3.30322265625,"cpu_usage":100,"mem_used":8518725632,"mem_free":6330130432,"tcp_conns":64,"disk_usage_root":6.12,"disk_read_sec":1060864,"disk_write_sec":1346423,"disk_iops_sec":52,"io_wait":0,"open_files":0,"os_bytes_in_sec":5537,"os_bytes_out_sec":2110,"total_procs":434},"count":1}},"date":1637101980,"epoch_div":27285033},{"groups":{"main":{"totals":{"load_avg":2.42529296875,"cpu_usage":100,"mem_used":8551604224,"mem_free":6339399680,"tcp_conns":64,"disk_usage_root":6.12,"disk_read_sec":343381,"disk_write_sec":478617,"disk_iops_sec":36,"io_wait":0,"open_files":0,"os_bytes_in_sec":1749,"os_bytes_out_sec":2981,"total_procs":434},"count":1}},"date":1637102040,"epoch_div":27285034},{"groups":{"main":{"totals":{"load_avg":2.0859375,"cpu_usage":100,"mem_used":8159703040,"mem_free":6248247296,"tcp_conns":66,"disk_usage_root":6.12,"disk_read_sec":4358144,"disk_write_sec":8708369,"disk_iops_sec":220,"io_wait":0,"open_files":0,"os_bytes_in_sec":39861,"os_bytes_out_sec":3396,"total_procs":439},"count":1}},"date":1637102100,"epoch_div":27285035},{"groups":{"main":{"totals":{"load_avg":2.23388671875,"cpu_usage":100,"mem_used":8308920320,"mem_free":6218989568,"tcp_conns":65,"disk_usage_root":6.12,"disk_read_sec":1087283,"disk_write_sec":193399,"disk_iops_sec":33,"io_wait":0,"open_files":0,"os_bytes_in_sec":876,"os_bytes_out_sec":1003,"total_procs":435},"count":1}},"date":1637102160,"epoch_div":27285036},{"groups":{"main":{"totals":{"load_avg":2.27978515625,"cpu_usage":100,"mem_used":8543178752,"mem_free":6158385152,"tcp_conns":64,"disk_usage_root":6.12,"disk_read_sec":2398276,"disk_write_sec":316825,"disk_iops_sec":67,"io_wait":0,"open_files":0,"os_bytes_in_sec":1415,"os_bytes_out_sec":1387,"total_procs":436},"count":1}},"date":1637102220,"epoch_div":27285037},{"groups":{"main":{"totals":{"load_avg":2.31298828125,"cpu_usage":100,"mem_used":8570990592,"mem_free":6265405440,"tcp_conns":67,"disk_usage_root":6.12,"disk_read_sec":1554636,"disk_write_sec":813397,"disk_iops_sec":53,"io_wait":0,"open_files":0,"os_bytes_in_sec":580,"os_bytes_out_sec":639,"total_procs":438},"count":1}},"date":1637102280,"epoch_div":27285038},{"groups":{"main":{"totals":{"load_avg":2.279296875,"cpu_usage":100,"mem_used":8561520640,"mem_free":6311632896,"tcp_conns":67,"disk_usage_root":6.12,"disk_read_sec":655428,"disk_write_sec":572074,"disk_iops_sec":56,"io_wait":0,"open_files":0,"os_bytes_in_sec":827,"os_bytes_out_sec":704,"total_procs":435},"count":1}},"date":1637102340,"epoch_div":27285039},{"groups":{"main":{"totals":{"load_avg":1.6728515625,"cpu_usage":100,"mem_used":8385085440,"mem_free":6300762112,"tcp_conns":65,"disk_usage_root":6.12,"disk_read_sec":1737523,"disk_write_sec":4620424,"disk_iops_sec":59,"io_wait":0,"open_files":0,"os_bytes_in_sec":1126,"os_bytes_out_sec":1022,"total_procs":434},"count":1}},"date":1637102400,"epoch_div":27285040},{"groups":{"main":{"totals":{"load_avg":1.712890625,"cpu_usage":100,"mem_used":8425840640,"mem_free":6226018304,"tcp_conns":68,"disk_usage_root":6.12,"disk_read_sec":699050,"disk_write_sec":166570,"disk_iops_sec":30,"io_wait":0,"open_files":0,"os_bytes_in_sec":621,"os_bytes_out_sec":866,"total_procs":434},"count":1}},"date":1637102460,"epoch_div":27285041},{"groups":{"main":{"totals":{"load_avg":2.37548828125,"cpu_usage":100,"mem_used":8439300096,"mem_free":6231052288,"tcp_conns":64,"disk_usage_root":6.12,"disk_read_sec":126771,"disk_write_sec":99532,"disk_iops_sec":17,"io_wait":0,"open_files":0,"os_bytes_in_sec":139,"os_bytes_out_sec":319,"total_procs":433},"count":1}},"date":1637102520,"epoch_div":27285042},{"groups":{"main":{"totals":{"load_avg":2.431640625,"cpu_usage":100,"mem_used":8571248640,"mem_free":6221832192,"tcp_conns":62,"disk_usage_root":6.12,"disk_read_sec":573440,"disk_write_sec":411989,"disk_iops_sec":27,"io_wait":0,"open_files":0,"os_bytes_in_sec":860,"os_bytes_out_sec":924,"total_procs":435},"count":1}},"date":1637102580,"epoch_div":27285043},{"groups":{"main":{"totals":{"load_avg":2.56982421875,"cpu_usage":100,"mem_used":8516251648,"mem_free":6243815424,"tcp_conns":61,"disk_usage_root":6.12,"disk_read_sec":334066,"disk_write_sec":111633,"disk_iops_sec":26,"io_wait":0,"open_files":0,"os_bytes_in_sec":116,"os_bytes_out_sec":232,"total_procs":433},"count":1}},"date":1637102640,"epoch_div":27285044},{"groups":{"main":{"totals":{"load_avg":2.94580078125,"cpu_usage":100,"mem_used":8505806848,"mem_free":6271348736,"tcp_conns":60,"disk_usage_root":6.12,"disk_read_sec":702766,"disk_write_sec":140204,"disk_iops_sec":49,"io_wait":0,"open_files":0,"os_bytes_in_sec":420,"os_bytes_out_sec":587,"total_procs":433},"count":1}},"date":1637102700,"epoch_div":27285045},{"groups":{"main":{"totals":{"load_avg":2.7353515625,"cpu_usage":100,"mem_used":8442699776,"mem_free":6450245632,"tcp_conns":65,"disk_usage_root":6.12,"disk_read_sec":1876582,"disk_write_sec":196266,"disk_iops_sec":62,"io_wait":0,"open_files":0,"os_bytes_in_sec":1517,"os_bytes_out_sec":1282,"total_procs":435},"count":1}},"date":1637102760,"epoch_div":27285046},{"groups":{"main":{"totals":{"load_avg":2.6318359375,"cpu_usage":100,"mem_used":8102445056,"mem_free":6393057280,"tcp_conns":65,"disk_usage_root":6.12,"disk_read_sec":843844,"disk_write_sec":7530837,"disk_iops_sec":63,"io_wait":0,"open_files":0,"os_bytes_in_sec":1483,"os_bytes_out_sec":1296,"total_procs":435},"count":1}},"date":1637102820,"epoch_div":27285047},{"groups":{"main":{"totals":{"load_avg":3.52197265625,"cpu_usage":100,"mem_used":8160378880,"mem_free":6351810560,"tcp_conns":65,"disk_usage_root":6.12,"disk_read_sec":5050777,"disk_write_sec":137284,"disk_iops_sec":58,"io_wait":0,"open_files":0,"os_bytes_in_sec":687,"os_bytes_out_sec":843,"total_procs":435},"count":1}},"date":1637102880,"epoch_div":27285048},{"groups":{"main":{"totals":{"load_avg":2.58447265625,"cpu_usage":100,"mem_used":8351592448,"mem_free":6225760256,"tcp_conns":64,"disk_usage_root":6.12,"disk_read_sec":6002073,"disk_write_sec":174489,"disk_iops_sec":68,"io_wait":0,"open_files":0,"os_bytes_in_sec":795,"os_bytes_out_sec":831,"total_procs":436},"count":1}},"date":1637102940,"epoch_div":27285049},{"groups":{"main":{"totals":{"load_avg":2.04052734375,"cpu_usage":100,"mem_used":8521859072,"mem_free":6289141760,"tcp_conns":65,"disk_usage_root":6.12,"disk_read_sec":2841941,"disk_write_sec":117282,"disk_iops_sec":44,"io_wait":0,"open_files":0,"os_bytes_in_sec":570,"os_bytes_out_sec":759,"total_procs":434},"count":1}},"date":1637103000,"epoch_div":27285050},{"groups":{"main":{"totals":{"load_avg":9.19970703125,"cpu_usage":100,"mem_used":8150093824,"mem_free":6356037632,"tcp_conns":200,"disk_usage_root":6.12,"disk_read_sec":13946463,"disk_write_sec":18890266,"disk_iops_sec":451,"io_wait":0,"open_files":0,"os_bytes_in_sec":79417,"os_bytes_out_sec":55685,"total_procs":440},"count":1}},"date":1637103060,"epoch_div":27285051},{"groups":{"main":{"totals":{"load_avg":5.4677734375,"cpu_usage":100,"mem_used":8514162688,"mem_free":6127259648,"tcp_conns":141,"disk_usage_root":6.12,"disk_read_sec":4375938,"disk_write_sec":284235,"disk_iops_sec":135,"io_wait":0,"open_files":0,"os_bytes_in_sec":3718,"os_bytes_out_sec":4030,"total_procs":436},"count":1}},"date":1637103120,"epoch_div":27285052},{"groups":{"main":{"totals":{"load_avg":3.24951171875,"cpu_usage":100,"mem_used":8557973504,"mem_free":6284349440,"tcp_conns":129,"disk_usage_root":6.12,"disk_read_sec":2044040,"disk_write_sec":204049,"disk_iops_sec":65,"io_wait":0,"open_files":0,"os_bytes_in_sec":6539,"os_bytes_out_sec":1521,"total_procs":437},"count":1}},"date":1637103180,"epoch_div":27285053},{"groups":{"main":{"totals":{"load_avg":2.8671875,"cpu_usage":100,"mem_used":8565280768,"mem_free":6289993728,"tcp_conns":125,"disk_usage_root":6.12,"disk_read_sec":592691,"disk_write_sec":134280,"disk_iops_sec":39,"io_wait":0,"open_files":0,"os_bytes_in_sec":610,"os_bytes_out_sec":914,"total_procs":439},"count":1}},"date":1637103240,"epoch_div":27285054},{"groups":{"main":{"totals":{"load_avg":2.7822265625,"cpu_usage":100,"mem_used":8523378688,"mem_free":6344146944,"tcp_conns":114,"disk_usage_root":6.12,"disk_read_sec":6776900,"disk_write_sec":163566,"disk_iops_sec":127,"io_wait":0,"open_files":0,"os_bytes_in_sec":1120,"os_bytes_out_sec":1352,"total_procs":440},"count":1}},"date":1637103300,"epoch_div":27285055},{"groups":{"main":{"totals":{"load_avg":2.73681640625,"cpu_usage":100,"mem_used":8564916224,"mem_free":6421864448,"tcp_conns":89,"disk_usage_root":6.12,"disk_read_sec":4582195,"disk_write_sec":323242,"disk_iops_sec":105,"io_wait":0,"open_files":0,"os_bytes_in_sec":589,"os_bytes_out_sec":1118,"total_procs":441},"count":1}},"date":1637103360,"epoch_div":27285056},{"groups":{"main":{"totals":{"load_avg":2.18310546875,"cpu_usage":100,"mem_used":8465285120,"mem_free":6642823168,"tcp_conns":71,"disk_usage_root":6.12,"disk_read_sec":3454293,"disk_write_sec":355669,"disk_iops_sec":117,"io_wait":0,"open_files":0,"os_bytes_in_sec":357,"os_bytes_out_sec":604,"total_procs":437},"count":1}},"date":1637103420,"epoch_div":27285057},{"groups":{"main":{"totals":{"load_avg":2.54736328125,"cpu_usage":100,"mem_used":8570945536,"mem_free":6652133376,"tcp_conns":70,"disk_usage_root":6.12,"disk_read_sec":1245115,"disk_write_sec":188962,"disk_iops_sec":47,"io_wait":0,"open_files":0,"os_bytes_in_sec":520,"os_bytes_out_sec":695,"total_procs":442},"count":1}},"date":1637103480,"epoch_div":27285058},{"groups":{"main":{"totals":{"load_avg":1.9365234375,"cpu_usage":100,"mem_used":7967879168,"mem_free":6570172416,"tcp_conns":72,"disk_usage_root":6.12,"disk_read_sec":5821849,"disk_write_sec":8373179,"disk_iops_sec":126,"io_wait":0,"open_files":0,"os_bytes_in_sec":798,"os_bytes_out_sec":812,"total_procs":444},"count":1}},"date":1637103540,"epoch_div":27285059},{"groups":{"main":{"totals":{"load_avg":2.5126953125,"cpu_usage":100,"mem_used":8211185664,"mem_free":6413029376,"tcp_conns":73,"disk_usage_root":6.12,"disk_read_sec":904533,"disk_write_sec":144042,"disk_iops_sec":25,"io_wait":0,"open_files":0,"os_bytes_in_sec":593,"os_bytes_out_sec":771,"total_procs":442},"count":1}},"date":1637103600,"epoch_div":27285060},{"groups":{"main":{"totals":{"load_avg":3.35009765625,"cpu_usage":100,"mem_used":8362016768,"mem_free":6399647744,"tcp_conns":69,"disk_usage_root":6.12,"disk_read_sec":730180,"disk_write_sec":100966,"disk_iops_sec":22,"io_wait":0,"open_files":0,"os_bytes_in_sec":424,"os_bytes_out_sec":550,"total_procs":441},"count":1}},"date":1637103660,"epoch_div":27285061},{"groups":{"main":{"totals":{"load_avg":3.833984375,"cpu_usage":100,"mem_used":8531529728,"mem_free":6378897408,"tcp_conns":67,"disk_usage_root":6.12,"disk_read_sec":288836,"disk_write_sec":80691,"disk_iops_sec":19,"io_wait":0,"open_files":0,"os_bytes_in_sec":321,"os_bytes_out_sec":534,"total_procs":442},"count":1}},"date":1637103720,"epoch_div":27285062},{"groups":{"main":{"totals":{"load_avg":3.3486328125,"cpu_usage":100,"mem_used":8552370176,"mem_free":6296109056,"tcp_conns":67,"disk_usage_root":6.12,"disk_read_sec":274295,"disk_write_sec":133802,"disk_iops_sec":23,"io_wait":0,"open_files":0,"os_bytes_in_sec":580,"os_bytes_out_sec":642,"total_procs":441},"count":1}},"date":1637103780,"epoch_div":27285063},{"groups":{"main":{"totals":{"load_avg":2.5302734375,"cpu_usage":100,"mem_used":8556003328,"mem_free":6430687232,"tcp_conns":72,"disk_usage_root":6.12,"disk_read_sec":1753702,"disk_write_sec":170598,"disk_iops_sec":60,"io_wait":0,"open_files":0,"os_bytes_in_sec":3436,"os_bytes_out_sec":1391,"total_procs":445},"count":1}},"date":1637103840,"epoch_div":27285064},{"groups":{"main":{"totals":{"load_avg":2.6201171875,"cpu_usage":100,"mem_used":8563576832,"mem_free":6459281408,"tcp_conns":71,"disk_usage_root":6.12,"disk_read_sec":1067076,"disk_write_sec":237977,"disk_iops_sec":75,"io_wait":0,"open_files":0,"os_bytes_in_sec":1191,"os_bytes_out_sec":1162,"total_procs":445},"count":1}},"date":1637103900,"epoch_div":27285065},{"groups":{"main":{"totals":{"load_avg":2.4921875,"cpu_usage":100,"mem_used":8545423360,"mem_free":6362738688,"tcp_conns":69,"disk_usage_root":6.12,"disk_read_sec":592827,"disk_write_sec":120968,"disk_iops_sec":28,"io_wait":0,"open_files":0,"os_bytes_in_sec":633,"os_bytes_out_sec":871,"total_procs":442},"count":1}},"date":1637103960,"epoch_div":27285066},{"groups":{"main":{"totals":{"load_avg":2.97119140625,"cpu_usage":100,"mem_used":8500322304,"mem_free":6380908544,"tcp_conns":68,"disk_usage_root":6.12,"disk_read_sec":436565,"disk_write_sec":144384,"disk_iops_sec":33,"io_wait":0,"open_files":0,"os_bytes_in_sec":406,"os_bytes_out_sec":643,"total_procs":443},"count":1}},"date":1637104020,"epoch_div":27285067},{"groups":{"main":{"totals":{"load_avg":2.40673828125,"cpu_usage":100,"mem_used":8516571136,"mem_free":6540365824,"tcp_conns":69,"disk_usage_root":6.12,"disk_read_sec":438749,"disk_write_sec":145271,"disk_iops_sec":45,"io_wait":0,"open_files":0,"os_bytes_in_sec":651,"os_bytes_out_sec":843,"total_procs":444},"count":1}},"date":1637104080,"epoch_div":27285068},{"groups":{"main":{"totals":{"load_avg":11.3505859375,"cpu_usage":100,"mem_used":8242499584,"mem_free":6394040320,"tcp_conns":71,"disk_usage_root":6.12,"disk_read_sec":578764,"disk_write_sec":4925917,"disk_iops_sec":60,"io_wait":0,"open_files":0,"os_bytes_in_sec":1863,"os_bytes_out_sec":1578,"total_procs":444},"count":1}},"date":1637104140,"epoch_div":27285069},{"groups":{"main":{"totals":{"load_avg":5.2265625,"cpu_usage":100,"mem_used":8481501184,"mem_free":6347137024,"tcp_conns":66,"disk_usage_root":6.12,"disk_read_sec":777625,"disk_write_sec":197905,"disk_iops_sec":42,"io_wait":0,"open_files":0,"os_bytes_in_sec":395,"os_bytes_out_sec":698,"total_procs":442},"count":1}},"date":1637104200,"epoch_div":27285070},{"groups":{"main":{"totals":{"load_avg":3.52197265625,"cpu_usage":100,"mem_used":8440352768,"mem_free":6283259904,"tcp_conns":66,"disk_usage_root":6.12,"disk_read_sec":1759436,"disk_write_sec":172987,"disk_iops_sec":76,"io_wait":0,"open_files":0,"os_bytes_in_sec":620,"os_bytes_out_sec":796,"total_procs":442},"count":1}},"date":1637104260,"epoch_div":27285071},{"groups":{"main":{"totals":{"load_avg":2.70849609375,"cpu_usage":100,"mem_used":8538963968,"mem_free":6254624768,"tcp_conns":64,"disk_usage_root":6.12,"disk_read_sec":424686,"disk_write_sec":136738,"disk_iops_sec":29,"io_wait":0,"open_files":0,"os_bytes_in_sec":503,"os_bytes_out_sec":749,"total_procs":442},"count":1}},"date":1637104320,"epoch_div":27285072},{"groups":{"main":{"totals":{"load_avg":2.77197265625,"cpu_usage":100,"mem_used":8419627008,"mem_free":6375854080,"tcp_conns":64,"disk_usage_root":6.12,"disk_read_sec":3307277,"disk_write_sec":450560,"disk_iops_sec":77,"io_wait":0,"open_files":0,"os_bytes_in_sec":415,"os_bytes_out_sec":680,"total_procs":444},"count":1}},"date":1637104380,"epoch_div":27285073},{"groups":{"main":{"totals":{"load_avg":2.34423828125,"cpu_usage":100,"mem_used":8414195712,"mem_free":6377041920,"tcp_conns":64,"disk_usage_root":6.12,"disk_read_sec":3225902,"disk_write_sec":171159,"disk_iops_sec":82,"io_wait":0,"open_files":0,"os_bytes_in_sec":978,"os_bytes_out_sec":1045,"total_procs":445},"count":1}},"date":1637104440,"epoch_div":27285074},{"groups":{"main":{"totals":{"load_avg":3.3740234375,"cpu_usage":100,"mem_used":8494784512,"mem_free":6415929344,"tcp_conns":64,"disk_usage_root":6.12,"disk_read_sec":539989,"disk_write_sec":100010,"disk_iops_sec":44,"io_wait":0,"open_files":0,"os_bytes_in_sec":648,"os_bytes_out_sec":716,"total_procs":441},"count":1}},"date":1637104500,"epoch_div":27285075},{"groups":{"main":{"totals":{"load_avg":2.59814453125,"cpu_usage":100,"mem_used":8481484800,"mem_free":6431313920,"tcp_conns":68,"disk_usage_root":6.12,"disk_read_sec":3023872,"disk_write_sec":715161,"disk_iops_sec":82,"io_wait":0,"open_files":0,"os_bytes_in_sec":5361,"os_bytes_out_sec":1399,"total_procs":444},"count":1}},"date":1637104560,"epoch_div":27285076},{"groups":{"main":{"totals":{"load_avg":2.3369140625,"cpu_usage":100,"mem_used":8552931328,"mem_free":6414131200,"tcp_conns":69,"disk_usage_root":6.12,"disk_read_sec":453017,"disk_write_sec":941397,"disk_iops_sec":50,"io_wait":0,"open_files":0,"os_bytes_in_sec":3281,"os_bytes_out_sec":1210,"total_procs":445},"count":1}},"date":1637104620,"epoch_div":27285077},{"groups":{"main":{"totals":{"load_avg":13.00927734375,"cpu_usage":100,"mem_used":8476016640,"mem_free":6531198976,"tcp_conns":72,"disk_usage_root":6.12,"disk_read_sec":2116812,"disk_write_sec":154965,"disk_iops_sec":103,"io_wait":0,"open_files":0,"os_bytes_in_sec":5738,"os_bytes_out_sec":2129,"total_procs":445},"count":1}},"date":1637104680,"epoch_div":27285078},{"groups":{"main":{"totals":{"load_avg":6.73779296875,"cpu_usage":100,"mem_used":8569270272,"mem_free":6659616768,"tcp_conns":68,"disk_usage_root":6.12,"disk_read_sec":4576256,"disk_write_sec":489267,"disk_iops_sec":216,"io_wait":0,"open_files":0,"os_bytes_in_sec":23605,"os_bytes_out_sec":4072,"total_procs":449},"count":1}},"date":1637104740,"epoch_div":27285079},{"groups":{"main":{"totals":{"load_avg":3.87060546875,"cpu_usage":100,"mem_used":8412540928,"mem_free":6635520000,"tcp_conns":68,"disk_usage_root":6.12,"disk_read_sec":222711,"disk_write_sec":147941,"disk_iops_sec":33,"io_wait":0,"open_files":0,"os_bytes_in_sec":407,"os_bytes_out_sec":606,"total_procs":444},"count":1}},"date":1637104800,"epoch_div":27285080},{"groups":{"main":{"totals":{"load_avg":2.51025390625,"cpu_usage":100,"mem_used":8448864256,"mem_free":6560837632,"tcp_conns":69,"disk_usage_root":6.12,"disk_read_sec":208759,"disk_write_sec":100215,"disk_iops_sec":17,"io_wait":0,"open_files":0,"os_bytes_in_sec":553,"os_bytes_out_sec":792,"total_procs":443},"count":1}},"date":1637104860,"epoch_div":27285081},{"groups":{"main":{"totals":{"load_avg":2.83056640625,"cpu_usage":100,"mem_used":8530173952,"mem_free":6541803520,"tcp_conns":68,"disk_usage_root":6.12,"disk_read_sec":1860389,"disk_write_sec":932007,"disk_iops_sec":83,"io_wait":0,"open_files":0,"os_bytes_in_sec":329,"os_bytes_out_sec":903,"total_procs":446},"count":1}},"date":1637104920,"epoch_div":27285082},{"groups":{"main":{"totals":{"load_avg":2.599609375,"cpu_usage":100,"mem_used":8550477824,"mem_free":6638129152,"tcp_conns":69,"disk_usage_root":6.12,"disk_read_sec":700893,"disk_write_sec":196130,"disk_iops_sec":44,"io_wait":0,"open_files":0,"os_bytes_in_sec":6904,"os_bytes_out_sec":1891,"total_procs":446},"count":1}},"date":1637104980,"epoch_div":27285083},{"groups":{"main":{"totals":{"load_avg":2.080078125,"cpu_usage":100,"mem_used":8555499520,"mem_free":6608482304,"tcp_conns":66,"disk_usage_root":6.12,"disk_read_sec":255044,"disk_write_sec":114346,"disk_iops_sec":30,"io_wait":0,"open_files":0,"os_bytes_in_sec":406,"os_bytes_out_sec":646,"total_procs":443},"count":1}},"date":1637105040,"epoch_div":27285084},{"groups":{"main":{"totals":{"load_avg":2.0556640625,"cpu_usage":100,"mem_used":8566632448,"mem_free":6692106240,"tcp_conns":67,"disk_usage_root":6.12,"disk_read_sec":733457,"disk_write_sec":151756,"disk_iops_sec":55,"io_wait":0,"open_files":0,"os_bytes_in_sec":1028,"os_bytes_out_sec":1251,"total_procs":442},"count":1}},"date":1637105100,"epoch_div":27285085},{"groups":{"main":{"totals":{"load_avg":2.95947265625,"cpu_usage":100,"mem_used":8561557504,"mem_free":6731640832,"tcp_conns":67,"disk_usage_root":6.12,"disk_read_sec":327133,"disk_write_sec":141721,"disk_iops_sec":47,"io_wait":0,"open_files":0,"os_bytes_in_sec":416,"os_bytes_out_sec":758,"total_procs":443},"count":1}},"date":1637105160,"epoch_div":27285086},{"groups":{"main":{"totals":{"load_avg":3.61572265625,"cpu_usage":100,"mem_used":8562892800,"mem_free":6865776640,"tcp_conns":67,"disk_usage_root":6.12,"disk_read_sec":3737122,"disk_write_sec":151005,"disk_iops_sec":84,"io_wait":0,"open_files":0,"os_bytes_in_sec":463,"os_bytes_out_sec":979,"total_procs":447},"count":1}},"date":1637105220,"epoch_div":27285087},{"groups":{"main":{"totals":{"load_avg":2.7158203125,"cpu_usage":100,"mem_used":8565039104,"mem_free":6671929344,"tcp_conns":72,"disk_usage_root":6.12,"disk_read_sec":359150,"disk_write_sec":259891,"disk_iops_sec":51,"io_wait":0,"open_files":0,"os_bytes_in_sec":3232,"os_bytes_out_sec":1202,"total_procs":445},"count":1}},"date":1637105280,"epoch_div":27285088},{"groups":{"main":{"totals":{"load_avg":2.34765625,"cpu_usage":100,"mem_used":8268722176,"mem_free":6415814656,"tcp_conns":73,"disk_usage_root":6.12,"disk_read_sec":1446912,"disk_write_sec":11047867,"disk_iops_sec":105,"io_wait":0,"open_files":0,"os_bytes_in_sec":6354,"os_bytes_out_sec":1503,"total_procs":446},"count":1}},"date":1637105340,"epoch_div":27285089},{"groups":{"main":{"totals":{"load_avg":2.76953125,"cpu_usage":100,"mem_used":8375885824,"mem_free":6368731136,"tcp_conns":74,"disk_usage_root":6.12,"disk_read_sec":343586,"disk_write_sec":110660,"disk_iops_sec":19,"io_wait":0,"open_files":0,"os_bytes_in_sec":1025,"os_bytes_out_sec":975,"total_procs":445},"count":1}},"date":1637105400,"epoch_div":27285090},{"groups":{"main":{"totals":{"load_avg":2.38134765625,"cpu_usage":100,"mem_used":8409477120,"mem_free":6333628416,"tcp_conns":71,"disk_usage_root":6.12,"disk_read_sec":126907,"disk_write_sec":89019,"disk_iops_sec":14,"io_wait":0,"open_files":0,"os_bytes_in_sec":956,"os_bytes_out_sec":581,"total_procs":443},"count":1}},"date":1637105460,"epoch_div":27285091},{"groups":{"main":{"totals":{"load_avg":2.14892578125,"cpu_usage":100,"mem_used":8455483392,"mem_free":6321369088,"tcp_conns":68,"disk_usage_root":6.12,"disk_read_sec":431377,"disk_write_sec":80145,"disk_iops_sec":18,"io_wait":0,"open_files":0,"os_bytes_in_sec":337,"os_bytes_out_sec":595,"total_procs":443},"count":1}},"date":1637105520,"epoch_div":27285092},{"groups":{"main":{"totals":{"load_avg":1.68359375,"cpu_usage":100,"mem_used":8462053376,"mem_free":6316261376,"tcp_conns":69,"disk_usage_root":6.12,"disk_read_sec":97348,"disk_write_sec":73386,"disk_iops_sec":13,"io_wait":0,"open_files":0,"os_bytes_in_sec":314,"os_bytes_out_sec":409,"total_procs":443},"count":1}},"date":1637105580,"epoch_div":27285093},{"groups":{"main":{"totals":{"load_avg":3.69287109375,"cpu_usage":100,"mem_used":8556654592,"mem_free":6330880000,"tcp_conns":66,"disk_usage_root":6.12,"disk_read_sec":2338065,"disk_write_sec":132096,"disk_iops_sec":97,"io_wait":0,"open_files":0,"os_bytes_in_sec":222,"os_bytes_out_sec":336,"total_procs":448},"count":1}},"date":1637105640,"epoch_div":27285094}]}