{"type":"list_page","items":[{"date":1636502400,"epoch_div":27275040,"totals":{"load_avg":1.83544921875,"cpu_usage":100,"mem_used":8521826304,"mem_free":6272266240,"tcp_conns":23,"disk_usage_root":6.12,"disk_read_sec":25122,"disk_write_sec":165478,"disk_iops_sec":26,"io_wait":0,"open_files":0,"os_bytes_in_sec":1062,"os_bytes_out_sec":899,"total_procs":486},"count":1},{"date":1636502460,"epoch_div":27275041,"totals":{"load_avg":1.99658203125,"cpu_usage":100,"mem_used":8566976512,"mem_free":6258315264,"tcp_conns":22,"disk_usage_root":6.12,"disk_read_sec":426257,"disk_write_sec":96119,"disk_iops_sec":45,"io_wait":0,"open_files":0,"os_bytes_in_sec":508,"os_bytes_out_sec":680,"total_procs":484},"count":1},{"date":1636502520,"epoch_div":27275042,"totals":{"load_avg":2.1376953125,"cpu_usage":100,"mem_used":8539246592,"mem_free":6382194688,"tcp_conns":28,"disk_usage_root":6.12,"disk_read_sec":109499,"disk_write_sec":222549,"disk_iops_sec":47,"io_wait":0,"open_files":0,"os_bytes_in_sec":769,"os_bytes_out_sec":1222,"total_procs":486},"count":1},{"date":1636502580,"epoch_div":27275043,"totals":{"load_avg":1.96337890625,"cpu_usage":100,"mem_used":8568422400,"mem_free":6348328960,"tcp_conns":27,"disk_usage_root":6.12,"disk_read_sec":344064,"disk_write_sec":158910,"disk_iops_sec":38,"io_wait":0,"open_files":0,"os_bytes_in_sec":594,"os_bytes_out_sec":833,"total_procs":483},"count":1},{"date":1636502640,"epoch_div":27275044,"totals":{"load_avg":1.9951171875,"cpu_usage":100,"mem_used":8512593920,"mem_free":6347145216,"tcp_conns":22,"disk_usage_root":6.12,"disk_read_sec":89641,"disk_write_sec":212924,"disk_iops_sec":43,"io_wait":0,"open_files":0,"os_bytes_in_sec":617,"os_bytes_out_sec":1085,"total_procs":486},"count":1},{"date":1636502700,"epoch_div":27275045,"totals":{"load_avg":3.15234375,"cpu_usage":100,"mem_used":8514187264,"mem_free":6206111744,"tcp_conns":25,"disk_usage_root":6.12,"disk_read_sec":61508,"disk_write_sec":172441,"disk_iops_sec":30,"io_wait":0,"open_files":0,"os_bytes_in_sec":546,"os_bytes_out_sec":938,"total_procs":485},"count":1},{"date":1636502760,"epoch_div":27275046,"totals":{"load_avg":2.9140625,"cpu_usage":100,"mem_used":8512471040,"mem_free":6326185984,"tcp_conns":25,"disk_usage_root":6.12,"disk_read_sec":160904,"disk_write_sec":447010,"disk_iops_sec":38,"io_wait":0,"open_files":0,"os_bytes_in_sec":584,"os_bytes_out_sec":865,"total_procs":487},"count":1},{"date":1636502820,"epoch_div":27275047,"totals":{"load_avg":3.09814453125,"cpu_usage":100,"mem_used":8537800704,"mem_free":6289637376,"tcp_conns":22,"disk_usage_root":6.12,"disk_read_sec":368093,"disk_write_sec":75229,"disk_iops_sec":29,"io_wait":0,"open_files":0,"os_bytes_in_sec":437,"os_bytes_out_sec":632,"total_procs":483},"count":1},{"date":1636502880,"epoch_div":27275048,"totals":{"load_avg":2.0205078125,"cpu_usage":100,"mem_used":8497795072,"mem_free":6464614400,"tcp_conns":23,"disk_usage_root":6.12,"disk_read_sec":1437354,"disk_write_sec":97894,"disk_iops_sec":75,"io_wait":0,"open_files":0,"os_bytes_in_sec":663,"os_bytes_out_sec":817,"total_procs":486},"count":1},{"date":1636502940,"epoch_div":27275049,"totals":{"load_avg":1.74169921875,"cpu_usage":100,"mem_used":8500756480,"mem_free":6517854208,"tcp_conns":22,"disk_usage_root":6.12,"disk_read_sec":386594,"disk_write_sec":563131,"disk_iops_sec":55,"io_wait":0,"open_files":0,"os_bytes_in_sec":225,"os_bytes_out_sec":366,"total_procs":487},"count":1},{"date":1636503000,"epoch_div":27275050,"totals":{"load_avg":2.4521484375,"cpu_usage":100,"mem_used":8364650496,"mem_free":6508994560,"tcp_conns":22,"disk_usage_root":6.12,"disk_read_sec":740556,"disk_write_sec":94754,"disk_iops_sec":53,"io_wait":0,"open_files":0,"os_bytes_in_sec":808,"os_bytes_out_sec":545,"total_procs":485},"count":1},{"date":1636503060,"epoch_div":27275051,"totals":{"load_avg":1.91845703125,"cpu_usage":100,"mem_used":8485380096,"mem_free":6491377664,"tcp_conns":21,"disk_usage_root":6.12,"disk_read_sec":24506,"disk_write_sec":72894,"disk_iops_sec":16,"io_wait":0,"open_files":0,"os_bytes_in_sec":344,"os_bytes_out_sec":542,"total_procs":484},"count":1},{"date":1636503120,"epoch_div":27275052,"totals":{"load_avg":1.86474609375,"cpu_usage":100,"mem_used":8559435776,"mem_free":6546337792,"tcp_conns":22,"disk_usage_root":6.12,"disk_read_sec":42530,"disk_write_sec":101785,"disk_iops_sec":20,"io_wait":0,"open_files":0,"os_bytes_in_sec":387,"os_bytes_out_sec":450,"total_procs":485},"count":1},{"date":1636503180,"epoch_div":27275053,"totals":{"load_avg":2.37109375,"cpu_usage":100,"mem_used":8525238272,"mem_free":6408925184,"tcp_conns":23,"disk_usage_root":6.12,"disk_read_sec":406296,"disk_write_sec":81721,"disk_iops_sec":38,"io_wait":0,"open_files":0,"os_bytes_in_sec":291,"os_bytes_out_sec":310,"total_procs":484},"count":1},{"date":1636503240,"epoch_div":27275054,"totals":{"load_avg":1.625,"cpu_usage":100,"mem_used":8437567488,"mem_free":6566477824,"tcp_conns":23,"disk_usage_root":6.12,"disk_read_sec":66924,"disk_write_sec":79559,"disk_iops_sec":21,"io_wait":0,"open_files":0,"os_bytes_in_sec":259,"os_bytes_out_sec":378,"total_procs":482},"count":1},{"date":1636503300,"epoch_div":27275055,"totals":{"load_avg":1.630859375,"cpu_usage":100,"mem_used":8266231808,"mem_free":6585905152,"tcp_conns":23,"disk_usage_root":6.12,"disk_read_sec":95914,"disk_write_sec":221866,"disk_iops_sec":42,"io_wait":0,"open_files":0,"os_bytes_in_sec":858,"os_bytes_out_sec":1185,"total_procs":486},"count":1},{"date":1636503360,"epoch_div":27275056,"totals":{"load_avg":2.30859375,"cpu_usage":100,"mem_used":8352370688,"mem_free":6572724224,"tcp_conns":24,"disk_usage_root":6.12,"disk_read_sec":15223,"disk_write_sec":214152,"disk_iops_sec":31,"io_wait":0,"open_files":0,"os_bytes_in_sec":443,"os_bytes_out_sec":913,"total_procs":486},"count":1},{"date":1636503420,"epoch_div":27275057,"totals":{"load_avg":3.70947265625,"cpu_usage":100,"mem_used":8438116352,"mem_free":6352211968,"tcp_conns":45,"disk_usage_root":6.12,"disk_read_sec":1661337,"disk_write_sec":451652,"disk_iops_sec":125,"io_wait":0,"open_files":0,"os_bytes_in_sec":77683,"os_bytes_out_sec":9075,"total_procs":489},"count":1},{"date":1636503480,"epoch_div":27275058,"totals":{"load_avg":2.92333984375,"cpu_usage":100,"mem_used":8472555520,"mem_free":6415941632,"tcp_conns":110,"disk_usage_root":6.12,"disk_read_sec":2206856,"disk_write_sec":688196,"disk_iops_sec":189,"io_wait":0,"open_files":0,"os_bytes_in_sec":110242,"os_bytes_out_sec":17567,"total_procs":491},"count":1},{"date":1636503540,"epoch_div":27275059,"totals":{"load_avg":4.38427734375,"cpu_usage":100,"mem_used":8475283456,"mem_free":6475808768,"tcp_conns":95,"disk_usage_root":6.12,"disk_read_sec":3249585,"disk_write_sec":742903,"disk_iops_sec":203,"io_wait":0,"open_files":0,"os_bytes_in_sec":138762,"os_bytes_out_sec":14925,"total_procs":489},"count":1},{"date":1636503600,"epoch_div":27275060,"totals":{"load_avg":2.65234375,"cpu_usage":100,"mem_used":8444878848,"mem_free":6400339968,"tcp_conns":91,"disk_usage_root":6.12,"disk_read_sec":59050,"disk_write_sec":205277,"disk_iops_sec":37,"io_wait":0,"open_files":0,"os_bytes_in_sec":1271,"os_bytes_out_sec":1364,"total_procs":487},"count":1},{"date":1636503660,"epoch_div":27275061,"totals":{"load_avg":3.41455078125,"cpu_usage":100,"mem_used":8350572544,"mem_free":6444589056,"tcp_conns":90,"disk_usage_root":6.12,"disk_read_sec":1589248,"disk_write_sec":474598,"disk_iops_sec":104,"io_wait":0,"open_files":0,"os_bytes_in_sec":7552,"os_bytes_out_sec":8697,"total_procs":488},"count":1},{"date":1636503720,"epoch_div":27275062,"totals":{"load_avg":3.0478515625,"cpu_usage":100,"mem_used":8569933824,"mem_free":6432346112,"tcp_conns":73,"disk_usage_root":6.12,"disk_read_sec":114005,"disk_write_sec":350071,"disk_iops_sec":47,"io_wait":0,"open_files":0,"os_bytes_in_sec":844,"os_bytes_out_sec":1312,"total_procs":490},"count":1},{"date":1636503780,"epoch_div":27275063,"totals":{"load_avg":2.3603515625,"cpu_usage":100,"mem_used":8531623936,"mem_free":6280077312,"tcp_conns":61,"disk_usage_root":6.12,"disk_read_sec":76663,"disk_write_sec":94822,"disk_iops_sec":24,"io_wait":0,"open_files":0,"os_bytes_in_sec":516,"os_bytes_out_sec":739,"total_procs":487},"count":1},{"date":1636503840,"epoch_div":27275064,"totals":{"load_avg":2.01220703125,"cpu_usage":100,"mem_used":8542928896,"mem_free":6382841856,"tcp_conns":49,"disk_usage_root":6.12,"disk_read_sec":154537,"disk_write_sec":202578,"disk_iops_sec":46,"io_wait":0,"open_files":0,"os_bytes_in_sec":6119,"os_bytes_out_sec":1569,"total_procs":488},"count":1},{"date":1636503900,"epoch_div":27275065,"totals":{"load_avg":2.3515625,"cpu_usage":100,"mem_used":8505868288,"mem_free":6332977152,"tcp_conns":42,"disk_usage_root":6.12,"disk_read_sec":113680,"disk_write_sec":142419,"disk_iops_sec":37,"io_wait":0,"open_files":0,"os_bytes_in_sec":620,"os_bytes_out_sec":910,"total_procs":487},"count":1},{"date":1636503960,"epoch_div":27275066,"totals":{"load_avg":2.4423828125,"cpu_usage":100,"mem_used":8539430912,"mem_free":6312718336,"tcp_conns":43,"disk_usage_root":6.12,"disk_read_sec":20753,"disk_write_sec":80827,"disk_iops_sec":16,"io_wait":0,"open_files":0,"os_bytes_in_sec":631,"os_bytes_out_sec":996,"total_procs":487},"count":1},{"date":1636504020,"epoch_div":27275067,"totals":{"load_avg":1.96044921875,"cpu_usage":100,"mem_used":8568881152,"mem_free":6287454208,"tcp_conns":39,"disk_usage_root":6.12,"disk_read_sec":348569,"disk_write_sec":90862,"disk_iops_sec":31,"io_wait":0,"open_files":0,"os_bytes_in_sec":542,"os_bytes_out_sec":665,"total_procs":485},"count":1},{"date":1636504080,"epoch_div":27275068,"totals":{"load_avg":1.63720703125,"cpu_usage":100,"mem_used":8567566336,"mem_free":6395756544,"tcp_conns":38,"disk_usage_root":6.12,"disk_read_sec":85196,"disk_write_sec":110933,"disk_iops_sec":30,"io_wait":0,"open_files":0,"os_bytes_in_sec":621,"os_bytes_out_sec":795,"total_procs":485},"count":1},{"date":1636504140,"epoch_div":27275069,"totals":{"load_avg":2.4951171875,"cpu_usage":100,"mem_used":8352043008,"mem_free":6552801280,"tcp_conns":35,"disk_usage_root":6.12,"disk_read_sec":237431,"disk_write_sec":561561,"disk_iops_sec":67,"io_wait":0,"open_files":0,"os_bytes_in_sec":954,"os_bytes_out_sec":1354,"total_procs":488},"count":1},{"date":1636504200,"epoch_div":27275070,"totals":{"load_avg":2.12939453125,"cpu_usage":100,"mem_used":8426016768,"mem_free":6413598720,"tcp_conns":30,"disk_usage_root":6.12,"disk_read_sec":1482342,"disk_write_sec":399496,"disk_iops_sec":106,"io_wait":0,"open_files":0,"os_bytes_in_sec":2483,"os_bytes_out_sec":1541,"total_procs":489},"count":1},{"date":1636504260,"epoch_div":27275071,"totals":{"load_avg":2.671875,"cpu_usage":100,"mem_used":8480325632,"mem_free":6327947264,"tcp_conns":29,"disk_usage_root":6.12,"disk_read_sec":32836,"disk_write_sec":168277,"disk_iops_sec":33,"io_wait":0,"open_files":0,"os_bytes_in_sec":349,"os_bytes_out_sec":595,"total_procs":490},"count":1},{"date":1636504320,"epoch_div":27275072,"totals":{"load_avg":2.0263671875,"cpu_usage":100,"mem_used":8503975936,"mem_free":6446907392,"tcp_conns":28,"disk_usage_root":6.12,"disk_read_sec":65399,"disk_write_sec":103082,"disk_iops_sec":25,"io_wait":0,"open_files":0,"os_bytes_in_sec":744,"os_bytes_out_sec":1003,"total_procs":488},"count":1},{"date":1636504380,"epoch_div":27275073,"totals":{"load_avg":1.82958984375,"cpu_usage":100,"mem_used":8426602496,"mem_free":6380371968,"tcp_conns":31,"disk_usage_root":6.12,"disk_read_sec":24853,"disk_write_sec":143776,"disk_iops_sec":23,"io_wait":0,"open_files":0,"os_bytes_in_sec":712,"os_bytes_out_sec":1347,"total_procs":489},"count":1},{"date":1636504440,"epoch_div":27275074,"totals":{"load_avg":2.6953125,"cpu_usage":100,"mem_used":8447414272,"mem_free":6374449152,"tcp_conns":32,"disk_usage_root":6.12,"disk_read_sec":212253,"disk_write_sec":753261,"disk_iops_sec":40,"io_wait":0,"open_files":0,"os_bytes_in_sec":471,"os_bytes_out_sec":1043,"total_procs":498},"count":1},{"date":1636504500,"epoch_div":27275075,"totals":{"load_avg":1.9599609375,"cpu_usage":100,"mem_used":8561303552,"mem_free":6369701888,"tcp_conns":34,"disk_usage_root":6.12,"disk_read_sec":244736,"disk_write_sec":194355,"disk_iops_sec":57,"io_wait":0,"open_files":0,"os_bytes_in_sec":499,"os_bytes_out_sec":722,"total_procs":489},"count":1},{"date":1636504560,"epoch_div":27275076,"totals":{"load_avg":2.82763671875,"cpu_usage":100,"mem_used":8534528000,"mem_free":6312513536,"tcp_conns":33,"disk_usage_root":6.12,"disk_read_sec":68539,"disk_write_sec":513911,"disk_iops_sec":41,"io_wait":0,"open_files":0,"os_bytes_in_sec":482,"os_bytes_out_sec":963,"total_procs":490},"count":1},{"date":1636504620,"epoch_div":27275077,"totals":{"load_avg":2.35888671875,"cpu_usage":100,"mem_used":8547774464,"mem_free":6367133696,"tcp_conns":30,"disk_usage_root":6.12,"disk_read_sec":108407,"disk_write_sec":205004,"disk_iops_sec":45,"io_wait":0,"open_files":0,"os_bytes_in_sec":289,"os_bytes_out_sec":539,"total_procs":487},"count":1},{"date":1636504680,"epoch_div":27275078,"totals":{"load_avg":1.94287109375,"cpu_usage":100,"mem_used":8530423808,"mem_free":6323048448,"tcp_conns":30,"disk_usage_root":6.12,"disk_read_sec":20480,"disk_write_sec":129979,"disk_iops_sec":22,"io_wait":0,"open_files":0,"os_bytes_in_sec":649,"os_bytes_out_sec":949,"total_procs":487},"count":1},{"date":1636504740,"epoch_div":27275079,"totals":{"load_avg":2.32080078125,"cpu_usage":100,"mem_used":8486391808,"mem_free":6354939904,"tcp_conns":28,"disk_usage_root":6.12,"disk_read_sec":3276,"disk_write_sec":109499,"disk_iops_sec":18,"io_wait":0,"open_files":0,"os_bytes_in_sec":552,"os_bytes_out_sec":905,"total_procs":487},"count":1},{"date":1636504800,"epoch_div":27275080,"totals":{"load_avg":1.89697265625,"cpu_usage":100,"mem_used":8322703360,"mem_free":6353879040,"tcp_conns":30,"disk_usage_root":6.12,"disk_read_sec":129128,"disk_write_sec":193206,"disk_iops_sec":41,"io_wait":0,"open_files":0,"os_bytes_in_sec":1105,"os_bytes_out_sec":1335,"total_procs":484},"count":1},{"date":1636504860,"epoch_div":27275081,"totals":{"load_avg":1.65673828125,"cpu_usage":100,"mem_used":8358412288,"mem_free":6335295488,"tcp_conns":31,"disk_usage_root":6.12,"disk_read_sec":25180,"disk_write_sec":193452,"disk_iops_sec":33,"io_wait":0,"open_files":0,"os_bytes_in_sec":750,"os_bytes_out_sec":1015,"total_procs":484},"count":1},{"date":1636504920,"epoch_div":27275082,"totals":{"load_avg":1.9560546875,"cpu_usage":100,"mem_used":8362405888,"mem_free":6343819264,"tcp_conns":29,"disk_usage_root":6.12,"disk_read_sec":17408,"disk_write_sec":195652,"disk_iops_sec":32,"io_wait":0,"open_files":0,"os_bytes_in_sec":3364,"os_bytes_out_sec":1239,"total_procs":484},"count":1},{"date":1636504980,"epoch_div":27275083,"totals":{"load_avg":2.3837890625,"cpu_usage":100,"mem_used":8464764928,"mem_free":6376546304,"tcp_conns":58,"disk_usage_root":6.12,"disk_read_sec":1778824,"disk_write_sec":507767,"disk_iops_sec":114,"io_wait":0,"open_files":0,"os_bytes_in_sec":51324,"os_bytes_out_sec":8664,"total_procs":487},"count":1},{"date":1636505040,"epoch_div":27275084,"totals":{"load_avg":2.92919921875,"cpu_usage":100,"mem_used":8569122816,"mem_free":6307368960,"tcp_conns":57,"disk_usage_root":6.12,"disk_read_sec":1811456,"disk_write_sec":473019,"disk_iops_sec":152,"io_wait":0,"open_files":0,"os_bytes_in_sec":22614,"os_bytes_out_sec":5787,"total_procs":485},"count":1},{"date":1636505100,"epoch_div":27275085,"totals":{"load_avg":2.0732421875,"cpu_usage":100,"mem_used":8567095296,"mem_free":6302887936,"tcp_conns":49,"disk_usage_root":6.12,"disk_read_sec":80213,"disk_write_sec":90999,"disk_iops_sec":26,"io_wait":0,"open_files":0,"os_bytes_in_sec":524,"os_bytes_out_sec":769,"total_procs":489},"count":1},{"date":1636505160,"epoch_div":27275086,"totals":{"load_avg":1.97802734375,"cpu_usage":100,"mem_used":8563535872,"mem_free":6321057792,"tcp_conns":47,"disk_usage_root":6.12,"disk_read_sec":111342,"disk_write_sec":94208,"disk_iops_sec":30,"io_wait":0,"open_files":0,"os_bytes_in_sec":607,"os_bytes_out_sec":764,"total_procs":484},"count":1},{"date":1636505220,"epoch_div":27275087,"totals":{"load_avg":2.47998046875,"cpu_usage":100,"mem_used":8521297920,"mem_free":6293626880,"tcp_conns":38,"disk_usage_root":6.12,"disk_read_sec":72908,"disk_write_sec":103082,"disk_iops_sec":25,"io_wait":0,"open_files":0,"os_bytes_in_sec":629,"os_bytes_out_sec":1083,"total_procs":487},"count":1},{"date":1636505280,"epoch_div":27275088,"totals":{"load_avg":2.69189453125,"cpu_usage":100,"mem_used":8560410624,"mem_free":6386388992,"tcp_conns":41,"disk_usage_root":6.12,"disk_read_sec":114063,"disk_write_sec":143845,"disk_iops_sec":37,"io_wait":0,"open_files":0,"os_bytes_in_sec":569,"os_bytes_out_sec":811,"total_procs":487},"count":1},{"date":1636505340,"epoch_div":27275089,"totals":{"load_avg":2.0380859375,"cpu_usage":100,"mem_used":8367788032,"mem_free":6508990464,"tcp_conns":48,"disk_usage_root":6.12,"disk_read_sec":1459921,"disk_write_sec":269194,"disk_iops_sec":108,"io_wait":0,"open_files":0,"os_bytes_in_sec":10710,"os_bytes_out_sec":3068,"total_procs":486},"count":1},{"date":1636505400,"epoch_div":27275090,"totals":{"load_avg":1.72314453125,"cpu_usage":100,"mem_used":8439119872,"mem_free":6499389440,"tcp_conns":43,"disk_usage_root":6.12,"disk_read_sec":44236,"disk_write_sec":238114,"disk_iops_sec":42,"io_wait":0,"open_files":0,"os_bytes_in_sec":2181,"os_bytes_out_sec":1776,"total_procs":487},"count":1},{"date":1636505460,"epoch_div":27275091,"totals":{"load_avg":1.68359375,"cpu_usage":100,"mem_used":8560099328,"mem_free":6373552128,"tcp_conns":37,"disk_usage_root":6.12,"disk_read_sec":97962,"disk_write_sec":185548,"disk_iops_sec":39,"io_wait":0,"open_files":0,"os_bytes_in_sec":701,"os_bytes_out_sec":1184,"total_procs":487},"count":1},{"date":1636505520,"epoch_div":27275092,"totals":{"load_avg":1.72412109375,"cpu_usage":100,"mem_used":8528941056,"mem_free":6398308352,"tcp_conns":37,"disk_usage_root":6.12,"disk_read_sec":127795,"disk_write_sec":211080,"disk_iops_sec":46,"io_wait":0,"open_files":0,"os_bytes_in_sec":637,"os_bytes_out_sec":707,"total_procs":487},"count":1},{"date":1636505580,"epoch_div":27275093,"totals":{"load_avg":1.72802734375,"cpu_usage":100,"mem_used":8484208640,"mem_free":6390890496,"tcp_conns":35,"disk_usage_root":6.12,"disk_read_sec":83694,"disk_write_sec":181794,"disk_iops_sec":36,"io_wait":0,"open_files":0,"os_bytes_in_sec":571,"os_bytes_out_sec":895,"total_procs":487},"count":1},{"date":1636505640,"epoch_div":27275094,"totals":{"load_avg":2.26318359375,"cpu_usage":100,"mem_used":8501760000,"mem_free":6359388160,"tcp_conns":35,"disk_usage_root":6.12,"disk_read_sec":86562,"disk_write_sec":152985,"disk_iops_sec":34,"io_wait":0,"open_files":0,"os_bytes_in_sec":415,"os_bytes_out_sec":815,"total_procs":487},"count":1},{"date":1636505700,"epoch_div":27275095,"totals":{"load_avg":1.91064453125,"cpu_usage":100,"mem_used":8538775552,"mem_free":6476484608,"tcp_conns":35,"disk_usage_root":6.12,"disk_read_sec":145954,"disk_write_sec":222139,"disk_iops_sec":57,"io_wait":0,"open_files":0,"os_bytes_in_sec":661,"os_bytes_out_sec":854,"total_procs":487},"count":1},{"date":1636505760,"epoch_div":27275096,"totals":{"load_avg":2.50830078125,"cpu_usage":100,"mem_used":8208343040,"mem_free":6545645568,"tcp_conns":34,"disk_usage_root":6.12,"disk_read_sec":1506564,"disk_write_sec":175156,"disk_iops_sec":92,"io_wait":0,"open_files":0,"os_bytes_in_sec":390,"os_bytes_out_sec":731,"total_procs":486},"count":1},{"date":1636505820,"epoch_div":27275097,"totals":{"load_avg":3.03662109375,"cpu_usage":100,"mem_used":8303853568,"mem_free":6483677184,"tcp_conns":36,"disk_usage_root":6.12,"disk_read_sec":54255,"disk_write_sec":164914,"disk_iops_sec":33,"io_wait":0,"open_files":0,"os_bytes_in_sec":437,"os_bytes_out_sec":717,"total_procs":487},"count":1},{"date":1636505880,"epoch_div":27275098,"totals":{"load_avg":3.0341796875,"cpu_usage":100,"mem_used":8449589248,"mem_free":6375571456,"tcp_conns":34,"disk_usage_root":6.12,"disk_read_sec":368230,"disk_write_sec":165137,"disk_iops_sec":41,"io_wait":0,"open_files":0,"os_bytes_in_sec":8585,"os_bytes_out_sec":1648,"total_procs":484},"count":1},{"date":1636505940,"epoch_div":27275099,"totals":{"load_avg":2.943359375,"cpu_usage":100,"mem_used":8531148800,"mem_free":6299078656,"tcp_conns":35,"disk_usage_root":6.12,"disk_read_sec":151278,"disk_write_sec":496708,"disk_iops_sec":55,"io_wait":0,"open_files":0,"os_bytes_in_sec":1032,"os_bytes_out_sec":1474,"total_procs":487},"count":1}]}