{"type":"list_page","items":[{"date":1636398000,"epoch_div":27273300,"totals":{"load_avg":19.93896484375,"cpu_usage":100,"mem_used":8301645824,"mem_free":6561734656,"tcp_conns":26,"disk_usage_root":6.12,"disk_read_sec":6280,"disk_write_sec":98918,"disk_iops_sec":14,"io_wait":0,"open_files":0,"os_bytes_in_sec":5595,"os_bytes_out_sec":822,"total_procs":495},"count":1},{"date":1636398060,"epoch_div":27273301,"totals":{"load_avg":20.63818359375,"cpu_usage":100,"mem_used":8298532864,"mem_free":6577475584,"tcp_conns":26,"disk_usage_root":6.12,"disk_read_sec":819,"disk_write_sec":80281,"disk_iops_sec":15,"io_wait":0,"open_files":0,"os_bytes_in_sec":274,"os_bytes_out_sec":204,"total_procs":494},"count":1},{"date":1636398120,"epoch_div":27273302,"totals":{"load_avg":22.033203125,"cpu_usage":100,"mem_used":8326782976,"mem_free":6527315968,"tcp_conns":27,"disk_usage_root":6.12,"disk_read_sec":1706,"disk_write_sec":68949,"disk_iops_sec":11,"io_wait":0,"open_files":0,"os_bytes_in_sec":266,"os_bytes_out_sec":267,"total_procs":493},"count":1},{"date":1636398180,"epoch_div":27273303,"totals":{"load_avg":21.58056640625,"cpu_usage":100,"mem_used":8328663040,"mem_free":6495191040,"tcp_conns":27,"disk_usage_root":6.12,"disk_read_sec":8669,"disk_write_sec":62873,"disk_iops_sec":11,"io_wait":0,"open_files":0,"os_bytes_in_sec":114,"os_bytes_out_sec":97,"total_procs":493},"count":1},{"date":1636398240,"epoch_div":27273304,"totals":{"load_avg":20.9326171875,"cpu_usage":100,"mem_used":8329428992,"mem_free":6543134720,"tcp_conns":27,"disk_usage_root":6.12,"disk_read_sec":1365,"disk_write_sec":76663,"disk_iops_sec":14,"io_wait":0,"open_files":0,"os_bytes_in_sec":227,"os_bytes_out_sec":274,"total_procs":495},"count":1},{"date":1636398300,"epoch_div":27273305,"totals":{"load_avg":21.068359375,"cpu_usage":100,"mem_used":8318910464,"mem_free":6542102528,"tcp_conns":27,"disk_usage_root":6.12,"disk_read_sec":273,"disk_write_sec":116940,"disk_iops_sec":21,"io_wait":0,"open_files":0,"os_bytes_in_sec":350,"os_bytes_out_sec":290,"total_procs":493},"count":1},{"date":1636398360,"epoch_div":27273306,"totals":{"load_avg":21.0673828125,"cpu_usage":100,"mem_used":8322633728,"mem_free":6542049280,"tcp_conns":26,"disk_usage_root":6.12,"disk_read_sec":6348,"disk_write_sec":87517,"disk_iops_sec":14,"io_wait":0,"open_files":0,"os_bytes_in_sec":245,"os_bytes_out_sec":296,"total_procs":495},"count":1},{"date":1636398420,"epoch_div":27273307,"totals":{"load_avg":19.90625,"cpu_usage":100,"mem_used":8321392640,"mem_free":6541271040,"tcp_conns":27,"disk_usage_root":6.12,"disk_read_sec":546,"disk_write_sec":68881,"disk_iops_sec":11,"io_wait":0,"open_files":0,"os_bytes_in_sec":239,"os_bytes_out_sec":166,"total_procs":493},"count":1},{"date":1636398480,"epoch_div":27273308,"totals":{"load_avg":20.3583984375,"cpu_usage":100,"mem_used":8320196608,"mem_free":6556401664,"tcp_conns":26,"disk_usage_root":6.12,"disk_read_sec":887,"disk_write_sec":63897,"disk_iops_sec":12,"io_wait":0,"open_files":0,"os_bytes_in_sec":203,"os_bytes_out_sec":145,"total_procs":493},"count":1},{"date":1636398540,"epoch_div":27273309,"totals":{"load_avg":19.56591796875,"cpu_usage":100,"mem_used":8321695744,"mem_free":6544228352,"tcp_conns":26,"disk_usage_root":6.12,"disk_read_sec":273,"disk_write_sec":70519,"disk_iops_sec":12,"io_wait":0,"open_files":0,"os_bytes_in_sec":379,"os_bytes_out_sec":264,"total_procs":493},"count":1},{"date":1636398600,"epoch_div":27273310,"totals":{"load_avg":19.912109375,"cpu_usage":100,"mem_used":8320897024,"mem_free":6545399808,"tcp_conns":26,"disk_usage_root":6.12,"disk_read_sec":0,"disk_write_sec":55227,"disk_iops_sec":10,"io_wait":0,"open_files":0,"os_bytes_in_sec":142,"os_bytes_out_sec":89,"total_procs":493},"count":1},{"date":1636398660,"epoch_div":27273311,"totals":{"load_avg":20.0146484375,"cpu_usage":100,"mem_used":8321560576,"mem_free":6538063872,"tcp_conns":26,"disk_usage_root":6.12,"disk_read_sec":0,"disk_write_sec":52428,"disk_iops_sec":10,"io_wait":0,"open_files":0,"os_bytes_in_sec":797,"os_bytes_out_sec":181,"total_procs":493},"count":1},{"date":1636398720,"epoch_div":27273312,"totals":{"load_avg":20.755859375,"cpu_usage":100,"mem_used":8403587072,"mem_free":6416400384,"tcp_conns":26,"disk_usage_root":6.12,"disk_read_sec":9216,"disk_write_sec":100625,"disk_iops_sec":16,"io_wait":0,"open_files":0,"os_bytes_in_sec":697,"os_bytes_out_sec":834,"total_procs":493},"count":1},{"date":1636400520,"epoch_div":27273342,"totals":{"load_avg":27.30615234375,"cpu_usage":100,"mem_used":8529289216,"mem_free":6188916736,"tcp_conns":30,"disk_usage_root":6.12,"disk_read_sec":551,"disk_write_sec":2553,"disk_iops_sec":0,"io_wait":0,"open_files":0,"os_bytes_in_sec":209,"os_bytes_out_sec":76,"total_procs":493},"count":1},{"date":1636400580,"epoch_div":27273343,"totals":{"load_avg":20.5927734375,"cpu_usage":100,"mem_used":8524271616,"mem_free":6357397504,"tcp_conns":29,"disk_usage_root":6.12,"disk_read_sec":243409,"disk_write_sec":276849,"disk_iops_sec":45,"io_wait":0,"open_files":0,"os_bytes_in_sec":2112,"os_bytes_out_sec":2936,"total_procs":495},"count":1},{"date":1636401240,"epoch_div":27273354,"totals":{"load_avg":22.57861328125,"cpu_usage":100,"mem_used":8562688000,"mem_free":6529613824,"tcp_conns":29,"disk_usage_root":6.12,"disk_read_sec":35209,"disk_write_sec":25996,"disk_iops_sec":6,"io_wait":0,"open_files":0,"os_bytes_in_sec":962,"os_bytes_out_sec":105,"total_procs":500},"count":1},{"date":1636401300,"epoch_div":27273355,"totals":{"load_avg":28.32080078125,"cpu_usage":100,"mem_used":8506372096,"mem_free":6407450624,"tcp_conns":39,"disk_usage_root":6.12,"disk_read_sec":588304,"disk_write_sec":385288,"disk_iops_sec":100,"io_wait":0,"open_files":0,"os_bytes_in_sec":128462,"os_bytes_out_sec":11264,"total_procs":491},"count":1},{"date":1636401360,"epoch_div":27273356,"totals":{"load_avg":25.0439453125,"cpu_usage":100,"mem_used":8509157376,"mem_free":6404087808,"tcp_conns":38,"disk_usage_root":6.12,"disk_read_sec":54203,"disk_write_sec":203844,"disk_iops_sec":38,"io_wait":0,"open_files":0,"os_bytes_in_sec":34281,"os_bytes_out_sec":1994,"total_procs":494},"count":1},{"date":1636401420,"epoch_div":27273357,"totals":{"load_avg":22.33740234375,"cpu_usage":100,"mem_used":8503869440,"mem_free":6403039232,"tcp_conns":35,"disk_usage_root":6.12,"disk_read_sec":1570,"disk_write_sec":67106,"disk_iops_sec":12,"io_wait":0,"open_files":0,"os_bytes_in_sec":479,"os_bytes_out_sec":531,"total_procs":493},"count":1},{"date":1636401480,"epoch_div":27273358,"totals":{"load_avg":22.11328125,"cpu_usage":100,"mem_used":8523014144,"mem_free":6414536704,"tcp_conns":35,"disk_usage_root":6.12,"disk_read_sec":136645,"disk_write_sec":134832,"disk_iops_sec":34,"io_wait":0,"open_files":0,"os_bytes_in_sec":409,"os_bytes_out_sec":497,"total_procs":494},"count":1},{"date":1636401540,"epoch_div":27273359,"totals":{"load_avg":21.25,"cpu_usage":100,"mem_used":8505630720,"mem_free":6388183040,"tcp_conns":32,"disk_usage_root":6.12,"disk_read_sec":7011,"disk_write_sec":79073,"disk_iops_sec":15,"io_wait":0,"open_files":0,"os_bytes_in_sec":280,"os_bytes_out_sec":315,"total_procs":492},"count":1}]}