{"type":"list_page","items":[{"date":1637398980,"epoch_div":27289983,"totals":{"load_avg":2.06689453125,"cpu_usage":100,"mem_used":8305733632,"mem_free":6326202368,"tcp_conns":67,"disk_usage_root":6.12,"disk_read_sec":30489,"disk_write_sec":5244,"disk_iops_sec":2,"io_wait":0,"open_files":0,"os_bytes_in_sec":189,"os_bytes_out_sec":27,"total_procs":430},"count":1},{"date":1637402220,"epoch_div":27290037,"totals":{"load_avg":3.20361328125,"cpu_usage":100,"mem_used":8305500160,"mem_free":6332461056,"tcp_conns":71,"disk_usage_root":6.12,"disk_read_sec":12777,"disk_write_sec":3684,"disk_iops_sec":1,"io_wait":0,"open_files":0,"os_bytes_in_sec":117,"os_bytes_out_sec":27,"total_procs":425},"count":1}]}