{"type":"list_page","items":[{"date":1638072000,"epoch_div":455020,"totals":{"load_avg":133.3896484375,"cpu_usage":5000,"mem_used":420575649792,"mem_free":323118018560,"tcp_conns":4637,"disk_usage_root":306.00000000000017,"disk_read_sec":32585414,"disk_write_sec":53439440,"disk_iops_sec":2698,"io_wait":0,"open_files":0,"os_bytes_in_sec":12029212,"os_bytes_out_sec":185649,"total_procs":24056},"count":50},{"date":1638075600,"epoch_div":455021,"totals":{"load_avg":10.47021484375,"cpu_usage":300,"mem_used":25639104512,"mem_free":19126521856,"tcp_conns":260,"disk_usage_root":18.36,"disk_read_sec":1170043,"disk_write_sec":568491,"disk_iops_sec":95,"io_wait":0,"open_files":0,"os_bytes_in_sec":6245,"os_bytes_out_sec":15005,"total_procs":1454},"count":3},{"date":1638079200,"epoch_div":455022,"totals":{"load_avg":5.77001953125,"cpu_usage":200,"mem_used":17087414272,"mem_free":12680740864,"tcp_conns":175,"disk_usage_root":12.24,"disk_read_sec":1623153,"disk_write_sec":816775,"disk_iops_sec":281,"io_wait":0,"open_files":0,"os_bytes_in_sec":3227,"os_bytes_out_sec":3602,"total_procs":963},"count":2},{"date":1638082800,"epoch_div":455023,"totals":{"load_avg":2.4326171875,"cpu_usage":100,"mem_used":8541900800,"mem_free":6339493888,"tcp_conns":94,"disk_usage_root":6.12,"disk_read_sec":51081,"disk_write_sec":32962,"disk_iops_sec":1,"io_wait":0,"open_files":0,"os_bytes_in_sec":188,"os_bytes_out_sec":185,"total_procs":483},"count":1},{"date":1638086400,"epoch_div":455024,"totals":{"load_avg":7.8720703125,"cpu_usage":300,"mem_used":25524695040,"mem_free":19044737024,"tcp_conns":280,"disk_usage_root":18.36,"disk_read_sec":519433,"disk_write_sec":240964,"disk_iops_sec":48,"io_wait":0,"open_files":0,"os_bytes_in_sec":5256,"os_bytes_out_sec":12138,"total_procs":1457},"count":3},{"date":1638090000,"epoch_div":455025,"totals":{"load_avg":5.2353515625,"cpu_usage":200,"mem_used":17060794368,"mem_free":12700663808,"tcp_conns":189,"disk_usage_root":12.24,"disk_read_sec":19736273,"disk_write_sec":6582871,"disk_iops_sec":225,"io_wait":0,"open_files":0,"os_bytes_in_sec":20483,"os_bytes_out_sec":31662,"total_procs":969},"count":2},{"date":1638093600,"epoch_div":455026,"totals":{"load_avg":3.869140625,"cpu_usage":200,"mem_used":17086500864,"mem_free":12754337792,"tcp_conns":191,"disk_usage_root":12.24,"disk_read_sec":1988783,"disk_write_sec":312815,"disk_iops_sec":216,"io_wait":0,"open_files":0,"os_bytes_in_sec":25694,"os_bytes_out_sec":4109,"total_procs":968},"count":2},{"date":1638097200,"epoch_div":455027,"totals":{"load_avg":1.837890625,"cpu_usage":100,"mem_used":8551817216,"mem_free":6394220544,"tcp_conns":93,"disk_usage_root":6.12,"disk_read_sec":22615,"disk_write_sec":4301,"disk_iops_sec":1,"io_wait":0,"open_files":0,"os_bytes_in_sec":209,"os_bytes_out_sec":124,"total_procs":484},"count":1},{"date":1638100800,"epoch_div":455028,"totals":{"load_avg":4.029296875,"cpu_usage":200,"mem_used":17043427328,"mem_free":12721676288,"tcp_conns":172,"disk_usage_root":12.24,"disk_read_sec":1088097,"disk_write_sec":1680576,"disk_iops_sec":112,"io_wait":0,"open_files":0,"os_bytes_in_sec":5836,"os_bytes_out_sec":10952,"total_procs":977},"count":2},{"date":1638104400,"epoch_div":455029,"totals":{"load_avg":4.7470703125,"cpu_usage":200,"mem_used":17045835776,"mem_free":12772007936,"tcp_conns":173,"disk_usage_root":12.24,"disk_read_sec":615947,"disk_write_sec":254725,"disk_iops_sec":63,"io_wait":0,"open_files":0,"os_bytes_in_sec":6208,"os_bytes_out_sec":12277,"total_procs":969},"count":2},{"date":1638108000,"epoch_div":455030,"totals":{"load_avg":42.82080078125,"cpu_usage":600,"mem_used":51158618112,"mem_free":38538760192,"tcp_conns":524,"disk_usage_root":36.72,"disk_read_sec":23832730,"disk_write_sec":20060831,"disk_iops_sec":930,"io_wait":0,"open_files":0,"os_bytes_in_sec":169062,"os_bytes_out_sec":36020,"total_procs":2899},"count":6,"alerts":{"load_avg_high":true}},{"date":1638111600,"epoch_div":455031,"totals":{"load_avg":111.20751953125,"cpu_usage":4100,"mem_used":348120977408,"mem_free":265061003264,"tcp_conns":3555,"disk_usage_root":250.92000000000013,"disk_read_sec":138016355,"disk_write_sec":105173430,"disk_iops_sec":4755,"io_wait":0,"open_files":0,"os_bytes_in_sec":458346,"os_bytes_out_sec":95850,"total_procs":19861},"count":41},{"date":1638115200,"epoch_div":455032,"totals":{"load_avg":69.30126953125,"cpu_usage":2700,"mem_used":229791932416,"mem_free":177350914048,"tcp_conns":2551,"disk_usage_root":165.24000000000007,"disk_read_sec":69875386,"disk_write_sec":46022384,"disk_iops_sec":2528,"io_wait":0,"open_files":0,"os_bytes_in_sec":226556,"os_bytes_out_sec":128106,"total_procs":13556},"count":27},{"date":1638118800,"epoch_div":455033,"totals":{"load_avg":80.203125,"cpu_usage":3300,"mem_used":280972742656,"mem_free":216166612992,"tcp_conns":2738,"disk_usage_root":201.9600000000001,"disk_read_sec":50910756,"disk_write_sec":16368633,"disk_iops_sec":3147,"io_wait":0,"open_files":0,"os_bytes_in_sec":41513,"os_bytes_out_sec":46110,"total_procs":16579},"count":33},{"date":1638122400,"epoch_div":455034,"totals":{"load_avg":153.9638671875,"cpu_usage":6000,"mem_used":505794084864,"mem_free":391671463936,"tcp_conns":5470,"disk_usage_root":367.2000000000002,"disk_read_sec":111250741,"disk_write_sec":79773302,"disk_iops_sec":4471,"io_wait":0,"open_files":0,"os_bytes_in_sec":1254249,"os_bytes_out_sec":179590,"total_procs":30228},"count":60},{"date":1638126000,"epoch_div":455035,"totals":{"load_avg":168.77099609375,"cpu_usage":6000,"mem_used":510766039040,"mem_free":385132756992,"tcp_conns":5043,"disk_usage_root":367.2000000000002,"disk_read_sec":16708688,"disk_write_sec":19601239,"disk_iops_sec":1561,"io_wait":0,"open_files":0,"os_bytes_in_sec":76726,"os_bytes_out_sec":100172,"total_procs":30074},"count":60},{"date":1638129600,"epoch_div":455036,"totals":{"load_avg":60.05615234375,"cpu_usage":2300,"mem_used":195680378880,"mem_free":145605066752,"tcp_conns":1891,"disk_usage_root":140.76000000000005,"disk_read_sec":5556850,"disk_write_sec":7850666,"disk_iops_sec":543,"io_wait":0,"open_files":0,"os_bytes_in_sec":20799,"os_bytes_out_sec":26987,"total_procs":11558},"count":23},{"date":1638133200,"epoch_div":455037,"totals":{"load_avg":2.32666015625,"cpu_usage":100,"mem_used":8512598016,"mem_free":6205898752,"tcp_conns":88,"disk_usage_root":6.12,"disk_read_sec":22406,"disk_write_sec":6323,"disk_iops_sec":0,"io_wait":0,"open_files":0,"os_bytes_in_sec":117,"os_bytes_out_sec":47,"total_procs":505},"count":1},{"date":1638136800,"epoch_div":455038,"totals":{"load_avg":63.1005859375,"cpu_usage":1400,"mem_used":116502548480,"mem_free":94534148096,"tcp_conns":1455,"disk_usage_root":85.68,"disk_read_sec":56985791,"disk_write_sec":20127818,"disk_iops_sec":1707,"io_wait":0,"open_files":0,"os_bytes_in_sec":1270301,"os_bytes_out_sec":141565,"total_procs":7031},"count":14,"alerts":{"load_avg_high":true}},{"date":1638140400,"epoch_div":455039,"totals":{"load_avg":130.36962890625,"cpu_usage":3600,"mem_used":303744839680,"mem_free":234689003520,"tcp_conns":3346,"disk_usage_root":220.3200000000001,"disk_read_sec":38477208,"disk_write_sec":34710623,"disk_iops_sec":3173,"io_wait":0,"open_files":0,"os_bytes_in_sec":3642043,"os_bytes_out_sec":327256,"total_procs":18090},"count":36},{"date":1638144000,"epoch_div":455040,"totals":{"load_avg":126.12939453125,"cpu_usage":4800,"mem_used":407121252352,"mem_free":300847947776,"tcp_conns":4568,"disk_usage_root":293.76000000000016,"disk_read_sec":109619589,"disk_write_sec":74708867,"disk_iops_sec":4806,"io_wait":0,"open_files":0,"os_bytes_in_sec":3697902,"os_bytes_out_sec":252014,"total_procs":24158},"count":48},{"date":1638147600,"epoch_div":455041,"totals":{"load_avg":17.357421875,"cpu_usage":800,"mem_used":68226887680,"mem_free":48465739776,"tcp_conns":673,"disk_usage_root":48.959999999999994,"disk_read_sec":6804778,"disk_write_sec":7589747,"disk_iops_sec":365,"io_wait":0,"open_files":0,"os_bytes_in_sec":14184,"os_bytes_out_sec":32971,"total_procs":4019},"count":8},{"date":1638151200,"epoch_div":455042,"totals":{"load_avg":2.34912109375,"cpu_usage":100,"mem_used":8545267712,"mem_free":5931085824,"tcp_conns":92,"disk_usage_root":6.12,"disk_read_sec":34998,"disk_write_sec":35964,"disk_iops_sec":1,"io_wait":0,"open_files":0,"os_bytes_in_sec":190,"os_bytes_out_sec":50,"total_procs":502},"count":1},{"date":1638154800,"epoch_div":455043,"totals":{"load_avg":3.5361328125,"cpu_usage":200,"mem_used":17098903552,"mem_free":11860496384,"tcp_conns":183,"disk_usage_root":12.24,"disk_read_sec":5448266,"disk_write_sec":2770750,"disk_iops_sec":200,"io_wait":0,"open_files":0,"os_bytes_in_sec":7501,"os_bytes_out_sec":14484,"total_procs":1007},"count":2},{"date":1638158400,"epoch_div":455044,"totals":{"load_avg":3.57861328125,"cpu_usage":200,"mem_used":17118175232,"mem_free":11871559680,"tcp_conns":182,"disk_usage_root":12.24,"disk_read_sec":1712909,"disk_write_sec":1359533,"disk_iops_sec":83,"io_wait":0,"open_files":0,"os_bytes_in_sec":6707,"os_bytes_out_sec":26169,"total_procs":1008},"count":2},{"date":1638162000,"epoch_div":455045,"totals":{"load_avg":4.39453125,"cpu_usage":200,"mem_used":17048104960,"mem_free":11982729216,"tcp_conns":192,"disk_usage_root":12.24,"disk_read_sec":7256124,"disk_write_sec":5286302,"disk_iops_sec":277,"io_wait":0,"open_files":0,"os_bytes_in_sec":23709,"os_bytes_out_sec":7196,"total_procs":1011},"count":2},{"date":1638165600,"epoch_div":455046,"totals":{"load_avg":8.640625,"cpu_usage":400,"mem_used":33962172416,"mem_free":23997218816,"tcp_conns":382,"disk_usage_root":24.48,"disk_read_sec":4272247,"disk_write_sec":6429004,"disk_iops_sec":319,"io_wait":0,"open_files":0,"os_bytes_in_sec":4840,"os_bytes_out_sec":14929,"total_procs":2024},"count":4},{"date":1638169200,"epoch_div":455047,"totals":{"load_avg":2.3017578125,"cpu_usage":100,"mem_used":8505077760,"mem_free":5996146688,"tcp_conns":90,"disk_usage_root":6.12,"disk_read_sec":12655,"disk_write_sec":3505,"disk_iops_sec":0,"io_wait":0,"open_files":0,"os_bytes_in_sec":229,"os_bytes_out_sec":240,"total_procs":503},"count":1},{"date":1638172800,"epoch_div":455048,"totals":{"load_avg":6.20947265625,"cpu_usage":200,"mem_used":17069047808,"mem_free":12100501504,"tcp_conns":186,"disk_usage_root":12.24,"disk_read_sec":6684619,"disk_write_sec":4911824,"disk_iops_sec":93,"io_wait":0,"open_files":0,"os_bytes_in_sec":6383,"os_bytes_out_sec":15109,"total_procs":1009},"count":2},{"date":1638176400,"epoch_div":455049,"totals":{"load_avg":8.7392578125,"cpu_usage":200,"mem_used":17117380608,"mem_free":12121915392,"tcp_conns":190,"disk_usage_root":12.24,"disk_read_sec":2333552,"disk_write_sec":1546400,"disk_iops_sec":97,"io_wait":0,"open_files":0,"os_bytes_in_sec":4948,"os_bytes_out_sec":14232,"total_procs":1007},"count":2},{"date":1638180000,"epoch_div":455050,"totals":{"load_avg":8.42138671875,"cpu_usage":200,"mem_used":17084637184,"mem_free":11952914432,"tcp_conns":179,"disk_usage_root":12.24,"disk_read_sec":5256801,"disk_write_sec":2959232,"disk_iops_sec":169,"io_wait":0,"open_files":0,"os_bytes_in_sec":7388,"os_bytes_out_sec":18646,"total_procs":1008},"count":2},{"date":1638183600,"epoch_div":455051,"totals":{"load_avg":6.3349609375,"cpu_usage":200,"mem_used":17126977536,"mem_free":11949510656,"tcp_conns":183,"disk_usage_root":12.24,"disk_read_sec":1709235,"disk_write_sec":756012,"disk_iops_sec":86,"io_wait":0,"open_files":0,"os_bytes_in_sec":4666,"os_bytes_out_sec":5506,"total_procs":1008},"count":2},{"date":1638187200,"epoch_div":455052,"totals":{"load_avg":4.72412109375,"cpu_usage":200,"mem_used":17003753472,"mem_free":12038438912,"tcp_conns":204,"disk_usage_root":12.24,"disk_read_sec":3451027,"disk_write_sec":484221,"disk_iops_sec":177,"io_wait":0,"open_files":0,"os_bytes_in_sec":3051,"os_bytes_out_sec":5647,"total_procs":1010},"count":2},{"date":1638190800,"epoch_div":455053,"totals":{"load_avg":2.2451171875,"cpu_usage":100,"mem_used":8514895872,"mem_free":6029475840,"tcp_conns":94,"disk_usage_root":6.12,"disk_read_sec":17524,"disk_write_sec":4059,"disk_iops_sec":0,"io_wait":0,"open_files":0,"os_bytes_in_sec":162,"os_bytes_out_sec":173,"total_procs":503},"count":1},{"date":1638194400,"epoch_div":455054,"totals":{"load_avg":89.251953125,"cpu_usage":3500,"mem_used":296615866368,"mem_free":216855912448,"tcp_conns":3722,"disk_usage_root":214.2000000000001,"disk_read_sec":116259504,"disk_write_sec":82814494,"disk_iops_sec":4286,"io_wait":0,"open_files":0,"os_bytes_in_sec":690247,"os_bytes_out_sec":190567,"total_procs":18179},"count":35},{"date":1638198000,"epoch_div":455055,"totals":{"load_avg":158.36865234375,"cpu_usage":6000,"mem_used":510758727680,"mem_free":378424070144,"tcp_conns":5489,"disk_usage_root":367.2000000000002,"disk_read_sec":87041406,"disk_write_sec":61437224,"disk_iops_sec":3812,"io_wait":0,"open_files":0,"os_bytes_in_sec":578239,"os_bytes_out_sec":146004,"total_procs":31468},"count":60},{"date":1638201600,"epoch_div":455056,"totals":{"load_avg":43.53466796875,"cpu_usage":1700,"mem_used":144944660480,"mem_free":106913579008,"tcp_conns":1436,"disk_usage_root":104.04000000000002,"disk_read_sec":18736814,"disk_write_sec":16841171,"disk_iops_sec":804,"io_wait":0,"open_files":0,"os_bytes_in_sec":22619,"os_bytes_out_sec":40125,"total_procs":8963},"count":17},{"date":1638205200,"epoch_div":455057,"totals":{"load_avg":143.89453125,"cpu_usage":5500,"mem_used":468111556608,"mem_free":347790802944,"tcp_conns":5269,"disk_usage_root":336.6000000000002,"disk_read_sec":195547691,"disk_write_sec":148910180,"disk_iops_sec":5676,"io_wait":0,"open_files":0,"os_bytes_in_sec":593489,"os_bytes_out_sec":249075,"total_procs":29154},"count":55},{"date":1638208800,"epoch_div":455058,"totals":{"load_avg":154.23486328125,"cpu_usage":5700,"mem_used":484762157056,"mem_free":361787744256,"tcp_conns":5116,"disk_usage_root":348.8400000000002,"disk_read_sec":204257032,"disk_write_sec":188934732,"disk_iops_sec":4945,"io_wait":0,"open_files":0,"os_bytes_in_sec":1439736,"os_bytes_out_sec":370255,"total_procs":30127},"count":57},{"date":1638212400,"epoch_div":455059,"totals":{"load_avg":19.4091796875,"cpu_usage":400,"mem_used":34234064896,"mem_free":25827835904,"tcp_conns":362,"disk_usage_root":24.48,"disk_read_sec":20287539,"disk_write_sec":15385151,"disk_iops_sec":531,"io_wait":0,"open_files":0,"os_bytes_in_sec":19019,"os_bytes_out_sec":51501,"total_procs":2104},"count":4},{"date":1638216000,"epoch_div":455060,"totals":{"load_avg":185.15283203125,"cpu_usage":5000,"mem_used":422636376064,"mem_free":320947814400,"tcp_conns":5345,"disk_usage_root":306.00000000000017,"disk_read_sec":494442391,"disk_write_sec":446957677,"disk_iops_sec":10729,"io_wait":0,"open_files":0,"os_bytes_in_sec":5681865,"os_bytes_out_sec":423899,"total_procs":26685},"count":50,"alerts":{"load_avg_high":true}},{"date":1638219600,"epoch_div":455061,"totals":{"load_avg":160.9150390625,"cpu_usage":6000,"mem_used":508585725952,"mem_free":367175151616,"tcp_conns":5714,"disk_usage_root":367.2000000000002,"disk_read_sec":191527832,"disk_write_sec":166647617,"disk_iops_sec":5057,"io_wait":0,"open_files":0,"os_bytes_in_sec":5188792,"os_bytes_out_sec":203920,"total_procs":32325},"count":60},{"date":1638223200,"epoch_div":455062,"totals":{"load_avg":167.38671875,"cpu_usage":6000,"mem_used":507949035520,"mem_free":367513591808,"tcp_conns":5512,"disk_usage_root":367.2000000000002,"disk_read_sec":320423208,"disk_write_sec":277297063,"disk_iops_sec":6404,"io_wait":0,"open_files":0,"os_bytes_in_sec":6363662,"os_bytes_out_sec":243681,"total_procs":32743},"count":60},{"date":1638226800,"epoch_div":455063,"totals":{"load_avg":184.59814453125,"cpu_usage":6000,"mem_used":501322240000,"mem_free":363605852160,"tcp_conns":5825,"disk_usage_root":367.2000000000002,"disk_read_sec":688381223,"disk_write_sec":522105571,"disk_iops_sec":9612,"io_wait":0,"open_files":0,"os_bytes_in_sec":8335234,"os_bytes_out_sec":299308,"total_procs":33118},"count":60},{"date":1638230400,"epoch_div":455064,"totals":{"load_avg":165.451171875,"cpu_usage":6000,"mem_used":487026393088,"mem_free":385751752704,"tcp_conns":6232,"disk_usage_root":367.2000000000002,"disk_read_sec":873856996,"disk_write_sec":855415237,"disk_iops_sec":11556,"io_wait":0,"open_files":0,"os_bytes_in_sec":1948805,"os_bytes_out_sec":296026,"total_procs":33000},"count":60},{"date":1638234000,"epoch_div":455065,"totals":{"load_avg":169.0302734375,"cpu_usage":5500,"mem_used":444996780032,"mem_free":367964606464,"tcp_conns":5363,"disk_usage_root":336.6000000000002,"disk_read_sec":935394843,"disk_write_sec":901461185,"disk_iops_sec":11677,"io_wait":0,"open_files":0,"os_bytes_in_sec":546166,"os_bytes_out_sec":275539,"total_procs":28621},"count":55,"alerts":{"load_avg_high":true}},{"date":1638237600,"epoch_div":455066,"totals":{"load_avg":229.77392578125,"cpu_usage":6000,"mem_used":468055425024,"mem_free":412203319296,"tcp_conns":6877,"disk_usage_root":367.2000000000002,"disk_read_sec":3143696588,"disk_write_sec":3067803077,"disk_iops_sec":33673,"io_wait":0,"open_files":0,"os_bytes_in_sec":5944875,"os_bytes_out_sec":475719,"total_procs":25651},"count":60,"alerts":{"load_avg_high":true}},{"date":1638241200,"epoch_div":455067,"totals":{"load_avg":203.99365234375,"cpu_usage":6000,"mem_used":486596468736,"mem_free":385788162048,"tcp_conns":5068,"disk_usage_root":367.2000000000002,"disk_read_sec":1410224950,"disk_write_sec":1310328518,"disk_iops_sec":15352,"io_wait":0,"open_files":0,"os_bytes_in_sec":1760478,"os_bytes_out_sec":255127,"total_procs":22994},"count":60},{"date":1638244800,"epoch_div":455068,"totals":{"load_avg":206.92431640625,"cpu_usage":6000,"mem_used":493225541632,"mem_free":387451330560,"tcp_conns":4983,"disk_usage_root":367.2000000000002,"disk_read_sec":1210536611,"disk_write_sec":1139878410,"disk_iops_sec":14288,"io_wait":0,"open_files":0,"os_bytes_in_sec":1032070,"os_bytes_out_sec":319783,"total_procs":23556},"count":60,"alerts":{"load_avg_high":true}},{"date":1638248400,"epoch_div":455069,"totals":{"load_avg":75.85546875,"cpu_usage":2700,"mem_used":220617121792,"mem_free":183186980864,"tcp_conns":2165,"disk_usage_root":165.24000000000007,"disk_read_sec":607504187,"disk_write_sec":713748379,"disk_iops_sec":8434,"io_wait":0,"open_files":0,"os_bytes_in_sec":175427,"os_bytes_out_sec":147936,"total_procs":10715},"count":27},{"date":1638252000,"epoch_div":455070,"totals":{"load_avg":33.158203125,"cpu_usage":1100,"mem_used":93412859904,"mem_free":74889183232,"tcp_conns":804,"disk_usage_root":67.32,"disk_read_sec":41502169,"disk_write_sec":30728938,"disk_iops_sec":1013,"io_wait":0,"open_files":0,"os_bytes_in_sec":38403,"os_bytes_out_sec":30393,"total_procs":3823},"count":11},{"date":1638280800,"epoch_div":455078,"totals":{"load_avg":2.05517578125,"cpu_usage":100,"mem_used":4727906304,"mem_free":8022298624,"tcp_conns":55,"disk_usage_root":6.12,"disk_read_sec":114219,"disk_write_sec":175203,"disk_iops_sec":1,"io_wait":0,"open_files":0,"os_bytes_in_sec":0,"os_bytes_out_sec":0,"total_procs":370},"count":1},{"date":1638288000,"epoch_div":455080,"totals":{"load_avg":225.4833984375,"cpu_usage":5200,"mem_used":432891994112,"mem_free":343039025152,"tcp_conns":7563,"disk_usage_root":318.2400000000002,"disk_read_sec":684941135,"disk_write_sec":567237031,"disk_iops_sec":15253,"io_wait":0,"open_files":0,"os_bytes_in_sec":7584188,"os_bytes_out_sec":969086,"total_procs":20663},"count":52,"alerts":{"load_avg_high":true}},{"date":1638291600,"epoch_div":455081,"totals":{"load_avg":198.6845703125,"cpu_usage":5800,"mem_used":489191161856,"mem_free":367141142528,"tcp_conns":7825,"disk_usage_root":354.9600000000002,"disk_read_sec":638731661,"disk_write_sec":490192670,"disk_iops_sec":11875,"io_wait":0,"open_files":0,"os_bytes_in_sec":715821,"os_bytes_out_sec":718854,"total_procs":24937},"count":58,"alerts":{"load_avg_high":true}},{"date":1638295200,"epoch_div":455082,"totals":{"load_avg":70.64501953125,"cpu_usage":2500,"mem_used":208128405504,"mem_free":156057526272,"tcp_conns":3103,"disk_usage_root":153.00000000000006,"disk_read_sec":165440307,"disk_write_sec":149112867,"disk_iops_sec":3532,"io_wait":0,"open_files":0,"os_bytes_in_sec":187252,"os_bytes_out_sec":281414,"total_procs":10823},"count":25},{"date":1638306000,"epoch_div":455085,"totals":{"load_avg":34.75830078125,"cpu_usage":1000,"mem_used":82406113280,"mem_free":65622036480,"tcp_conns":1377,"disk_usage_root":61.19999999999999,"disk_read_sec":281926617,"disk_write_sec":258508726,"disk_iops_sec":4173,"io_wait":0,"open_files":0,"os_bytes_in_sec":369674,"os_bytes_out_sec":126319,"total_procs":4473},"count":10},{"date":1638309600,"epoch_div":455086,"totals":{"load_avg":162.86181640625,"cpu_usage":5500,"mem_used":460775432192,"mem_free":356272197632,"tcp_conns":6825,"disk_usage_root":336.6000000000002,"disk_read_sec":749599185,"disk_write_sec":676937595,"disk_iops_sec":11434,"io_wait":0,"open_files":0,"os_bytes_in_sec":1946931,"os_bytes_out_sec":607046,"total_procs":24725},"count":55},{"date":1638313200,"epoch_div":455087,"totals":{"load_avg":212.5224609375,"cpu_usage":6000,"mem_used":503407308800,"mem_free":369776111616,"tcp_conns":7386,"disk_usage_root":367.2000000000002,"disk_read_sec":216100347,"disk_write_sec":168392009,"disk_iops_sec":5757,"io_wait":0,"open_files":0,"os_bytes_in_sec":3812358,"os_bytes_out_sec":654768,"total_procs":26965},"count":60},{"date":1638316800,"epoch_div":455088,"totals":{"load_avg":226.5185546875,"cpu_usage":6000,"mem_used":509428142080,"mem_free":360818626560,"tcp_conns":9018,"disk_usage_root":367.2000000000002,"disk_read_sec":226768136,"disk_write_sec":170658651,"disk_iops_sec":6773,"io_wait":0,"open_files":0,"os_bytes_in_sec":3876748,"os_bytes_out_sec":935210,"total_procs":26974},"count":60},{"date":1638320400,"epoch_div":455089,"totals":{"load_avg":180.83154296875,"cpu_usage":5100,"mem_used":430480392192,"mem_free":308700467200,"tcp_conns":6704,"disk_usage_root":312.1200000000002,"disk_read_sec":218842327,"disk_write_sec":192291300,"disk_iops_sec":4699,"io_wait":0,"open_files":0,"os_bytes_in_sec":1421738,"os_bytes_out_sec":495052,"total_procs":23047},"count":51},{"date":1638324000,"epoch_div":455090,"totals":{"load_avg":30.1015625,"cpu_usage":600,"mem_used":48795668480,"mem_free":38105784320,"tcp_conns":677,"disk_usage_root":36.72,"disk_read_sec":84151469,"disk_write_sec":253754219,"disk_iops_sec":2206,"io_wait":0,"open_files":0,"os_bytes_in_sec":12593,"os_bytes_out_sec":27687,"total_procs":2741},"count":6},{"date":1638327600,"epoch_div":455091,"totals":{"load_avg":140.78662109375,"cpu_usage":5300,"mem_used":426336681984,"mem_free":340252540928,"tcp_conns":5320,"disk_usage_root":324.3600000000002,"disk_read_sec":370938069,"disk_write_sec":433035144,"disk_iops_sec":6610,"io_wait":0,"open_files":0,"os_bytes_in_sec":700300,"os_bytes_out_sec":146655,"total_procs":23601},"count":53},{"date":1638331200,"epoch_div":455092,"totals":{"load_avg":155.2919921875,"cpu_usage":6000,"mem_used":492633059328,"mem_free":390077710336,"tcp_conns":5419,"disk_usage_root":367.2000000000002,"disk_read_sec":209725202,"disk_write_sec":207141360,"disk_iops_sec":3887,"io_wait":0,"open_files":0,"os_bytes_in_sec":78502,"os_bytes_out_sec":74344,"total_procs":26959},"count":60}]}