{"type":"list_page","items":[{"date":1638320400,"epoch_div":27305340,"totals":{"load_avg":3.44775390625,"cpu_usage":100,"mem_used":8421081088,"mem_free":5923557376,"tcp_conns":173,"disk_usage_root":6.12,"disk_read_sec":4917179,"disk_write_sec":2824601,"disk_iops_sec":196,"io_wait":0,"open_files":0,"os_bytes_in_sec":70990,"os_bytes_out_sec":27205,"total_procs":449},"count":1},{"date":1638320460,"epoch_div":27305341,"totals":{"load_avg":3.60693359375,"cpu_usage":100,"mem_used":8466681856,"mem_free":5871833088,"tcp_conns":161,"disk_usage_root":6.12,"disk_read_sec":2918331,"disk_write_sec":1233715,"disk_iops_sec":129,"io_wait":0,"open_files":0,"os_bytes_in_sec":51763,"os_bytes_out_sec":16030,"total_procs":450},"count":1},{"date":1638320520,"epoch_div":27305342,"totals":{"load_avg":7.90966796875,"cpu_usage":100,"mem_used":8471027712,"mem_free":5869441024,"tcp_conns":183,"disk_usage_root":6.12,"disk_read_sec":4334114,"disk_write_sec":1851323,"disk_iops_sec":184,"io_wait":0,"open_files":0,"os_bytes_in_sec":68139,"os_bytes_out_sec":25242,"total_procs":449},"count":1},{"date":1638320580,"epoch_div":27305343,"totals":{"load_avg":7.1337890625,"cpu_usage":100,"mem_used":8447270912,"mem_free":6035841024,"tcp_conns":166,"disk_usage_root":6.12,"disk_read_sec":8529305,"disk_write_sec":2602939,"disk_iops_sec":152,"io_wait":0,"open_files":0,"os_bytes_in_sec":58300,"os_bytes_out_sec":16343,"total_procs":450},"count":1},{"date":1638320640,"epoch_div":27305344,"totals":{"load_avg":4.4111328125,"cpu_usage":100,"mem_used":8569405440,"mem_free":6038523904,"tcp_conns":152,"disk_usage_root":6.12,"disk_read_sec":1660129,"disk_write_sec":232361,"disk_iops_sec":61,"io_wait":0,"open_files":0,"os_bytes_in_sec":68749,"os_bytes_out_sec":14109,"total_procs":452},"count":1},{"date":1638320700,"epoch_div":27305345,"totals":{"load_avg":4.09130859375,"cpu_usage":100,"mem_used":8494157824,"mem_free":6009778176,"tcp_conns":147,"disk_usage_root":6.12,"disk_read_sec":2788570,"disk_write_sec":5009878,"disk_iops_sec":72,"io_wait":0,"open_files":0,"os_bytes_in_sec":55725,"os_bytes_out_sec":7127,"total_procs":452},"count":1},{"date":1638320760,"epoch_div":27305346,"totals":{"load_avg":3.4267578125,"cpu_usage":100,"mem_used":8557666304,"mem_free":5929787392,"tcp_conns":142,"disk_usage_root":6.12,"disk_read_sec":2897100,"disk_write_sec":4786858,"disk_iops_sec":76,"io_wait":0,"open_files":0,"os_bytes_in_sec":58537,"os_bytes_out_sec":12679,"total_procs":450},"count":1},{"date":1638320820,"epoch_div":27305347,"totals":{"load_avg":3.39453125,"cpu_usage":100,"mem_used":8475127808,"mem_free":5922816000,"tcp_conns":129,"disk_usage_root":6.12,"disk_read_sec":692019,"disk_write_sec":2265429,"disk_iops_sec":42,"io_wait":0,"open_files":0,"os_bytes_in_sec":51514,"os_bytes_out_sec":5650,"total_procs":448},"count":1},{"date":1638320880,"epoch_div":27305348,"totals":{"load_avg":3.25048828125,"cpu_usage":100,"mem_used":8551120896,"mem_free":5924610048,"tcp_conns":133,"disk_usage_root":6.12,"disk_read_sec":2961203,"disk_write_sec":916343,"disk_iops_sec":79,"io_wait":0,"open_files":0,"os_bytes_in_sec":55049,"os_bytes_out_sec":9522,"total_procs":451},"count":1},{"date":1638320940,"epoch_div":27305349,"totals":{"load_avg":5.27978515625,"cpu_usage":100,"mem_used":8556482560,"mem_free":5969915904,"tcp_conns":153,"disk_usage_root":6.12,"disk_read_sec":8882858,"disk_write_sec":5173111,"disk_iops_sec":212,"io_wait":0,"open_files":0,"os_bytes_in_sec":91885,"os_bytes_out_sec":13638,"total_procs":452},"count":1},{"date":1638321000,"epoch_div":27305350,"totals":{"load_avg":4.0244140625,"cpu_usage":100,"mem_used":8344944640,"mem_free":5917728768,"tcp_conns":174,"disk_usage_root":6.12,"disk_read_sec":6245124,"disk_write_sec":7168872,"disk_iops_sec":164,"io_wait":0,"open_files":0,"os_bytes_in_sec":69254,"os_bytes_out_sec":27742,"total_procs":450},"count":1},{"date":1638321060,"epoch_div":27305351,"totals":{"load_avg":3.65234375,"cpu_usage":100,"mem_used":8502497280,"mem_free":5870338048,"tcp_conns":159,"disk_usage_root":6.12,"disk_read_sec":2716064,"disk_write_sec":242149,"disk_iops_sec":102,"io_wait":0,"open_files":0,"os_bytes_in_sec":66127,"os_bytes_out_sec":12815,"total_procs":450},"count":1},{"date":1638321120,"epoch_div":27305352,"totals":{"load_avg":3.01171875,"cpu_usage":100,"mem_used":8471924736,"mem_free":5841502208,"tcp_conns":173,"disk_usage_root":6.12,"disk_read_sec":5652343,"disk_write_sec":1941913,"disk_iops_sec":147,"io_wait":0,"open_files":0,"os_bytes_in_sec":63939,"os_bytes_out_sec":18108,"total_procs":452},"count":1},{"date":1638321180,"epoch_div":27305353,"totals":{"load_avg":4.36279296875,"cpu_usage":100,"mem_used":8480706560,"mem_free":5870252032,"tcp_conns":177,"disk_usage_root":6.12,"disk_read_sec":3895500,"disk_write_sec":3063671,"disk_iops_sec":128,"io_wait":0,"open_files":0,"os_bytes_in_sec":60646,"os_bytes_out_sec":27669,"total_procs":451},"count":1},{"date":1638321240,"epoch_div":27305354,"totals":{"load_avg":3.62255859375,"cpu_usage":100,"mem_used":8552660992,"mem_free":5886701568,"tcp_conns":162,"disk_usage_root":6.12,"disk_read_sec":3201911,"disk_write_sec":673177,"disk_iops_sec":129,"io_wait":0,"open_files":0,"os_bytes_in_sec":63345,"os_bytes_out_sec":17842,"total_procs":448},"count":1},{"date":1638321300,"epoch_div":27305355,"totals":{"load_avg":2.80126953125,"cpu_usage":100,"mem_used":8562671616,"mem_free":5872623616,"tcp_conns":150,"disk_usage_root":6.12,"disk_read_sec":652970,"disk_write_sec":1136230,"disk_iops_sec":39,"io_wait":0,"open_files":0,"os_bytes_in_sec":51609,"os_bytes_out_sec":6177,"total_procs":450},"count":1},{"date":1638321360,"epoch_div":27305356,"totals":{"load_avg":2.87890625,"cpu_usage":100,"mem_used":8567488512,"mem_free":5860737024,"tcp_conns":139,"disk_usage_root":6.12,"disk_read_sec":878523,"disk_write_sec":1242453,"disk_iops_sec":52,"io_wait":0,"open_files":0,"os_bytes_in_sec":57814,"os_bytes_out_sec":8989,"total_procs":448},"count":1},{"date":1638321420,"epoch_div":27305357,"totals":{"load_avg":2.94287109375,"cpu_usage":100,"mem_used":8570564608,"mem_free":6982144000,"tcp_conns":134,"disk_usage_root":6.12,"disk_read_sec":29936522,"disk_write_sec":13388078,"disk_iops_sec":363,"io_wait":0,"open_files":0,"os_bytes_in_sec":114570,"os_bytes_out_sec":9097,"total_procs":452},"count":1},{"date":1638321480,"epoch_div":27305358,"totals":{"load_avg":6.525390625,"cpu_usage":100,"mem_used":6496759808,"mem_free":6940139520,"tcp_conns":129,"disk_usage_root":6.12,"disk_read_sec":10360217,"disk_write_sec":44947660,"disk_iops_sec":244,"io_wait":0,"open_files":0,"os_bytes_in_sec":44340,"os_bytes_out_sec":11063,"total_procs":452},"count":1},{"date":1638321540,"epoch_div":27305359,"totals":{"load_avg":4.4970703125,"cpu_usage":100,"mem_used":7478394880,"mem_free":6778609664,"tcp_conns":120,"disk_usage_root":6.12,"disk_read_sec":13350700,"disk_write_sec":1129154,"disk_iops_sec":101,"io_wait":0,"open_files":0,"os_bytes_in_sec":55352,"os_bytes_out_sec":7994,"total_procs":452},"count":1},{"date":1638321600,"epoch_div":27305360,"totals":{"load_avg":4.15087890625,"cpu_usage":100,"mem_used":8449794048,"mem_free":5986160640,"tcp_conns":150,"disk_usage_root":6.12,"disk_read_sec":18410311,"disk_write_sec":9413950,"disk_iops_sec":232,"io_wait":0,"open_files":0,"os_bytes_in_sec":12718,"os_bytes_out_sec":23410,"total_procs":453},"count":1},{"date":1638321660,"epoch_div":27305361,"totals":{"load_avg":3.42333984375,"cpu_usage":100,"mem_used":8569036800,"mem_free":5991170048,"tcp_conns":145,"disk_usage_root":6.12,"disk_read_sec":6780040,"disk_write_sec":4323328,"disk_iops_sec":111,"io_wait":0,"open_files":0,"os_bytes_in_sec":12975,"os_bytes_out_sec":20279,"total_procs":452},"count":1},{"date":1638321720,"epoch_div":27305362,"totals":{"load_avg":3.0361328125,"cpu_usage":100,"mem_used":8546254848,"mem_free":5935210496,"tcp_conns":135,"disk_usage_root":6.12,"disk_read_sec":3476070,"disk_write_sec":4599603,"disk_iops_sec":96,"io_wait":0,"open_files":0,"os_bytes_in_sec":4762,"os_bytes_out_sec":7359,"total_procs":452},"count":1},{"date":1638321780,"epoch_div":27305363,"totals":{"load_avg":3.4658203125,"cpu_usage":100,"mem_used":8568958976,"mem_free":5932621824,"tcp_conns":149,"disk_usage_root":6.12,"disk_read_sec":2716194,"disk_write_sec":2982297,"disk_iops_sec":47,"io_wait":0,"open_files":0,"os_bytes_in_sec":4790,"os_bytes_out_sec":6349,"total_procs":452},"count":1},{"date":1638321840,"epoch_div":27305364,"totals":{"load_avg":3.392578125,"cpu_usage":100,"mem_used":8548982784,"mem_free":5949911040,"tcp_conns":115,"disk_usage_root":6.12,"disk_read_sec":3846894,"disk_write_sec":3403229,"disk_iops_sec":70,"io_wait":0,"open_files":0,"os_bytes_in_sec":1376,"os_bytes_out_sec":2158,"total_procs":453},"count":1},{"date":1638321900,"epoch_div":27305365,"totals":{"load_avg":2.66650390625,"cpu_usage":100,"mem_used":8567214080,"mem_free":5937111040,"tcp_conns":128,"disk_usage_root":6.12,"disk_read_sec":3244100,"disk_write_sec":2717218,"disk_iops_sec":53,"io_wait":0,"open_files":0,"os_bytes_in_sec":4727,"os_bytes_out_sec":6633,"total_procs":453},"count":1},{"date":1638321960,"epoch_div":27305366,"totals":{"load_avg":2.30126953125,"cpu_usage":100,"mem_used":8462884864,"mem_free":5936033792,"tcp_conns":114,"disk_usage_root":6.12,"disk_read_sec":3355496,"disk_write_sec":5350181,"disk_iops_sec":70,"io_wait":0,"open_files":0,"os_bytes_in_sec":3493,"os_bytes_out_sec":5230,"total_procs":453},"count":1},{"date":1638322020,"epoch_div":27305367,"totals":{"load_avg":2.5234375,"cpu_usage":100,"mem_used":8503709696,"mem_free":5933576192,"tcp_conns":110,"disk_usage_root":6.12,"disk_read_sec":2135335,"disk_write_sec":1781135,"disk_iops_sec":49,"io_wait":0,"open_files":0,"os_bytes_in_sec":4055,"os_bytes_out_sec":5453,"total_procs":453},"count":1},{"date":1638322080,"epoch_div":27305368,"totals":{"load_avg":3.00732421875,"cpu_usage":100,"mem_used":8507887616,"mem_free":5914378240,"tcp_conns":116,"disk_usage_root":6.12,"disk_read_sec":2000622,"disk_write_sec":2644309,"disk_iops_sec":98,"io_wait":0,"open_files":0,"os_bytes_in_sec":3992,"os_bytes_out_sec":5598,"total_procs":453},"count":1},{"date":1638322140,"epoch_div":27305369,"totals":{"load_avg":2.4228515625,"cpu_usage":100,"mem_used":8570454016,"mem_free":5956075520,"tcp_conns":111,"disk_usage_root":6.12,"disk_read_sec":1783671,"disk_write_sec":1169885,"disk_iops_sec":39,"io_wait":0,"open_files":0,"os_bytes_in_sec":3671,"os_bytes_out_sec":4841,"total_procs":453},"count":1},{"date":1638322200,"epoch_div":27305370,"totals":{"load_avg":2.6806640625,"cpu_usage":100,"mem_used":8508289024,"mem_free":5958246400,"tcp_conns":113,"disk_usage_root":6.12,"disk_read_sec":2259353,"disk_write_sec":2693529,"disk_iops_sec":77,"io_wait":0,"open_files":0,"os_bytes_in_sec":3893,"os_bytes_out_sec":5523,"total_procs":452},"count":1},{"date":1638322260,"epoch_div":27305371,"totals":{"load_avg":2.6875,"cpu_usage":100,"mem_used":8403574784,"mem_free":5809025024,"tcp_conns":116,"disk_usage_root":6.12,"disk_read_sec":4677427,"disk_write_sec":7994368,"disk_iops_sec":72,"io_wait":0,"open_files":0,"os_bytes_in_sec":4222,"os_bytes_out_sec":5506,"total_procs":452},"count":1},{"date":1638322320,"epoch_div":27305372,"totals":{"load_avg":5.87060546875,"cpu_usage":100,"mem_used":8519327744,"mem_free":5798105088,"tcp_conns":114,"disk_usage_root":6.12,"disk_read_sec":2566007,"disk_write_sec":78574,"disk_iops_sec":79,"io_wait":0,"open_files":0,"os_bytes_in_sec":3389,"os_bytes_out_sec":4944,"total_procs":451},"count":1},{"date":1638322380,"epoch_div":27305373,"totals":{"load_avg":3.8369140625,"cpu_usage":100,"mem_used":8520253440,"mem_free":5896081408,"tcp_conns":117,"disk_usage_root":6.12,"disk_read_sec":7914837,"disk_write_sec":6770483,"disk_iops_sec":90,"io_wait":0,"open_files":0,"os_bytes_in_sec":3224,"os_bytes_out_sec":4985,"total_procs":454},"count":1},{"date":1638322440,"epoch_div":27305374,"totals":{"load_avg":3.1416015625,"cpu_usage":100,"mem_used":8570769408,"mem_free":5957828608,"tcp_conns":116,"disk_usage_root":6.12,"disk_read_sec":2299534,"disk_write_sec":94140,"disk_iops_sec":40,"io_wait":0,"open_files":0,"os_bytes_in_sec":4022,"os_bytes_out_sec":5898,"total_procs":453},"count":1},{"date":1638322500,"epoch_div":27305375,"totals":{"load_avg":2.494140625,"cpu_usage":100,"mem_used":8567971840,"mem_free":5991755776,"tcp_conns":111,"disk_usage_root":6.12,"disk_read_sec":1066070,"disk_write_sec":115243,"disk_iops_sec":39,"io_wait":0,"open_files":0,"os_bytes_in_sec":4094,"os_bytes_out_sec":5396,"total_procs":453},"count":1},{"date":1638322560,"epoch_div":27305376,"totals":{"load_avg":2.95068359375,"cpu_usage":100,"mem_used":8567357440,"mem_free":6061981696,"tcp_conns":108,"disk_usage_root":6.12,"disk_read_sec":937096,"disk_write_sec":78848,"disk_iops_sec":56,"io_wait":0,"open_files":0,"os_bytes_in_sec":2968,"os_bytes_out_sec":5035,"total_procs":451},"count":1},{"date":1638322620,"epoch_div":27305377,"totals":{"load_avg":2.544921875,"cpu_usage":100,"mem_used":8568786944,"mem_free":6131830784,"tcp_conns":111,"disk_usage_root":6.12,"disk_read_sec":1276654,"disk_write_sec":94549,"disk_iops_sec":29,"io_wait":0,"open_files":0,"os_bytes_in_sec":3648,"os_bytes_out_sec":5312,"total_procs":453},"count":1},{"date":1638322680,"epoch_div":27305378,"totals":{"load_avg":2.96826171875,"cpu_usage":100,"mem_used":8567582720,"mem_free":6213963776,"tcp_conns":109,"disk_usage_root":6.12,"disk_read_sec":1476266,"disk_write_sec":90862,"disk_iops_sec":30,"io_wait":0,"open_files":0,"os_bytes_in_sec":3109,"os_bytes_out_sec":4835,"total_procs":452},"count":1},{"date":1638322740,"epoch_div":27305379,"totals":{"load_avg":2.47412109375,"cpu_usage":100,"mem_used":8568729600,"mem_free":6246187008,"tcp_conns":113,"disk_usage_root":6.12,"disk_read_sec":557397,"disk_write_sec":85265,"disk_iops_sec":54,"io_wait":0,"open_files":0,"os_bytes_in_sec":3322,"os_bytes_out_sec":5017,"total_procs":452},"count":1},{"date":1638322800,"epoch_div":27305380,"totals":{"load_avg":2.333984375,"cpu_usage":100,"mem_used":8506724352,"mem_free":6291333120,"tcp_conns":111,"disk_usage_root":6.12,"disk_read_sec":834355,"disk_write_sec":109772,"disk_iops_sec":29,"io_wait":0,"open_files":0,"os_bytes_in_sec":3796,"os_bytes_out_sec":4913,"total_procs":451},"count":1},{"date":1638322860,"epoch_div":27305381,"totals":{"load_avg":3.78125,"cpu_usage":100,"mem_used":7843840000,"mem_free":6429982720,"tcp_conns":114,"disk_usage_root":6.12,"disk_read_sec":5605034,"disk_write_sec":14925550,"disk_iops_sec":120,"io_wait":0,"open_files":0,"os_bytes_in_sec":9736,"os_bytes_out_sec":5539,"total_procs":453},"count":1},{"date":1638322920,"epoch_div":27305382,"totals":{"load_avg":3.27294921875,"cpu_usage":100,"mem_used":8564940800,"mem_free":6051127296,"tcp_conns":115,"disk_usage_root":6.12,"disk_read_sec":6362453,"disk_write_sec":200977,"disk_iops_sec":92,"io_wait":0,"open_files":0,"os_bytes_in_sec":4805,"os_bytes_out_sec":6157,"total_procs":456},"count":1},{"date":1638322980,"epoch_div":27305383,"totals":{"load_avg":3.056640625,"cpu_usage":100,"mem_used":8496218112,"mem_free":6056755200,"tcp_conns":114,"disk_usage_root":6.12,"disk_read_sec":2918536,"disk_write_sec":3881369,"disk_iops_sec":62,"io_wait":0,"open_files":0,"os_bytes_in_sec":4282,"os_bytes_out_sec":5528,"total_procs":454},"count":1},{"date":1638323040,"epoch_div":27305384,"totals":{"load_avg":2.82763671875,"cpu_usage":100,"mem_used":8570609664,"mem_free":6156128256,"tcp_conns":116,"disk_usage_root":6.12,"disk_read_sec":2889627,"disk_write_sec":114956,"disk_iops_sec":46,"io_wait":0,"open_files":0,"os_bytes_in_sec":4473,"os_bytes_out_sec":5846,"total_procs":453},"count":1},{"date":1638323100,"epoch_div":27305385,"totals":{"load_avg":3.43798828125,"cpu_usage":100,"mem_used":8538394624,"mem_free":6218272768,"tcp_conns":114,"disk_usage_root":6.12,"disk_read_sec":1244023,"disk_write_sec":200157,"disk_iops_sec":38,"io_wait":0,"open_files":0,"os_bytes_in_sec":4600,"os_bytes_out_sec":5344,"total_procs":455},"count":1},{"date":1638323160,"epoch_div":27305386,"totals":{"load_avg":2.86328125,"cpu_usage":100,"mem_used":8475099136,"mem_free":6223601664,"tcp_conns":112,"disk_usage_root":6.12,"disk_read_sec":2103886,"disk_write_sec":3873844,"disk_iops_sec":51,"io_wait":0,"open_files":0,"os_bytes_in_sec":5168,"os_bytes_out_sec":6313,"total_procs":455},"count":1},{"date":1638323220,"epoch_div":27305387,"totals":{"load_avg":3.20556640625,"cpu_usage":100,"mem_used":8328732672,"mem_free":6180671488,"tcp_conns":110,"disk_usage_root":6.12,"disk_read_sec":1364923,"disk_write_sec":4302574,"disk_iops_sec":46,"io_wait":0,"open_files":0,"os_bytes_in_sec":4021,"os_bytes_out_sec":4955,"total_procs":454},"count":1},{"date":1638323280,"epoch_div":27305388,"totals":{"load_avg":2.95556640625,"cpu_usage":100,"mem_used":8558608384,"mem_free":6108282880,"tcp_conns":112,"disk_usage_root":6.12,"disk_read_sec":2448520,"disk_write_sec":92910,"disk_iops_sec":28,"io_wait":0,"open_files":0,"os_bytes_in_sec":3421,"os_bytes_out_sec":5370,"total_procs":451},"count":1},{"date":1638323340,"epoch_div":27305389,"totals":{"load_avg":3.462890625,"cpu_usage":100,"mem_used":8492646400,"mem_free":6072160256,"tcp_conns":116,"disk_usage_root":6.12,"disk_read_sec":1396326,"disk_write_sec":3185527,"disk_iops_sec":38,"io_wait":0,"open_files":0,"os_bytes_in_sec":3646,"os_bytes_out_sec":4929,"total_procs":453},"count":1},{"date":1638323400,"epoch_div":27305390,"totals":{"load_avg":3.32275390625,"cpu_usage":100,"mem_used":8408121344,"mem_free":6058016768,"tcp_conns":113,"disk_usage_root":6.12,"disk_read_sec":1424588,"disk_write_sec":3092753,"disk_iops_sec":46,"io_wait":0,"open_files":0,"os_bytes_in_sec":3693,"os_bytes_out_sec":5356,"total_procs":454},"count":1}]}