{"type":"list_page","items":[{"date":1637013600,"epoch_div":27283560,"totals":{"load_avg":2.7744140625,"cpu_usage":100,"mem_used":8317059072,"mem_free":6175567872,"tcp_conns":52,"disk_usage_root":6.12,"disk_read_sec":2093943,"disk_write_sec":438408,"disk_iops_sec":128,"io_wait":0,"open_files":0,"os_bytes_in_sec":35067,"os_bytes_out_sec":31773,"total_procs":510},"count":1},{"date":1637013660,"epoch_div":27283561,"totals":{"load_avg":3.12158203125,"cpu_usage":100,"mem_used":8523681792,"mem_free":6093602816,"tcp_conns":50,"disk_usage_root":6.12,"disk_read_sec":248832,"disk_write_sec":442777,"disk_iops_sec":67,"io_wait":0,"open_files":0,"os_bytes_in_sec":35237,"os_bytes_out_sec":87072,"total_procs":510},"count":1},{"date":1637013720,"epoch_div":27283562,"totals":{"load_avg":3.25439453125,"cpu_usage":100,"mem_used":8564256768,"mem_free":6113587200,"tcp_conns":47,"disk_usage_root":6.12,"disk_read_sec":193399,"disk_write_sec":207121,"disk_iops_sec":41,"io_wait":0,"open_files":0,"os_bytes_in_sec":1885,"os_bytes_out_sec":10824,"total_procs":509},"count":1},{"date":1637013780,"epoch_div":27283563,"totals":{"load_avg":2.5048828125,"cpu_usage":100,"mem_used":8191610880,"mem_free":6304907264,"tcp_conns":49,"disk_usage_root":6.12,"disk_read_sec":2501563,"disk_write_sec":272725,"disk_iops_sec":137,"io_wait":0,"open_files":0,"os_bytes_in_sec":10500,"os_bytes_out_sec":106685,"total_procs":511},"count":1},{"date":1637013840,"epoch_div":27283564,"totals":{"load_avg":3.8603515625,"cpu_usage":100,"mem_used":8333111296,"mem_free":6249078784,"tcp_conns":41,"disk_usage_root":6.12,"disk_read_sec":98372,"disk_write_sec":162747,"disk_iops_sec":28,"io_wait":0,"open_files":0,"os_bytes_in_sec":2488,"os_bytes_out_sec":33693,"total_procs":508},"count":1},{"date":1637013900,"epoch_div":27283565,"totals":{"load_avg":3.38818359375,"cpu_usage":100,"mem_used":8299827200,"mem_free":6229123072,"tcp_conns":38,"disk_usage_root":6.12,"disk_read_sec":88200,"disk_write_sec":149094,"disk_iops_sec":24,"io_wait":0,"open_files":0,"os_bytes_in_sec":1303,"os_bytes_out_sec":39232,"total_procs":508},"count":1},{"date":1637013960,"epoch_div":27283566,"totals":{"load_avg":2.8818359375,"cpu_usage":100,"mem_used":8407982080,"mem_free":6210453504,"tcp_conns":33,"disk_usage_root":6.12,"disk_read_sec":57958,"disk_write_sec":159539,"disk_iops_sec":28,"io_wait":0,"open_files":0,"os_bytes_in_sec":2186,"os_bytes_out_sec":18263,"total_procs":508},"count":1},{"date":1637014020,"epoch_div":27283567,"totals":{"load_avg":2.5673828125,"cpu_usage":100,"mem_used":8372658176,"mem_free":6190067712,"tcp_conns":32,"disk_usage_root":6.12,"disk_read_sec":53589,"disk_write_sec":178653,"disk_iops_sec":29,"io_wait":0,"open_files":0,"os_bytes_in_sec":2312,"os_bytes_out_sec":39962,"total_procs":509},"count":1},{"date":1637014080,"epoch_div":27283568,"totals":{"load_avg":2.14697265625,"cpu_usage":100,"mem_used":8390942720,"mem_free":6171901952,"tcp_conns":29,"disk_usage_root":6.12,"disk_read_sec":9441,"disk_write_sec":118367,"disk_iops_sec":19,"io_wait":0,"open_files":0,"os_bytes_in_sec":1172,"os_bytes_out_sec":17789,"total_procs":508},"count":1},{"date":1637014140,"epoch_div":27283569,"totals":{"load_avg":2.44287109375,"cpu_usage":100,"mem_used":8402866176,"mem_free":6174744576,"tcp_conns":30,"disk_usage_root":6.12,"disk_read_sec":18158,"disk_write_sec":115985,"disk_iops_sec":19,"io_wait":0,"open_files":0,"os_bytes_in_sec":1131,"os_bytes_out_sec":4288,"total_procs":508},"count":1},{"date":1637014200,"epoch_div":27283570,"totals":{"load_avg":2.15478515625,"cpu_usage":100,"mem_used":8513916928,"mem_free":6148956160,"tcp_conns":31,"disk_usage_root":6.12,"disk_read_sec":51166,"disk_write_sec":166928,"disk_iops_sec":29,"io_wait":0,"open_files":0,"os_bytes_in_sec":2324,"os_bytes_out_sec":46560,"total_procs":509},"count":1},{"date":1637014260,"epoch_div":27283571,"totals":{"load_avg":2.01513671875,"cpu_usage":100,"mem_used":8572678144,"mem_free":6125551616,"tcp_conns":30,"disk_usage_root":6.12,"disk_read_sec":45533,"disk_write_sec":161314,"disk_iops_sec":28,"io_wait":0,"open_files":0,"os_bytes_in_sec":1888,"os_bytes_out_sec":34427,"total_procs":509},"count":1},{"date":1637014320,"epoch_div":27283572,"totals":{"load_avg":2.19873046875,"cpu_usage":100,"mem_used":8487079936,"mem_free":6157320192,"tcp_conns":43,"disk_usage_root":6.12,"disk_read_sec":3280281,"disk_write_sec":328157,"disk_iops_sec":199,"io_wait":0,"open_files":0,"os_bytes_in_sec":25237,"os_bytes_out_sec":37592,"total_procs":513},"count":1},{"date":1637014380,"epoch_div":27283573,"totals":{"load_avg":2.205078125,"cpu_usage":100,"mem_used":8507682816,"mem_free":6165135360,"tcp_conns":42,"disk_usage_root":6.12,"disk_read_sec":397175,"disk_write_sec":196949,"disk_iops_sec":58,"io_wait":0,"open_files":0,"os_bytes_in_sec":8288,"os_bytes_out_sec":1894,"total_procs":510},"count":1},{"date":1637014440,"epoch_div":27283574,"totals":{"load_avg":2.359375,"cpu_usage":100,"mem_used":8544100352,"mem_free":6163374080,"tcp_conns":41,"disk_usage_root":6.12,"disk_read_sec":142813,"disk_write_sec":167594,"disk_iops_sec":42,"io_wait":0,"open_files":0,"os_bytes_in_sec":2297,"os_bytes_out_sec":39524,"total_procs":512},"count":1},{"date":1637014500,"epoch_div":27283575,"totals":{"load_avg":2.30859375,"cpu_usage":100,"mem_used":8560533504,"mem_free":6142124032,"tcp_conns":39,"disk_usage_root":6.12,"disk_read_sec":16800,"disk_write_sec":106634,"disk_iops_sec":18,"io_wait":0,"open_files":0,"os_bytes_in_sec":1039,"os_bytes_out_sec":3252,"total_procs":510},"count":1},{"date":1637014560,"epoch_div":27283576,"totals":{"load_avg":2.3291015625,"cpu_usage":100,"mem_used":8571670528,"mem_free":6148112384,"tcp_conns":35,"disk_usage_root":6.12,"disk_read_sec":55060,"disk_write_sec":110323,"disk_iops_sec":23,"io_wait":0,"open_files":0,"os_bytes_in_sec":1019,"os_bytes_out_sec":2562,"total_procs":510},"count":1},{"date":1637014620,"epoch_div":27283577,"totals":{"load_avg":2.361328125,"cpu_usage":100,"mem_used":8448856064,"mem_free":6213726208,"tcp_conns":35,"disk_usage_root":6.12,"disk_read_sec":376900,"disk_write_sec":1152000,"disk_iops_sec":32,"io_wait":0,"open_files":0,"os_bytes_in_sec":1561,"os_bytes_out_sec":2670,"total_procs":509},"count":1},{"date":1637014680,"epoch_div":27283578,"totals":{"load_avg":2.5107421875,"cpu_usage":100,"mem_used":8530214912,"mem_free":6184259584,"tcp_conns":34,"disk_usage_root":6.12,"disk_read_sec":299554,"disk_write_sec":260710,"disk_iops_sec":24,"io_wait":0,"open_files":0,"os_bytes_in_sec":879,"os_bytes_out_sec":2512,"total_procs":510},"count":1},{"date":1637014740,"epoch_div":27283579,"totals":{"load_avg":2.0458984375,"cpu_usage":100,"mem_used":8570908672,"mem_free":6154379264,"tcp_conns":33,"disk_usage_root":6.12,"disk_read_sec":94890,"disk_write_sec":147660,"disk_iops_sec":34,"io_wait":0,"open_files":0,"os_bytes_in_sec":1467,"os_bytes_out_sec":4732,"total_procs":512},"count":1},{"date":1637014800,"epoch_div":27283580,"totals":{"load_avg":2.9375,"cpu_usage":100,"mem_used":8560586752,"mem_free":6157742080,"tcp_conns":33,"disk_usage_root":6.12,"disk_read_sec":71065,"disk_write_sec":122333,"disk_iops_sec":27,"io_wait":0,"open_files":0,"os_bytes_in_sec":899,"os_bytes_out_sec":2515,"total_procs":509},"count":1},{"date":1637014860,"epoch_div":27283581,"totals":{"load_avg":3.31494140625,"cpu_usage":100,"mem_used":8562229248,"mem_free":6150750208,"tcp_conns":32,"disk_usage_root":6.12,"disk_read_sec":48469,"disk_write_sec":102126,"disk_iops_sec":18,"io_wait":0,"open_files":0,"os_bytes_in_sec":770,"os_bytes_out_sec":2475,"total_procs":508},"count":1},{"date":1637014920,"epoch_div":27283582,"totals":{"load_avg":2.79296875,"cpu_usage":100,"mem_used":8572424192,"mem_free":6150139904,"tcp_conns":32,"disk_usage_root":6.12,"disk_read_sec":14404,"disk_write_sec":107451,"disk_iops_sec":19,"io_wait":0,"open_files":0,"os_bytes_in_sec":1050,"os_bytes_out_sec":2586,"total_procs":509},"count":1},{"date":1637014980,"epoch_div":27283583,"totals":{"load_avg":2.2080078125,"cpu_usage":100,"mem_used":8539762688,"mem_free":6162620416,"tcp_conns":31,"disk_usage_root":6.12,"disk_read_sec":255453,"disk_write_sec":95914,"disk_iops_sec":39,"io_wait":0,"open_files":0,"os_bytes_in_sec":742,"os_bytes_out_sec":2461,"total_procs":508},"count":1},{"date":1637015040,"epoch_div":27283584,"totals":{"load_avg":2.19189453125,"cpu_usage":100,"mem_used":8546488320,"mem_free":6157467648,"tcp_conns":30,"disk_usage_root":6.12,"disk_read_sec":25053,"disk_write_sec":104516,"disk_iops_sec":19,"io_wait":0,"open_files":0,"os_bytes_in_sec":932,"os_bytes_out_sec":6275,"total_procs":508},"count":1},{"date":1637016120,"epoch_div":27283602,"totals":{"load_avg":2.25927734375,"cpu_usage":100,"mem_used":8528240640,"mem_free":6240862208,"tcp_conns":34,"disk_usage_root":6.12,"disk_read_sec":40574,"disk_write_sec":22153,"disk_iops_sec":2,"io_wait":0,"open_files":0,"os_bytes_in_sec":188,"os_bytes_out_sec":385,"total_procs":509},"count":1},{"date":1637016180,"epoch_div":27283603,"totals":{"load_avg":2.486328125,"cpu_usage":100,"mem_used":8527036416,"mem_free":6415994880,"tcp_conns":39,"disk_usage_root":6.12,"disk_read_sec":4119151,"disk_write_sec":1045548,"disk_iops_sec":186,"io_wait":0,"open_files":0,"os_bytes_in_sec":75812,"os_bytes_out_sec":9511,"total_procs":520},"count":1},{"date":1637016240,"epoch_div":27283604,"totals":{"load_avg":2.57666015625,"cpu_usage":100,"mem_used":8465018880,"mem_free":6321229824,"tcp_conns":33,"disk_usage_root":6.12,"disk_read_sec":620680,"disk_write_sec":1027959,"disk_iops_sec":97,"io_wait":0,"open_files":0,"os_bytes_in_sec":2573,"os_bytes_out_sec":4324,"total_procs":511},"count":1},{"date":1637016300,"epoch_div":27283605,"totals":{"load_avg":2.33154296875,"cpu_usage":100,"mem_used":8485027840,"mem_free":6304010240,"tcp_conns":32,"disk_usage_root":6.12,"disk_read_sec":20549,"disk_write_sec":118784,"disk_iops_sec":22,"io_wait":0,"open_files":0,"os_bytes_in_sec":1233,"os_bytes_out_sec":2611,"total_procs":508},"count":1},{"date":1637016360,"epoch_div":27283606,"totals":{"load_avg":2.1982421875,"cpu_usage":100,"mem_used":8495263744,"mem_free":6292201472,"tcp_conns":32,"disk_usage_root":6.12,"disk_read_sec":67,"disk_write_sec":112606,"disk_iops_sec":19,"io_wait":0,"open_files":0,"os_bytes_in_sec":547,"os_bytes_out_sec":683,"total_procs":508},"count":1},{"date":1637016420,"epoch_div":27283607,"totals":{"load_avg":2.63525390625,"cpu_usage":100,"mem_used":8530440192,"mem_free":6271709184,"tcp_conns":38,"disk_usage_root":6.12,"disk_read_sec":112435,"disk_write_sec":491110,"disk_iops_sec":38,"io_wait":0,"open_files":0,"os_bytes_in_sec":3658,"os_bytes_out_sec":41575,"total_procs":511},"count":1},{"date":1637016480,"epoch_div":27283608,"totals":{"load_avg":2.44384765625,"cpu_usage":100,"mem_used":8527962112,"mem_free":6271590400,"tcp_conns":42,"disk_usage_root":6.12,"disk_read_sec":1704755,"disk_write_sec":149777,"disk_iops_sec":82,"io_wait":0,"open_files":0,"os_bytes_in_sec":3424,"os_bytes_out_sec":3463,"total_procs":511},"count":1},{"date":1637016540,"epoch_div":27283609,"totals":{"load_avg":2.60498046875,"cpu_usage":100,"mem_used":8019726336,"mem_free":6548787200,"tcp_conns":41,"disk_usage_root":6.12,"disk_read_sec":2281130,"disk_write_sec":1002564,"disk_iops_sec":129,"io_wait":0,"open_files":0,"os_bytes_in_sec":14600,"os_bytes_out_sec":80026,"total_procs":511},"count":1},{"date":1637016600,"epoch_div":27283610,"totals":{"load_avg":2.2626953125,"cpu_usage":100,"mem_used":8341807104,"mem_free":6336958464,"tcp_conns":39,"disk_usage_root":6.12,"disk_read_sec":115575,"disk_write_sec":234700,"disk_iops_sec":36,"io_wait":0,"open_files":0,"os_bytes_in_sec":1801,"os_bytes_out_sec":44821,"total_procs":512},"count":1},{"date":1637016660,"epoch_div":27283611,"totals":{"load_avg":2.560546875,"cpu_usage":100,"mem_used":8528953344,"mem_free":6306426880,"tcp_conns":42,"disk_usage_root":6.12,"disk_read_sec":2513208,"disk_write_sec":359406,"disk_iops_sec":173,"io_wait":0,"open_files":0,"os_bytes_in_sec":45360,"os_bytes_out_sec":6290,"total_procs":514},"count":1},{"date":1637016720,"epoch_div":27283612,"totals":{"load_avg":2.59814453125,"cpu_usage":100,"mem_used":8300716032,"mem_free":6398038016,"tcp_conns":35,"disk_usage_root":6.12,"disk_read_sec":3599242,"disk_write_sec":341109,"disk_iops_sec":186,"io_wait":0,"open_files":0,"os_bytes_in_sec":40840,"os_bytes_out_sec":5301,"total_procs":511},"count":1},{"date":1637016780,"epoch_div":27283613,"totals":{"load_avg":2.728515625,"cpu_usage":100,"mem_used":8470818816,"mem_free":6309560320,"tcp_conns":111,"disk_usage_root":6.12,"disk_read_sec":3688925,"disk_write_sec":5000055,"disk_iops_sec":258,"io_wait":0,"open_files":0,"os_bytes_in_sec":219914,"os_bytes_out_sec":17496,"total_procs":517},"count":1},{"date":1637016840,"epoch_div":27283614,"totals":{"load_avg":2.93603515625,"cpu_usage":100,"mem_used":8428384256,"mem_free":6295261184,"tcp_conns":85,"disk_usage_root":6.12,"disk_read_sec":31197,"disk_write_sec":94890,"disk_iops_sec":18,"io_wait":0,"open_files":0,"os_bytes_in_sec":565,"os_bytes_out_sec":762,"total_procs":515},"count":1},{"date":1637016900,"epoch_div":27283615,"totals":{"load_avg":2.01611328125,"cpu_usage":100,"mem_used":8456105984,"mem_free":6217228288,"tcp_conns":79,"disk_usage_root":6.12,"disk_read_sec":16179,"disk_write_sec":106291,"disk_iops_sec":18,"io_wait":0,"open_files":0,"os_bytes_in_sec":634,"os_bytes_out_sec":1057,"total_procs":515},"count":1},{"date":1637016960,"epoch_div":27283616,"totals":{"load_avg":2.798828125,"cpu_usage":100,"mem_used":8473178112,"mem_free":6255063040,"tcp_conns":71,"disk_usage_root":6.12,"disk_read_sec":27921,"disk_write_sec":87654,"disk_iops_sec":16,"io_wait":0,"open_files":0,"os_bytes_in_sec":249,"os_bytes_out_sec":452,"total_procs":513},"count":1},{"date":1637017020,"epoch_div":27283617,"totals":{"load_avg":1.96630859375,"cpu_usage":100,"mem_used":8481349632,"mem_free":6189600768,"tcp_conns":48,"disk_usage_root":6.12,"disk_read_sec":4710,"disk_write_sec":90316,"disk_iops_sec":16,"io_wait":0,"open_files":0,"os_bytes_in_sec":536,"os_bytes_out_sec":640,"total_procs":515},"count":1},{"date":1637017080,"epoch_div":27283618,"totals":{"load_avg":2.71728515625,"cpu_usage":100,"mem_used":8449531904,"mem_free":6341926912,"tcp_conns":49,"disk_usage_root":6.12,"disk_read_sec":5878715,"disk_write_sec":853469,"disk_iops_sec":223,"io_wait":0,"open_files":0,"os_bytes_in_sec":112426,"os_bytes_out_sec":6360,"total_procs":522},"count":1},{"date":1637017140,"epoch_div":27283619,"totals":{"load_avg":2.60595703125,"cpu_usage":100,"mem_used":8543612928,"mem_free":6366949376,"tcp_conns":43,"disk_usage_root":6.12,"disk_read_sec":359082,"disk_write_sec":245145,"disk_iops_sec":55,"io_wait":0,"open_files":0,"os_bytes_in_sec":37820,"os_bytes_out_sec":4111,"total_procs":520},"count":1}]}