{"type":"list_page","items":[{"date":1637110800,"epoch_div":27285180,"totals":{"load_avg":2.63720703125,"cpu_usage":100,"mem_used":8536309760,"mem_free":6525206528,"tcp_conns":78,"disk_usage_root":6.12,"disk_read_sec":530841,"disk_write_sec":229376,"disk_iops_sec":59,"io_wait":0,"open_files":0,"os_bytes_in_sec":1574,"os_bytes_out_sec":1773,"total_procs":431},"count":1},{"date":1637110860,"epoch_div":27285181,"totals":{"load_avg":1.87060546875,"cpu_usage":100,"mem_used":8567951360,"mem_free":6585892864,"tcp_conns":80,"disk_usage_root":6.12,"disk_read_sec":524970,"disk_write_sec":231628,"disk_iops_sec":70,"io_wait":0,"open_files":0,"os_bytes_in_sec":9820,"os_bytes_out_sec":7208,"total_procs":432},"count":1},{"date":1637110920,"epoch_div":27285182,"totals":{"load_avg":3.6142578125,"cpu_usage":100,"mem_used":8569466880,"mem_free":6612340736,"tcp_conns":85,"disk_usage_root":6.12,"disk_read_sec":2313420,"disk_write_sec":263031,"disk_iops_sec":116,"io_wait":0,"open_files":0,"os_bytes_in_sec":9398,"os_bytes_out_sec":7745,"total_procs":432},"count":1},{"date":1637110980,"epoch_div":27285183,"totals":{"load_avg":3.453125,"cpu_usage":100,"mem_used":8476143616,"mem_free":6609739776,"tcp_conns":79,"disk_usage_root":6.12,"disk_read_sec":1828454,"disk_write_sec":237909,"disk_iops_sec":91,"io_wait":0,"open_files":0,"os_bytes_in_sec":1803,"os_bytes_out_sec":3909,"total_procs":432},"count":1},{"date":1637111040,"epoch_div":27285184,"totals":{"load_avg":3.17626953125,"cpu_usage":100,"mem_used":8497336320,"mem_free":6654840832,"tcp_conns":79,"disk_usage_root":6.12,"disk_read_sec":299554,"disk_write_sec":439432,"disk_iops_sec":70,"io_wait":0,"open_files":0,"os_bytes_in_sec":8432,"os_bytes_out_sec":2829,"total_procs":433},"count":1},{"date":1637111100,"epoch_div":27285185,"totals":{"load_avg":6.869140625,"cpu_usage":100,"mem_used":8567910400,"mem_free":6638133248,"tcp_conns":75,"disk_usage_root":6.12,"disk_read_sec":170052,"disk_write_sec":167321,"disk_iops_sec":34,"io_wait":0,"open_files":0,"os_bytes_in_sec":1780,"os_bytes_out_sec":2579,"total_procs":428},"count":1},{"date":1637111160,"epoch_div":27285186,"totals":{"load_avg":4.0693359375,"cpu_usage":100,"mem_used":8567328768,"mem_free":6639788032,"tcp_conns":73,"disk_usage_root":6.12,"disk_read_sec":565452,"disk_write_sec":167185,"disk_iops_sec":55,"io_wait":0,"open_files":0,"os_bytes_in_sec":5764,"os_bytes_out_sec":6589,"total_procs":431},"count":1},{"date":1637111220,"epoch_div":27285187,"totals":{"load_avg":3.6591796875,"cpu_usage":100,"mem_used":8515846144,"mem_free":6669389824,"tcp_conns":75,"disk_usage_root":6.12,"disk_read_sec":275387,"disk_write_sec":177220,"disk_iops_sec":45,"io_wait":0,"open_files":0,"os_bytes_in_sec":5110,"os_bytes_out_sec":2353,"total_procs":431},"count":1},{"date":1637111280,"epoch_div":27285188,"totals":{"load_avg":3.2255859375,"cpu_usage":100,"mem_used":8558596096,"mem_free":6913339392,"tcp_conns":77,"disk_usage_root":6.12,"disk_read_sec":10105822,"disk_write_sec":180950,"disk_iops_sec":165,"io_wait":0,"open_files":0,"os_bytes_in_sec":2579,"os_bytes_out_sec":3485,"total_procs":431},"count":1},{"date":1637111340,"epoch_div":27285189,"totals":{"load_avg":2.65087890625,"cpu_usage":100,"mem_used":8064512000,"mem_free":7051427840,"tcp_conns":76,"disk_usage_root":6.12,"disk_read_sec":5359479,"disk_write_sec":9623415,"disk_iops_sec":345,"io_wait":0,"open_files":0,"os_bytes_in_sec":5681,"os_bytes_out_sec":3449,"total_procs":376},"count":1},{"date":1637111400,"epoch_div":27285190,"totals":{"load_avg":2.77001953125,"cpu_usage":100,"mem_used":8276316160,"mem_free":6799994880,"tcp_conns":72,"disk_usage_root":6.12,"disk_read_sec":249352,"disk_write_sec":160462,"disk_iops_sec":30,"io_wait":0,"open_files":0,"os_bytes_in_sec":784,"os_bytes_out_sec":1356,"total_procs":373},"count":1},{"date":1637111460,"epoch_div":27285191,"totals":{"load_avg":2.62646484375,"cpu_usage":100,"mem_used":8468393984,"mem_free":6754238464,"tcp_conns":78,"disk_usage_root":6.12,"disk_read_sec":941207,"disk_write_sec":224071,"disk_iops_sec":81,"io_wait":0,"open_files":0,"os_bytes_in_sec":3842,"os_bytes_out_sec":7220,"total_procs":374},"count":1},{"date":1637111520,"epoch_div":27285192,"totals":{"load_avg":2.05908203125,"cpu_usage":100,"mem_used":8559038464,"mem_free":6637338624,"tcp_conns":71,"disk_usage_root":6.12,"disk_read_sec":159675,"disk_write_sec":123767,"disk_iops_sec":21,"io_wait":0,"open_files":0,"os_bytes_in_sec":1030,"os_bytes_out_sec":2143,"total_procs":373},"count":1},{"date":1637111580,"epoch_div":27285193,"totals":{"load_avg":2.08935546875,"cpu_usage":100,"mem_used":8567697408,"mem_free":6620405760,"tcp_conns":67,"disk_usage_root":6.12,"disk_read_sec":104379,"disk_write_sec":105540,"disk_iops_sec":19,"io_wait":0,"open_files":0,"os_bytes_in_sec":808,"os_bytes_out_sec":1048,"total_procs":372},"count":1},{"date":1637111640,"epoch_div":27285194,"totals":{"load_avg":2.26318359375,"cpu_usage":100,"mem_used":8568336384,"mem_free":6621167616,"tcp_conns":67,"disk_usage_root":6.12,"disk_read_sec":72704,"disk_write_sec":100693,"disk_iops_sec":21,"io_wait":0,"open_files":0,"os_bytes_in_sec":617,"os_bytes_out_sec":740,"total_procs":373},"count":1},{"date":1637111700,"epoch_div":27285195,"totals":{"load_avg":2.43408203125,"cpu_usage":100,"mem_used":8571097088,"mem_free":6622412800,"tcp_conns":63,"disk_usage_root":6.12,"disk_read_sec":125379,"disk_write_sec":123782,"disk_iops_sec":27,"io_wait":0,"open_files":0,"os_bytes_in_sec":436,"os_bytes_out_sec":616,"total_procs":375},"count":1},{"date":1637111760,"epoch_div":27285196,"totals":{"load_avg":2.36376953125,"cpu_usage":100,"mem_used":8571330560,"mem_free":6646611968,"tcp_conns":66,"disk_usage_root":6.12,"disk_read_sec":215073,"disk_write_sec":396573,"disk_iops_sec":41,"io_wait":0,"open_files":0,"os_bytes_in_sec":953,"os_bytes_out_sec":794,"total_procs":376},"count":1},{"date":1637111820,"epoch_div":27285197,"totals":{"load_avg":2.23583984375,"cpu_usage":100,"mem_used":8563556352,"mem_free":6736158720,"tcp_conns":67,"disk_usage_root":6.12,"disk_read_sec":426803,"disk_write_sec":131072,"disk_iops_sec":55,"io_wait":0,"open_files":0,"os_bytes_in_sec":9669,"os_bytes_out_sec":3732,"total_procs":379},"count":1},{"date":1637111880,"epoch_div":27285198,"totals":{"load_avg":1.8759765625,"cpu_usage":100,"mem_used":8525950976,"mem_free":6670811136,"tcp_conns":67,"disk_usage_root":6.12,"disk_read_sec":225894,"disk_write_sec":183159,"disk_iops_sec":35,"io_wait":0,"open_files":0,"os_bytes_in_sec":4478,"os_bytes_out_sec":7690,"total_procs":380},"count":1},{"date":1637111940,"epoch_div":27285199,"totals":{"load_avg":2.1142578125,"cpu_usage":100,"mem_used":8493031424,"mem_free":6700986368,"tcp_conns":68,"disk_usage_root":6.12,"disk_read_sec":3653427,"disk_write_sec":195174,"disk_iops_sec":109,"io_wait":0,"open_files":0,"os_bytes_in_sec":3719,"os_bytes_out_sec":1784,"total_procs":383},"count":1},{"date":1637112000,"epoch_div":27285200,"totals":{"load_avg":2.30712890625,"cpu_usage":100,"mem_used":8344633344,"mem_free":6621270016,"tcp_conns":30,"disk_usage_root":6.12,"disk_read_sec":1569177,"disk_write_sec":205141,"disk_iops_sec":78,"io_wait":0,"open_files":0,"os_bytes_in_sec":554,"os_bytes_out_sec":997,"total_procs":371},"count":1},{"date":1637112060,"epoch_div":27285201,"totals":{"load_avg":2.42431640625,"cpu_usage":100,"mem_used":8503222272,"mem_free":6773747712,"tcp_conns":46,"disk_usage_root":6.12,"disk_read_sec":4581034,"disk_write_sec":558011,"disk_iops_sec":204,"io_wait":0,"open_files":0,"os_bytes_in_sec":225924,"os_bytes_out_sec":14456,"total_procs":384},"count":1},{"date":1637112120,"epoch_div":27285202,"totals":{"load_avg":2.2783203125,"cpu_usage":100,"mem_used":8515919872,"mem_free":6740361216,"tcp_conns":46,"disk_usage_root":6.12,"disk_read_sec":319835,"disk_write_sec":490895,"disk_iops_sec":80,"io_wait":0,"open_files":0,"os_bytes_in_sec":169891,"os_bytes_out_sec":18140,"total_procs":372},"count":1},{"date":1637112180,"epoch_div":27285203,"totals":{"load_avg":2.95166015625,"cpu_usage":100,"mem_used":8403030016,"mem_free":6731616256,"tcp_conns":45,"disk_usage_root":6.12,"disk_read_sec":1761414,"disk_write_sec":252273,"disk_iops_sec":94,"io_wait":0,"open_files":0,"os_bytes_in_sec":8594,"os_bytes_out_sec":7858,"total_procs":374},"count":1},{"date":1637112240,"epoch_div":27285204,"totals":{"load_avg":2.419921875,"cpu_usage":100,"mem_used":8470147072,"mem_free":6675386368,"tcp_conns":37,"disk_usage_root":6.12,"disk_read_sec":30037,"disk_write_sec":155852,"disk_iops_sec":27,"io_wait":0,"open_files":0,"os_bytes_in_sec":667,"os_bytes_out_sec":948,"total_procs":372},"count":1},{"date":1637112300,"epoch_div":27285205,"totals":{"load_avg":2.60791015625,"cpu_usage":100,"mem_used":8535494656,"mem_free":6779408384,"tcp_conns":34,"disk_usage_root":6.12,"disk_read_sec":174284,"disk_write_sec":111752,"disk_iops_sec":25,"io_wait":0,"open_files":0,"os_bytes_in_sec":3531,"os_bytes_out_sec":2767,"total_procs":368},"count":1},{"date":1637112360,"epoch_div":27285206,"totals":{"load_avg":3.40673828125,"cpu_usage":100,"mem_used":8535908352,"mem_free":6718771200,"tcp_conns":34,"disk_usage_root":6.12,"disk_read_sec":219136,"disk_write_sec":221457,"disk_iops_sec":46,"io_wait":0,"open_files":0,"os_bytes_in_sec":36631,"os_bytes_out_sec":10522,"total_procs":370},"count":1},{"date":1637112420,"epoch_div":27285207,"totals":{"load_avg":2.81103515625,"cpu_usage":100,"mem_used":8537878528,"mem_free":6723309568,"tcp_conns":32,"disk_usage_root":6.12,"disk_read_sec":16110,"disk_write_sec":92774,"disk_iops_sec":17,"io_wait":0,"open_files":0,"os_bytes_in_sec":371,"os_bytes_out_sec":565,"total_procs":367},"count":1},{"date":1637112480,"epoch_div":27285208,"totals":{"load_avg":2.59765625,"cpu_usage":100,"mem_used":8545431552,"mem_free":6740496384,"tcp_conns":32,"disk_usage_root":6.12,"disk_read_sec":35267,"disk_write_sec":105524,"disk_iops_sec":19,"io_wait":0,"open_files":0,"os_bytes_in_sec":514,"os_bytes_out_sec":1059,"total_procs":365},"count":1},{"date":1637112540,"epoch_div":27285209,"totals":{"load_avg":2.1845703125,"cpu_usage":100,"mem_used":8531988480,"mem_free":6734532608,"tcp_conns":31,"disk_usage_root":6.12,"disk_read_sec":1011779,"disk_write_sec":252743,"disk_iops_sec":87,"io_wait":0,"open_files":0,"os_bytes_in_sec":334,"os_bytes_out_sec":432,"total_procs":367},"count":1},{"date":1637112600,"epoch_div":27285210,"totals":{"load_avg":2.044921875,"cpu_usage":100,"mem_used":8533692416,"mem_free":6737256448,"tcp_conns":30,"disk_usage_root":6.12,"disk_read_sec":15496,"disk_write_sec":85196,"disk_iops_sec":15,"io_wait":0,"open_files":0,"os_bytes_in_sec":214,"os_bytes_out_sec":324,"total_procs":365},"count":1},{"date":1637112660,"epoch_div":27285211,"totals":{"load_avg":2.32958984375,"cpu_usage":100,"mem_used":8531808256,"mem_free":6732165120,"tcp_conns":31,"disk_usage_root":6.12,"disk_read_sec":271155,"disk_write_sec":96460,"disk_iops_sec":40,"io_wait":0,"open_files":0,"os_bytes_in_sec":306,"os_bytes_out_sec":376,"total_procs":365},"count":1},{"date":1637112720,"epoch_div":27285212,"totals":{"load_avg":3.509765625,"cpu_usage":100,"mem_used":8555622400,"mem_free":6716940288,"tcp_conns":29,"disk_usage_root":6.12,"disk_read_sec":40335,"disk_write_sec":92611,"disk_iops_sec":19,"io_wait":0,"open_files":0,"os_bytes_in_sec":336,"os_bytes_out_sec":331,"total_procs":366},"count":1},{"date":1637112780,"epoch_div":27285213,"totals":{"load_avg":3.40087890625,"cpu_usage":100,"mem_used":8554840064,"mem_free":6716706816,"tcp_conns":29,"disk_usage_root":6.12,"disk_read_sec":30552,"disk_write_sec":96289,"disk_iops_sec":17,"io_wait":0,"open_files":0,"os_bytes_in_sec":335,"os_bytes_out_sec":378,"total_procs":367},"count":1},{"date":1637112840,"epoch_div":27285214,"totals":{"load_avg":2.77392578125,"cpu_usage":100,"mem_used":8551518208,"mem_free":6717468672,"tcp_conns":30,"disk_usage_root":6.12,"disk_read_sec":682,"disk_write_sec":74820,"disk_iops_sec":13,"io_wait":0,"open_files":0,"os_bytes_in_sec":333,"os_bytes_out_sec":443,"total_procs":366},"count":1},{"date":1637112900,"epoch_div":27285215,"totals":{"load_avg":3.37646484375,"cpu_usage":100,"mem_used":8425287680,"mem_free":6776676352,"tcp_conns":31,"disk_usage_root":6.12,"disk_read_sec":149981,"disk_write_sec":3022984,"disk_iops_sec":67,"io_wait":0,"open_files":0,"os_bytes_in_sec":156304,"os_bytes_out_sec":5967,"total_procs":367},"count":1},{"date":1637112960,"epoch_div":27285216,"totals":{"load_avg":2.8779296875,"cpu_usage":100,"mem_used":8447275008,"mem_free":6723911680,"tcp_conns":31,"disk_usage_root":6.12,"disk_read_sec":30060,"disk_write_sec":108301,"disk_iops_sec":18,"io_wait":0,"open_files":0,"os_bytes_in_sec":456,"os_bytes_out_sec":434,"total_procs":368},"count":1},{"date":1637113020,"epoch_div":27285217,"totals":{"load_avg":2.01171875,"cpu_usage":100,"mem_used":8489316352,"mem_free":6867447808,"tcp_conns":33,"disk_usage_root":6.12,"disk_read_sec":362865,"disk_write_sec":201039,"disk_iops_sec":45,"io_wait":0,"open_files":0,"os_bytes_in_sec":2816,"os_bytes_out_sec":4440,"total_procs":370},"count":1},{"date":1637113080,"epoch_div":27285218,"totals":{"load_avg":2.578125,"cpu_usage":100,"mem_used":8547520512,"mem_free":6694002688,"tcp_conns":38,"disk_usage_root":6.12,"disk_read_sec":246579,"disk_write_sec":509064,"disk_iops_sec":42,"io_wait":0,"open_files":0,"os_bytes_in_sec":3032,"os_bytes_out_sec":6214,"total_procs":374},"count":1},{"date":1637113140,"epoch_div":27285219,"totals":{"load_avg":2.58056640625,"cpu_usage":100,"mem_used":8520974336,"mem_free":6569832448,"tcp_conns":47,"disk_usage_root":6.12,"disk_read_sec":1265800,"disk_write_sec":4426205,"disk_iops_sec":124,"io_wait":0,"open_files":0,"os_bytes_in_sec":52509,"os_bytes_out_sec":11197,"total_procs":372},"count":1},{"date":1637113200,"epoch_div":27285220,"totals":{"load_avg":2.74560546875,"cpu_usage":100,"mem_used":8347439104,"mem_free":6702878720,"tcp_conns":43,"disk_usage_root":6.12,"disk_read_sec":991778,"disk_write_sec":277162,"disk_iops_sec":58,"io_wait":0,"open_files":0,"os_bytes_in_sec":1883,"os_bytes_out_sec":3836,"total_procs":368},"count":1},{"date":1637113260,"epoch_div":27285221,"totals":{"load_avg":2.80859375,"cpu_usage":100,"mem_used":8356102144,"mem_free":6696693760,"tcp_conns":41,"disk_usage_root":6.12,"disk_read_sec":201864,"disk_write_sec":95914,"disk_iops_sec":33,"io_wait":0,"open_files":0,"os_bytes_in_sec":330,"os_bytes_out_sec":467,"total_procs":367},"count":1},{"date":1637113320,"epoch_div":27285222,"totals":{"load_avg":3.22119140625,"cpu_usage":100,"mem_used":8423657472,"mem_free":6660333568,"tcp_conns":40,"disk_usage_root":6.12,"disk_read_sec":20275,"disk_write_sec":83968,"disk_iops_sec":15,"io_wait":0,"open_files":0,"os_bytes_in_sec":411,"os_bytes_out_sec":359,"total_procs":367},"count":1},{"date":1637113380,"epoch_div":27285223,"totals":{"load_avg":2.43896484375,"cpu_usage":100,"mem_used":8431693824,"mem_free":6640504832,"tcp_conns":35,"disk_usage_root":6.12,"disk_read_sec":1599383,"disk_write_sec":113021,"disk_iops_sec":64,"io_wait":0,"open_files":0,"os_bytes_in_sec":539,"os_bytes_out_sec":613,"total_procs":369},"count":1},{"date":1637113440,"epoch_div":27285224,"totals":{"load_avg":2.58544921875,"cpu_usage":100,"mem_used":8435769344,"mem_free":6637318144,"tcp_conns":35,"disk_usage_root":6.12,"disk_read_sec":13630,"disk_write_sec":90044,"disk_iops_sec":16,"io_wait":0,"open_files":0,"os_bytes_in_sec":359,"os_bytes_out_sec":527,"total_procs":369},"count":1},{"date":1637113500,"epoch_div":27285225,"totals":{"load_avg":2.50830078125,"cpu_usage":100,"mem_used":8453926912,"mem_free":6617088000,"tcp_conns":29,"disk_usage_root":6.12,"disk_read_sec":81442,"disk_write_sec":120217,"disk_iops_sec":24,"io_wait":0,"open_files":0,"os_bytes_in_sec":329,"os_bytes_out_sec":498,"total_procs":367},"count":1},{"date":1637113560,"epoch_div":27285226,"totals":{"load_avg":2.10595703125,"cpu_usage":100,"mem_used":8458575872,"mem_free":6605762560,"tcp_conns":30,"disk_usage_root":6.12,"disk_read_sec":41028,"disk_write_sec":390417,"disk_iops_sec":17,"io_wait":0,"open_files":0,"os_bytes_in_sec":723,"os_bytes_out_sec":602,"total_procs":368},"count":1},{"date":1637113620,"epoch_div":27285227,"totals":{"load_avg":3.3662109375,"cpu_usage":100,"mem_used":8465469440,"mem_free":6599823360,"tcp_conns":29,"disk_usage_root":6.12,"disk_read_sec":28116,"disk_write_sec":78171,"disk_iops_sec":16,"io_wait":0,"open_files":0,"os_bytes_in_sec":130,"os_bytes_out_sec":317,"total_procs":367},"count":1},{"date":1637113680,"epoch_div":27285228,"totals":{"load_avg":2.72509765625,"cpu_usage":100,"mem_used":8470040576,"mem_free":6597971968,"tcp_conns":29,"disk_usage_root":6.12,"disk_read_sec":41564,"disk_write_sec":81920,"disk_iops_sec":15,"io_wait":0,"open_files":0,"os_bytes_in_sec":231,"os_bytes_out_sec":293,"total_procs":367},"count":1},{"date":1637113740,"epoch_div":27285229,"totals":{"load_avg":2.23681640625,"cpu_usage":100,"mem_used":8470155264,"mem_free":6600364032,"tcp_conns":29,"disk_usage_root":6.12,"disk_read_sec":9216,"disk_write_sec":73113,"disk_iops_sec":13,"io_wait":0,"open_files":0,"os_bytes_in_sec":265,"os_bytes_out_sec":280,"total_procs":367},"count":1},{"date":1637113800,"epoch_div":27285230,"totals":{"load_avg":2.49267578125,"cpu_usage":100,"mem_used":8480079872,"mem_free":6685462528,"tcp_conns":28,"disk_usage_root":6.12,"disk_read_sec":23048,"disk_write_sec":79281,"disk_iops_sec":14,"io_wait":0,"open_files":0,"os_bytes_in_sec":305,"os_bytes_out_sec":477,"total_procs":367},"count":1},{"date":1637113860,"epoch_div":27285231,"totals":{"load_avg":2.2802734375,"cpu_usage":100,"mem_used":8478601216,"mem_free":6616907776,"tcp_conns":28,"disk_usage_root":6.12,"disk_read_sec":222056,"disk_write_sec":103474,"disk_iops_sec":35,"io_wait":0,"open_files":0,"os_bytes_in_sec":283,"os_bytes_out_sec":430,"total_procs":367},"count":1},{"date":1637113920,"epoch_div":27285232,"totals":{"load_avg":2.435546875,"cpu_usage":100,"mem_used":8482553856,"mem_free":6608568320,"tcp_conns":28,"disk_usage_root":6.12,"disk_read_sec":4983,"disk_write_sec":79325,"disk_iops_sec":13,"io_wait":0,"open_files":0,"os_bytes_in_sec":283,"os_bytes_out_sec":341,"total_procs":367},"count":1},{"date":1637113980,"epoch_div":27285233,"totals":{"load_avg":2.1162109375,"cpu_usage":100,"mem_used":8505380864,"mem_free":6602850304,"tcp_conns":31,"disk_usage_root":6.12,"disk_read_sec":118852,"disk_write_sec":144725,"disk_iops_sec":19,"io_wait":0,"open_files":0,"os_bytes_in_sec":729,"os_bytes_out_sec":690,"total_procs":368},"count":1},{"date":1637114040,"epoch_div":27285234,"totals":{"load_avg":2.41162109375,"cpu_usage":100,"mem_used":8507592704,"mem_free":6556049408,"tcp_conns":31,"disk_usage_root":6.12,"disk_read_sec":474112,"disk_write_sec":784725,"disk_iops_sec":27,"io_wait":0,"open_files":0,"os_bytes_in_sec":204,"os_bytes_out_sec":309,"total_procs":369},"count":1},{"date":1637114100,"epoch_div":27285235,"totals":{"load_avg":3.171875,"cpu_usage":100,"mem_used":8511057920,"mem_free":6554525696,"tcp_conns":30,"disk_usage_root":6.12,"disk_read_sec":11673,"disk_write_sec":81988,"disk_iops_sec":14,"io_wait":0,"open_files":0,"os_bytes_in_sec":139,"os_bytes_out_sec":351,"total_procs":367},"count":1},{"date":1637114160,"epoch_div":27285236,"totals":{"load_avg":3.27099609375,"cpu_usage":100,"mem_used":8509980672,"mem_free":6536122368,"tcp_conns":33,"disk_usage_root":6.12,"disk_read_sec":68729,"disk_write_sec":1710114,"disk_iops_sec":27,"io_wait":0,"open_files":0,"os_bytes_in_sec":677,"os_bytes_out_sec":677,"total_procs":369},"count":1},{"date":1637114220,"epoch_div":27285237,"totals":{"load_avg":2.70263671875,"cpu_usage":100,"mem_used":8483381248,"mem_free":6577410048,"tcp_conns":32,"disk_usage_root":6.12,"disk_read_sec":198555,"disk_write_sec":127916,"disk_iops_sec":34,"io_wait":0,"open_files":0,"os_bytes_in_sec":1368,"os_bytes_out_sec":2182,"total_procs":368},"count":1},{"date":1637114280,"epoch_div":27285238,"totals":{"load_avg":3.34521484375,"cpu_usage":100,"mem_used":8508379136,"mem_free":6594306048,"tcp_conns":32,"disk_usage_root":6.12,"disk_read_sec":87244,"disk_write_sec":203912,"disk_iops_sec":40,"io_wait":0,"open_files":0,"os_bytes_in_sec":1159,"os_bytes_out_sec":2255,"total_procs":367},"count":1},{"date":1637114340,"epoch_div":27285239,"totals":{"load_avg":4.16162109375,"cpu_usage":100,"mem_used":8540409856,"mem_free":6553153536,"tcp_conns":31,"disk_usage_root":6.12,"disk_read_sec":253064,"disk_write_sec":222890,"disk_iops_sec":55,"io_wait":0,"open_files":0,"os_bytes_in_sec":1688,"os_bytes_out_sec":3304,"total_procs":369},"count":1}]}