{"type":"list_page","items":[{"date":1637350140,"epoch_div":27289169,"totals":{"load_avg":2.4521484375,"cpu_usage":100,"mem_used":8550682624,"mem_free":6359982080,"tcp_conns":69,"disk_usage_root":6.12,"disk_read_sec":86872,"disk_write_sec":235923,"disk_iops_sec":2,"io_wait":0,"open_files":0,"os_bytes_in_sec":376,"os_bytes_out_sec":251,"total_procs":452},"count":1},{"date":1637350200,"epoch_div":27289170,"totals":{"load_avg":3.0048828125,"cpu_usage":100,"mem_used":8546168832,"mem_free":6261977088,"tcp_conns":63,"disk_usage_root":6.12,"disk_read_sec":6709154,"disk_write_sec":6713437,"disk_iops_sec":144,"io_wait":0,"open_files":0,"os_bytes_in_sec":4419,"os_bytes_out_sec":9769,"total_procs":454},"count":1},{"date":1637351220,"epoch_div":27289187,"totals":{"load_avg":3.01025390625,"cpu_usage":100,"mem_used":8548200448,"mem_free":6389551104,"tcp_conns":64,"disk_usage_root":6.12,"disk_read_sec":286650,"disk_write_sec":269594,"disk_iops_sec":5,"io_wait":0,"open_files":0,"os_bytes_in_sec":86,"os_bytes_out_sec":53,"total_procs":454},"count":1},{"date":1637351280,"epoch_div":27289188,"totals":{"load_avg":2.62060546875,"cpu_usage":100,"mem_used":8562425856,"mem_free":6363770880,"tcp_conns":64,"disk_usage_root":6.12,"disk_read_sec":6083584,"disk_write_sec":5288448,"disk_iops_sec":133,"io_wait":0,"open_files":0,"os_bytes_in_sec":3068,"os_bytes_out_sec":7845,"total_procs":454},"count":1},{"date":1637351760,"epoch_div":27289196,"totals":{"load_avg":2.20166015625,"cpu_usage":100,"mem_used":8560160768,"mem_free":6555185152,"tcp_conns":64,"disk_usage_root":6.12,"disk_read_sec":480667,"disk_write_sec":181076,"disk_iops_sec":9,"io_wait":0,"open_files":0,"os_bytes_in_sec":374,"os_bytes_out_sec":771,"total_procs":453},"count":1},{"date":1637351820,"epoch_div":27289197,"totals":{"load_avg":2.3564453125,"cpu_usage":100,"mem_used":8566513664,"mem_free":6540496896,"tcp_conns":66,"disk_usage_root":6.12,"disk_read_sec":8654285,"disk_write_sec":5952130,"disk_iops_sec":141,"io_wait":0,"open_files":0,"os_bytes_in_sec":6054,"os_bytes_out_sec":10986,"total_procs":455},"count":1},{"date":1637351880,"epoch_div":27289198,"totals":{"load_avg":2.52783203125,"cpu_usage":100,"mem_used":8560099328,"mem_free":6509432832,"tcp_conns":66,"disk_usage_root":6.12,"disk_read_sec":550092,"disk_write_sec":287880,"disk_iops_sec":30,"io_wait":0,"open_files":0,"os_bytes_in_sec":905,"os_bytes_out_sec":1319,"total_procs":451},"count":1},{"date":1637351940,"epoch_div":27289199,"totals":{"load_avg":2.00341796875,"cpu_usage":100,"mem_used":8566493184,"mem_free":6511644672,"tcp_conns":68,"disk_usage_root":6.12,"disk_read_sec":351505,"disk_write_sec":1040657,"disk_iops_sec":32,"io_wait":0,"open_files":0,"os_bytes_in_sec":852,"os_bytes_out_sec":1118,"total_procs":453},"count":1}]}