{"type":"list_page","items":[{"date":1636581600,"epoch_div":27276360,"totals":{"load_avg":2.21728515625,"cpu_usage":100,"mem_used":8438800384,"mem_free":5825179648,"tcp_conns":15,"disk_usage_root":6.12,"disk_read_sec":428602,"disk_write_sec":105623,"disk_iops_sec":43,"io_wait":0,"open_files":0,"os_bytes_in_sec":623,"os_bytes_out_sec":838,"total_procs":475},"count":1},{"date":1636581660,"epoch_div":27276361,"totals":{"load_avg":2.4521484375,"cpu_usage":100,"mem_used":8464437248,"mem_free":5791272960,"tcp_conns":15,"disk_usage_root":6.12,"disk_read_sec":135509,"disk_write_sec":178039,"disk_iops_sec":47,"io_wait":0,"open_files":0,"os_bytes_in_sec":846,"os_bytes_out_sec":1271,"total_procs":474},"count":1},{"date":1636581720,"epoch_div":27276362,"totals":{"load_avg":2.13623046875,"cpu_usage":100,"mem_used":8464146432,"mem_free":5864390656,"tcp_conns":14,"disk_usage_root":6.12,"disk_read_sec":2321,"disk_write_sec":90931,"disk_iops_sec":17,"io_wait":0,"open_files":0,"os_bytes_in_sec":177,"os_bytes_out_sec":324,"total_procs":473},"count":1},{"date":1636581780,"epoch_div":27276363,"totals":{"load_avg":1.779296875,"cpu_usage":100,"mem_used":8471429120,"mem_free":5847810048,"tcp_conns":14,"disk_usage_root":6.12,"disk_read_sec":1870370,"disk_write_sec":376081,"disk_iops_sec":124,"io_wait":0,"open_files":0,"os_bytes_in_sec":405,"os_bytes_out_sec":587,"total_procs":476},"count":1},{"date":1636581840,"epoch_div":27276364,"totals":{"load_avg":2.05859375,"cpu_usage":100,"mem_used":8467017728,"mem_free":5823545344,"tcp_conns":14,"disk_usage_root":6.12,"disk_read_sec":4096,"disk_write_sec":88584,"disk_iops_sec":16,"io_wait":0,"open_files":0,"os_bytes_in_sec":231,"os_bytes_out_sec":349,"total_procs":474},"count":1},{"date":1636581900,"epoch_div":27276365,"totals":{"load_avg":1.8603515625,"cpu_usage":100,"mem_used":8465432576,"mem_free":5829214208,"tcp_conns":15,"disk_usage_root":6.12,"disk_read_sec":231457,"disk_write_sec":90649,"disk_iops_sec":27,"io_wait":0,"open_files":0,"os_bytes_in_sec":361,"os_bytes_out_sec":396,"total_procs":472},"count":1},{"date":1636581960,"epoch_div":27276366,"totals":{"load_avg":1.99951171875,"cpu_usage":100,"mem_used":8464089088,"mem_free":5833060352,"tcp_conns":15,"disk_usage_root":6.12,"disk_read_sec":8192,"disk_write_sec":64034,"disk_iops_sec":12,"io_wait":0,"open_files":0,"os_bytes_in_sec":81,"os_bytes_out_sec":168,"total_procs":472},"count":1},{"date":1636582020,"epoch_div":27276367,"totals":{"load_avg":3.54150390625,"cpu_usage":100,"mem_used":8503066624,"mem_free":5820542976,"tcp_conns":15,"disk_usage_root":6.12,"disk_read_sec":182203,"disk_write_sec":56797,"disk_iops_sec":25,"io_wait":0,"open_files":0,"os_bytes_in_sec":138,"os_bytes_out_sec":204,"total_procs":472},"count":1},{"date":1636582080,"epoch_div":27276368,"totals":{"load_avg":3.04833984375,"cpu_usage":100,"mem_used":8477777920,"mem_free":5840625664,"tcp_conns":16,"disk_usage_root":6.12,"disk_read_sec":27352,"disk_write_sec":766299,"disk_iops_sec":19,"io_wait":0,"open_files":0,"os_bytes_in_sec":65,"os_bytes_out_sec":159,"total_procs":474},"count":1},{"date":1636582140,"epoch_div":27276369,"totals":{"load_avg":2.548828125,"cpu_usage":100,"mem_used":8448798720,"mem_free":5838135296,"tcp_conns":18,"disk_usage_root":6.12,"disk_read_sec":4924466,"disk_write_sec":1567693,"disk_iops_sec":161,"io_wait":0,"open_files":0,"os_bytes_in_sec":860,"os_bytes_out_sec":4024,"total_procs":477},"count":1},{"date":1636582200,"epoch_div":27276370,"totals":{"load_avg":2.66259765625,"cpu_usage":100,"mem_used":8414109696,"mem_free":5829197824,"tcp_conns":17,"disk_usage_root":6.12,"disk_read_sec":6030336,"disk_write_sec":473019,"disk_iops_sec":119,"io_wait":0,"open_files":0,"os_bytes_in_sec":946,"os_bytes_out_sec":1003,"total_procs":477},"count":1},{"date":1636582260,"epoch_div":27276371,"totals":{"load_avg":2.373046875,"cpu_usage":100,"mem_used":8395935744,"mem_free":5883478016,"tcp_conns":15,"disk_usage_root":6.12,"disk_read_sec":211080,"disk_write_sec":137420,"disk_iops_sec":38,"io_wait":0,"open_files":0,"os_bytes_in_sec":593,"os_bytes_out_sec":1060,"total_procs":474},"count":1},{"date":1636582320,"epoch_div":27276372,"totals":{"load_avg":1.96923828125,"cpu_usage":100,"mem_used":8402382848,"mem_free":5824995328,"tcp_conns":14,"disk_usage_root":6.12,"disk_read_sec":1058711,"disk_write_sec":122949,"disk_iops_sec":46,"io_wait":0,"open_files":0,"os_bytes_in_sec":509,"os_bytes_out_sec":685,"total_procs":476},"count":1},{"date":1636582380,"epoch_div":27276373,"totals":{"load_avg":1.69384765625,"cpu_usage":100,"mem_used":8406458368,"mem_free":5839290368,"tcp_conns":15,"disk_usage_root":6.12,"disk_read_sec":3693,"disk_write_sec":628098,"disk_iops_sec":22,"io_wait":0,"open_files":0,"os_bytes_in_sec":377,"os_bytes_out_sec":477,"total_procs":475},"count":1},{"date":1636582440,"epoch_div":27276374,"totals":{"load_avg":1.56884765625,"cpu_usage":100,"mem_used":8389840896,"mem_free":5846142976,"tcp_conns":15,"disk_usage_root":6.12,"disk_read_sec":3028036,"disk_write_sec":2176887,"disk_iops_sec":132,"io_wait":0,"open_files":0,"os_bytes_in_sec":5984,"os_bytes_out_sec":1054,"total_procs":476},"count":1},{"date":1636582500,"epoch_div":27276375,"totals":{"load_avg":1.5791015625,"cpu_usage":100,"mem_used":8383356928,"mem_free":5837004800,"tcp_conns":15,"disk_usage_root":6.12,"disk_read_sec":83490,"disk_write_sec":87790,"disk_iops_sec":23,"io_wait":0,"open_files":0,"os_bytes_in_sec":267,"os_bytes_out_sec":346,"total_procs":471},"count":1},{"date":1636582560,"epoch_div":27276376,"totals":{"load_avg":1.681640625,"cpu_usage":100,"mem_used":8433221632,"mem_free":5822058496,"tcp_conns":15,"disk_usage_root":6.12,"disk_read_sec":1233100,"disk_write_sec":385228,"disk_iops_sec":49,"io_wait":0,"open_files":0,"os_bytes_in_sec":324,"os_bytes_out_sec":483,"total_procs":474},"count":1},{"date":1636582620,"epoch_div":27276377,"totals":{"load_avg":2.1201171875,"cpu_usage":100,"mem_used":8451883008,"mem_free":5837008896,"tcp_conns":15,"disk_usage_root":6.12,"disk_read_sec":1151878,"disk_write_sec":94693,"disk_iops_sec":80,"io_wait":0,"open_files":0,"os_bytes_in_sec":286,"os_bytes_out_sec":461,"total_procs":474},"count":1},{"date":1636582680,"epoch_div":27276378,"totals":{"load_avg":2.5625,"cpu_usage":100,"mem_used":8441696256,"mem_free":5823905792,"tcp_conns":15,"disk_usage_root":6.12,"disk_read_sec":61641,"disk_write_sec":82121,"disk_iops_sec":20,"io_wait":0,"open_files":0,"os_bytes_in_sec":233,"os_bytes_out_sec":267,"total_procs":474},"count":1},{"date":1636582740,"epoch_div":27276379,"totals":{"load_avg":2.17919921875,"cpu_usage":100,"mem_used":8433422336,"mem_free":5829419008,"tcp_conns":14,"disk_usage_root":6.12,"disk_read_sec":1249348,"disk_write_sec":75434,"disk_iops_sec":51,"io_wait":0,"open_files":0,"os_bytes_in_sec":294,"os_bytes_out_sec":411,"total_procs":473},"count":1},{"date":1636582800,"epoch_div":27276380,"totals":{"load_avg":2.6025390625,"cpu_usage":100,"mem_used":8442306560,"mem_free":5818589184,"tcp_conns":15,"disk_usage_root":6.12,"disk_read_sec":48180,"disk_write_sec":87959,"disk_iops_sec":19,"io_wait":0,"open_files":0,"os_bytes_in_sec":461,"os_bytes_out_sec":561,"total_procs":472},"count":1},{"date":1636582860,"epoch_div":27276381,"totals":{"load_avg":2.35693359375,"cpu_usage":100,"mem_used":8428597248,"mem_free":5766021120,"tcp_conns":15,"disk_usage_root":6.12,"disk_read_sec":69027,"disk_write_sec":80039,"disk_iops_sec":21,"io_wait":0,"open_files":0,"os_bytes_in_sec":359,"os_bytes_out_sec":522,"total_procs":473},"count":1},{"date":1636584660,"epoch_div":27276411,"totals":{"load_avg":2.328125,"cpu_usage":100,"mem_used":8466051072,"mem_free":5852684288,"tcp_conns":21,"disk_usage_root":6.12,"disk_read_sec":7819,"disk_write_sec":3226,"disk_iops_sec":0,"io_wait":0,"open_files":0,"os_bytes_in_sec":238,"os_bytes_out_sec":33,"total_procs":473},"count":1}]}