{"type":"list_page","items":[{"groups":{"main":{"totals":{"load_avg":1.4638671875,"cpu_usage":100,"mem_used":7974264832,"mem_free":5705580544,"tcp_conns":21,"disk_usage_root":6.12,"disk_read_sec":141,"disk_write_sec":81425,"disk_iops_sec":14,"io_wait":0,"open_files":0,"os_bytes_in_sec":67,"os_bytes_out_sec":209,"total_procs":466},"count":1}},"date":1636555920,"epoch_div":27275932},{"groups":{"main":{"totals":{"load_avg":1.60595703125,"cpu_usage":100,"mem_used":7971033088,"mem_free":5706592256,"tcp_conns":15,"disk_usage_root":6.12,"disk_read_sec":585,"disk_write_sec":55653,"disk_iops_sec":10,"io_wait":0,"open_files":0,"os_bytes_in_sec":222,"os_bytes_out_sec":385,"total_procs":465},"count":1}},"date":1636555980,"epoch_div":27275933},{"groups":{"main":{"totals":{"load_avg":1.8779296875,"cpu_usage":100,"mem_used":7981125632,"mem_free":5723836416,"tcp_conns":16,"disk_usage_root":6.12,"disk_read_sec":10760,"disk_write_sec":811979,"disk_iops_sec":19,"io_wait":0,"open_files":0,"os_bytes_in_sec":157,"os_bytes_out_sec":244,"total_procs":467},"count":1}},"date":1636556040,"epoch_div":27275934},{"groups":{"main":{"totals":{"load_avg":0.748046875,"cpu_usage":100,"mem_used":7978897408,"mem_free":5695332352,"tcp_conns":16,"disk_usage_root":6.12,"disk_read_sec":14370,"disk_write_sec":546920,"disk_iops_sec":18,"io_wait":0,"open_files":0,"os_bytes_in_sec":144,"os_bytes_out_sec":352,"total_procs":468},"count":1}},"date":1636556100,"epoch_div":27275935},{"groups":{"main":{"totals":{"load_avg":0.7744140625,"cpu_usage":100,"mem_used":7979147264,"mem_free":5694955520,"tcp_conns":15,"disk_usage_root":6.12,"disk_read_sec":38775,"disk_write_sec":832375,"disk_iops_sec":42,"io_wait":0,"open_files":0,"os_bytes_in_sec":153,"os_bytes_out_sec":294,"total_procs":468},"count":1}},"date":1636556160,"epoch_div":27275936},{"groups":{"main":{"totals":{"load_avg":1.09912109375,"cpu_usage":100,"mem_used":7969234944,"mem_free":5706969088,"tcp_conns":16,"disk_usage_root":6.12,"disk_read_sec":19729,"disk_write_sec":93320,"disk_iops_sec":21,"io_wait":0,"open_files":0,"os_bytes_in_sec":78,"os_bytes_out_sec":285,"total_procs":465},"count":1}},"date":1636556220,"epoch_div":27275937},{"groups":{"main":{"totals":{"load_avg":1.30078125,"cpu_usage":100,"mem_used":7970578432,"mem_free":5701857280,"tcp_conns":14,"disk_usage_root":6.12,"disk_read_sec":6046,"disk_write_sec":67096,"disk_iops_sec":13,"io_wait":0,"open_files":0,"os_bytes_in_sec":33,"os_bytes_out_sec":205,"total_procs":466},"count":1}},"date":1636556280,"epoch_div":27275938},{"groups":{"main":{"totals":{"load_avg":1.35400390625,"cpu_usage":100,"mem_used":7969185792,"mem_free":5697994752,"tcp_conns":16,"disk_usage_root":6.12,"disk_read_sec":1457,"disk_write_sec":66646,"disk_iops_sec":12,"io_wait":0,"open_files":0,"os_bytes_in_sec":306,"os_bytes_out_sec":370,"total_procs":465},"count":1}},"date":1636556340,"epoch_div":27275939},{"groups":{"main":{"totals":{"load_avg":1.55224609375,"cpu_usage":100,"mem_used":7966351360,"mem_free":5704654848,"tcp_conns":16,"disk_usage_root":6.12,"disk_read_sec":141,"disk_write_sec":70691,"disk_iops_sec":12,"io_wait":0,"open_files":0,"os_bytes_in_sec":128,"os_bytes_out_sec":228,"total_procs":465},"count":1}},"date":1636556400,"epoch_div":27275940},{"groups":{"main":{"totals":{"load_avg":1.6220703125,"cpu_usage":100,"mem_used":7970766848,"mem_free":5702324224,"tcp_conns":15,"disk_usage_root":6.12,"disk_read_sec":1501,"disk_write_sec":81988,"disk_iops_sec":16,"io_wait":0,"open_files":0,"os_bytes_in_sec":116,"os_bytes_out_sec":222,"total_procs":466},"count":1}},"date":1636556460,"epoch_div":27275941},{"groups":{"main":{"totals":{"load_avg":1.466796875,"cpu_usage":100,"mem_used":7970721792,"mem_free":5703577600,"tcp_conns":15,"disk_usage_root":6.12,"disk_read_sec":7850,"disk_write_sec":108544,"disk_iops_sec":14,"io_wait":0,"open_files":0,"os_bytes_in_sec":5803,"os_bytes_out_sec":907,"total_procs":466},"count":1}},"date":1636556520,"epoch_div":27275942},{"groups":{"main":{"totals":{"load_avg":1.3896484375,"cpu_usage":100,"mem_used":7975071744,"mem_free":5702545408,"tcp_conns":16,"disk_usage_root":6.12,"disk_read_sec":2662,"disk_write_sec":114824,"disk_iops_sec":21,"io_wait":0,"open_files":0,"os_bytes_in_sec":439,"os_bytes_out_sec":693,"total_procs":467},"count":1}},"date":1636556580,"epoch_div":27275943},{"groups":{"main":{"totals":{"load_avg":1.2646484375,"cpu_usage":100,"mem_used":7972593664,"mem_free":5701685248,"tcp_conns":15,"disk_usage_root":6.12,"disk_read_sec":1123,"disk_write_sec":81986,"disk_iops_sec":14,"io_wait":0,"open_files":0,"os_bytes_in_sec":179,"os_bytes_out_sec":271,"total_procs":466},"count":1}},"date":1636556640,"epoch_div":27275944},{"groups":{"main":{"totals":{"load_avg":1.40380859375,"cpu_usage":100,"mem_used":8023785472,"mem_free":5695500288,"tcp_conns":15,"disk_usage_root":6.12,"disk_read_sec":4566,"disk_write_sec":364476,"disk_iops_sec":14,"io_wait":0,"open_files":0,"os_bytes_in_sec":162,"os_bytes_out_sec":308,"total_procs":470},"count":1}},"date":1636556700,"epoch_div":27275945},{"groups":{"main":{"totals":{"load_avg":1.1875,"cpu_usage":100,"mem_used":8015589376,"mem_free":5702754304,"tcp_conns":15,"disk_usage_root":6.12,"disk_read_sec":13276,"disk_write_sec":66100,"disk_iops_sec":15,"io_wait":0,"open_files":0,"os_bytes_in_sec":44,"os_bytes_out_sec":176,"total_procs":466},"count":1}},"date":1636556760,"epoch_div":27275946},{"groups":{"main":{"totals":{"load_avg":1.44873046875,"cpu_usage":100,"mem_used":8020680704,"mem_free":5706170368,"tcp_conns":15,"disk_usage_root":6.12,"disk_read_sec":88883,"disk_write_sec":67925,"disk_iops_sec":21,"io_wait":0,"open_files":0,"os_bytes_in_sec":338,"os_bytes_out_sec":399,"total_procs":466},"count":1}},"date":1636556820,"epoch_div":27275947},{"groups":{"main":{"totals":{"load_avg":1.16943359375,"cpu_usage":100,"mem_used":8024850432,"mem_free":5704708096,"tcp_conns":14,"disk_usage_root":6.12,"disk_read_sec":4096,"disk_write_sec":73103,"disk_iops_sec":14,"io_wait":0,"open_files":0,"os_bytes_in_sec":137,"os_bytes_out_sec":331,"total_procs":468},"count":1}},"date":1636556880,"epoch_div":27275948},{"groups":{"main":{"totals":{"load_avg":1.30126953125,"cpu_usage":100,"mem_used":8019709952,"mem_free":5707354112,"tcp_conns":15,"disk_usage_root":6.12,"disk_read_sec":13121,"disk_write_sec":104135,"disk_iops_sec":17,"io_wait":0,"open_files":0,"os_bytes_in_sec":224,"os_bytes_out_sec":406,"total_procs":465},"count":1}},"date":1636556940,"epoch_div":27275949},{"groups":{"main":{"totals":{"load_avg":1.39306640625,"cpu_usage":100,"mem_used":8021762048,"mem_free":5705682944,"tcp_conns":15,"disk_usage_root":6.12,"disk_read_sec":3185,"disk_write_sec":78214,"disk_iops_sec":14,"io_wait":0,"open_files":0,"os_bytes_in_sec":111,"os_bytes_out_sec":167,"total_procs":466},"count":1}},"date":1636557000,"epoch_div":27275950},{"groups":{"main":{"totals":{"load_avg":1.435546875,"cpu_usage":100,"mem_used":8018501632,"mem_free":5707186176,"tcp_conns":15,"disk_usage_root":6.12,"disk_read_sec":546,"disk_write_sec":57548,"disk_iops_sec":11,"io_wait":0,"open_files":0,"os_bytes_in_sec":100,"os_bytes_out_sec":215,"total_procs":465},"count":1}},"date":1636557060,"epoch_div":27275951},{"groups":{"main":{"totals":{"load_avg":2.79541015625,"cpu_usage":100,"mem_used":8022343680,"mem_free":5705306112,"tcp_conns":16,"disk_usage_root":6.12,"disk_read_sec":23881,"disk_write_sec":72547,"disk_iops_sec":17,"io_wait":0,"open_files":0,"os_bytes_in_sec":235,"os_bytes_out_sec":236,"total_procs":466},"count":1}},"date":1636557120,"epoch_div":27275952},{"groups":{"main":{"totals":{"load_avg":1.67822265625,"cpu_usage":100,"mem_used":8022462464,"mem_free":5706276864,"tcp_conns":16,"disk_usage_root":6.12,"disk_read_sec":0,"disk_write_sec":59118,"disk_iops_sec":10,"io_wait":0,"open_files":0,"os_bytes_in_sec":225,"os_bytes_out_sec":358,"total_procs":465},"count":1}},"date":1636557180,"epoch_div":27275953},{"groups":{"main":{"totals":{"load_avg":1.544921875,"cpu_usage":100,"mem_used":8025243648,"mem_free":5699788800,"tcp_conns":16,"disk_usage_root":6.12,"disk_read_sec":1365,"disk_write_sec":75161,"disk_iops_sec":13,"io_wait":0,"open_files":0,"os_bytes_in_sec":167,"os_bytes_out_sec":318,"total_procs":466},"count":1}},"date":1636557240,"epoch_div":27275954},{"groups":{"main":{"totals":{"load_avg":2.74853515625,"cpu_usage":100,"mem_used":8024399872,"mem_free":5703651328,"tcp_conns":15,"disk_usage_root":6.12,"disk_read_sec":7415,"disk_write_sec":95267,"disk_iops_sec":15,"io_wait":0,"open_files":0,"os_bytes_in_sec":128,"os_bytes_out_sec":270,"total_procs":466},"count":1}},"date":1636557300,"epoch_div":27275955},{"groups":{"main":{"totals":{"load_avg":1.728515625,"cpu_usage":100,"mem_used":8012050432,"mem_free":5704654848,"tcp_conns":15,"disk_usage_root":6.12,"disk_read_sec":2080,"disk_write_sec":67746,"disk_iops_sec":12,"io_wait":0,"open_files":0,"os_bytes_in_sec":448,"os_bytes_out_sec":557,"total_procs":466},"count":1}},"date":1636557360,"epoch_div":27275956},{"groups":{"main":{"totals":{"load_avg":1.4111328125,"cpu_usage":100,"mem_used":8018341888,"mem_free":5746114560,"tcp_conns":15,"disk_usage_root":6.12,"disk_read_sec":18568,"disk_write_sec":97962,"disk_iops_sec":18,"io_wait":0,"open_files":0,"os_bytes_in_sec":215,"os_bytes_out_sec":299,"total_procs":466},"count":1}},"date":1636557420,"epoch_div":27275957},{"groups":{"main":{"totals":{"load_avg":1.146484375,"cpu_usage":100,"mem_used":8017698816,"mem_free":5710249984,"tcp_conns":14,"disk_usage_root":6.12,"disk_read_sec":5206,"disk_write_sec":67618,"disk_iops_sec":13,"io_wait":0,"open_files":0,"os_bytes_in_sec":58,"os_bytes_out_sec":179,"total_procs":466},"count":1}},"date":1636557480,"epoch_div":27275958},{"groups":{"main":{"totals":{"load_avg":0.9345703125,"cpu_usage":100,"mem_used":8018956288,"mem_free":5725974528,"tcp_conns":15,"disk_usage_root":6.12,"disk_read_sec":546,"disk_write_sec":65331,"disk_iops_sec":11,"io_wait":0,"open_files":0,"os_bytes_in_sec":235,"os_bytes_out_sec":278,"total_procs":465},"count":1}},"date":1636557540,"epoch_div":27275959},{"groups":{"main":{"totals":{"load_avg":1.40087890625,"cpu_usage":100,"mem_used":8020987904,"mem_free":5704355840,"tcp_conns":16,"disk_usage_root":6.12,"disk_read_sec":2360,"disk_write_sec":79073,"disk_iops_sec":14,"io_wait":0,"open_files":0,"os_bytes_in_sec":123,"os_bytes_out_sec":292,"total_procs":467},"count":1}},"date":1636557600,"epoch_div":27275960},{"groups":{"main":{"totals":{"load_avg":1.0634765625,"cpu_usage":100,"mem_used":8018599936,"mem_free":5709234176,"tcp_conns":15,"disk_usage_root":6.12,"disk_read_sec":132,"disk_write_sec":63223,"disk_iops_sec":11,"io_wait":0,"open_files":0,"os_bytes_in_sec":115,"os_bytes_out_sec":235,"total_procs":465},"count":1}},"date":1636557660,"epoch_div":27275961},{"groups":{"main":{"totals":{"load_avg":1.53466796875,"cpu_usage":100,"mem_used":8017772544,"mem_free":5710397440,"tcp_conns":15,"disk_usage_root":6.12,"disk_read_sec":10072,"disk_write_sec":86687,"disk_iops_sec":14,"io_wait":0,"open_files":0,"os_bytes_in_sec":55,"os_bytes_out_sec":194,"total_procs":466},"count":1}},"date":1636557720,"epoch_div":27275962},{"groups":{"main":{"totals":{"load_avg":1.705078125,"cpu_usage":100,"mem_used":8023420928,"mem_free":5707276288,"tcp_conns":15,"disk_usage_root":6.12,"disk_read_sec":1249,"disk_write_sec":74352,"disk_iops_sec":14,"io_wait":0,"open_files":0,"os_bytes_in_sec":306,"os_bytes_out_sec":554,"total_procs":468},"count":1}},"date":1636557780,"epoch_div":27275963},{"groups":{"main":{"totals":{"load_avg":1.345703125,"cpu_usage":100,"mem_used":8005840896,"mem_free":5732196352,"tcp_conns":15,"disk_usage_root":6.12,"disk_read_sec":2152,"disk_write_sec":76852,"disk_iops_sec":14,"io_wait":0,"open_files":0,"os_bytes_in_sec":187,"os_bytes_out_sec":270,"total_procs":466},"count":1}},"date":1636557840,"epoch_div":27275964},{"groups":{"main":{"totals":{"load_avg":3.11962890625,"cpu_usage":100,"mem_used":8008953856,"mem_free":5755305984,"tcp_conns":15,"disk_usage_root":6.12,"disk_read_sec":2499,"disk_write_sec":80948,"disk_iops_sec":14,"io_wait":0,"open_files":0,"os_bytes_in_sec":131,"os_bytes_out_sec":236,"total_procs":466},"count":1}},"date":1636557900,"epoch_div":27275965},{"groups":{"main":{"totals":{"load_avg":1.69482421875,"cpu_usage":100,"mem_used":8023453696,"mem_free":5713367040,"tcp_conns":16,"disk_usage_root":6.12,"disk_read_sec":6109,"disk_write_sec":145859,"disk_iops_sec":26,"io_wait":0,"open_files":0,"os_bytes_in_sec":559,"os_bytes_out_sec":870,"total_procs":470},"count":1}},"date":1636557960,"epoch_div":27275966},{"groups":{"main":{"totals":{"load_avg":1.74267578125,"cpu_usage":100,"mem_used":8022388736,"mem_free":5707972608,"tcp_conns":15,"disk_usage_root":6.12,"disk_read_sec":10272,"disk_write_sec":123465,"disk_iops_sec":22,"io_wait":0,"open_files":0,"os_bytes_in_sec":655,"os_bytes_out_sec":684,"total_procs":470},"count":1}},"date":1636558020,"epoch_div":27275967},{"groups":{"main":{"totals":{"load_avg":1.236328125,"cpu_usage":100,"mem_used":8017612800,"mem_free":5741670400,"tcp_conns":14,"disk_usage_root":6.12,"disk_read_sec":18500,"disk_write_sec":89224,"disk_iops_sec":16,"io_wait":0,"open_files":0,"os_bytes_in_sec":85,"os_bytes_out_sec":191,"total_procs":467},"count":1}},"date":1636558080,"epoch_div":27275968},{"groups":{"main":{"totals":{"load_avg":1.07177734375,"cpu_usage":100,"mem_used":8021553152,"mem_free":5726289920,"tcp_conns":15,"disk_usage_root":6.12,"disk_read_sec":2985,"disk_write_sec":66507,"disk_iops_sec":12,"io_wait":0,"open_files":0,"os_bytes_in_sec":232,"os_bytes_out_sec":283,"total_procs":466},"count":1}},"date":1636558140,"epoch_div":27275969},{"groups":{"main":{"totals":{"load_avg":1.25146484375,"cpu_usage":100,"mem_used":8025018368,"mem_free":5706960896,"tcp_conns":15,"disk_usage_root":6.12,"disk_read_sec":3540,"disk_write_sec":101358,"disk_iops_sec":18,"io_wait":0,"open_files":0,"os_bytes_in_sec":281,"os_bytes_out_sec":468,"total_procs":469},"count":1}},"date":1636558200,"epoch_div":27275970},{"groups":{"main":{"totals":{"load_avg":1.29248046875,"cpu_usage":100,"mem_used":8026923008,"mem_free":5704421376,"tcp_conns":16,"disk_usage_root":6.12,"disk_read_sec":19456,"disk_write_sec":451652,"disk_iops_sec":26,"io_wait":0,"open_files":0,"os_bytes_in_sec":189,"os_bytes_out_sec":209,"total_procs":467},"count":1}},"date":1636558260,"epoch_div":27275971},{"groups":{"main":{"totals":{"load_avg":1.810546875,"cpu_usage":100,"mem_used":8033173504,"mem_free":5702799360,"tcp_conns":16,"disk_usage_root":6.12,"disk_read_sec":4642,"disk_write_sec":497800,"disk_iops_sec":20,"io_wait":0,"open_files":0,"os_bytes_in_sec":50,"os_bytes_out_sec":296,"total_procs":469},"count":1}},"date":1636558320,"epoch_div":27275972},{"groups":{"main":{"totals":{"load_avg":1.6064453125,"cpu_usage":100,"mem_used":8025927680,"mem_free":5706469376,"tcp_conns":18,"disk_usage_root":6.12,"disk_read_sec":12027,"disk_write_sec":91607,"disk_iops_sec":17,"io_wait":0,"open_files":0,"os_bytes_in_sec":5249,"os_bytes_out_sec":878,"total_procs":468},"count":1}},"date":1636558380,"epoch_div":27275973},{"groups":{"main":{"totals":{"load_avg":1.26416015625,"cpu_usage":100,"mem_used":8057356288,"mem_free":5709258752,"tcp_conns":16,"disk_usage_root":6.12,"disk_read_sec":10240,"disk_write_sec":105130,"disk_iops_sec":17,"io_wait":0,"open_files":0,"os_bytes_in_sec":950,"os_bytes_out_sec":388,"total_procs":467},"count":1}},"date":1636558440,"epoch_div":27275974},{"groups":{"main":{"totals":{"load_avg":1.50537109375,"cpu_usage":100,"mem_used":8080474112,"mem_free":5735915520,"tcp_conns":15,"disk_usage_root":6.12,"disk_read_sec":18327,"disk_write_sec":1214221,"disk_iops_sec":23,"io_wait":0,"open_files":0,"os_bytes_in_sec":207,"os_bytes_out_sec":414,"total_procs":466},"count":1}},"date":1636558500,"epoch_div":27275975},{"groups":{"main":{"totals":{"load_avg":1.595703125,"cpu_usage":100,"mem_used":8092418048,"mem_free":5717643264,"tcp_conns":16,"disk_usage_root":6.12,"disk_read_sec":4449,"disk_write_sec":989537,"disk_iops_sec":18,"io_wait":0,"open_files":0,"os_bytes_in_sec":37,"os_bytes_out_sec":219,"total_procs":468},"count":1}},"date":1636558560,"epoch_div":27275976},{"groups":{"main":{"totals":{"load_avg":1.67626953125,"cpu_usage":100,"mem_used":8083152896,"mem_free":5709148160,"tcp_conns":16,"disk_usage_root":6.12,"disk_read_sec":26954,"disk_write_sec":1777531,"disk_iops_sec":26,"io_wait":0,"open_files":0,"os_bytes_in_sec":86,"os_bytes_out_sec":246,"total_procs":467},"count":1}},"date":1636558620,"epoch_div":27275977},{"groups":{"main":{"totals":{"load_avg":1.74560546875,"cpu_usage":100,"mem_used":8085069824,"mem_free":5716000768,"tcp_conns":14,"disk_usage_root":6.12,"disk_read_sec":9557,"disk_write_sec":713853,"disk_iops_sec":19,"io_wait":0,"open_files":0,"os_bytes_in_sec":56,"os_bytes_out_sec":273,"total_procs":468},"count":1}},"date":1636558680,"epoch_div":27275978},{"groups":{"main":{"totals":{"load_avg":1.61474609375,"cpu_usage":100,"mem_used":8084746240,"mem_free":5736079360,"tcp_conns":17,"disk_usage_root":6.12,"disk_read_sec":37579,"disk_write_sec":2207809,"disk_iops_sec":29,"io_wait":0,"open_files":0,"os_bytes_in_sec":299,"os_bytes_out_sec":364,"total_procs":467},"count":1}},"date":1636558740,"epoch_div":27275979},{"groups":{"main":{"totals":{"load_avg":1.30322265625,"cpu_usage":100,"mem_used":8080363520,"mem_free":5747224576,"tcp_conns":15,"disk_usage_root":6.12,"disk_read_sec":29422,"disk_write_sec":102400,"disk_iops_sec":20,"io_wait":0,"open_files":0,"os_bytes_in_sec":27,"os_bytes_out_sec":168,"total_procs":467},"count":1}},"date":1636558800,"epoch_div":27275980},{"groups":{"main":{"totals":{"load_avg":1.68212890625,"cpu_usage":100,"mem_used":8079388672,"mem_free":5701951488,"tcp_conns":15,"disk_usage_root":6.12,"disk_read_sec":3471,"disk_write_sec":75047,"disk_iops_sec":15,"io_wait":0,"open_files":0,"os_bytes_in_sec":99,"os_bytes_out_sec":216,"total_procs":466},"count":1}},"date":1636558860,"epoch_div":27275981},{"groups":{"main":{"totals":{"load_avg":1.22216796875,"cpu_usage":100,"mem_used":8082739200,"mem_free":5700399104,"tcp_conns":15,"disk_usage_root":6.12,"disk_read_sec":35020,"disk_write_sec":70656,"disk_iops_sec":15,"io_wait":0,"open_files":0,"os_bytes_in_sec":31,"os_bytes_out_sec":190,"total_procs":467},"count":1}},"date":1636558920,"epoch_div":27275982},{"groups":{"main":{"totals":{"load_avg":1.380859375,"cpu_usage":100,"mem_used":8094736384,"mem_free":5691617280,"tcp_conns":16,"disk_usage_root":6.12,"disk_read_sec":16869,"disk_write_sec":1021084,"disk_iops_sec":20,"io_wait":0,"open_files":0,"os_bytes_in_sec":133,"os_bytes_out_sec":417,"total_procs":467},"count":1}},"date":1636558980,"epoch_div":27275983},{"groups":{"main":{"totals":{"load_avg":1.3828125,"cpu_usage":100,"mem_used":8096309248,"mem_free":5694894080,"tcp_conns":16,"disk_usage_root":6.12,"disk_read_sec":8662,"disk_write_sec":82658,"disk_iops_sec":16,"io_wait":0,"open_files":0,"os_bytes_in_sec":182,"os_bytes_out_sec":302,"total_procs":468},"count":1}},"date":1636559040,"epoch_div":27275984},{"groups":{"main":{"totals":{"load_avg":1.32763671875,"cpu_usage":100,"mem_used":8092913664,"mem_free":5703131136,"tcp_conns":15,"disk_usage_root":6.12,"disk_read_sec":13954,"disk_write_sec":88029,"disk_iops_sec":18,"io_wait":0,"open_files":0,"os_bytes_in_sec":154,"os_bytes_out_sec":218,"total_procs":469},"count":1}},"date":1636559100,"epoch_div":27275985},{"groups":{"main":{"totals":{"load_avg":1.24609375,"cpu_usage":100,"mem_used":8088068096,"mem_free":5701246976,"tcp_conns":15,"disk_usage_root":6.12,"disk_read_sec":7987,"disk_write_sec":75025,"disk_iops_sec":12,"io_wait":0,"open_files":0,"os_bytes_in_sec":23,"os_bytes_out_sec":44,"total_procs":467},"count":1}},"date":1636559160,"epoch_div":27275986},{"groups":{"main":{"totals":{"load_avg":1.47607421875,"cpu_usage":100,"mem_used":8090963968,"mem_free":5707927552,"tcp_conns":15,"disk_usage_root":6.12,"disk_read_sec":13721,"disk_write_sec":63488,"disk_iops_sec":13,"io_wait":0,"open_files":0,"os_bytes_in_sec":85,"os_bytes_out_sec":65,"total_procs":468},"count":1}},"date":1636559220,"epoch_div":27275987},{"groups":{"main":{"totals":{"load_avg":1.30810546875,"cpu_usage":100,"mem_used":8087146496,"mem_free":5709594624,"tcp_conns":14,"disk_usage_root":6.12,"disk_read_sec":819,"disk_write_sec":53043,"disk_iops_sec":10,"io_wait":0,"open_files":0,"os_bytes_in_sec":58,"os_bytes_out_sec":27,"total_procs":466},"count":1}},"date":1636559280,"epoch_div":27275988},{"groups":{"main":{"totals":{"load_avg":1.28369140625,"cpu_usage":100,"mem_used":8091271168,"mem_free":5726818304,"tcp_conns":15,"disk_usage_root":6.12,"disk_read_sec":341,"disk_write_sec":48947,"disk_iops_sec":9,"io_wait":0,"open_files":0,"os_bytes_in_sec":231,"os_bytes_out_sec":135,"total_procs":467},"count":1}},"date":1636559340,"epoch_div":27275989},{"groups":{"main":{"totals":{"load_avg":1.04443359375,"cpu_usage":100,"mem_used":8096620544,"mem_free":5719408640,"tcp_conns":16,"disk_usage_root":6.12,"disk_read_sec":2082,"disk_write_sec":712426,"disk_iops_sec":13,"io_wait":0,"open_files":0,"os_bytes_in_sec":18,"os_bytes_out_sec":42,"total_procs":467},"count":1}},"date":1636559400,"epoch_div":27275990},{"groups":{"main":{"totals":{"load_avg":1.04296875,"cpu_usage":100,"mem_used":8099364864,"mem_free":5693427712,"tcp_conns":16,"disk_usage_root":6.12,"disk_read_sec":8326,"disk_write_sec":913072,"disk_iops_sec":16,"io_wait":0,"open_files":0,"os_bytes_in_sec":335,"os_bytes_out_sec":229,"total_procs":468},"count":1}},"date":1636559460,"epoch_div":27275991},{"groups":{"main":{"totals":{"load_avg":1.08154296875,"cpu_usage":100,"mem_used":8088682496,"mem_free":5705662464,"tcp_conns":15,"disk_usage_root":6.12,"disk_read_sec":18500,"disk_write_sec":79394,"disk_iops_sec":14,"io_wait":0,"open_files":0,"os_bytes_in_sec":23,"os_bytes_out_sec":19,"total_procs":466},"count":1}},"date":1636559520,"epoch_div":27275992},{"groups":{"main":{"totals":{"load_avg":1.21533203125,"cpu_usage":100,"mem_used":8088797184,"mem_free":5703426048,"tcp_conns":14,"disk_usage_root":6.12,"disk_read_sec":347,"disk_write_sec":45958,"disk_iops_sec":9,"io_wait":0,"open_files":0,"os_bytes_in_sec":102,"os_bytes_out_sec":68,"total_procs":466},"count":1}},"date":1636559580,"epoch_div":27275993},{"groups":{"main":{"totals":{"load_avg":1.435546875,"cpu_usage":100,"mem_used":8090484736,"mem_free":5722234880,"tcp_conns":15,"disk_usage_root":6.12,"disk_read_sec":805,"disk_write_sec":59425,"disk_iops_sec":11,"io_wait":0,"open_files":0,"os_bytes_in_sec":262,"os_bytes_out_sec":224,"total_procs":467},"count":1}},"date":1636559640,"epoch_div":27275994},{"groups":{"main":{"totals":{"load_avg":1.50390625,"cpu_usage":100,"mem_used":8092745728,"mem_free":5696385024,"tcp_conns":15,"disk_usage_root":6.12,"disk_read_sec":4096,"disk_write_sec":65262,"disk_iops_sec":12,"io_wait":0,"open_files":0,"os_bytes_in_sec":98,"os_bytes_out_sec":73,"total_procs":467},"count":1}},"date":1636559700,"epoch_div":27275995},{"groups":{"main":{"totals":{"load_avg":1.28076171875,"cpu_usage":100,"mem_used":8090398720,"mem_free":5701632000,"tcp_conns":15,"disk_usage_root":6.12,"disk_read_sec":0,"disk_write_sec":55538,"disk_iops_sec":10,"io_wait":0,"open_files":0,"os_bytes_in_sec":29,"os_bytes_out_sec":28,"total_procs":466},"count":1}},"date":1636559760,"epoch_div":27275996},{"groups":{"main":{"totals":{"load_avg":1.4716796875,"cpu_usage":100,"mem_used":8091738112,"mem_free":5704245248,"tcp_conns":15,"disk_usage_root":6.12,"disk_read_sec":7654,"disk_write_sec":71579,"disk_iops_sec":11,"io_wait":0,"open_files":0,"os_bytes_in_sec":76,"os_bytes_out_sec":54,"total_procs":467},"count":1}},"date":1636559820,"epoch_div":27275997},{"groups":{"main":{"totals":{"load_avg":1.55078125,"cpu_usage":100,"mem_used":8089788416,"mem_free":5701795840,"tcp_conns":14,"disk_usage_root":6.12,"disk_read_sec":204,"disk_write_sec":56183,"disk_iops_sec":10,"io_wait":0,"open_files":0,"os_bytes_in_sec":58,"os_bytes_out_sec":35,"total_procs":466},"count":1}},"date":1636559880,"epoch_div":27275998},{"groups":{"main":{"totals":{"load_avg":1.7197265625,"cpu_usage":100,"mem_used":8089743360,"mem_free":5721935872,"tcp_conns":15,"disk_usage_root":6.12,"disk_read_sec":208,"disk_write_sec":48388,"disk_iops_sec":9,"io_wait":0,"open_files":0,"os_bytes_in_sec":223,"os_bytes_out_sec":133,"total_procs":466},"count":1}},"date":1636559940,"epoch_div":27275999},{"groups":{"main":{"totals":{"load_avg":2.0908203125,"cpu_usage":100,"mem_used":8093552640,"mem_free":5704507392,"tcp_conns":15,"disk_usage_root":6.12,"disk_read_sec":18196,"disk_write_sec":62111,"disk_iops_sec":15,"io_wait":0,"open_files":0,"os_bytes_in_sec":292,"os_bytes_out_sec":162,"total_procs":467},"count":1}},"date":1636560000,"epoch_div":27276000},{"groups":{"main":{"totals":{"load_avg":1.7783203125,"cpu_usage":100,"mem_used":8091172864,"mem_free":5704806400,"tcp_conns":15,"disk_usage_root":6.12,"disk_read_sec":1774,"disk_write_sec":69768,"disk_iops_sec":13,"io_wait":0,"open_files":0,"os_bytes_in_sec":97,"os_bytes_out_sec":62,"total_procs":466},"count":1}},"date":1636560060,"epoch_div":27276001},{"groups":{"main":{"totals":{"load_avg":2.2646484375,"cpu_usage":100,"mem_used":8090836992,"mem_free":5702479872,"tcp_conns":15,"disk_usage_root":6.12,"disk_read_sec":546,"disk_write_sec":58299,"disk_iops_sec":10,"io_wait":0,"open_files":0,"os_bytes_in_sec":122,"os_bytes_out_sec":104,"total_procs":466},"count":1}},"date":1636560120,"epoch_div":27276002},{"groups":{"main":{"totals":{"load_avg":2.0654296875,"cpu_usage":100,"mem_used":8094752768,"mem_free":5703049216,"tcp_conns":14,"disk_usage_root":6.12,"disk_read_sec":9557,"disk_write_sec":73864,"disk_iops_sec":11,"io_wait":0,"open_files":0,"os_bytes_in_sec":143,"os_bytes_out_sec":167,"total_procs":467},"count":1}},"date":1636560180,"epoch_div":27276003},{"groups":{"main":{"totals":{"load_avg":1.638671875,"cpu_usage":100,"mem_used":8098848768,"mem_free":5720322048,"tcp_conns":15,"disk_usage_root":6.12,"disk_read_sec":5692,"disk_write_sec":67826,"disk_iops_sec":13,"io_wait":0,"open_files":0,"os_bytes_in_sec":446,"os_bytes_out_sec":309,"total_procs":467},"count":1}},"date":1636560240,"epoch_div":27276004},{"groups":{"main":{"totals":{"load_avg":1.7236328125,"cpu_usage":100,"mem_used":8123023360,"mem_free":5695193088,"tcp_conns":15,"disk_usage_root":6.12,"disk_read_sec":6110,"disk_write_sec":365282,"disk_iops_sec":14,"io_wait":0,"open_files":0,"os_bytes_in_sec":174,"os_bytes_out_sec":157,"total_procs":472},"count":1}},"date":1636560300,"epoch_div":27276005},{"groups":{"main":{"totals":{"load_avg":2.197265625,"cpu_usage":100,"mem_used":8110952448,"mem_free":5707128832,"tcp_conns":15,"disk_usage_root":6.12,"disk_read_sec":1024,"disk_write_sec":53316,"disk_iops_sec":10,"io_wait":0,"open_files":0,"os_bytes_in_sec":13,"os_bytes_out_sec":29,"total_procs":466},"count":1}},"date":1636560360,"epoch_div":27276006},{"groups":{"main":{"totals":{"load_avg":1.86767578125,"cpu_usage":100,"mem_used":8116080640,"mem_free":5711233024,"tcp_conns":15,"disk_usage_root":6.12,"disk_read_sec":34920,"disk_write_sec":244093,"disk_iops_sec":48,"io_wait":0,"open_files":0,"os_bytes_in_sec":88,"os_bytes_out_sec":55,"total_procs":466},"count":1}},"date":1636560420,"epoch_div":27276007},{"groups":{"main":{"totals":{"load_avg":1.71044921875,"cpu_usage":100,"mem_used":8114819072,"mem_free":5714391040,"tcp_conns":14,"disk_usage_root":6.12,"disk_read_sec":1812,"disk_write_sec":61305,"disk_iops_sec":11,"io_wait":0,"open_files":0,"os_bytes_in_sec":94,"os_bytes_out_sec":32,"total_procs":466},"count":1}},"date":1636560480,"epoch_div":27276008},{"groups":{"main":{"totals":{"load_avg":1.6650390625,"cpu_usage":100,"mem_used":8113192960,"mem_free":5731655680,"tcp_conns":15,"disk_usage_root":6.12,"disk_read_sec":8806,"disk_write_sec":86562,"disk_iops_sec":12,"io_wait":0,"open_files":0,"os_bytes_in_sec":5863,"os_bytes_out_sec":728,"total_procs":466},"count":1}},"date":1636560540,"epoch_div":27276009},{"groups":{"main":{"totals":{"load_avg":1.6455078125,"cpu_usage":100,"mem_used":8115126272,"mem_free":5730652160,"tcp_conns":15,"disk_usage_root":6.12,"disk_read_sec":2221,"disk_write_sec":66924,"disk_iops_sec":12,"io_wait":0,"open_files":0,"os_bytes_in_sec":36,"os_bytes_out_sec":19,"total_procs":467},"count":1}},"date":1636560600,"epoch_div":27276010},{"groups":{"main":{"totals":{"load_avg":1.83056640625,"cpu_usage":100,"mem_used":8112857088,"mem_free":5706526720,"tcp_conns":15,"disk_usage_root":6.12,"disk_read_sec":1007,"disk_write_sec":51703,"disk_iops_sec":10,"io_wait":0,"open_files":0,"os_bytes_in_sec":402,"os_bytes_out_sec":63,"total_procs":466},"count":1}},"date":1636560660,"epoch_div":27276011},{"groups":{"main":{"totals":{"load_avg":1.86083984375,"cpu_usage":100,"mem_used":8115630080,"mem_free":5710495744,"tcp_conns":15,"disk_usage_root":6.12,"disk_read_sec":614,"disk_write_sec":65126,"disk_iops_sec":12,"io_wait":0,"open_files":0,"os_bytes_in_sec":392,"os_bytes_out_sec":19,"total_procs":467},"count":1}},"date":1636560720,"epoch_div":27276012},{"groups":{"main":{"totals":{"load_avg":1.2822265625,"cpu_usage":100,"mem_used":8113053696,"mem_free":5711794176,"tcp_conns":14,"disk_usage_root":6.12,"disk_read_sec":138,"disk_write_sec":53386,"disk_iops_sec":9,"io_wait":0,"open_files":0,"os_bytes_in_sec":125,"os_bytes_out_sec":70,"total_procs":466},"count":1}},"date":1636560780,"epoch_div":27276013},{"groups":{"main":{"totals":{"load_avg":1.36669921875,"cpu_usage":100,"mem_used":8117436416,"mem_free":5729521664,"tcp_conns":15,"disk_usage_root":6.12,"disk_read_sec":9669,"disk_write_sec":82457,"disk_iops_sec":12,"io_wait":0,"open_files":0,"os_bytes_in_sec":509,"os_bytes_out_sec":382,"total_procs":467},"count":1}},"date":1636560840,"epoch_div":27276014},{"groups":{"main":{"totals":{"load_avg":1.54833984375,"cpu_usage":100,"mem_used":8116195328,"mem_free":5730603008,"tcp_conns":15,"disk_usage_root":6.12,"disk_read_sec":4778,"disk_write_sec":70792,"disk_iops_sec":14,"io_wait":0,"open_files":0,"os_bytes_in_sec":97,"os_bytes_out_sec":58,"total_procs":467},"count":1}},"date":1636560900,"epoch_div":27276015},{"groups":{"main":{"totals":{"load_avg":1.17724609375,"cpu_usage":100,"mem_used":8103124992,"mem_free":5704609792,"tcp_conns":15,"disk_usage_root":6.12,"disk_read_sec":2776,"disk_write_sec":67479,"disk_iops_sec":13,"io_wait":0,"open_files":0,"os_bytes_in_sec":95,"os_bytes_out_sec":149,"total_procs":469},"count":1}},"date":1636560960,"epoch_div":27276016},{"groups":{"main":{"totals":{"load_avg":1.390625,"cpu_usage":100,"mem_used":8097275904,"mem_free":5719494656,"tcp_conns":15,"disk_usage_root":6.12,"disk_read_sec":671,"disk_write_sec":52912,"disk_iops_sec":10,"io_wait":0,"open_files":0,"os_bytes_in_sec":236,"os_bytes_out_sec":77,"total_procs":466},"count":1}},"date":1636561020,"epoch_div":27276017},{"groups":{"main":{"totals":{"load_avg":1.61279296875,"cpu_usage":100,"mem_used":8097280000,"mem_free":5719470080,"tcp_conns":14,"disk_usage_root":6.12,"disk_read_sec":204,"disk_write_sec":56251,"disk_iops_sec":10,"io_wait":0,"open_files":0,"os_bytes_in_sec":99,"os_bytes_out_sec":25,"total_procs":466},"count":1}},"date":1636561080,"epoch_div":27276018},{"groups":{"main":{"totals":{"load_avg":1.61083984375,"cpu_usage":100,"mem_used":8098824192,"mem_free":5738860544,"tcp_conns":15,"disk_usage_root":6.12,"disk_read_sec":0,"disk_write_sec":49637,"disk_iops_sec":9,"io_wait":0,"open_files":0,"os_bytes_in_sec":250,"os_bytes_out_sec":136,"total_procs":466},"count":1}},"date":1636561140,"epoch_div":27276019},{"groups":{"main":{"totals":{"load_avg":1.384765625,"cpu_usage":100,"mem_used":8101511168,"mem_free":5737488384,"tcp_conns":15,"disk_usage_root":6.12,"disk_read_sec":7654,"disk_write_sec":80107,"disk_iops_sec":12,"io_wait":0,"open_files":0,"os_bytes_in_sec":122,"os_bytes_out_sec":84,"total_procs":467},"count":1}},"date":1636561200,"epoch_div":27276020},{"groups":{"main":{"totals":{"load_avg":1.21240234375,"cpu_usage":100,"mem_used":8099459072,"mem_free":5715714048,"tcp_conns":15,"disk_usage_root":6.12,"disk_read_sec":0,"disk_write_sec":48878,"disk_iops_sec":9,"io_wait":0,"open_files":0,"os_bytes_in_sec":110,"os_bytes_out_sec":71,"total_procs":466},"count":1}},"date":1636561260,"epoch_div":27276021},{"groups":{"main":{"totals":{"load_avg":1.173828125,"cpu_usage":100,"mem_used":8099459072,"mem_free":5718716416,"tcp_conns":15,"disk_usage_root":6.12,"disk_read_sec":69,"disk_write_sec":54358,"disk_iops_sec":10,"io_wait":0,"open_files":0,"os_bytes_in_sec":38,"os_bytes_out_sec":32,"total_procs":466},"count":1}},"date":1636561320,"epoch_div":27276022},{"groups":{"main":{"totals":{"load_avg":1.7373046875,"cpu_usage":100,"mem_used":8111554560,"mem_free":5698633728,"tcp_conns":15,"disk_usage_root":6.12,"disk_read_sec":6916,"disk_write_sec":1501687,"disk_iops_sec":17,"io_wait":0,"open_files":0,"os_bytes_in_sec":147,"os_bytes_out_sec":206,"total_procs":469},"count":1}},"date":1636561380,"epoch_div":27276023},{"groups":{"main":{"totals":{"load_avg":1.75439453125,"cpu_usage":100,"mem_used":8110227456,"mem_free":5719711744,"tcp_conns":16,"disk_usage_root":6.12,"disk_read_sec":24029,"disk_write_sec":62600,"disk_iops_sec":13,"io_wait":0,"open_files":0,"os_bytes_in_sec":175,"os_bytes_out_sec":210,"total_procs":468},"count":1}},"date":1636561440,"epoch_div":27276024},{"groups":{"main":{"totals":{"load_avg":1.42919921875,"cpu_usage":100,"mem_used":8103419904,"mem_free":5723267072,"tcp_conns":15,"disk_usage_root":6.12,"disk_read_sec":12970,"disk_write_sec":77892,"disk_iops_sec":16,"io_wait":0,"open_files":0,"os_bytes_in_sec":92,"os_bytes_out_sec":67,"total_procs":468},"count":1}},"date":1636561500,"epoch_div":27276025},{"groups":{"main":{"totals":{"load_avg":1.66357421875,"cpu_usage":100,"mem_used":8101027840,"mem_free":5695066112,"tcp_conns":15,"disk_usage_root":6.12,"disk_read_sec":14648,"disk_write_sec":74561,"disk_iops_sec":13,"io_wait":0,"open_files":0,"os_bytes_in_sec":26,"os_bytes_out_sec":21,"total_procs":467},"count":1}},"date":1636561560,"epoch_div":27276026},{"groups":{"main":{"totals":{"load_avg":1.8203125,"cpu_usage":100,"mem_used":8110501888,"mem_free":5706424320,"tcp_conns":16,"disk_usage_root":6.12,"disk_read_sec":14302,"disk_write_sec":944094,"disk_iops_sec":17,"io_wait":0,"open_files":0,"os_bytes_in_sec":200,"os_bytes_out_sec":160,"total_procs":468},"count":1}},"date":1636561620,"epoch_div":27276027},{"groups":{"main":{"totals":{"load_avg":1.29150390625,"cpu_usage":100,"mem_used":8108179456,"mem_free":5707104256,"tcp_conns":15,"disk_usage_root":6.12,"disk_read_sec":4846,"disk_write_sec":58368,"disk_iops_sec":12,"io_wait":0,"open_files":0,"os_bytes_in_sec":104,"os_bytes_out_sec":27,"total_procs":467},"count":1}},"date":1636561680,"epoch_div":27276028},{"groups":{"main":{"totals":{"load_avg":1.5048828125,"cpu_usage":100,"mem_used":8098045952,"mem_free":5730893824,"tcp_conns":15,"disk_usage_root":6.12,"disk_read_sec":7358,"disk_write_sec":52692,"disk_iops_sec":11,"io_wait":0,"open_files":0,"os_bytes_in_sec":218,"os_bytes_out_sec":135,"total_procs":466},"count":1}},"date":1636561740,"epoch_div":27276029},{"groups":{"main":{"totals":{"load_avg":1.1318359375,"cpu_usage":100,"mem_used":8099667968,"mem_free":5703368704,"tcp_conns":15,"disk_usage_root":6.12,"disk_read_sec":537,"disk_write_sec":53046,"disk_iops_sec":9,"io_wait":0,"open_files":0,"os_bytes_in_sec":108,"os_bytes_out_sec":18,"total_procs":466},"count":1}},"date":1636561800,"epoch_div":27276030},{"groups":{"main":{"totals":{"load_avg":2.02001953125,"cpu_usage":100,"mem_used":8111689728,"mem_free":5701795840,"tcp_conns":16,"disk_usage_root":6.12,"disk_read_sec":19319,"disk_write_sec":1328537,"disk_iops_sec":30,"io_wait":0,"open_files":0,"os_bytes_in_sec":161,"os_bytes_out_sec":194,"total_procs":470},"count":1}},"date":1636561860,"epoch_div":27276031}]}