{"type":"list_page","items":[{"date":1637640000,"epoch_div":13647000,"totals":{"load_avg":5.439453125,"cpu_usage":200,"mem_used":17066835968,"mem_free":13128900608,"tcp_conns":154,"disk_usage_root":12.24,"disk_read_sec":203382,"disk_write_sec":516066,"disk_iops_sec":55,"io_wait":0,"open_files":0,"os_bytes_in_sec":3878,"os_bytes_out_sec":4042,"total_procs":892},"count":2},{"date":1637640120,"epoch_div":13647001,"totals":{"load_avg":5.81884765625,"cpu_usage":200,"mem_used":17086763008,"mem_free":13193433088,"tcp_conns":155,"disk_usage_root":12.24,"disk_read_sec":75434,"disk_write_sec":198382,"disk_iops_sec":34,"io_wait":0,"open_files":0,"os_bytes_in_sec":1271,"os_bytes_out_sec":967,"total_procs":893},"count":2},{"date":1637640240,"epoch_div":13647002,"totals":{"load_avg":4.228515625,"cpu_usage":200,"mem_used":17071165440,"mem_free":13169352704,"tcp_conns":218,"disk_usage_root":12.24,"disk_read_sec":291229,"disk_write_sec":2176083,"disk_iops_sec":82,"io_wait":0,"open_files":0,"os_bytes_in_sec":51398,"os_bytes_out_sec":14420,"total_procs":901},"count":2},{"date":1637640360,"epoch_div":13647003,"totals":{"load_avg":5.3076171875,"cpu_usage":200,"mem_used":17070796800,"mem_free":13112803328,"tcp_conns":202,"disk_usage_root":12.24,"disk_read_sec":289374,"disk_write_sec":843274,"disk_iops_sec":64,"io_wait":0,"open_files":0,"os_bytes_in_sec":719,"os_bytes_out_sec":616,"total_procs":889},"count":2},{"date":1637640480,"epoch_div":13647004,"totals":{"load_avg":6.04736328125,"cpu_usage":200,"mem_used":17036300288,"mem_free":13117923328,"tcp_conns":181,"disk_usage_root":12.24,"disk_read_sec":75843,"disk_write_sec":135030,"disk_iops_sec":33,"io_wait":0,"open_files":0,"os_bytes_in_sec":392,"os_bytes_out_sec":426,"total_procs":887},"count":2},{"date":1637640600,"epoch_div":13647005,"totals":{"load_avg":6.6064453125,"cpu_usage":200,"mem_used":17069854720,"mem_free":13042827264,"tcp_conns":158,"disk_usage_root":12.24,"disk_read_sec":6196,"disk_write_sec":152278,"disk_iops_sec":27,"io_wait":0,"open_files":0,"os_bytes_in_sec":753,"os_bytes_out_sec":902,"total_procs":891},"count":2},{"date":1637640720,"epoch_div":13647006,"totals":{"load_avg":6.8564453125,"cpu_usage":200,"mem_used":17060179968,"mem_free":13082218496,"tcp_conns":153,"disk_usage_root":12.24,"disk_read_sec":17037,"disk_write_sec":1393299,"disk_iops_sec":31,"io_wait":0,"open_files":0,"os_bytes_in_sec":457,"os_bytes_out_sec":526,"total_procs":889},"count":2},{"date":1637640840,"epoch_div":13647007,"totals":{"load_avg":5.44091796875,"cpu_usage":200,"mem_used":17024774144,"mem_free":13109710848,"tcp_conns":148,"disk_usage_root":12.24,"disk_read_sec":106384,"disk_write_sec":4616457,"disk_iops_sec":69,"io_wait":0,"open_files":0,"os_bytes_in_sec":480,"os_bytes_out_sec":531,"total_procs":890},"count":2},{"date":1637640960,"epoch_div":13647008,"totals":{"load_avg":4.744140625,"cpu_usage":200,"mem_used":17019584512,"mem_free":13121585152,"tcp_conns":150,"disk_usage_root":12.24,"disk_read_sec":263098,"disk_write_sec":4715860,"disk_iops_sec":83,"io_wait":0,"open_files":0,"os_bytes_in_sec":190,"os_bytes_out_sec":281,"total_procs":889},"count":2},{"date":1637641080,"epoch_div":13647009,"totals":{"load_avg":4.3759765625,"cpu_usage":200,"mem_used":17067925504,"mem_free":13068308480,"tcp_conns":143,"disk_usage_root":12.24,"disk_read_sec":448126,"disk_write_sec":3288304,"disk_iops_sec":84,"io_wait":0,"open_files":0,"os_bytes_in_sec":187,"os_bytes_out_sec":395,"total_procs":889},"count":2},{"date":1637641200,"epoch_div":13647010,"totals":{"load_avg":5.6865234375,"cpu_usage":200,"mem_used":17123287040,"mem_free":13103116288,"tcp_conns":151,"disk_usage_root":12.24,"disk_read_sec":710041,"disk_write_sec":215312,"disk_iops_sec":72,"io_wait":0,"open_files":0,"os_bytes_in_sec":137,"os_bytes_out_sec":155,"total_procs":889},"count":2},{"date":1637641320,"epoch_div":13647011,"totals":{"load_avg":6.04296875,"cpu_usage":200,"mem_used":17131642880,"mem_free":13120102400,"tcp_conns":150,"disk_usage_root":12.24,"disk_read_sec":77037,"disk_write_sec":122187,"disk_iops_sec":26,"io_wait":0,"open_files":0,"os_bytes_in_sec":573,"os_bytes_out_sec":316,"total_procs":887},"count":2},{"date":1637641440,"epoch_div":13647012,"totals":{"load_avg":5.41650390625,"cpu_usage":200,"mem_used":17022304256,"mem_free":13579550720,"tcp_conns":158,"disk_usage_root":12.24,"disk_read_sec":628940,"disk_write_sec":1702706,"disk_iops_sec":185,"io_wait":0,"open_files":0,"os_bytes_in_sec":177837,"os_bytes_out_sec":16087,"total_procs":901},"count":2},{"date":1637641560,"epoch_div":13647013,"totals":{"load_avg":4.6982421875,"cpu_usage":200,"mem_used":16728375296,"mem_free":13473120256,"tcp_conns":161,"disk_usage_root":12.24,"disk_read_sec":183432,"disk_write_sec":403535,"disk_iops_sec":75,"io_wait":0,"open_files":0,"os_bytes_in_sec":131431,"os_bytes_out_sec":3611,"total_procs":896},"count":2},{"date":1637641680,"epoch_div":13647014,"totals":{"load_avg":5.11181640625,"cpu_usage":200,"mem_used":16845889536,"mem_free":13352185856,"tcp_conns":160,"disk_usage_root":12.24,"disk_read_sec":36591,"disk_write_sec":1308139,"disk_iops_sec":41,"io_wait":0,"open_files":0,"os_bytes_in_sec":19127,"os_bytes_out_sec":1477,"total_procs":894},"count":2},{"date":1637641800,"epoch_div":13647015,"totals":{"load_avg":5.01904296875,"cpu_usage":200,"mem_used":17040285696,"mem_free":13491331072,"tcp_conns":153,"disk_usage_root":12.24,"disk_read_sec":226166,"disk_write_sec":1086326,"disk_iops_sec":114,"io_wait":0,"open_files":0,"os_bytes_in_sec":317478,"os_bytes_out_sec":12285,"total_procs":895},"count":2},{"date":1637641920,"epoch_div":13647016,"totals":{"load_avg":4.87890625,"cpu_usage":200,"mem_used":16885342208,"mem_free":13427879936,"tcp_conns":151,"disk_usage_root":12.24,"disk_read_sec":29265,"disk_write_sec":397585,"disk_iops_sec":53,"io_wait":0,"open_files":0,"os_bytes_in_sec":167572,"os_bytes_out_sec":4253,"total_procs":891},"count":2},{"date":1637642040,"epoch_div":13647017,"totals":{"load_avg":4.6259765625,"cpu_usage":200,"mem_used":17000943616,"mem_free":13358686208,"tcp_conns":153,"disk_usage_root":12.24,"disk_read_sec":510608,"disk_write_sec":289355,"disk_iops_sec":91,"io_wait":0,"open_files":0,"os_bytes_in_sec":49834,"os_bytes_out_sec":2349,"total_procs":894},"count":2},{"date":1637642160,"epoch_div":13647018,"totals":{"load_avg":6.27099609375,"cpu_usage":200,"mem_used":17064251392,"mem_free":13423632384,"tcp_conns":155,"disk_usage_root":12.24,"disk_read_sec":1314746,"disk_write_sec":1012803,"disk_iops_sec":247,"io_wait":0,"open_files":0,"os_bytes_in_sec":332158,"os_bytes_out_sec":17296,"total_procs":909},"count":2},{"date":1637642280,"epoch_div":13647019,"totals":{"load_avg":5.92236328125,"cpu_usage":200,"mem_used":16903876608,"mem_free":13585391616,"tcp_conns":149,"disk_usage_root":12.24,"disk_read_sec":10727901,"disk_write_sec":757349,"disk_iops_sec":681,"io_wait":0,"open_files":0,"os_bytes_in_sec":430751,"os_bytes_out_sec":6916,"total_procs":911},"count":2},{"date":1637642400,"epoch_div":13647020,"totals":{"load_avg":6.7353515625,"cpu_usage":200,"mem_used":16981241856,"mem_free":13620502528,"tcp_conns":147,"disk_usage_root":12.24,"disk_read_sec":423252,"disk_write_sec":1082981,"disk_iops_sec":111,"io_wait":0,"open_files":0,"os_bytes_in_sec":80666,"os_bytes_out_sec":10394,"total_procs":898},"count":2},{"date":1637642520,"epoch_div":13647021,"totals":{"load_avg":6.27001953125,"cpu_usage":200,"mem_used":16998424576,"mem_free":13541437440,"tcp_conns":147,"disk_usage_root":12.24,"disk_read_sec":37734,"disk_write_sec":439375,"disk_iops_sec":55,"io_wait":0,"open_files":0,"os_bytes_in_sec":194937,"os_bytes_out_sec":4121,"total_procs":898},"count":2},{"date":1637642640,"epoch_div":13647022,"totals":{"load_avg":4.57177734375,"cpu_usage":200,"mem_used":17078136832,"mem_free":13479763968,"tcp_conns":146,"disk_usage_root":12.24,"disk_read_sec":19250,"disk_write_sec":237362,"disk_iops_sec":37,"io_wait":0,"open_files":0,"os_bytes_in_sec":40618,"os_bytes_out_sec":2055,"total_procs":899},"count":2},{"date":1637642760,"epoch_div":13647023,"totals":{"load_avg":4.18798828125,"cpu_usage":200,"mem_used":17034117120,"mem_free":13702918144,"tcp_conns":148,"disk_usage_root":12.24,"disk_read_sec":282214,"disk_write_sec":676863,"disk_iops_sec":124,"io_wait":0,"open_files":0,"os_bytes_in_sec":195977,"os_bytes_out_sec":7413,"total_procs":901},"count":2},{"date":1637642880,"epoch_div":13647024,"totals":{"load_avg":6.75927734375,"cpu_usage":200,"mem_used":16945545216,"mem_free":13580509184,"tcp_conns":147,"disk_usage_root":12.24,"disk_read_sec":209187,"disk_write_sec":321833,"disk_iops_sec":67,"io_wait":0,"open_files":0,"os_bytes_in_sec":47300,"os_bytes_out_sec":2256,"total_procs":900},"count":2},{"date":1637643000,"epoch_div":13647025,"totals":{"load_avg":5.48876953125,"cpu_usage":200,"mem_used":16041316352,"mem_free":13938511872,"tcp_conns":150,"disk_usage_root":12.24,"disk_read_sec":153872,"disk_write_sec":448852,"disk_iops_sec":65,"io_wait":0,"open_files":0,"os_bytes_in_sec":1009,"os_bytes_out_sec":1532,"total_procs":895},"count":2},{"date":1637643120,"epoch_div":13647026,"totals":{"load_avg":4.822265625,"cpu_usage":200,"mem_used":16051994624,"mem_free":13858873344,"tcp_conns":150,"disk_usage_root":12.24,"disk_read_sec":9830,"disk_write_sec":138444,"disk_iops_sec":26,"io_wait":0,"open_files":0,"os_bytes_in_sec":585,"os_bytes_out_sec":494,"total_procs":891},"count":2},{"date":1637643240,"epoch_div":13647027,"totals":{"load_avg":5.580078125,"cpu_usage":200,"mem_used":16099250176,"mem_free":13903331328,"tcp_conns":150,"disk_usage_root":12.24,"disk_read_sec":251380,"disk_write_sec":501391,"disk_iops_sec":60,"io_wait":0,"open_files":0,"os_bytes_in_sec":891,"os_bytes_out_sec":764,"total_procs":892},"count":2},{"date":1637643360,"epoch_div":13647028,"totals":{"load_avg":7.1142578125,"cpu_usage":200,"mem_used":16208183296,"mem_free":13734055936,"tcp_conns":153,"disk_usage_root":12.24,"disk_read_sec":216882,"disk_write_sec":145134,"disk_iops_sec":45,"io_wait":0,"open_files":0,"os_bytes_in_sec":11432,"os_bytes_out_sec":1468,"total_procs":892},"count":2},{"date":1637643480,"epoch_div":13647029,"totals":{"load_avg":6.71875,"cpu_usage":200,"mem_used":16223014912,"mem_free":13737988096,"tcp_conns":147,"disk_usage_root":12.24,"disk_read_sec":7714,"disk_write_sec":121240,"disk_iops_sec":22,"io_wait":0,"open_files":0,"os_bytes_in_sec":399,"os_bytes_out_sec":418,"total_procs":892},"count":2}]}