{"type":"list_page","items":[{"date":1637668140,"epoch_div":27294469,"totals":{"load_avg":2.05126953125,"cpu_usage":100,"mem_used":8554962944,"mem_free":6645354496,"tcp_conns":82,"disk_usage_root":6.12,"disk_read_sec":16809,"disk_write_sec":9323,"disk_iops_sec":1,"io_wait":0,"open_files":0,"os_bytes_in_sec":159,"os_bytes_out_sec":141,"total_procs":436},"count":1},{"date":1637668200,"epoch_div":27294470,"totals":{"load_avg":2.5302734375,"cpu_usage":100,"mem_used":8498716672,"mem_free":6657400832,"tcp_conns":77,"disk_usage_root":6.12,"disk_read_sec":1313060,"disk_write_sec":452022,"disk_iops_sec":94,"io_wait":0,"open_files":0,"os_bytes_in_sec":2870,"os_bytes_out_sec":3741,"total_procs":437},"count":1}]}