{"type":"list_page","items":[{"groups":{"main":{"totals":{"load_avg":2.24853515625,"cpu_usage":100,"mem_used":8569266176,"mem_free":6691848192,"tcp_conns":49,"disk_usage_root":6.12,"disk_read_sec":162611,"disk_write_sec":122333,"disk_iops_sec":29,"io_wait":0,"open_files":0,"os_bytes_in_sec":615,"os_bytes_out_sec":1685,"total_procs":371},"count":1}},"date":1637263620,"epoch_div":27287727},{"groups":{"main":{"totals":{"load_avg":2.5419921875,"cpu_usage":100,"mem_used":8509100032,"mem_free":6609399808,"tcp_conns":72,"disk_usage_root":6.12,"disk_read_sec":4244866,"disk_write_sec":3154457,"disk_iops_sec":207,"io_wait":0,"open_files":0,"os_bytes_in_sec":38661,"os_bytes_out_sec":10758,"total_procs":377},"count":1}},"date":1637263680,"epoch_div":27287728},{"groups":{"main":{"totals":{"load_avg":2.99072265625,"cpu_usage":100,"mem_used":8567058432,"mem_free":6609580032,"tcp_conns":59,"disk_usage_root":6.12,"disk_read_sec":406961,"disk_write_sec":154120,"disk_iops_sec":32,"io_wait":0,"open_files":0,"os_bytes_in_sec":613,"os_bytes_out_sec":1292,"total_procs":374},"count":1}},"date":1637263740,"epoch_div":27287729},{"groups":{"main":{"totals":{"load_avg":2.5400390625,"cpu_usage":100,"mem_used":8566611968,"mem_free":6601367552,"tcp_conns":59,"disk_usage_root":6.12,"disk_read_sec":72294,"disk_write_sec":103355,"disk_iops_sec":23,"io_wait":0,"open_files":0,"os_bytes_in_sec":424,"os_bytes_out_sec":838,"total_procs":373},"count":1}},"date":1637263800,"epoch_div":27287730},{"groups":{"main":{"totals":{"load_avg":2.734375,"cpu_usage":100,"mem_used":8548118528,"mem_free":6602227712,"tcp_conns":57,"disk_usage_root":6.12,"disk_read_sec":110660,"disk_write_sec":855586,"disk_iops_sec":26,"io_wait":0,"open_files":0,"os_bytes_in_sec":594,"os_bytes_out_sec":827,"total_procs":374},"count":1}},"date":1637263860,"epoch_div":27287731},{"groups":{"main":{"totals":{"load_avg":2.59716796875,"cpu_usage":100,"mem_used":8527753216,"mem_free":6560903168,"tcp_conns":51,"disk_usage_root":6.12,"disk_read_sec":313070,"disk_write_sec":912384,"disk_iops_sec":47,"io_wait":0,"open_files":0,"os_bytes_in_sec":357,"os_bytes_out_sec":604,"total_procs":373},"count":1}},"date":1637263920,"epoch_div":27287732},{"groups":{"main":{"totals":{"load_avg":2.2646484375,"cpu_usage":100,"mem_used":8568692736,"mem_free":6552641536,"tcp_conns":49,"disk_usage_root":6.12,"disk_read_sec":174557,"disk_write_sec":107656,"disk_iops_sec":25,"io_wait":0,"open_files":0,"os_bytes_in_sec":2515,"os_bytes_out_sec":4969,"total_procs":373},"count":1}},"date":1637263980,"epoch_div":27287733},{"groups":{"main":{"totals":{"load_avg":2.49658203125,"cpu_usage":100,"mem_used":8567525376,"mem_free":6546268160,"tcp_conns":46,"disk_usage_root":6.12,"disk_read_sec":69358,"disk_write_sec":140151,"disk_iops_sec":25,"io_wait":0,"open_files":0,"os_bytes_in_sec":707,"os_bytes_out_sec":1178,"total_procs":373},"count":1}},"date":1637264040,"epoch_div":27287734},{"groups":{"main":{"totals":{"load_avg":3.16552734375,"cpu_usage":100,"mem_used":8562352128,"mem_free":6573334528,"tcp_conns":48,"disk_usage_root":6.12,"disk_read_sec":154077,"disk_write_sec":179677,"disk_iops_sec":47,"io_wait":0,"open_files":0,"os_bytes_in_sec":820,"os_bytes_out_sec":1091,"total_procs":374},"count":1}},"date":1637264100,"epoch_div":27287735},{"groups":{"main":{"totals":{"load_avg":2.205078125,"cpu_usage":100,"mem_used":8555003904,"mem_free":6494302208,"tcp_conns":52,"disk_usage_root":6.12,"disk_read_sec":4795118,"disk_write_sec":6366617,"disk_iops_sec":288,"io_wait":0,"open_files":0,"os_bytes_in_sec":51791,"os_bytes_out_sec":5899,"total_procs":396},"count":1}},"date":1637264160,"epoch_div":27287736},{"groups":{"main":{"totals":{"load_avg":2.1162109375,"cpu_usage":100,"mem_used":8567742464,"mem_free":6473662464,"tcp_conns":45,"disk_usage_root":6.12,"disk_read_sec":530227,"disk_write_sec":155443,"disk_iops_sec":32,"io_wait":0,"open_files":0,"os_bytes_in_sec":17822,"os_bytes_out_sec":1084,"total_procs":382},"count":1}},"date":1637264220,"epoch_div":27287737},{"groups":{"main":{"totals":{"load_avg":2.61669921875,"cpu_usage":100,"mem_used":8545107968,"mem_free":6440583168,"tcp_conns":45,"disk_usage_root":6.12,"disk_read_sec":160854,"disk_write_sec":1599106,"disk_iops_sec":30,"io_wait":0,"open_files":0,"os_bytes_in_sec":1495,"os_bytes_out_sec":911,"total_procs":382},"count":1}},"date":1637264280,"epoch_div":27287738},{"groups":{"main":{"totals":{"load_avg":2.35498046875,"cpu_usage":100,"mem_used":8498970624,"mem_free":6447300608,"tcp_conns":47,"disk_usage_root":6.12,"disk_read_sec":2249442,"disk_write_sec":1519817,"disk_iops_sec":98,"io_wait":0,"open_files":0,"os_bytes_in_sec":4078,"os_bytes_out_sec":2131,"total_procs":391},"count":1}},"date":1637264340,"epoch_div":27287739},{"groups":{"main":{"totals":{"load_avg":2.7236328125,"cpu_usage":100,"mem_used":8568086528,"mem_free":6546530304,"tcp_conns":50,"disk_usage_root":6.12,"disk_read_sec":1122235,"disk_write_sec":1151726,"disk_iops_sec":40,"io_wait":0,"open_files":0,"os_bytes_in_sec":2249,"os_bytes_out_sec":3308,"total_procs":383},"count":1}},"date":1637264400,"epoch_div":27287740},{"groups":{"main":{"totals":{"load_avg":2.751953125,"cpu_usage":100,"mem_used":8563130368,"mem_free":6505631744,"tcp_conns":50,"disk_usage_root":6.12,"disk_read_sec":275251,"disk_write_sec":471927,"disk_iops_sec":30,"io_wait":0,"open_files":0,"os_bytes_in_sec":716,"os_bytes_out_sec":1175,"total_procs":385},"count":1}},"date":1637264460,"epoch_div":27287741},{"groups":{"main":{"totals":{"load_avg":2.61279296875,"cpu_usage":100,"mem_used":8536092672,"mem_free":6521110528,"tcp_conns":50,"disk_usage_root":6.12,"disk_read_sec":1002154,"disk_write_sec":593920,"disk_iops_sec":51,"io_wait":0,"open_files":0,"os_bytes_in_sec":570,"os_bytes_out_sec":1721,"total_procs":380},"count":1}},"date":1637264520,"epoch_div":27287742},{"groups":{"main":{"totals":{"load_avg":3.0927734375,"cpu_usage":100,"mem_used":8573714432,"mem_free":6504845312,"tcp_conns":47,"disk_usage_root":6.12,"disk_read_sec":111069,"disk_write_sec":1068509,"disk_iops_sec":21,"io_wait":0,"open_files":0,"os_bytes_in_sec":761,"os_bytes_out_sec":1493,"total_procs":381},"count":1}},"date":1637264580,"epoch_div":27287743},{"groups":{"main":{"totals":{"load_avg":2.91162109375,"cpu_usage":100,"mem_used":8535703552,"mem_free":6477901824,"tcp_conns":47,"disk_usage_root":6.12,"disk_read_sec":180428,"disk_write_sec":137489,"disk_iops_sec":29,"io_wait":0,"open_files":0,"os_bytes_in_sec":662,"os_bytes_out_sec":1673,"total_procs":382},"count":1}},"date":1637264640,"epoch_div":27287744},{"groups":{"main":{"totals":{"load_avg":2.62646484375,"cpu_usage":100,"mem_used":8556249088,"mem_free":6465794048,"tcp_conns":46,"disk_usage_root":6.12,"disk_read_sec":130525,"disk_write_sec":101171,"disk_iops_sec":22,"io_wait":0,"open_files":0,"os_bytes_in_sec":797,"os_bytes_out_sec":1401,"total_procs":381},"count":1}},"date":1637264700,"epoch_div":27287745},{"groups":{"main":{"totals":{"load_avg":2.10498046875,"cpu_usage":100,"mem_used":8551915520,"mem_free":6455345152,"tcp_conns":46,"disk_usage_root":6.12,"disk_read_sec":61576,"disk_write_sec":111274,"disk_iops_sec":17,"io_wait":0,"open_files":0,"os_bytes_in_sec":643,"os_bytes_out_sec":756,"total_procs":380},"count":1}},"date":1637264760,"epoch_div":27287746},{"groups":{"main":{"totals":{"load_avg":2.73583984375,"cpu_usage":100,"mem_used":8569528320,"mem_free":6461415424,"tcp_conns":46,"disk_usage_root":6.12,"disk_read_sec":290052,"disk_write_sec":143012,"disk_iops_sec":23,"io_wait":0,"open_files":0,"os_bytes_in_sec":984,"os_bytes_out_sec":1356,"total_procs":382},"count":1}},"date":1637264820,"epoch_div":27287747},{"groups":{"main":{"totals":{"load_avg":2.7490234375,"cpu_usage":100,"mem_used":8563150848,"mem_free":6451367936,"tcp_conns":45,"disk_usage_root":6.12,"disk_read_sec":136328,"disk_write_sec":102809,"disk_iops_sec":16,"io_wait":0,"open_files":0,"os_bytes_in_sec":678,"os_bytes_out_sec":913,"total_procs":380},"count":1}},"date":1637264880,"epoch_div":27287748},{"groups":{"main":{"totals":{"load_avg":2.51708984375,"cpu_usage":100,"mem_used":8570376192,"mem_free":6444986368,"tcp_conns":45,"disk_usage_root":6.12,"disk_read_sec":100184,"disk_write_sec":684703,"disk_iops_sec":20,"io_wait":0,"open_files":0,"os_bytes_in_sec":489,"os_bytes_out_sec":695,"total_procs":382},"count":1}},"date":1637264940,"epoch_div":27287749},{"groups":{"main":{"totals":{"load_avg":2.42626953125,"cpu_usage":100,"mem_used":8547954688,"mem_free":6434934784,"tcp_conns":46,"disk_usage_root":6.12,"disk_read_sec":85333,"disk_write_sec":387140,"disk_iops_sec":20,"io_wait":0,"open_files":0,"os_bytes_in_sec":526,"os_bytes_out_sec":782,"total_procs":380},"count":1}},"date":1637265000,"epoch_div":27287750},{"groups":{"main":{"totals":{"load_avg":2.24072265625,"cpu_usage":100,"mem_used":8570601472,"mem_free":6427607040,"tcp_conns":45,"disk_usage_root":6.12,"disk_read_sec":188893,"disk_write_sec":115029,"disk_iops_sec":20,"io_wait":0,"open_files":0,"os_bytes_in_sec":375,"os_bytes_out_sec":840,"total_procs":381},"count":1}},"date":1637265060,"epoch_div":27287751},{"groups":{"main":{"totals":{"load_avg":2.19873046875,"cpu_usage":100,"mem_used":8523493376,"mem_free":6460489728,"tcp_conns":47,"disk_usage_root":6.12,"disk_read_sec":354918,"disk_write_sec":391304,"disk_iops_sec":49,"io_wait":0,"open_files":0,"os_bytes_in_sec":454,"os_bytes_out_sec":810,"total_procs":382},"count":1}},"date":1637265120,"epoch_div":27287752},{"groups":{"main":{"totals":{"load_avg":2.37890625,"cpu_usage":100,"mem_used":8568467456,"mem_free":6448050176,"tcp_conns":42,"disk_usage_root":6.12,"disk_read_sec":388846,"disk_write_sec":120490,"disk_iops_sec":40,"io_wait":0,"open_files":0,"os_bytes_in_sec":438,"os_bytes_out_sec":633,"total_procs":384},"count":1}},"date":1637265180,"epoch_div":27287753},{"groups":{"main":{"totals":{"load_avg":2.1494140625,"cpu_usage":100,"mem_used":8562364416,"mem_free":6456303616,"tcp_conns":43,"disk_usage_root":6.12,"disk_read_sec":420932,"disk_write_sec":316552,"disk_iops_sec":23,"io_wait":0,"open_files":0,"os_bytes_in_sec":515,"os_bytes_out_sec":761,"total_procs":382},"count":1}},"date":1637265240,"epoch_div":27287754},{"groups":{"main":{"totals":{"load_avg":2.44775390625,"cpu_usage":100,"mem_used":8554901504,"mem_free":6456934400,"tcp_conns":43,"disk_usage_root":6.12,"disk_read_sec":109342,"disk_write_sec":376484,"disk_iops_sec":19,"io_wait":0,"open_files":0,"os_bytes_in_sec":340,"os_bytes_out_sec":601,"total_procs":383},"count":1}},"date":1637265300,"epoch_div":27287755},{"groups":{"main":{"totals":{"load_avg":2.740234375,"cpu_usage":100,"mem_used":8564457472,"mem_free":6587256832,"tcp_conns":46,"disk_usage_root":6.12,"disk_read_sec":500517,"disk_write_sec":325396,"disk_iops_sec":43,"io_wait":0,"open_files":0,"os_bytes_in_sec":7660,"os_bytes_out_sec":2390,"total_procs":385},"count":1}},"date":1637265360,"epoch_div":27287756},{"groups":{"main":{"totals":{"load_avg":3.14208984375,"cpu_usage":100,"mem_used":8565075968,"mem_free":6589403136,"tcp_conns":49,"disk_usage_root":6.12,"disk_read_sec":433083,"disk_write_sec":659660,"disk_iops_sec":39,"io_wait":0,"open_files":0,"os_bytes_in_sec":972,"os_bytes_out_sec":1615,"total_procs":384},"count":1}},"date":1637265420,"epoch_div":27287757},{"groups":{"main":{"totals":{"load_avg":2.53369140625,"cpu_usage":100,"mem_used":8538058752,"mem_free":6509457408,"tcp_conns":45,"disk_usage_root":6.12,"disk_read_sec":302148,"disk_write_sec":126634,"disk_iops_sec":24,"io_wait":0,"open_files":0,"os_bytes_in_sec":555,"os_bytes_out_sec":872,"total_procs":384},"count":1}},"date":1637265480,"epoch_div":27287758},{"groups":{"main":{"totals":{"load_avg":2.34033203125,"cpu_usage":100,"mem_used":8546451456,"mem_free":6501986304,"tcp_conns":46,"disk_usage_root":6.12,"disk_read_sec":112093,"disk_write_sec":109158,"disk_iops_sec":19,"io_wait":0,"open_files":0,"os_bytes_in_sec":847,"os_bytes_out_sec":988,"total_procs":383},"count":1}},"date":1637265540,"epoch_div":27287759},{"groups":{"main":{"totals":{"load_avg":2.576171875,"cpu_usage":100,"mem_used":8564281344,"mem_free":6494732288,"tcp_conns":45,"disk_usage_root":6.12,"disk_read_sec":63897,"disk_write_sec":100147,"disk_iops_sec":15,"io_wait":0,"open_files":0,"os_bytes_in_sec":583,"os_bytes_out_sec":1097,"total_procs":384},"count":1}},"date":1637265600,"epoch_div":27287760},{"groups":{"main":{"totals":{"load_avg":2.29345703125,"cpu_usage":100,"mem_used":8550682624,"mem_free":6518726656,"tcp_conns":48,"disk_usage_root":6.12,"disk_read_sec":2325319,"disk_write_sec":1546877,"disk_iops_sec":138,"io_wait":0,"open_files":0,"os_bytes_in_sec":12551,"os_bytes_out_sec":3692,"total_procs":385},"count":1}},"date":1637265660,"epoch_div":27287761},{"groups":{"main":{"totals":{"load_avg":2.16796875,"cpu_usage":100,"mem_used":8502951936,"mem_free":6471524352,"tcp_conns":46,"disk_usage_root":6.12,"disk_read_sec":417583,"disk_write_sec":1186798,"disk_iops_sec":50,"io_wait":0,"open_files":0,"os_bytes_in_sec":595,"os_bytes_out_sec":1086,"total_procs":385},"count":1}},"date":1637265720,"epoch_div":27287762},{"groups":{"main":{"totals":{"load_avg":2.2919921875,"cpu_usage":100,"mem_used":8499933184,"mem_free":6519074816,"tcp_conns":45,"disk_usage_root":6.12,"disk_read_sec":341128,"disk_write_sec":867805,"disk_iops_sec":22,"io_wait":0,"open_files":0,"os_bytes_in_sec":548,"os_bytes_out_sec":884,"total_procs":384},"count":1}},"date":1637265780,"epoch_div":27287763},{"groups":{"main":{"totals":{"load_avg":2.072265625,"cpu_usage":100,"mem_used":8493129728,"mem_free":6477008896,"tcp_conns":45,"disk_usage_root":6.12,"disk_read_sec":48128,"disk_write_sec":89292,"disk_iops_sec":14,"io_wait":0,"open_files":0,"os_bytes_in_sec":338,"os_bytes_out_sec":642,"total_procs":383},"count":1}},"date":1637265840,"epoch_div":27287764},{"groups":{"main":{"totals":{"load_avg":1.998046875,"cpu_usage":100,"mem_used":8510078976,"mem_free":6456983552,"tcp_conns":45,"disk_usage_root":6.12,"disk_read_sec":63078,"disk_write_sec":91682,"disk_iops_sec":14,"io_wait":0,"open_files":0,"os_bytes_in_sec":411,"os_bytes_out_sec":977,"total_procs":383},"count":1}},"date":1637265900,"epoch_div":27287765},{"groups":{"main":{"totals":{"load_avg":2.8857421875,"cpu_usage":100,"mem_used":8569090048,"mem_free":6445473792,"tcp_conns":46,"disk_usage_root":6.12,"disk_read_sec":250675,"disk_write_sec":139264,"disk_iops_sec":23,"io_wait":0,"open_files":0,"os_bytes_in_sec":939,"os_bytes_out_sec":1269,"total_procs":387},"count":1}},"date":1637265960,"epoch_div":27287766},{"groups":{"main":{"totals":{"load_avg":2.65234375,"cpu_usage":100,"mem_used":8561795072,"mem_free":6447788032,"tcp_conns":45,"disk_usage_root":6.12,"disk_read_sec":94412,"disk_write_sec":115234,"disk_iops_sec":21,"io_wait":0,"open_files":0,"os_bytes_in_sec":502,"os_bytes_out_sec":704,"total_procs":383},"count":1}},"date":1637266020,"epoch_div":27287767},{"groups":{"main":{"totals":{"load_avg":3.01025390625,"cpu_usage":100,"mem_used":8559837184,"mem_free":6437892096,"tcp_conns":44,"disk_usage_root":6.12,"disk_read_sec":58026,"disk_write_sec":108475,"disk_iops_sec":18,"io_wait":0,"open_files":0,"os_bytes_in_sec":428,"os_bytes_out_sec":629,"total_procs":382},"count":1}},"date":1637266080,"epoch_div":27287768},{"groups":{"main":{"totals":{"load_avg":2.14794921875,"cpu_usage":100,"mem_used":8554745856,"mem_free":6437969920,"tcp_conns":44,"disk_usage_root":6.12,"disk_read_sec":159539,"disk_write_sec":97484,"disk_iops_sec":20,"io_wait":0,"open_files":0,"os_bytes_in_sec":518,"os_bytes_out_sec":914,"total_procs":382},"count":1}},"date":1637266140,"epoch_div":27287769},{"groups":{"main":{"totals":{"load_avg":2.59326171875,"cpu_usage":100,"mem_used":8572452864,"mem_free":6431580160,"tcp_conns":45,"disk_usage_root":6.12,"disk_read_sec":69358,"disk_write_sec":98918,"disk_iops_sec":17,"io_wait":0,"open_files":0,"os_bytes_in_sec":473,"os_bytes_out_sec":837,"total_procs":382},"count":1}},"date":1637266200,"epoch_div":27287770},{"groups":{"main":{"totals":{"load_avg":2.4453125,"cpu_usage":100,"mem_used":8565604352,"mem_free":6444318720,"tcp_conns":46,"disk_usage_root":6.12,"disk_read_sec":157081,"disk_write_sec":437111,"disk_iops_sec":26,"io_wait":0,"open_files":0,"os_bytes_in_sec":628,"os_bytes_out_sec":849,"total_procs":386},"count":1}},"date":1637268000,"epoch_div":27287800},{"groups":{"main":{"totals":{"load_avg":2.35546875,"cpu_usage":100,"mem_used":8534138880,"mem_free":6548807680,"tcp_conns":54,"disk_usage_root":6.12,"disk_read_sec":79904,"disk_write_sec":151929,"disk_iops_sec":5,"io_wait":0,"open_files":0,"os_bytes_in_sec":403,"os_bytes_out_sec":307,"total_procs":406},"count":1}},"date":1637268060,"epoch_div":27287801},{"groups":{"main":{"totals":{"load_avg":2.24267578125,"cpu_usage":100,"mem_used":8330338304,"mem_free":6430810112,"tcp_conns":54,"disk_usage_root":6.12,"disk_read_sec":11181747,"disk_write_sec":16412782,"disk_iops_sec":429,"io_wait":0,"open_files":0,"os_bytes_in_sec":44945,"os_bytes_out_sec":17603,"total_procs":415},"count":1}},"date":1637268120,"epoch_div":27287802},{"groups":{"main":{"totals":{"load_avg":2.3125,"cpu_usage":100,"mem_used":8452431872,"mem_free":6345072640,"tcp_conns":51,"disk_usage_root":6.12,"disk_read_sec":423253,"disk_write_sec":194423,"disk_iops_sec":29,"io_wait":0,"open_files":0,"os_bytes_in_sec":7263,"os_bytes_out_sec":1703,"total_procs":402},"count":1}},"date":1637268180,"epoch_div":27287803},{"groups":{"main":{"totals":{"load_avg":2.62060546875,"cpu_usage":100,"mem_used":8516820992,"mem_free":6310846464,"tcp_conns":50,"disk_usage_root":6.12,"disk_read_sec":357323,"disk_write_sec":111841,"disk_iops_sec":21,"io_wait":0,"open_files":0,"os_bytes_in_sec":1999,"os_bytes_out_sec":2549,"total_procs":404},"count":1}},"date":1637268240,"epoch_div":27287804},{"groups":{"main":{"totals":{"load_avg":1.7978515625,"cpu_usage":100,"mem_used":8537387008,"mem_free":6302908416,"tcp_conns":49,"disk_usage_root":6.12,"disk_read_sec":123148,"disk_write_sec":127983,"disk_iops_sec":22,"io_wait":0,"open_files":0,"os_bytes_in_sec":665,"os_bytes_out_sec":1272,"total_procs":404},"count":1}},"date":1637268300,"epoch_div":27287805},{"groups":{"main":{"totals":{"load_avg":2.13671875,"cpu_usage":100,"mem_used":8549748736,"mem_free":6303363072,"tcp_conns":49,"disk_usage_root":6.12,"disk_read_sec":88541,"disk_write_sec":98781,"disk_iops_sec":15,"io_wait":0,"open_files":0,"os_bytes_in_sec":421,"os_bytes_out_sec":575,"total_procs":402},"count":1}},"date":1637268360,"epoch_div":27287806},{"groups":{"main":{"totals":{"load_avg":2.00927734375,"cpu_usage":100,"mem_used":8559255552,"mem_free":6304047104,"tcp_conns":48,"disk_usage_root":6.12,"disk_read_sec":132300,"disk_write_sec":235383,"disk_iops_sec":44,"io_wait":0,"open_files":0,"os_bytes_in_sec":359,"os_bytes_out_sec":620,"total_procs":401},"count":1}},"date":1637268420,"epoch_div":27287807},{"groups":{"main":{"totals":{"load_avg":2.90625,"cpu_usage":100,"mem_used":8208674816,"mem_free":6681305088,"tcp_conns":54,"disk_usage_root":6.12,"disk_read_sec":11628544,"disk_write_sec":479368,"disk_iops_sec":179,"io_wait":0,"open_files":0,"os_bytes_in_sec":20411,"os_bytes_out_sec":4278,"total_procs":400},"count":1}},"date":1637268480,"epoch_div":27287808},{"groups":{"main":{"totals":{"load_avg":2.1689453125,"cpu_usage":100,"mem_used":8321462272,"mem_free":6485209088,"tcp_conns":52,"disk_usage_root":6.12,"disk_read_sec":516443,"disk_write_sec":114965,"disk_iops_sec":23,"io_wait":0,"open_files":0,"os_bytes_in_sec":321,"os_bytes_out_sec":412,"total_procs":395},"count":1}},"date":1637268540,"epoch_div":27287809},{"groups":{"main":{"totals":{"load_avg":2.14111328125,"cpu_usage":100,"mem_used":8569253888,"mem_free":6458916864,"tcp_conns":53,"disk_usage_root":6.12,"disk_read_sec":1524531,"disk_write_sec":126976,"disk_iops_sec":44,"io_wait":0,"open_files":0,"os_bytes_in_sec":2794,"os_bytes_out_sec":942,"total_procs":400},"count":1}},"date":1637268600,"epoch_div":27287810},{"groups":{"main":{"totals":{"load_avg":2.09130859375,"cpu_usage":100,"mem_used":8358322176,"mem_free":6545326080,"tcp_conns":57,"disk_usage_root":6.12,"disk_read_sec":456871,"disk_write_sec":192243,"disk_iops_sec":43,"io_wait":0,"open_files":0,"os_bytes_in_sec":23553,"os_bytes_out_sec":2333,"total_procs":390},"count":1}},"date":1637268660,"epoch_div":27287811},{"groups":{"main":{"totals":{"load_avg":2.01904296875,"cpu_usage":100,"mem_used":8540983296,"mem_free":6499241984,"tcp_conns":54,"disk_usage_root":6.12,"disk_read_sec":3383227,"disk_write_sec":121241,"disk_iops_sec":64,"io_wait":0,"open_files":0,"os_bytes_in_sec":2330,"os_bytes_out_sec":1152,"total_procs":392},"count":1}},"date":1637268720,"epoch_div":27287812},{"groups":{"main":{"totals":{"load_avg":2.0087890625,"cpu_usage":100,"mem_used":8568143872,"mem_free":6477103104,"tcp_conns":48,"disk_usage_root":6.12,"disk_read_sec":414242,"disk_write_sec":108407,"disk_iops_sec":26,"io_wait":0,"open_files":0,"os_bytes_in_sec":497,"os_bytes_out_sec":528,"total_procs":389},"count":1}},"date":1637268780,"epoch_div":27287813},{"groups":{"main":{"totals":{"load_avg":1.8115234375,"cpu_usage":100,"mem_used":8569937920,"mem_free":6455709696,"tcp_conns":43,"disk_usage_root":6.12,"disk_read_sec":279961,"disk_write_sec":81920,"disk_iops_sec":21,"io_wait":0,"open_files":0,"os_bytes_in_sec":337,"os_bytes_out_sec":532,"total_procs":390},"count":1}},"date":1637268840,"epoch_div":27287814},{"groups":{"main":{"totals":{"load_avg":2.66259765625,"cpu_usage":100,"mem_used":8495415296,"mem_free":6447095808,"tcp_conns":43,"disk_usage_root":6.12,"disk_read_sec":1606256,"disk_write_sec":101289,"disk_iops_sec":71,"io_wait":0,"open_files":0,"os_bytes_in_sec":305,"os_bytes_out_sec":465,"total_procs":390},"count":1}},"date":1637268900,"epoch_div":27287815},{"groups":{"main":{"totals":{"load_avg":2.7568359375,"cpu_usage":100,"mem_used":8532975616,"mem_free":6463885312,"tcp_conns":44,"disk_usage_root":6.12,"disk_read_sec":338329,"disk_write_sec":659865,"disk_iops_sec":21,"io_wait":0,"open_files":0,"os_bytes_in_sec":1091,"os_bytes_out_sec":505,"total_procs":390},"count":1}},"date":1637268960,"epoch_div":27287816},{"groups":{"main":{"totals":{"load_avg":2.74560546875,"cpu_usage":100,"mem_used":8485769216,"mem_free":6448979968,"tcp_conns":43,"disk_usage_root":6.12,"disk_read_sec":1579243,"disk_write_sec":108779,"disk_iops_sec":73,"io_wait":0,"open_files":0,"os_bytes_in_sec":345,"os_bytes_out_sec":460,"total_procs":390},"count":1}},"date":1637269020,"epoch_div":27287817},{"groups":{"main":{"totals":{"load_avg":3.51416015625,"cpu_usage":100,"mem_used":8500977664,"mem_free":6479052800,"tcp_conns":47,"disk_usage_root":6.12,"disk_read_sec":140834,"disk_write_sec":84377,"disk_iops_sec":23,"io_wait":0,"open_files":0,"os_bytes_in_sec":622,"os_bytes_out_sec":567,"total_procs":388},"count":1}},"date":1637269080,"epoch_div":27287818},{"groups":{"main":{"totals":{"load_avg":3.25830078125,"cpu_usage":100,"mem_used":8557068288,"mem_free":6479351808,"tcp_conns":49,"disk_usage_root":6.12,"disk_read_sec":2619665,"disk_write_sec":278596,"disk_iops_sec":159,"io_wait":0,"open_files":0,"os_bytes_in_sec":24475,"os_bytes_out_sec":4020,"total_procs":392},"count":1}},"date":1637269140,"epoch_div":27287819},{"groups":{"main":{"totals":{"load_avg":3.07421875,"cpu_usage":100,"mem_used":8551026688,"mem_free":6445801472,"tcp_conns":49,"disk_usage_root":6.12,"disk_read_sec":214102,"disk_write_sec":2298966,"disk_iops_sec":46,"io_wait":0,"open_files":0,"os_bytes_in_sec":188,"os_bytes_out_sec":440,"total_procs":391},"count":1}},"date":1637269200,"epoch_div":27287820},{"groups":{"main":{"totals":{"load_avg":3.09228515625,"cpu_usage":100,"mem_used":8555274240,"mem_free":6467706880,"tcp_conns":48,"disk_usage_root":6.12,"disk_read_sec":117441,"disk_write_sec":1769203,"disk_iops_sec":41,"io_wait":0,"open_files":0,"os_bytes_in_sec":919,"os_bytes_out_sec":704,"total_procs":391},"count":1}},"date":1637269260,"epoch_div":27287821},{"groups":{"main":{"totals":{"load_avg":2.501953125,"cpu_usage":100,"mem_used":8526688256,"mem_free":6470922240,"tcp_conns":47,"disk_usage_root":6.12,"disk_read_sec":301192,"disk_write_sec":89907,"disk_iops_sec":45,"io_wait":0,"open_files":0,"os_bytes_in_sec":509,"os_bytes_out_sec":426,"total_procs":394},"count":1}},"date":1637269320,"epoch_div":27287822},{"groups":{"main":{"totals":{"load_avg":1.97802734375,"cpu_usage":100,"mem_used":8568741888,"mem_free":6478721024,"tcp_conns":46,"disk_usage_root":6.12,"disk_read_sec":483259,"disk_write_sec":89361,"disk_iops_sec":29,"io_wait":0,"open_files":0,"os_bytes_in_sec":765,"os_bytes_out_sec":721,"total_procs":392},"count":1}},"date":1637269380,"epoch_div":27287823},{"groups":{"main":{"totals":{"load_avg":2.2412109375,"cpu_usage":100,"mem_used":8570408960,"mem_free":6464028672,"tcp_conns":46,"disk_usage_root":6.12,"disk_read_sec":139741,"disk_write_sec":987545,"disk_iops_sec":39,"io_wait":0,"open_files":0,"os_bytes_in_sec":178,"os_bytes_out_sec":414,"total_procs":391},"count":1}},"date":1637269440,"epoch_div":27287824},{"groups":{"main":{"totals":{"load_avg":2.4033203125,"cpu_usage":100,"mem_used":8572301312,"mem_free":6473285632,"tcp_conns":44,"disk_usage_root":6.12,"disk_read_sec":161655,"disk_write_sec":226167,"disk_iops_sec":39,"io_wait":0,"open_files":0,"os_bytes_in_sec":306,"os_bytes_out_sec":404,"total_procs":391},"count":1}},"date":1637269500,"epoch_div":27287825},{"groups":{"main":{"totals":{"load_avg":2.17626953125,"cpu_usage":100,"mem_used":8477728768,"mem_free":6482128896,"tcp_conns":44,"disk_usage_root":6.12,"disk_read_sec":1645363,"disk_write_sec":138035,"disk_iops_sec":85,"io_wait":0,"open_files":0,"os_bytes_in_sec":501,"os_bytes_out_sec":569,"total_procs":390},"count":1}},"date":1637269560,"epoch_div":27287826},{"groups":{"main":{"totals":{"load_avg":1.7470703125,"cpu_usage":100,"mem_used":8495476736,"mem_free":6448713728,"tcp_conns":43,"disk_usage_root":6.12,"disk_read_sec":938598,"disk_write_sec":94958,"disk_iops_sec":74,"io_wait":0,"open_files":0,"os_bytes_in_sec":336,"os_bytes_out_sec":472,"total_procs":392},"count":1}},"date":1637269620,"epoch_div":27287827},{"groups":{"main":{"totals":{"load_avg":2.45458984375,"cpu_usage":100,"mem_used":8553488384,"mem_free":6495088640,"tcp_conns":44,"disk_usage_root":6.12,"disk_read_sec":187255,"disk_write_sec":90726,"disk_iops_sec":30,"io_wait":0,"open_files":0,"os_bytes_in_sec":525,"os_bytes_out_sec":609,"total_procs":392},"count":1}},"date":1637269680,"epoch_div":27287828},{"groups":{"main":{"totals":{"load_avg":2.31982421875,"cpu_usage":100,"mem_used":8557174784,"mem_free":6540476416,"tcp_conns":44,"disk_usage_root":6.12,"disk_read_sec":62054,"disk_write_sec":97348,"disk_iops_sec":18,"io_wait":0,"open_files":0,"os_bytes_in_sec":147,"os_bytes_out_sec":264,"total_procs":389},"count":1}},"date":1637269740,"epoch_div":27287829},{"groups":{"main":{"totals":{"load_avg":2.9287109375,"cpu_usage":100,"mem_used":8559464448,"mem_free":6452015104,"tcp_conns":44,"disk_usage_root":6.12,"disk_read_sec":16247,"disk_write_sec":76117,"disk_iops_sec":13,"io_wait":0,"open_files":0,"os_bytes_in_sec":148,"os_bytes_out_sec":207,"total_procs":389},"count":1}},"date":1637269800,"epoch_div":27287830},{"groups":{"main":{"totals":{"load_avg":2.83935546875,"cpu_usage":100,"mem_used":8563687424,"mem_free":6487961600,"tcp_conns":44,"disk_usage_root":6.12,"disk_read_sec":234143,"disk_write_sec":390060,"disk_iops_sec":26,"io_wait":0,"open_files":0,"os_bytes_in_sec":511,"os_bytes_out_sec":498,"total_procs":389},"count":1}},"date":1637269860,"epoch_div":27287831},{"groups":{"main":{"totals":{"load_avg":2.4482421875,"cpu_usage":100,"mem_used":8530882560,"mem_free":6510518272,"tcp_conns":44,"disk_usage_root":6.12,"disk_read_sec":352811,"disk_write_sec":398214,"disk_iops_sec":52,"io_wait":0,"open_files":0,"os_bytes_in_sec":606,"os_bytes_out_sec":589,"total_procs":392},"count":1}},"date":1637269920,"epoch_div":27287832},{"groups":{"main":{"totals":{"load_avg":2.18798828125,"cpu_usage":100,"mem_used":8540131328,"mem_free":6530543616,"tcp_conns":43,"disk_usage_root":6.12,"disk_read_sec":40413,"disk_write_sec":74956,"disk_iops_sec":17,"io_wait":0,"open_files":0,"os_bytes_in_sec":384,"os_bytes_out_sec":330,"total_procs":389},"count":1}},"date":1637269980,"epoch_div":27287833},{"groups":{"main":{"totals":{"load_avg":2.08056640625,"cpu_usage":100,"mem_used":8542756864,"mem_free":6496935936,"tcp_conns":43,"disk_usage_root":6.12,"disk_read_sec":20480,"disk_write_sec":80896,"disk_iops_sec":16,"io_wait":0,"open_files":0,"os_bytes_in_sec":147,"os_bytes_out_sec":243,"total_procs":389},"count":1}},"date":1637270040,"epoch_div":27287834},{"groups":{"main":{"totals":{"load_avg":2.1591796875,"cpu_usage":100,"mem_used":8550985728,"mem_free":6499430400,"tcp_conns":43,"disk_usage_root":6.12,"disk_read_sec":37478,"disk_write_sec":81373,"disk_iops_sec":16,"io_wait":0,"open_files":0,"os_bytes_in_sec":162,"os_bytes_out_sec":257,"total_procs":389},"count":1}},"date":1637270100,"epoch_div":27287835},{"groups":{"main":{"totals":{"load_avg":3.109375,"cpu_usage":100,"mem_used":8469364736,"mem_free":6530842624,"tcp_conns":44,"disk_usage_root":6.12,"disk_read_sec":1804151,"disk_write_sec":84582,"disk_iops_sec":86,"io_wait":0,"open_files":0,"os_bytes_in_sec":616,"os_bytes_out_sec":752,"total_procs":392},"count":1}},"date":1637270160,"epoch_div":27287836},{"groups":{"main":{"totals":{"load_avg":2.98681640625,"cpu_usage":100,"mem_used":8472326144,"mem_free":6529449984,"tcp_conns":43,"disk_usage_root":6.12,"disk_read_sec":397994,"disk_write_sec":146568,"disk_iops_sec":36,"io_wait":0,"open_files":0,"os_bytes_in_sec":5417,"os_bytes_out_sec":1022,"total_procs":391},"count":1}},"date":1637270220,"epoch_div":27287837},{"groups":{"main":{"totals":{"load_avg":3.4990234375,"cpu_usage":100,"mem_used":8460099584,"mem_free":6550294528,"tcp_conns":44,"disk_usage_root":6.12,"disk_read_sec":1422540,"disk_write_sec":167458,"disk_iops_sec":108,"io_wait":0,"open_files":0,"os_bytes_in_sec":515,"os_bytes_out_sec":635,"total_procs":391},"count":1}},"date":1637270280,"epoch_div":27287838},{"groups":{"main":{"totals":{"load_avg":3.07275390625,"cpu_usage":100,"mem_used":8531943424,"mem_free":6624890880,"tcp_conns":44,"disk_usage_root":6.12,"disk_read_sec":970752,"disk_write_sec":153873,"disk_iops_sec":79,"io_wait":0,"open_files":0,"os_bytes_in_sec":615,"os_bytes_out_sec":749,"total_procs":392},"count":1}},"date":1637270340,"epoch_div":27287839},{"groups":{"main":{"totals":{"load_avg":2.41162109375,"cpu_usage":100,"mem_used":8560406528,"mem_free":6564933632,"tcp_conns":44,"disk_usage_root":6.12,"disk_read_sec":913476,"disk_write_sec":243165,"disk_iops_sec":119,"io_wait":0,"open_files":0,"os_bytes_in_sec":535,"os_bytes_out_sec":848,"total_procs":395},"count":1}},"date":1637270400,"epoch_div":27287840},{"groups":{"main":{"totals":{"load_avg":1.4775390625,"cpu_usage":100,"mem_used":8519815168,"mem_free":6611496960,"tcp_conns":44,"disk_usage_root":6.12,"disk_read_sec":284740,"disk_write_sec":265420,"disk_iops_sec":25,"io_wait":0,"open_files":0,"os_bytes_in_sec":343,"os_bytes_out_sec":559,"total_procs":393},"count":1}},"date":1637270460,"epoch_div":27287841},{"groups":{"main":{"totals":{"load_avg":2.142578125,"cpu_usage":100,"mem_used":8518696960,"mem_free":6605242368,"tcp_conns":43,"disk_usage_root":6.12,"disk_read_sec":317781,"disk_write_sec":86289,"disk_iops_sec":42,"io_wait":0,"open_files":0,"os_bytes_in_sec":464,"os_bytes_out_sec":461,"total_procs":393},"count":1}},"date":1637270520,"epoch_div":27287842},{"groups":{"main":{"totals":{"load_avg":2.0263671875,"cpu_usage":100,"mem_used":8557395968,"mem_free":6683738112,"tcp_conns":43,"disk_usage_root":6.12,"disk_read_sec":1573273,"disk_write_sec":118237,"disk_iops_sec":115,"io_wait":0,"open_files":0,"os_bytes_in_sec":1751,"os_bytes_out_sec":790,"total_procs":403},"count":1}},"date":1637270580,"epoch_div":27287843},{"groups":{"main":{"totals":{"load_avg":2.0283203125,"cpu_usage":100,"mem_used":8570859520,"mem_free":6757380096,"tcp_conns":43,"disk_usage_root":6.12,"disk_read_sec":627729,"disk_write_sec":142318,"disk_iops_sec":64,"io_wait":0,"open_files":0,"os_bytes_in_sec":584,"os_bytes_out_sec":665,"total_procs":412},"count":1}},"date":1637270640,"epoch_div":27287844},{"groups":{"main":{"totals":{"load_avg":2.275390625,"cpu_usage":100,"mem_used":8414904320,"mem_free":6879940608,"tcp_conns":43,"disk_usage_root":6.12,"disk_read_sec":200166,"disk_write_sec":92797,"disk_iops_sec":28,"io_wait":0,"open_files":0,"os_bytes_in_sec":252,"os_bytes_out_sec":368,"total_procs":398},"count":1}},"date":1637270700,"epoch_div":27287845},{"groups":{"main":{"totals":{"load_avg":2.98291015625,"cpu_usage":100,"mem_used":8333840384,"mem_free":6881054720,"tcp_conns":88,"disk_usage_root":6.12,"disk_read_sec":6285789,"disk_write_sec":4869802,"disk_iops_sec":208,"io_wait":0,"open_files":0,"os_bytes_in_sec":137216,"os_bytes_out_sec":27524,"total_procs":397},"count":1}},"date":1637270760,"epoch_div":27287846},{"groups":{"main":{"totals":{"load_avg":2.86767578125,"cpu_usage":100,"mem_used":8518373376,"mem_free":6973296640,"tcp_conns":84,"disk_usage_root":6.12,"disk_read_sec":8654438,"disk_write_sec":4078933,"disk_iops_sec":177,"io_wait":0,"open_files":0,"os_bytes_in_sec":103900,"os_bytes_out_sec":17730,"total_procs":406},"count":1}},"date":1637270820,"epoch_div":27287847},{"groups":{"main":{"totals":{"load_avg":2.8662109375,"cpu_usage":100,"mem_used":8564862976,"mem_free":7034433536,"tcp_conns":92,"disk_usage_root":6.12,"disk_read_sec":3661482,"disk_write_sec":321672,"disk_iops_sec":105,"io_wait":0,"open_files":0,"os_bytes_in_sec":757,"os_bytes_out_sec":1071,"total_procs":338},"count":1}},"date":1637270880,"epoch_div":27287848},{"groups":{"main":{"totals":{"load_avg":2.603515625,"cpu_usage":100,"mem_used":8569835520,"mem_free":6899691520,"tcp_conns":43,"disk_usage_root":6.12,"disk_read_sec":1909691,"disk_write_sec":270404,"disk_iops_sec":202,"io_wait":0,"open_files":0,"os_bytes_in_sec":2921,"os_bytes_out_sec":4884,"total_procs":331},"count":1}},"date":1637270940,"epoch_div":27287849},{"groups":{"main":{"totals":{"load_avg":2.34912109375,"cpu_usage":100,"mem_used":8569151488,"mem_free":6997413888,"tcp_conns":47,"disk_usage_root":6.12,"disk_read_sec":6898073,"disk_write_sec":5313740,"disk_iops_sec":83,"io_wait":0,"open_files":0,"os_bytes_in_sec":1278,"os_bytes_out_sec":1716,"total_procs":332},"count":1}},"date":1637271000,"epoch_div":27287850},{"groups":{"main":{"totals":{"load_avg":3.34716796875,"cpu_usage":100,"mem_used":8564146176,"mem_free":7149604864,"tcp_conns":50,"disk_usage_root":6.12,"disk_read_sec":5336678,"disk_write_sec":199270,"disk_iops_sec":54,"io_wait":0,"open_files":0,"os_bytes_in_sec":619,"os_bytes_out_sec":974,"total_procs":329},"count":1}},"date":1637271060,"epoch_div":27287851},{"groups":{"main":{"totals":{"load_avg":2.6181640625,"cpu_usage":100,"mem_used":8570781696,"mem_free":7112421376,"tcp_conns":53,"disk_usage_root":6.12,"disk_read_sec":1048644,"disk_write_sec":2043562,"disk_iops_sec":85,"io_wait":0,"open_files":0,"os_bytes_in_sec":10151,"os_bytes_out_sec":1553,"total_procs":334},"count":1}},"date":1637271120,"epoch_div":27287852},{"groups":{"main":{"totals":{"load_avg":2.1591796875,"cpu_usage":100,"mem_used":8569962496,"mem_free":6960275456,"tcp_conns":54,"disk_usage_root":6.12,"disk_read_sec":536985,"disk_write_sec":2035848,"disk_iops_sec":44,"io_wait":0,"open_files":0,"os_bytes_in_sec":1133,"os_bytes_out_sec":894,"total_procs":336},"count":1}},"date":1637271180,"epoch_div":27287853},{"groups":{"main":{"totals":{"load_avg":2.64697265625,"cpu_usage":100,"mem_used":8154349568,"mem_free":6769479680,"tcp_conns":57,"disk_usage_root":6.12,"disk_read_sec":2433228,"disk_write_sec":17508147,"disk_iops_sec":163,"io_wait":0,"open_files":0,"os_bytes_in_sec":69237,"os_bytes_out_sec":2950,"total_procs":338},"count":1}},"date":1637271240,"epoch_div":27287854},{"groups":{"main":{"totals":{"load_avg":2.79150390625,"cpu_usage":100,"mem_used":7707250688,"mem_free":6842097664,"tcp_conns":54,"disk_usage_root":6.12,"disk_read_sec":1111040,"disk_write_sec":211080,"disk_iops_sec":41,"io_wait":0,"open_files":0,"os_bytes_in_sec":2462,"os_bytes_out_sec":1516,"total_procs":335},"count":1}},"date":1637271300,"epoch_div":27287855}]}