{"type":"list_page","items":[{"groups":{"main":{"totals":{"load_avg":2.93701171875,"cpu_usage":100,"mem_used":8462860288,"mem_free":6393339904,"tcp_conns":28,"disk_usage_root":6.12,"disk_read_sec":1024,"disk_write_sec":89429,"disk_iops_sec":16,"io_wait":0,"open_files":0,"os_bytes_in_sec":218,"os_bytes_out_sec":366,"total_procs":508},"count":1}},"date":1637012400,"epoch_div":27283540},{"groups":{"main":{"totals":{"load_avg":2.677734375,"cpu_usage":100,"mem_used":8470867968,"mem_free":6383136768,"tcp_conns":26,"disk_usage_root":6.12,"disk_read_sec":10990,"disk_write_sec":78301,"disk_iops_sec":14,"io_wait":0,"open_files":0,"os_bytes_in_sec":168,"os_bytes_out_sec":295,"total_procs":506},"count":1}},"date":1637012460,"epoch_div":27283541},{"groups":{"main":{"totals":{"load_avg":2.478515625,"cpu_usage":100,"mem_used":8472748032,"mem_free":6377254912,"tcp_conns":27,"disk_usage_root":6.12,"disk_read_sec":58385,"disk_write_sec":56580,"disk_iops_sec":12,"io_wait":0,"open_files":0,"os_bytes_in_sec":201,"os_bytes_out_sec":261,"total_procs":506},"count":1}},"date":1637012520,"epoch_div":27283542},{"groups":{"main":{"totals":{"load_avg":2.1494140625,"cpu_usage":100,"mem_used":8314105856,"mem_free":6338740224,"tcp_conns":27,"disk_usage_root":6.12,"disk_read_sec":604,"disk_write_sec":59224,"disk_iops_sec":10,"io_wait":0,"open_files":0,"os_bytes_in_sec":152,"os_bytes_out_sec":260,"total_procs":506},"count":1}},"date":1637012580,"epoch_div":27283543},{"groups":{"main":{"totals":{"load_avg":2.26513671875,"cpu_usage":100,"mem_used":8318083072,"mem_free":6388572160,"tcp_conns":27,"disk_usage_root":6.12,"disk_read_sec":4505,"disk_write_sec":54749,"disk_iops_sec":10,"io_wait":0,"open_files":0,"os_bytes_in_sec":157,"os_bytes_out_sec":235,"total_procs":506},"count":1}},"date":1637012640,"epoch_div":27283544},{"groups":{"main":{"totals":{"load_avg":1.9912109375,"cpu_usage":100,"mem_used":8320225280,"mem_free":6335172608,"tcp_conns":27,"disk_usage_root":6.12,"disk_read_sec":7372,"disk_write_sec":81305,"disk_iops_sec":11,"io_wait":0,"open_files":0,"os_bytes_in_sec":146,"os_bytes_out_sec":234,"total_procs":506},"count":1}},"date":1637012700,"epoch_div":27283545},{"groups":{"main":{"totals":{"load_avg":2.42822265625,"cpu_usage":100,"mem_used":8325140480,"mem_free":6385389568,"tcp_conns":26,"disk_usage_root":6.12,"disk_read_sec":2082,"disk_write_sec":79559,"disk_iops_sec":14,"io_wait":0,"open_files":0,"os_bytes_in_sec":374,"os_bytes_out_sec":392,"total_procs":507},"count":1}},"date":1637012760,"epoch_div":27283546},{"groups":{"main":{"totals":{"load_avg":3.2177734375,"cpu_usage":100,"mem_used":8346165248,"mem_free":6320844800,"tcp_conns":27,"disk_usage_root":6.12,"disk_read_sec":159475,"disk_write_sec":947988,"disk_iops_sec":25,"io_wait":0,"open_files":0,"os_bytes_in_sec":424,"os_bytes_out_sec":547,"total_procs":507},"count":1}},"date":1637012820,"epoch_div":27283547},{"groups":{"main":{"totals":{"load_avg":2.85205078125,"cpu_usage":100,"mem_used":8346910720,"mem_free":6354448384,"tcp_conns":27,"disk_usage_root":6.12,"disk_read_sec":5529,"disk_write_sec":67242,"disk_iops_sec":12,"io_wait":0,"open_files":0,"os_bytes_in_sec":99,"os_bytes_out_sec":197,"total_procs":507},"count":1}},"date":1637012880,"epoch_div":27283548},{"groups":{"main":{"totals":{"load_avg":3.52197265625,"cpu_usage":100,"mem_used":8339709952,"mem_free":6295826432,"tcp_conns":27,"disk_usage_root":6.12,"disk_read_sec":72894,"disk_write_sec":70256,"disk_iops_sec":22,"io_wait":0,"open_files":0,"os_bytes_in_sec":419,"os_bytes_out_sec":430,"total_procs":507},"count":1}},"date":1637012940,"epoch_div":27283549},{"groups":{"main":{"totals":{"load_avg":3.44189453125,"cpu_usage":100,"mem_used":8341282816,"mem_free":6346727424,"tcp_conns":27,"disk_usage_root":6.12,"disk_read_sec":11213,"disk_write_sec":87023,"disk_iops_sec":14,"io_wait":0,"open_files":0,"os_bytes_in_sec":114,"os_bytes_out_sec":241,"total_procs":507},"count":1}},"date":1637013000,"epoch_div":27283550},{"groups":{"main":{"totals":{"load_avg":2.6552734375,"cpu_usage":100,"mem_used":8360210432,"mem_free":6363246592,"tcp_conns":26,"disk_usage_root":6.12,"disk_read_sec":3891,"disk_write_sec":69700,"disk_iops_sec":12,"io_wait":0,"open_files":0,"os_bytes_in_sec":205,"os_bytes_out_sec":253,"total_procs":506},"count":1}},"date":1637013060,"epoch_div":27283551},{"groups":{"main":{"totals":{"load_avg":2.2119140625,"cpu_usage":100,"mem_used":8432082944,"mem_free":6322601984,"tcp_conns":33,"disk_usage_root":6.12,"disk_read_sec":1586380,"disk_write_sec":205346,"disk_iops_sec":87,"io_wait":0,"open_files":0,"os_bytes_in_sec":11061,"os_bytes_out_sec":3407,"total_procs":512},"count":1}},"date":1637013120,"epoch_div":27283552},{"groups":{"main":{"totals":{"load_avg":6.046875,"cpu_usage":100,"mem_used":8507412480,"mem_free":6438187008,"tcp_conns":278,"disk_usage_root":6.12,"disk_read_sec":5963571,"disk_write_sec":9137834,"disk_iops_sec":385,"io_wait":0,"open_files":0,"os_bytes_in_sec":74108,"os_bytes_out_sec":68928,"total_procs":542},"count":1}},"date":1637013180,"epoch_div":27283553},{"groups":{"main":{"totals":{"load_avg":4.83203125,"cpu_usage":100,"mem_used":7821840384,"mem_free":6622384128,"tcp_conns":145,"disk_usage_root":6.12,"disk_read_sec":1845629,"disk_write_sec":360448,"disk_iops_sec":126,"io_wait":0,"open_files":0,"os_bytes_in_sec":6776,"os_bytes_out_sec":9009,"total_procs":509},"count":1}},"date":1637013240,"epoch_div":27283554},{"groups":{"main":{"totals":{"load_avg":4.1953125,"cpu_usage":100,"mem_used":8101273600,"mem_free":6393765888,"tcp_conns":130,"disk_usage_root":6.12,"disk_read_sec":157192,"disk_write_sec":196943,"disk_iops_sec":37,"io_wait":0,"open_files":0,"os_bytes_in_sec":2693,"os_bytes_out_sec":5973,"total_procs":508},"count":1}},"date":1637013300,"epoch_div":27283555},{"groups":{"main":{"totals":{"load_avg":3.63134765625,"cpu_usage":100,"mem_used":8196251648,"mem_free":6357274624,"tcp_conns":115,"disk_usage_root":6.12,"disk_read_sec":177561,"disk_write_sec":404821,"disk_iops_sec":61,"io_wait":0,"open_files":0,"os_bytes_in_sec":178086,"os_bytes_out_sec":13626,"total_procs":509},"count":1}},"date":1637013360,"epoch_div":27283556},{"groups":{"main":{"totals":{"load_avg":2.70751953125,"cpu_usage":100,"mem_used":8386433024,"mem_free":6239805440,"tcp_conns":113,"disk_usage_root":6.12,"disk_read_sec":565316,"disk_write_sec":762880,"disk_iops_sec":61,"io_wait":0,"open_files":0,"os_bytes_in_sec":138772,"os_bytes_out_sec":13194,"total_procs":506},"count":1}},"date":1637013420,"epoch_div":27283557},{"groups":{"main":{"totals":{"load_avg":2.49169921875,"cpu_usage":100,"mem_used":8364105728,"mem_free":6256910336,"tcp_conns":99,"disk_usage_root":6.12,"disk_read_sec":120627,"disk_write_sec":415402,"disk_iops_sec":69,"io_wait":0,"open_files":0,"os_bytes_in_sec":7728,"os_bytes_out_sec":5903,"total_procs":508},"count":1}},"date":1637013480,"epoch_div":27283558},{"groups":{"main":{"totals":{"load_avg":2.6240234375,"cpu_usage":100,"mem_used":8423452672,"mem_free":6221090816,"tcp_conns":79,"disk_usage_root":6.12,"disk_read_sec":57685,"disk_write_sec":723285,"disk_iops_sec":77,"io_wait":0,"open_files":0,"os_bytes_in_sec":6184,"os_bytes_out_sec":4463,"total_procs":508},"count":1}},"date":1637013540,"epoch_div":27283559},{"groups":{"main":{"totals":{"load_avg":2.7744140625,"cpu_usage":100,"mem_used":8317059072,"mem_free":6175567872,"tcp_conns":52,"disk_usage_root":6.12,"disk_read_sec":2093943,"disk_write_sec":438408,"disk_iops_sec":128,"io_wait":0,"open_files":0,"os_bytes_in_sec":35067,"os_bytes_out_sec":31773,"total_procs":510},"count":1}},"date":1637013600,"epoch_div":27283560},{"groups":{"main":{"totals":{"load_avg":3.12158203125,"cpu_usage":100,"mem_used":8523681792,"mem_free":6093602816,"tcp_conns":50,"disk_usage_root":6.12,"disk_read_sec":248832,"disk_write_sec":442777,"disk_iops_sec":67,"io_wait":0,"open_files":0,"os_bytes_in_sec":35237,"os_bytes_out_sec":87072,"total_procs":510},"count":1}},"date":1637013660,"epoch_div":27283561},{"groups":{"main":{"totals":{"load_avg":3.25439453125,"cpu_usage":100,"mem_used":8564256768,"mem_free":6113587200,"tcp_conns":47,"disk_usage_root":6.12,"disk_read_sec":193399,"disk_write_sec":207121,"disk_iops_sec":41,"io_wait":0,"open_files":0,"os_bytes_in_sec":1885,"os_bytes_out_sec":10824,"total_procs":509},"count":1}},"date":1637013720,"epoch_div":27283562},{"groups":{"main":{"totals":{"load_avg":2.5048828125,"cpu_usage":100,"mem_used":8191610880,"mem_free":6304907264,"tcp_conns":49,"disk_usage_root":6.12,"disk_read_sec":2501563,"disk_write_sec":272725,"disk_iops_sec":137,"io_wait":0,"open_files":0,"os_bytes_in_sec":10500,"os_bytes_out_sec":106685,"total_procs":511},"count":1}},"date":1637013780,"epoch_div":27283563},{"groups":{"main":{"totals":{"load_avg":3.8603515625,"cpu_usage":100,"mem_used":8333111296,"mem_free":6249078784,"tcp_conns":41,"disk_usage_root":6.12,"disk_read_sec":98372,"disk_write_sec":162747,"disk_iops_sec":28,"io_wait":0,"open_files":0,"os_bytes_in_sec":2488,"os_bytes_out_sec":33693,"total_procs":508},"count":1}},"date":1637013840,"epoch_div":27283564},{"groups":{"main":{"totals":{"load_avg":3.38818359375,"cpu_usage":100,"mem_used":8299827200,"mem_free":6229123072,"tcp_conns":38,"disk_usage_root":6.12,"disk_read_sec":88200,"disk_write_sec":149094,"disk_iops_sec":24,"io_wait":0,"open_files":0,"os_bytes_in_sec":1303,"os_bytes_out_sec":39232,"total_procs":508},"count":1}},"date":1637013900,"epoch_div":27283565},{"groups":{"main":{"totals":{"load_avg":2.8818359375,"cpu_usage":100,"mem_used":8407982080,"mem_free":6210453504,"tcp_conns":33,"disk_usage_root":6.12,"disk_read_sec":57958,"disk_write_sec":159539,"disk_iops_sec":28,"io_wait":0,"open_files":0,"os_bytes_in_sec":2186,"os_bytes_out_sec":18263,"total_procs":508},"count":1}},"date":1637013960,"epoch_div":27283566},{"groups":{"main":{"totals":{"load_avg":2.5673828125,"cpu_usage":100,"mem_used":8372658176,"mem_free":6190067712,"tcp_conns":32,"disk_usage_root":6.12,"disk_read_sec":53589,"disk_write_sec":178653,"disk_iops_sec":29,"io_wait":0,"open_files":0,"os_bytes_in_sec":2312,"os_bytes_out_sec":39962,"total_procs":509},"count":1}},"date":1637014020,"epoch_div":27283567},{"groups":{"main":{"totals":{"load_avg":2.14697265625,"cpu_usage":100,"mem_used":8390942720,"mem_free":6171901952,"tcp_conns":29,"disk_usage_root":6.12,"disk_read_sec":9441,"disk_write_sec":118367,"disk_iops_sec":19,"io_wait":0,"open_files":0,"os_bytes_in_sec":1172,"os_bytes_out_sec":17789,"total_procs":508},"count":1}},"date":1637014080,"epoch_div":27283568},{"groups":{"main":{"totals":{"load_avg":2.44287109375,"cpu_usage":100,"mem_used":8402866176,"mem_free":6174744576,"tcp_conns":30,"disk_usage_root":6.12,"disk_read_sec":18158,"disk_write_sec":115985,"disk_iops_sec":19,"io_wait":0,"open_files":0,"os_bytes_in_sec":1131,"os_bytes_out_sec":4288,"total_procs":508},"count":1}},"date":1637014140,"epoch_div":27283569},{"groups":{"main":{"totals":{"load_avg":2.15478515625,"cpu_usage":100,"mem_used":8513916928,"mem_free":6148956160,"tcp_conns":31,"disk_usage_root":6.12,"disk_read_sec":51166,"disk_write_sec":166928,"disk_iops_sec":29,"io_wait":0,"open_files":0,"os_bytes_in_sec":2324,"os_bytes_out_sec":46560,"total_procs":509},"count":1}},"date":1637014200,"epoch_div":27283570},{"groups":{"main":{"totals":{"load_avg":2.01513671875,"cpu_usage":100,"mem_used":8572678144,"mem_free":6125551616,"tcp_conns":30,"disk_usage_root":6.12,"disk_read_sec":45533,"disk_write_sec":161314,"disk_iops_sec":28,"io_wait":0,"open_files":0,"os_bytes_in_sec":1888,"os_bytes_out_sec":34427,"total_procs":509},"count":1}},"date":1637014260,"epoch_div":27283571},{"groups":{"main":{"totals":{"load_avg":2.19873046875,"cpu_usage":100,"mem_used":8487079936,"mem_free":6157320192,"tcp_conns":43,"disk_usage_root":6.12,"disk_read_sec":3280281,"disk_write_sec":328157,"disk_iops_sec":199,"io_wait":0,"open_files":0,"os_bytes_in_sec":25237,"os_bytes_out_sec":37592,"total_procs":513},"count":1}},"date":1637014320,"epoch_div":27283572},{"groups":{"main":{"totals":{"load_avg":2.205078125,"cpu_usage":100,"mem_used":8507682816,"mem_free":6165135360,"tcp_conns":42,"disk_usage_root":6.12,"disk_read_sec":397175,"disk_write_sec":196949,"disk_iops_sec":58,"io_wait":0,"open_files":0,"os_bytes_in_sec":8288,"os_bytes_out_sec":1894,"total_procs":510},"count":1}},"date":1637014380,"epoch_div":27283573},{"groups":{"main":{"totals":{"load_avg":2.359375,"cpu_usage":100,"mem_used":8544100352,"mem_free":6163374080,"tcp_conns":41,"disk_usage_root":6.12,"disk_read_sec":142813,"disk_write_sec":167594,"disk_iops_sec":42,"io_wait":0,"open_files":0,"os_bytes_in_sec":2297,"os_bytes_out_sec":39524,"total_procs":512},"count":1}},"date":1637014440,"epoch_div":27283574},{"groups":{"main":{"totals":{"load_avg":2.30859375,"cpu_usage":100,"mem_used":8560533504,"mem_free":6142124032,"tcp_conns":39,"disk_usage_root":6.12,"disk_read_sec":16800,"disk_write_sec":106634,"disk_iops_sec":18,"io_wait":0,"open_files":0,"os_bytes_in_sec":1039,"os_bytes_out_sec":3252,"total_procs":510},"count":1}},"date":1637014500,"epoch_div":27283575},{"groups":{"main":{"totals":{"load_avg":2.3291015625,"cpu_usage":100,"mem_used":8571670528,"mem_free":6148112384,"tcp_conns":35,"disk_usage_root":6.12,"disk_read_sec":55060,"disk_write_sec":110323,"disk_iops_sec":23,"io_wait":0,"open_files":0,"os_bytes_in_sec":1019,"os_bytes_out_sec":2562,"total_procs":510},"count":1}},"date":1637014560,"epoch_div":27283576},{"groups":{"main":{"totals":{"load_avg":2.361328125,"cpu_usage":100,"mem_used":8448856064,"mem_free":6213726208,"tcp_conns":35,"disk_usage_root":6.12,"disk_read_sec":376900,"disk_write_sec":1152000,"disk_iops_sec":32,"io_wait":0,"open_files":0,"os_bytes_in_sec":1561,"os_bytes_out_sec":2670,"total_procs":509},"count":1}},"date":1637014620,"epoch_div":27283577},{"groups":{"main":{"totals":{"load_avg":2.5107421875,"cpu_usage":100,"mem_used":8530214912,"mem_free":6184259584,"tcp_conns":34,"disk_usage_root":6.12,"disk_read_sec":299554,"disk_write_sec":260710,"disk_iops_sec":24,"io_wait":0,"open_files":0,"os_bytes_in_sec":879,"os_bytes_out_sec":2512,"total_procs":510},"count":1}},"date":1637014680,"epoch_div":27283578},{"groups":{"main":{"totals":{"load_avg":2.0458984375,"cpu_usage":100,"mem_used":8570908672,"mem_free":6154379264,"tcp_conns":33,"disk_usage_root":6.12,"disk_read_sec":94890,"disk_write_sec":147660,"disk_iops_sec":34,"io_wait":0,"open_files":0,"os_bytes_in_sec":1467,"os_bytes_out_sec":4732,"total_procs":512},"count":1}},"date":1637014740,"epoch_div":27283579},{"groups":{"main":{"totals":{"load_avg":2.9375,"cpu_usage":100,"mem_used":8560586752,"mem_free":6157742080,"tcp_conns":33,"disk_usage_root":6.12,"disk_read_sec":71065,"disk_write_sec":122333,"disk_iops_sec":27,"io_wait":0,"open_files":0,"os_bytes_in_sec":899,"os_bytes_out_sec":2515,"total_procs":509},"count":1}},"date":1637014800,"epoch_div":27283580},{"groups":{"main":{"totals":{"load_avg":3.31494140625,"cpu_usage":100,"mem_used":8562229248,"mem_free":6150750208,"tcp_conns":32,"disk_usage_root":6.12,"disk_read_sec":48469,"disk_write_sec":102126,"disk_iops_sec":18,"io_wait":0,"open_files":0,"os_bytes_in_sec":770,"os_bytes_out_sec":2475,"total_procs":508},"count":1}},"date":1637014860,"epoch_div":27283581},{"groups":{"main":{"totals":{"load_avg":2.79296875,"cpu_usage":100,"mem_used":8572424192,"mem_free":6150139904,"tcp_conns":32,"disk_usage_root":6.12,"disk_read_sec":14404,"disk_write_sec":107451,"disk_iops_sec":19,"io_wait":0,"open_files":0,"os_bytes_in_sec":1050,"os_bytes_out_sec":2586,"total_procs":509},"count":1}},"date":1637014920,"epoch_div":27283582},{"groups":{"main":{"totals":{"load_avg":2.2080078125,"cpu_usage":100,"mem_used":8539762688,"mem_free":6162620416,"tcp_conns":31,"disk_usage_root":6.12,"disk_read_sec":255453,"disk_write_sec":95914,"disk_iops_sec":39,"io_wait":0,"open_files":0,"os_bytes_in_sec":742,"os_bytes_out_sec":2461,"total_procs":508},"count":1}},"date":1637014980,"epoch_div":27283583},{"groups":{"main":{"totals":{"load_avg":2.19189453125,"cpu_usage":100,"mem_used":8546488320,"mem_free":6157467648,"tcp_conns":30,"disk_usage_root":6.12,"disk_read_sec":25053,"disk_write_sec":104516,"disk_iops_sec":19,"io_wait":0,"open_files":0,"os_bytes_in_sec":932,"os_bytes_out_sec":6275,"total_procs":508},"count":1}},"date":1637016060,"epoch_div":27283601},{"groups":{"main":{"totals":{"load_avg":2.25927734375,"cpu_usage":100,"mem_used":8528240640,"mem_free":6240862208,"tcp_conns":34,"disk_usage_root":6.12,"disk_read_sec":40574,"disk_write_sec":22153,"disk_iops_sec":2,"io_wait":0,"open_files":0,"os_bytes_in_sec":188,"os_bytes_out_sec":385,"total_procs":509},"count":1}},"date":1637016120,"epoch_div":27283602},{"groups":{"main":{"totals":{"load_avg":2.486328125,"cpu_usage":100,"mem_used":8527036416,"mem_free":6415994880,"tcp_conns":39,"disk_usage_root":6.12,"disk_read_sec":4119151,"disk_write_sec":1045548,"disk_iops_sec":186,"io_wait":0,"open_files":0,"os_bytes_in_sec":75812,"os_bytes_out_sec":9511,"total_procs":520},"count":1}},"date":1637016180,"epoch_div":27283603},{"groups":{"main":{"totals":{"load_avg":2.57666015625,"cpu_usage":100,"mem_used":8465018880,"mem_free":6321229824,"tcp_conns":33,"disk_usage_root":6.12,"disk_read_sec":620680,"disk_write_sec":1027959,"disk_iops_sec":97,"io_wait":0,"open_files":0,"os_bytes_in_sec":2573,"os_bytes_out_sec":4324,"total_procs":511},"count":1}},"date":1637016240,"epoch_div":27283604},{"groups":{"main":{"totals":{"load_avg":2.33154296875,"cpu_usage":100,"mem_used":8485027840,"mem_free":6304010240,"tcp_conns":32,"disk_usage_root":6.12,"disk_read_sec":20549,"disk_write_sec":118784,"disk_iops_sec":22,"io_wait":0,"open_files":0,"os_bytes_in_sec":1233,"os_bytes_out_sec":2611,"total_procs":508},"count":1}},"date":1637016300,"epoch_div":27283605},{"groups":{"main":{"totals":{"load_avg":2.1982421875,"cpu_usage":100,"mem_used":8495263744,"mem_free":6292201472,"tcp_conns":32,"disk_usage_root":6.12,"disk_read_sec":67,"disk_write_sec":112606,"disk_iops_sec":19,"io_wait":0,"open_files":0,"os_bytes_in_sec":547,"os_bytes_out_sec":683,"total_procs":508},"count":1}},"date":1637016360,"epoch_div":27283606},{"groups":{"main":{"totals":{"load_avg":2.63525390625,"cpu_usage":100,"mem_used":8530440192,"mem_free":6271709184,"tcp_conns":38,"disk_usage_root":6.12,"disk_read_sec":112435,"disk_write_sec":491110,"disk_iops_sec":38,"io_wait":0,"open_files":0,"os_bytes_in_sec":3658,"os_bytes_out_sec":41575,"total_procs":511},"count":1}},"date":1637016420,"epoch_div":27283607},{"groups":{"main":{"totals":{"load_avg":2.44384765625,"cpu_usage":100,"mem_used":8527962112,"mem_free":6271590400,"tcp_conns":42,"disk_usage_root":6.12,"disk_read_sec":1704755,"disk_write_sec":149777,"disk_iops_sec":82,"io_wait":0,"open_files":0,"os_bytes_in_sec":3424,"os_bytes_out_sec":3463,"total_procs":511},"count":1}},"date":1637016480,"epoch_div":27283608},{"groups":{"main":{"totals":{"load_avg":2.60498046875,"cpu_usage":100,"mem_used":8019726336,"mem_free":6548787200,"tcp_conns":41,"disk_usage_root":6.12,"disk_read_sec":2281130,"disk_write_sec":1002564,"disk_iops_sec":129,"io_wait":0,"open_files":0,"os_bytes_in_sec":14600,"os_bytes_out_sec":80026,"total_procs":511},"count":1}},"date":1637016540,"epoch_div":27283609},{"groups":{"main":{"totals":{"load_avg":2.2626953125,"cpu_usage":100,"mem_used":8341807104,"mem_free":6336958464,"tcp_conns":39,"disk_usage_root":6.12,"disk_read_sec":115575,"disk_write_sec":234700,"disk_iops_sec":36,"io_wait":0,"open_files":0,"os_bytes_in_sec":1801,"os_bytes_out_sec":44821,"total_procs":512},"count":1}},"date":1637016600,"epoch_div":27283610},{"groups":{"main":{"totals":{"load_avg":2.560546875,"cpu_usage":100,"mem_used":8528953344,"mem_free":6306426880,"tcp_conns":42,"disk_usage_root":6.12,"disk_read_sec":2513208,"disk_write_sec":359406,"disk_iops_sec":173,"io_wait":0,"open_files":0,"os_bytes_in_sec":45360,"os_bytes_out_sec":6290,"total_procs":514},"count":1}},"date":1637016660,"epoch_div":27283611},{"groups":{"main":{"totals":{"load_avg":2.59814453125,"cpu_usage":100,"mem_used":8300716032,"mem_free":6398038016,"tcp_conns":35,"disk_usage_root":6.12,"disk_read_sec":3599242,"disk_write_sec":341109,"disk_iops_sec":186,"io_wait":0,"open_files":0,"os_bytes_in_sec":40840,"os_bytes_out_sec":5301,"total_procs":511},"count":1}},"date":1637016720,"epoch_div":27283612},{"groups":{"main":{"totals":{"load_avg":2.728515625,"cpu_usage":100,"mem_used":8470818816,"mem_free":6309560320,"tcp_conns":111,"disk_usage_root":6.12,"disk_read_sec":3688925,"disk_write_sec":5000055,"disk_iops_sec":258,"io_wait":0,"open_files":0,"os_bytes_in_sec":219914,"os_bytes_out_sec":17496,"total_procs":517},"count":1}},"date":1637016780,"epoch_div":27283613},{"groups":{"main":{"totals":{"load_avg":2.93603515625,"cpu_usage":100,"mem_used":8428384256,"mem_free":6295261184,"tcp_conns":85,"disk_usage_root":6.12,"disk_read_sec":31197,"disk_write_sec":94890,"disk_iops_sec":18,"io_wait":0,"open_files":0,"os_bytes_in_sec":565,"os_bytes_out_sec":762,"total_procs":515},"count":1}},"date":1637016840,"epoch_div":27283614},{"groups":{"main":{"totals":{"load_avg":2.01611328125,"cpu_usage":100,"mem_used":8456105984,"mem_free":6217228288,"tcp_conns":79,"disk_usage_root":6.12,"disk_read_sec":16179,"disk_write_sec":106291,"disk_iops_sec":18,"io_wait":0,"open_files":0,"os_bytes_in_sec":634,"os_bytes_out_sec":1057,"total_procs":515},"count":1}},"date":1637016900,"epoch_div":27283615},{"groups":{"main":{"totals":{"load_avg":2.798828125,"cpu_usage":100,"mem_used":8473178112,"mem_free":6255063040,"tcp_conns":71,"disk_usage_root":6.12,"disk_read_sec":27921,"disk_write_sec":87654,"disk_iops_sec":16,"io_wait":0,"open_files":0,"os_bytes_in_sec":249,"os_bytes_out_sec":452,"total_procs":513},"count":1}},"date":1637016960,"epoch_div":27283616},{"groups":{"main":{"totals":{"load_avg":1.96630859375,"cpu_usage":100,"mem_used":8481349632,"mem_free":6189600768,"tcp_conns":48,"disk_usage_root":6.12,"disk_read_sec":4710,"disk_write_sec":90316,"disk_iops_sec":16,"io_wait":0,"open_files":0,"os_bytes_in_sec":536,"os_bytes_out_sec":640,"total_procs":515},"count":1}},"date":1637017020,"epoch_div":27283617},{"groups":{"main":{"totals":{"load_avg":2.71728515625,"cpu_usage":100,"mem_used":8449531904,"mem_free":6341926912,"tcp_conns":49,"disk_usage_root":6.12,"disk_read_sec":5878715,"disk_write_sec":853469,"disk_iops_sec":223,"io_wait":0,"open_files":0,"os_bytes_in_sec":112426,"os_bytes_out_sec":6360,"total_procs":522},"count":1}},"date":1637017080,"epoch_div":27283618},{"groups":{"main":{"totals":{"load_avg":2.60595703125,"cpu_usage":100,"mem_used":8543612928,"mem_free":6366949376,"tcp_conns":43,"disk_usage_root":6.12,"disk_read_sec":359082,"disk_write_sec":245145,"disk_iops_sec":55,"io_wait":0,"open_files":0,"os_bytes_in_sec":37820,"os_bytes_out_sec":4111,"total_procs":520},"count":1}},"date":1637017140,"epoch_div":27283619},{"groups":{"main":{"totals":{"load_avg":3.31201171875,"cpu_usage":100,"mem_used":8493346816,"mem_free":6344691712,"tcp_conns":47,"disk_usage_root":6.12,"disk_read_sec":1785582,"disk_write_sec":271428,"disk_iops_sec":108,"io_wait":0,"open_files":0,"os_bytes_in_sec":31941,"os_bytes_out_sec":5795,"total_procs":518},"count":1}},"date":1637017200,"epoch_div":27283620},{"groups":{"main":{"totals":{"load_avg":4.12744140625,"cpu_usage":100,"mem_used":8458723328,"mem_free":6421864448,"tcp_conns":49,"disk_usage_root":6.12,"disk_read_sec":5070233,"disk_write_sec":193331,"disk_iops_sec":247,"io_wait":0,"open_files":0,"os_bytes_in_sec":4495,"os_bytes_out_sec":2987,"total_procs":524},"count":1}},"date":1637017260,"epoch_div":27283621},{"groups":{"main":{"totals":{"load_avg":3.431640625,"cpu_usage":100,"mem_used":8567918592,"mem_free":6586818560,"tcp_conns":61,"disk_usage_root":6.12,"disk_read_sec":4465049,"disk_write_sec":591052,"disk_iops_sec":267,"io_wait":0,"open_files":0,"os_bytes_in_sec":116938,"os_bytes_out_sec":23492,"total_procs":518},"count":1}},"date":1637017320,"epoch_div":27283622},{"groups":{"main":{"totals":{"load_avg":2.8671875,"cpu_usage":100,"mem_used":8388231168,"mem_free":6692028416,"tcp_conns":53,"disk_usage_root":6.12,"disk_read_sec":204117,"disk_write_sec":229512,"disk_iops_sec":51,"io_wait":0,"open_files":0,"os_bytes_in_sec":2146,"os_bytes_out_sec":5812,"total_procs":518},"count":1}},"date":1637017380,"epoch_div":27283623},{"groups":{"main":{"totals":{"load_avg":3.416015625,"cpu_usage":100,"mem_used":8416972800,"mem_free":6680084480,"tcp_conns":49,"disk_usage_root":6.12,"disk_read_sec":227532,"disk_write_sec":1024887,"disk_iops_sec":44,"io_wait":0,"open_files":0,"os_bytes_in_sec":2420,"os_bytes_out_sec":3704,"total_procs":516},"count":1}},"date":1637017440,"epoch_div":27283624},{"groups":{"main":{"totals":{"load_avg":2.10205078125,"cpu_usage":100,"mem_used":8552210432,"mem_free":6629400576,"tcp_conns":48,"disk_usage_root":6.12,"disk_read_sec":154897,"disk_write_sec":136465,"disk_iops_sec":33,"io_wait":0,"open_files":0,"os_bytes_in_sec":4586,"os_bytes_out_sec":4727,"total_procs":516},"count":1}},"date":1637017500,"epoch_div":27283625},{"groups":{"main":{"totals":{"load_avg":2.05078125,"cpu_usage":100,"mem_used":8503713792,"mem_free":6618972160,"tcp_conns":46,"disk_usage_root":6.12,"disk_read_sec":180838,"disk_write_sec":118306,"disk_iops_sec":33,"io_wait":0,"open_files":0,"os_bytes_in_sec":3223,"os_bytes_out_sec":3793,"total_procs":516},"count":1}},"date":1637017560,"epoch_div":27283626},{"groups":{"main":{"totals":{"load_avg":2.06982421875,"cpu_usage":100,"mem_used":8471408640,"mem_free":6726336512,"tcp_conns":42,"disk_usage_root":6.12,"disk_read_sec":175919,"disk_write_sec":132668,"disk_iops_sec":33,"io_wait":0,"open_files":0,"os_bytes_in_sec":3225,"os_bytes_out_sec":3853,"total_procs":516},"count":1}},"date":1637017620,"epoch_div":27283627},{"groups":{"main":{"totals":{"load_avg":2.26806640625,"cpu_usage":100,"mem_used":8567390208,"mem_free":6765596672,"tcp_conns":42,"disk_usage_root":6.12,"disk_read_sec":432363,"disk_write_sec":304648,"disk_iops_sec":57,"io_wait":0,"open_files":0,"os_bytes_in_sec":96967,"os_bytes_out_sec":18729,"total_procs":524},"count":1}},"date":1637017680,"epoch_div":27283628},{"groups":{"main":{"totals":{"load_avg":2.458984375,"cpu_usage":100,"mem_used":8433364992,"mem_free":6834294784,"tcp_conns":39,"disk_usage_root":6.12,"disk_read_sec":697617,"disk_write_sec":243848,"disk_iops_sec":88,"io_wait":0,"open_files":0,"os_bytes_in_sec":12916,"os_bytes_out_sec":12873,"total_procs":515},"count":1}},"date":1637017740,"epoch_div":27283629},{"groups":{"main":{"totals":{"load_avg":2.33642578125,"cpu_usage":100,"mem_used":8561876992,"mem_free":6790864896,"tcp_conns":35,"disk_usage_root":6.12,"disk_read_sec":414310,"disk_write_sec":295799,"disk_iops_sec":76,"io_wait":0,"open_files":0,"os_bytes_in_sec":13439,"os_bytes_out_sec":3796,"total_procs":517},"count":1}},"date":1637017800,"epoch_div":27283630},{"groups":{"main":{"totals":{"load_avg":2.2470703125,"cpu_usage":100,"mem_used":8480362496,"mem_free":6724694016,"tcp_conns":51,"disk_usage_root":6.12,"disk_read_sec":4529561,"disk_write_sec":6585275,"disk_iops_sec":396,"io_wait":0,"open_files":0,"os_bytes_in_sec":986215,"os_bytes_out_sec":73628,"total_procs":504},"count":1}},"date":1637017860,"epoch_div":27283631},{"groups":{"main":{"totals":{"load_avg":2.30322265625,"cpu_usage":100,"mem_used":8559722496,"mem_free":6734848000,"tcp_conns":46,"disk_usage_root":6.12,"disk_read_sec":312593,"disk_write_sec":183364,"disk_iops_sec":46,"io_wait":0,"open_files":0,"os_bytes_in_sec":5386,"os_bytes_out_sec":8539,"total_procs":497},"count":1}},"date":1637017920,"epoch_div":27283632},{"groups":{"main":{"totals":{"load_avg":2.5166015625,"cpu_usage":100,"mem_used":8049541120,"mem_free":6701424640,"tcp_conns":49,"disk_usage_root":6.12,"disk_read_sec":975189,"disk_write_sec":9221188,"disk_iops_sec":115,"io_wait":0,"open_files":0,"os_bytes_in_sec":86304,"os_bytes_out_sec":21385,"total_procs":498},"count":1}},"date":1637017980,"epoch_div":27283633},{"groups":{"main":{"totals":{"load_avg":6.40771484375,"cpu_usage":100,"mem_used":8200237056,"mem_free":6410186752,"tcp_conns":57,"disk_usage_root":6.12,"disk_read_sec":4171502,"disk_write_sec":337920,"disk_iops_sec":490,"io_wait":0,"open_files":0,"os_bytes_in_sec":46877,"os_bytes_out_sec":11991,"total_procs":497},"count":1}},"date":1637018040,"epoch_div":27283634},{"groups":{"main":{"totals":{"load_avg":3.98828125,"cpu_usage":100,"mem_used":8237395968,"mem_free":6419324928,"tcp_conns":49,"disk_usage_root":6.12,"disk_read_sec":86918,"disk_write_sec":118089,"disk_iops_sec":22,"io_wait":0,"open_files":0,"os_bytes_in_sec":824,"os_bytes_out_sec":1602,"total_procs":494},"count":1}},"date":1637018100,"epoch_div":27283635},{"groups":{"main":{"totals":{"load_avg":3.9931640625,"cpu_usage":100,"mem_used":8230854656,"mem_free":6496579584,"tcp_conns":52,"disk_usage_root":6.12,"disk_read_sec":1780736,"disk_write_sec":812373,"disk_iops_sec":104,"io_wait":0,"open_files":0,"os_bytes_in_sec":19613,"os_bytes_out_sec":7454,"total_procs":498},"count":1}},"date":1637018160,"epoch_div":27283636},{"groups":{"main":{"totals":{"load_avg":3.349609375,"cpu_usage":100,"mem_used":8333807616,"mem_free":6337892352,"tcp_conns":49,"disk_usage_root":6.12,"disk_read_sec":150679,"disk_write_sec":605402,"disk_iops_sec":51,"io_wait":0,"open_files":0,"os_bytes_in_sec":74140,"os_bytes_out_sec":18529,"total_procs":500},"count":1}},"date":1637018220,"epoch_div":27283637},{"groups":{"main":{"totals":{"load_avg":2.4658203125,"cpu_usage":100,"mem_used":8439799808,"mem_free":6313549824,"tcp_conns":48,"disk_usage_root":6.12,"disk_read_sec":2581230,"disk_write_sec":338193,"disk_iops_sec":168,"io_wait":0,"open_files":0,"os_bytes_in_sec":35577,"os_bytes_out_sec":15611,"total_procs":497},"count":1}},"date":1637018280,"epoch_div":27283638},{"groups":{"main":{"totals":{"load_avg":3.3125,"cpu_usage":100,"mem_used":8548007936,"mem_free":6540615680,"tcp_conns":51,"disk_usage_root":6.12,"disk_read_sec":2199415,"disk_write_sec":1003861,"disk_iops_sec":140,"io_wait":0,"open_files":0,"os_bytes_in_sec":43395,"os_bytes_out_sec":19040,"total_procs":503},"count":1}},"date":1637018340,"epoch_div":27283639},{"groups":{"main":{"totals":{"load_avg":2.009765625,"cpu_usage":100,"mem_used":8568700928,"mem_free":6565810176,"tcp_conns":56,"disk_usage_root":6.12,"disk_read_sec":2664311,"disk_write_sec":1657446,"disk_iops_sec":339,"io_wait":0,"open_files":0,"os_bytes_in_sec":799267,"os_bytes_out_sec":74362,"total_procs":497},"count":1}},"date":1637018400,"epoch_div":27283640},{"groups":{"main":{"totals":{"load_avg":2.79296875,"cpu_usage":100,"mem_used":8174882816,"mem_free":6794182656,"tcp_conns":52,"disk_usage_root":6.12,"disk_read_sec":667921,"disk_write_sec":630988,"disk_iops_sec":134,"io_wait":0,"open_files":0,"os_bytes_in_sec":180099,"os_bytes_out_sec":25710,"total_procs":498},"count":1}},"date":1637018460,"epoch_div":27283641},{"groups":{"main":{"totals":{"load_avg":4.38671875,"cpu_usage":100,"mem_used":8139407360,"mem_free":6424956928,"tcp_conns":79,"disk_usage_root":6.12,"disk_read_sec":5944183,"disk_write_sec":11823240,"disk_iops_sec":450,"io_wait":0,"open_files":0,"os_bytes_in_sec":238862,"os_bytes_out_sec":82487,"total_procs":507},"count":1}},"date":1637018520,"epoch_div":27283642},{"groups":{"main":{"totals":{"load_avg":2.998046875,"cpu_usage":100,"mem_used":8204378112,"mem_free":6304509952,"tcp_conns":63,"disk_usage_root":6.12,"disk_read_sec":494045,"disk_write_sec":333004,"disk_iops_sec":37,"io_wait":0,"open_files":0,"os_bytes_in_sec":6535,"os_bytes_out_sec":8332,"total_procs":500},"count":1}},"date":1637018580,"epoch_div":27283643},{"groups":{"main":{"totals":{"load_avg":2.88720703125,"cpu_usage":100,"mem_used":7983325184,"mem_free":6547783680,"tcp_conns":93,"disk_usage_root":6.12,"disk_read_sec":4522393,"disk_write_sec":858385,"disk_iops_sec":219,"io_wait":0,"open_files":0,"os_bytes_in_sec":123017,"os_bytes_out_sec":26266,"total_procs":502},"count":1}},"date":1637018640,"epoch_div":27283644},{"groups":{"main":{"totals":{"load_avg":3.23388671875,"cpu_usage":100,"mem_used":8071168000,"mem_free":6395658240,"tcp_conns":92,"disk_usage_root":6.12,"disk_read_sec":1758208,"disk_write_sec":432878,"disk_iops_sec":75,"io_wait":0,"open_files":0,"os_bytes_in_sec":91206,"os_bytes_out_sec":19956,"total_procs":497},"count":1}},"date":1637018700,"epoch_div":27283645},{"groups":{"main":{"totals":{"load_avg":2.67919921875,"cpu_usage":100,"mem_used":8568946688,"mem_free":6199529472,"tcp_conns":86,"disk_usage_root":6.12,"disk_read_sec":4988245,"disk_write_sec":194696,"disk_iops_sec":353,"io_wait":0,"open_files":0,"os_bytes_in_sec":3077,"os_bytes_out_sec":1913,"total_procs":495},"count":1}},"date":1637018760,"epoch_div":27283646},{"groups":{"main":{"totals":{"load_avg":2.18310546875,"cpu_usage":100,"mem_used":8571346944,"mem_free":6199463936,"tcp_conns":79,"disk_usage_root":6.12,"disk_read_sec":394854,"disk_write_sec":74752,"disk_iops_sec":20,"io_wait":0,"open_files":0,"os_bytes_in_sec":597,"os_bytes_out_sec":922,"total_procs":494},"count":1}},"date":1637018820,"epoch_div":27283647},{"groups":{"main":{"totals":{"load_avg":2.36865234375,"cpu_usage":100,"mem_used":8523358208,"mem_free":6341341184,"tcp_conns":81,"disk_usage_root":6.12,"disk_read_sec":2468795,"disk_write_sec":354577,"disk_iops_sec":136,"io_wait":0,"open_files":0,"os_bytes_in_sec":5212,"os_bytes_out_sec":6353,"total_procs":499},"count":1}},"date":1637018880,"epoch_div":27283648},{"groups":{"main":{"totals":{"load_avg":3.70068359375,"cpu_usage":100,"mem_used":8473427968,"mem_free":6344712192,"tcp_conns":70,"disk_usage_root":6.12,"disk_read_sec":1039018,"disk_write_sec":190805,"disk_iops_sec":51,"io_wait":0,"open_files":0,"os_bytes_in_sec":3163,"os_bytes_out_sec":26778,"total_procs":499},"count":1}},"date":1637018940,"epoch_div":27283649},{"groups":{"main":{"totals":{"load_avg":3.47021484375,"cpu_usage":100,"mem_used":8562987008,"mem_free":6285434880,"tcp_conns":48,"disk_usage_root":6.12,"disk_read_sec":609894,"disk_write_sec":230946,"disk_iops_sec":38,"io_wait":0,"open_files":0,"os_bytes_in_sec":8512,"os_bytes_out_sec":61421,"total_procs":498},"count":1}},"date":1637019000,"epoch_div":27283650},{"groups":{"main":{"totals":{"load_avg":2.59716796875,"cpu_usage":100,"mem_used":8533540864,"mem_free":6273900544,"tcp_conns":40,"disk_usage_root":6.12,"disk_read_sec":363246,"disk_write_sec":175377,"disk_iops_sec":55,"io_wait":0,"open_files":0,"os_bytes_in_sec":2244,"os_bytes_out_sec":68599,"total_procs":498},"count":1}},"date":1637019060,"epoch_div":27283651},{"groups":{"main":{"totals":{"load_avg":2.49072265625,"cpu_usage":100,"mem_used":8421707776,"mem_free":6385364992,"tcp_conns":64,"disk_usage_root":6.12,"disk_read_sec":4268851,"disk_write_sec":303923,"disk_iops_sec":300,"io_wait":0,"open_files":0,"os_bytes_in_sec":58754,"os_bytes_out_sec":47736,"total_procs":501},"count":1}},"date":1637019120,"epoch_div":27283652},{"groups":{"main":{"totals":{"load_avg":3.53955078125,"cpu_usage":100,"mem_used":8476344320,"mem_free":6378749952,"tcp_conns":61,"disk_usage_root":6.12,"disk_read_sec":692838,"disk_write_sec":321126,"disk_iops_sec":72,"io_wait":0,"open_files":0,"os_bytes_in_sec":50535,"os_bytes_out_sec":42328,"total_procs":499},"count":1}},"date":1637019180,"epoch_div":27283653},{"groups":{"main":{"totals":{"load_avg":2.78271484375,"cpu_usage":100,"mem_used":8535113728,"mem_free":6430474240,"tcp_conns":53,"disk_usage_root":6.12,"disk_read_sec":4550792,"disk_write_sec":1184699,"disk_iops_sec":107,"io_wait":0,"open_files":0,"os_bytes_in_sec":1775,"os_bytes_out_sec":4479,"total_procs":497},"count":1}},"date":1637019240,"epoch_div":27283654},{"groups":{"main":{"totals":{"load_avg":3.0087890625,"cpu_usage":100,"mem_used":8570077184,"mem_free":6539722752,"tcp_conns":51,"disk_usage_root":6.12,"disk_read_sec":152712,"disk_write_sec":118101,"disk_iops_sec":26,"io_wait":0,"open_files":0,"os_bytes_in_sec":4282,"os_bytes_out_sec":10252,"total_procs":496},"count":1}},"date":1637019300,"epoch_div":27283655},{"groups":{"main":{"totals":{"load_avg":3.5341796875,"cpu_usage":100,"mem_used":8561418240,"mem_free":6538178560,"tcp_conns":43,"disk_usage_root":6.12,"disk_read_sec":175172,"disk_write_sec":109090,"disk_iops_sec":21,"io_wait":0,"open_files":0,"os_bytes_in_sec":5524,"os_bytes_out_sec":13888,"total_procs":495},"count":1}},"date":1637019360,"epoch_div":27283656}]}