{"type":"list_page","items":[{"date":1637430420,"epoch_div":27290507,"totals":{"load_avg":3.6787109375,"cpu_usage":100,"mem_used":4474318848,"mem_free":7928037376,"tcp_conns":74,"disk_usage_root":6.12,"disk_read_sec":441984,"disk_write_sec":202328,"disk_iops_sec":7,"io_wait":0,"open_files":0,"os_bytes_in_sec":182,"os_bytes_out_sec":33,"total_procs":420},"count":1},{"date":1637430480,"epoch_div":27290508,"totals":{"load_avg":3.7041015625,"cpu_usage":100,"mem_used":4910505984,"mem_free":7652012032,"tcp_conns":72,"disk_usage_root":6.12,"disk_read_sec":52662272,"disk_write_sec":4169045,"disk_iops_sec":1419,"io_wait":0,"open_files":0,"os_bytes_in_sec":34138,"os_bytes_out_sec":18618,"total_procs":426},"count":1},{"date":1637430540,"epoch_div":27290509,"totals":{"load_avg":3.27978515625,"cpu_usage":100,"mem_used":5684367360,"mem_free":7377276928,"tcp_conns":73,"disk_usage_root":6.12,"disk_read_sec":18451046,"disk_write_sec":11219490,"disk_iops_sec":288,"io_wait":0,"open_files":0,"os_bytes_in_sec":16938,"os_bytes_out_sec":4544,"total_procs":423},"count":1}]}