{"type":"list_page","items":[{"date":1637879400,"epoch_div":27297990,"totals":{"load_avg":2.6865234375,"cpu_usage":100,"mem_used":8474161152,"mem_free":6362124288,"tcp_conns":84,"disk_usage_root":6.12,"disk_read_sec":5764,"disk_write_sec":2473,"disk_iops_sec":0,"io_wait":0,"open_files":0,"os_bytes_in_sec":155,"os_bytes_out_sec":58,"total_procs":476},"count":1},{"date":1637879460,"epoch_div":27297991,"totals":{"load_avg":12.54833984375,"cpu_usage":100,"mem_used":8468312064,"mem_free":6349225984,"tcp_conns":82,"disk_usage_root":6.12,"disk_read_sec":500992,"disk_write_sec":249088,"disk_iops_sec":54,"io_wait":0,"open_files":0,"os_bytes_in_sec":2223,"os_bytes_out_sec":7575,"total_procs":474},"count":1,"alerts":{"load_avg_high":true}}]}