{"type":"list_page","items":[{"groups":{"main":{"totals":{"load_avg":2.41552734375,"cpu_usage":100,"mem_used":8445558784,"mem_free":6080876544,"tcp_conns":22,"disk_usage_root":6.12,"disk_read_sec":819,"disk_write_sec":342971,"disk_iops_sec":11,"io_wait":0,"open_files":0,"os_bytes_in_sec":413,"os_bytes_out_sec":315,"total_procs":494},"count":1}},"date":1636714080,"epoch_div":27278568},{"groups":{"main":{"totals":{"load_avg":2.94189453125,"cpu_usage":100,"mem_used":8442867712,"mem_free":6083575808,"tcp_conns":20,"disk_usage_root":6.12,"disk_read_sec":4232,"disk_write_sec":72362,"disk_iops_sec":13,"io_wait":0,"open_files":0,"os_bytes_in_sec":378,"os_bytes_out_sec":281,"total_procs":494},"count":1}},"date":1636714140,"epoch_div":27278569},{"groups":{"main":{"totals":{"load_avg":2.7080078125,"cpu_usage":100,"mem_used":8441085952,"mem_free":6108774400,"tcp_conns":21,"disk_usage_root":6.12,"disk_read_sec":614,"disk_write_sec":60211,"disk_iops_sec":10,"io_wait":0,"open_files":0,"os_bytes_in_sec":232,"os_bytes_out_sec":203,"total_procs":493},"count":1}},"date":1636714200,"epoch_div":27278570},{"groups":{"main":{"totals":{"load_avg":1.91455078125,"cpu_usage":100,"mem_used":8443375616,"mem_free":6061219840,"tcp_conns":21,"disk_usage_root":6.12,"disk_read_sec":12288,"disk_write_sec":57207,"disk_iops_sec":12,"io_wait":0,"open_files":0,"os_bytes_in_sec":239,"os_bytes_out_sec":157,"total_procs":494},"count":1}},"date":1636714260,"epoch_div":27278571},{"groups":{"main":{"totals":{"load_avg":1.7646484375,"cpu_usage":100,"mem_used":8442261504,"mem_free":6078771200,"tcp_conns":21,"disk_usage_root":6.12,"disk_read_sec":9216,"disk_write_sec":67788,"disk_iops_sec":11,"io_wait":0,"open_files":0,"os_bytes_in_sec":111,"os_bytes_out_sec":121,"total_procs":493},"count":1}},"date":1636714320,"epoch_div":27278572},{"groups":{"main":{"totals":{"load_avg":2,"cpu_usage":100,"mem_used":8443858944,"mem_free":6082355200,"tcp_conns":21,"disk_usage_root":6.12,"disk_read_sec":2048,"disk_write_sec":58368,"disk_iops_sec":11,"io_wait":0,"open_files":0,"os_bytes_in_sec":79,"os_bytes_out_sec":76,"total_procs":494},"count":1}},"date":1636714380,"epoch_div":27278573},{"groups":{"main":{"totals":{"load_avg":1.81494140625,"cpu_usage":100,"mem_used":8442609664,"mem_free":6078443520,"tcp_conns":19,"disk_usage_root":6.12,"disk_read_sec":1365,"disk_write_sec":58777,"disk_iops_sec":11,"io_wait":0,"open_files":0,"os_bytes_in_sec":404,"os_bytes_out_sec":130,"total_procs":493},"count":1}},"date":1636714440,"epoch_div":27278574},{"groups":{"main":{"totals":{"load_avg":1.86279296875,"cpu_usage":100,"mem_used":8443756544,"mem_free":6105825280,"tcp_conns":20,"disk_usage_root":6.12,"disk_read_sec":2594,"disk_write_sec":59801,"disk_iops_sec":11,"io_wait":0,"open_files":0,"os_bytes_in_sec":207,"os_bytes_out_sec":152,"total_procs":494},"count":1}},"date":1636714500,"epoch_div":27278575},{"groups":{"main":{"totals":{"load_avg":2.16943359375,"cpu_usage":100,"mem_used":8506929152,"mem_free":6031609856,"tcp_conns":20,"disk_usage_root":6.12,"disk_read_sec":1180,"disk_write_sec":55677,"disk_iops_sec":10,"io_wait":0,"open_files":0,"os_bytes_in_sec":117,"os_bytes_out_sec":113,"total_procs":493},"count":1}},"date":1636714560,"epoch_div":27278576},{"groups":{"main":{"totals":{"load_avg":1.67578125,"cpu_usage":100,"mem_used":8450256896,"mem_free":6075924480,"tcp_conns":20,"disk_usage_root":6.12,"disk_read_sec":67,"disk_write_sec":55732,"disk_iops_sec":10,"io_wait":0,"open_files":0,"os_bytes_in_sec":70,"os_bytes_out_sec":80,"total_procs":494},"count":1}},"date":1636714620,"epoch_div":27278577},{"groups":{"main":{"totals":{"load_avg":1.65380859375,"cpu_usage":100,"mem_used":8449671168,"mem_free":6078308352,"tcp_conns":21,"disk_usage_root":6.12,"disk_read_sec":5734,"disk_write_sec":71202,"disk_iops_sec":11,"io_wait":0,"open_files":0,"os_bytes_in_sec":277,"os_bytes_out_sec":185,"total_procs":494},"count":1}},"date":1636714680,"epoch_div":27278578},{"groups":{"main":{"totals":{"load_avg":1.5087890625,"cpu_usage":100,"mem_used":8444628992,"mem_free":6077968384,"tcp_conns":20,"disk_usage_root":6.12,"disk_read_sec":955,"disk_write_sec":68198,"disk_iops_sec":12,"io_wait":0,"open_files":0,"os_bytes_in_sec":331,"os_bytes_out_sec":265,"total_procs":494},"count":1}},"date":1636714740,"epoch_div":27278579},{"groups":{"main":{"totals":{"load_avg":1.58740234375,"cpu_usage":100,"mem_used":8444264448,"mem_free":6104186880,"tcp_conns":21,"disk_usage_root":6.12,"disk_read_sec":0,"disk_write_sec":61098,"disk_iops_sec":10,"io_wait":0,"open_files":0,"os_bytes_in_sec":275,"os_bytes_out_sec":186,"total_procs":493},"count":1}},"date":1636714800,"epoch_div":27278580},{"groups":{"main":{"totals":{"load_avg":2.08544921875,"cpu_usage":100,"mem_used":8446062592,"mem_free":6064893952,"tcp_conns":21,"disk_usage_root":6.12,"disk_read_sec":2252,"disk_write_sec":75025,"disk_iops_sec":14,"io_wait":0,"open_files":0,"os_bytes_in_sec":242,"os_bytes_out_sec":160,"total_procs":494},"count":1}},"date":1636714860,"epoch_div":27278581},{"groups":{"main":{"totals":{"load_avg":2.029296875,"cpu_usage":100,"mem_used":8443781120,"mem_free":6077259776,"tcp_conns":21,"disk_usage_root":6.12,"disk_read_sec":273,"disk_write_sec":50039,"disk_iops_sec":9,"io_wait":0,"open_files":0,"os_bytes_in_sec":92,"os_bytes_out_sec":121,"total_procs":493},"count":1}},"date":1636714920,"epoch_div":27278582},{"groups":{"main":{"totals":{"load_avg":1.8173828125,"cpu_usage":100,"mem_used":8446300160,"mem_free":6079623168,"tcp_conns":22,"disk_usage_root":6.12,"disk_read_sec":1319,"disk_write_sec":61856,"disk_iops_sec":11,"io_wait":0,"open_files":0,"os_bytes_in_sec":111,"os_bytes_out_sec":145,"total_procs":494},"count":1}},"date":1636714980,"epoch_div":27278583},{"groups":{"main":{"totals":{"load_avg":2.18505859375,"cpu_usage":100,"mem_used":8446328832,"mem_free":6076641280,"tcp_conns":20,"disk_usage_root":6.12,"disk_read_sec":10542,"disk_write_sec":90447,"disk_iops_sec":14,"io_wait":0,"open_files":0,"os_bytes_in_sec":5668,"os_bytes_out_sec":603,"total_procs":494},"count":1}},"date":1636715040,"epoch_div":27278584},{"groups":{"main":{"totals":{"load_avg":1.810546875,"cpu_usage":100,"mem_used":8453701632,"mem_free":6101786624,"tcp_conns":22,"disk_usage_root":6.12,"disk_read_sec":1911,"disk_write_sec":370141,"disk_iops_sec":11,"io_wait":0,"open_files":0,"os_bytes_in_sec":304,"os_bytes_out_sec":251,"total_procs":498},"count":1}},"date":1636715100,"epoch_div":27278585},{"groups":{"main":{"totals":{"load_avg":2.65185546875,"cpu_usage":100,"mem_used":8503640064,"mem_free":6029336576,"tcp_conns":22,"disk_usage_root":6.12,"disk_read_sec":1297,"disk_write_sec":49493,"disk_iops_sec":9,"io_wait":0,"open_files":0,"os_bytes_in_sec":171,"os_bytes_out_sec":122,"total_procs":493},"count":1}},"date":1636715160,"epoch_div":27278586},{"groups":{"main":{"totals":{"load_avg":2.025390625,"cpu_usage":100,"mem_used":8451125248,"mem_free":6073344000,"tcp_conns":21,"disk_usage_root":6.12,"disk_read_sec":2935,"disk_write_sec":51336,"disk_iops_sec":10,"io_wait":0,"open_files":0,"os_bytes_in_sec":104,"os_bytes_out_sec":82,"total_procs":494},"count":1}},"date":1636715220,"epoch_div":27278587},{"groups":{"main":{"totals":{"load_avg":1.7412109375,"cpu_usage":100,"mem_used":8449540096,"mem_free":6079299584,"tcp_conns":22,"disk_usage_root":6.12,"disk_read_sec":1365,"disk_write_sec":53589,"disk_iops_sec":10,"io_wait":0,"open_files":0,"os_bytes_in_sec":284,"os_bytes_out_sec":196,"total_procs":494},"count":1}},"date":1636715280,"epoch_div":27278588},{"groups":{"main":{"totals":{"load_avg":2.107421875,"cpu_usage":100,"mem_used":8442712064,"mem_free":6077763584,"tcp_conns":20,"disk_usage_root":6.12,"disk_read_sec":7714,"disk_write_sec":82466,"disk_iops_sec":13,"io_wait":0,"open_files":0,"os_bytes_in_sec":336,"os_bytes_out_sec":275,"total_procs":494},"count":1}},"date":1636715340,"epoch_div":27278589},{"groups":{"main":{"totals":{"load_avg":2.08056640625,"cpu_usage":100,"mem_used":8442793984,"mem_free":6105546752,"tcp_conns":22,"disk_usage_root":6.12,"disk_read_sec":32904,"disk_write_sec":69905,"disk_iops_sec":17,"io_wait":0,"open_files":0,"os_bytes_in_sec":1116,"os_bytes_out_sec":385,"total_procs":493},"count":1}},"date":1636715400,"epoch_div":27278590},{"groups":{"main":{"totals":{"load_avg":2.83447265625,"cpu_usage":100,"mem_used":8445296640,"mem_free":6053146624,"tcp_conns":22,"disk_usage_root":6.12,"disk_read_sec":273,"disk_write_sec":54818,"disk_iops_sec":10,"io_wait":0,"open_files":0,"os_bytes_in_sec":84,"os_bytes_out_sec":74,"total_procs":494},"count":1}},"date":1636715460,"epoch_div":27278591},{"groups":{"main":{"totals":{"load_avg":2.57470703125,"cpu_usage":100,"mem_used":8443142144,"mem_free":6077800448,"tcp_conns":21,"disk_usage_root":6.12,"disk_read_sec":204,"disk_write_sec":54476,"disk_iops_sec":10,"io_wait":0,"open_files":0,"os_bytes_in_sec":157,"os_bytes_out_sec":142,"total_procs":493},"count":1}},"date":1636715520,"epoch_div":27278592},{"groups":{"main":{"totals":{"load_avg":2.8251953125,"cpu_usage":100,"mem_used":8445018112,"mem_free":6078984192,"tcp_conns":21,"disk_usage_root":6.12,"disk_read_sec":1979,"disk_write_sec":63214,"disk_iops_sec":12,"io_wait":0,"open_files":0,"os_bytes_in_sec":1342,"os_bytes_out_sec":2400,"total_procs":494},"count":1}},"date":1636715580,"epoch_div":27278593},{"groups":{"main":{"totals":{"load_avg":2.072265625,"cpu_usage":100,"mem_used":8442925056,"mem_free":6076649472,"tcp_conns":20,"disk_usage_root":6.12,"disk_read_sec":268,"disk_write_sec":56068,"disk_iops_sec":10,"io_wait":0,"open_files":0,"os_bytes_in_sec":306,"os_bytes_out_sec":125,"total_procs":493},"count":1}},"date":1636715640,"epoch_div":27278594},{"groups":{"main":{"totals":{"load_avg":1.6650390625,"cpu_usage":100,"mem_used":8445575168,"mem_free":6104330240,"tcp_conns":21,"disk_usage_root":6.12,"disk_read_sec":9372,"disk_write_sec":75185,"disk_iops_sec":12,"io_wait":0,"open_files":0,"os_bytes_in_sec":174,"os_bytes_out_sec":150,"total_procs":494},"count":1}},"date":1636715700,"epoch_div":27278595},{"groups":{"main":{"totals":{"load_avg":1.525390625,"cpu_usage":100,"mem_used":8508956672,"mem_free":6099025920,"tcp_conns":21,"disk_usage_root":6.12,"disk_read_sec":239479,"disk_write_sec":57753,"disk_iops_sec":16,"io_wait":0,"open_files":0,"os_bytes_in_sec":144,"os_bytes_out_sec":114,"total_procs":493},"count":1}},"date":1636715760,"epoch_div":27278596},{"groups":{"main":{"totals":{"load_avg":2.00048828125,"cpu_usage":100,"mem_used":8511021056,"mem_free":6063349760,"tcp_conns":21,"disk_usage_root":6.12,"disk_read_sec":6212,"disk_write_sec":51336,"disk_iops_sec":10,"io_wait":0,"open_files":0,"os_bytes_in_sec":99,"os_bytes_out_sec":100,"total_procs":494},"count":1}},"date":1636715820,"epoch_div":27278597},{"groups":{"main":{"totals":{"load_avg":2.009765625,"cpu_usage":100,"mem_used":8511799296,"mem_free":6078570496,"tcp_conns":22,"disk_usage_root":6.12,"disk_read_sec":4573,"disk_write_sec":349730,"disk_iops_sec":13,"io_wait":0,"open_files":0,"os_bytes_in_sec":408,"os_bytes_out_sec":243,"total_procs":494},"count":1}},"date":1636715880,"epoch_div":27278598},{"groups":{"main":{"totals":{"load_avg":2.154296875,"cpu_usage":100,"mem_used":8521097216,"mem_free":6070333440,"tcp_conns":20,"disk_usage_root":6.12,"disk_read_sec":55705,"disk_write_sec":240981,"disk_iops_sec":54,"io_wait":0,"open_files":0,"os_bytes_in_sec":357,"os_bytes_out_sec":301,"total_procs":498},"count":1}},"date":1636715940,"epoch_div":27278599},{"groups":{"main":{"totals":{"load_avg":1.705078125,"cpu_usage":100,"mem_used":8512647168,"mem_free":6095749120,"tcp_conns":21,"disk_usage_root":6.12,"disk_read_sec":67310,"disk_write_sec":1115136,"disk_iops_sec":23,"io_wait":0,"open_files":0,"os_bytes_in_sec":973,"os_bytes_out_sec":295,"total_procs":498},"count":1}},"date":1636716000,"epoch_div":27278600},{"groups":{"main":{"totals":{"load_avg":2.09619140625,"cpu_usage":100,"mem_used":8505659392,"mem_free":6073438208,"tcp_conns":21,"disk_usage_root":6.12,"disk_read_sec":27989,"disk_write_sec":72226,"disk_iops_sec":14,"io_wait":0,"open_files":0,"os_bytes_in_sec":109,"os_bytes_out_sec":77,"total_procs":494},"count":1}},"date":1636716060,"epoch_div":27278601},{"groups":{"main":{"totals":{"load_avg":1.5673828125,"cpu_usage":100,"mem_used":8504930304,"mem_free":6075875328,"tcp_conns":21,"disk_usage_root":6.12,"disk_read_sec":845,"disk_write_sec":51167,"disk_iops_sec":9,"io_wait":0,"open_files":0,"os_bytes_in_sec":104,"os_bytes_out_sec":111,"total_procs":493},"count":1}},"date":1636716120,"epoch_div":27278602},{"groups":{"main":{"totals":{"load_avg":1.43359375,"cpu_usage":100,"mem_used":8506171392,"mem_free":6078267392,"tcp_conns":21,"disk_usage_root":6.12,"disk_read_sec":790,"disk_write_sec":58134,"disk_iops_sec":11,"io_wait":0,"open_files":0,"os_bytes_in_sec":100,"os_bytes_out_sec":103,"total_procs":494},"count":1}},"date":1636716180,"epoch_div":27278603},{"groups":{"main":{"totals":{"load_avg":1.8115234375,"cpu_usage":100,"mem_used":8504868864,"mem_free":6075510784,"tcp_conns":19,"disk_usage_root":6.12,"disk_read_sec":1160,"disk_write_sec":54954,"disk_iops_sec":10,"io_wait":0,"open_files":0,"os_bytes_in_sec":315,"os_bytes_out_sec":130,"total_procs":493},"count":1}},"date":1636716240,"epoch_div":27278604},{"groups":{"main":{"totals":{"load_avg":1.6015625,"cpu_usage":100,"mem_used":8507662336,"mem_free":6103879680,"tcp_conns":20,"disk_usage_root":6.12,"disk_read_sec":0,"disk_write_sec":63761,"disk_iops_sec":10,"io_wait":0,"open_files":0,"os_bytes_in_sec":173,"os_bytes_out_sec":136,"total_procs":494},"count":1}},"date":1636716300,"epoch_div":27278605},{"groups":{"main":{"totals":{"load_avg":1.3037109375,"cpu_usage":100,"mem_used":8550055936,"mem_free":6064189440,"tcp_conns":21,"disk_usage_root":6.12,"disk_read_sec":344200,"disk_write_sec":479846,"disk_iops_sec":42,"io_wait":0,"open_files":0,"os_bytes_in_sec":405211,"os_bytes_out_sec":8521,"total_procs":494},"count":1}},"date":1636716360,"epoch_div":27278606},{"groups":{"main":{"totals":{"load_avg":2.67333984375,"cpu_usage":100,"mem_used":8497405952,"mem_free":6088622080,"tcp_conns":22,"disk_usage_root":6.12,"disk_read_sec":82602,"disk_write_sec":79735,"disk_iops_sec":20,"io_wait":0,"open_files":0,"os_bytes_in_sec":365,"os_bytes_out_sec":274,"total_procs":495},"count":1}},"date":1636716420,"epoch_div":27278607},{"groups":{"main":{"totals":{"load_avg":2.3515625,"cpu_usage":100,"mem_used":8498593792,"mem_free":6085111808,"tcp_conns":23,"disk_usage_root":6.12,"disk_read_sec":614,"disk_write_sec":62122,"disk_iops_sec":11,"io_wait":0,"open_files":0,"os_bytes_in_sec":280,"os_bytes_out_sec":203,"total_procs":495},"count":1}},"date":1636716480,"epoch_div":27278608},{"groups":{"main":{"totals":{"load_avg":2.6591796875,"cpu_usage":100,"mem_used":8496537600,"mem_free":6089633792,"tcp_conns":20,"disk_usage_root":6.12,"disk_read_sec":1388,"disk_write_sec":66299,"disk_iops_sec":12,"io_wait":0,"open_files":0,"os_bytes_in_sec":373,"os_bytes_out_sec":296,"total_procs":495},"count":1}},"date":1636716540,"epoch_div":27278609},{"groups":{"main":{"totals":{"load_avg":1.7412109375,"cpu_usage":100,"mem_used":8494665728,"mem_free":6112571392,"tcp_conns":21,"disk_usage_root":6.12,"disk_read_sec":51300,"disk_write_sec":275976,"disk_iops_sec":27,"io_wait":0,"open_files":0,"os_bytes_in_sec":230,"os_bytes_out_sec":177,"total_procs":494},"count":1}},"date":1636716600,"epoch_div":27278610},{"groups":{"main":{"totals":{"load_avg":2.67138671875,"cpu_usage":100,"mem_used":8496988160,"mem_free":6073982976,"tcp_conns":21,"disk_usage_root":6.12,"disk_read_sec":341,"disk_write_sec":58982,"disk_iops_sec":10,"io_wait":0,"open_files":0,"os_bytes_in_sec":74,"os_bytes_out_sec":81,"total_procs":495},"count":1}},"date":1636716660,"epoch_div":27278611},{"groups":{"main":{"totals":{"load_avg":2.38720703125,"cpu_usage":100,"mem_used":8495337472,"mem_free":6089031680,"tcp_conns":21,"disk_usage_root":6.12,"disk_read_sec":887,"disk_write_sec":53794,"disk_iops_sec":10,"io_wait":0,"open_files":0,"os_bytes_in_sec":110,"os_bytes_out_sec":130,"total_procs":494},"count":1}},"date":1636716720,"epoch_div":27278612},{"groups":{"main":{"totals":{"load_avg":1.52099609375,"cpu_usage":100,"mem_used":8510398464,"mem_free":6067810304,"tcp_conns":24,"disk_usage_root":6.12,"disk_read_sec":39293,"disk_write_sec":542129,"disk_iops_sec":24,"io_wait":0,"open_files":0,"os_bytes_in_sec":410158,"os_bytes_out_sec":7450,"total_procs":497},"count":1}},"date":1636716780,"epoch_div":27278613},{"groups":{"main":{"totals":{"load_avg":1.95166015625,"cpu_usage":100,"mem_used":8550187008,"mem_free":6065598464,"tcp_conns":23,"disk_usage_root":6.12,"disk_read_sec":39415,"disk_write_sec":375623,"disk_iops_sec":18,"io_wait":0,"open_files":0,"os_bytes_in_sec":448,"os_bytes_out_sec":320,"total_procs":499},"count":1}},"date":1636716840,"epoch_div":27278614},{"groups":{"main":{"totals":{"load_avg":1.85400390625,"cpu_usage":100,"mem_used":8539463680,"mem_free":6088806400,"tcp_conns":24,"disk_usage_root":6.12,"disk_read_sec":5529,"disk_write_sec":65126,"disk_iops_sec":12,"io_wait":0,"open_files":0,"os_bytes_in_sec":238,"os_bytes_out_sec":164,"total_procs":495},"count":1}},"date":1636716900,"epoch_div":27278615},{"groups":{"main":{"totals":{"load_avg":2.18310546875,"cpu_usage":100,"mem_used":8555360256,"mem_free":6069608448,"tcp_conns":24,"disk_usage_root":6.12,"disk_read_sec":270671,"disk_write_sec":55665,"disk_iops_sec":31,"io_wait":0,"open_files":0,"os_bytes_in_sec":154,"os_bytes_out_sec":129,"total_procs":494},"count":1}},"date":1636716960,"epoch_div":27278616},{"groups":{"main":{"totals":{"load_avg":1.94775390625,"cpu_usage":100,"mem_used":8502915072,"mem_free":6093168640,"tcp_conns":22,"disk_usage_root":6.12,"disk_read_sec":48527,"disk_write_sec":56094,"disk_iops_sec":14,"io_wait":0,"open_files":0,"os_bytes_in_sec":95,"os_bytes_out_sec":91,"total_procs":495},"count":1}},"date":1636717020,"epoch_div":27278617},{"groups":{"main":{"totals":{"load_avg":1.92578125,"cpu_usage":100,"mem_used":8502870016,"mem_free":6092300288,"tcp_conns":22,"disk_usage_root":6.12,"disk_read_sec":9216,"disk_write_sec":62395,"disk_iops_sec":12,"io_wait":0,"open_files":0,"os_bytes_in_sec":260,"os_bytes_out_sec":213,"total_procs":495},"count":1}},"date":1636717080,"epoch_div":27278618},{"groups":{"main":{"totals":{"load_avg":1.78662109375,"cpu_usage":100,"mem_used":8503160832,"mem_free":6091309056,"tcp_conns":20,"disk_usage_root":6.12,"disk_read_sec":18500,"disk_write_sec":101717,"disk_iops_sec":16,"io_wait":0,"open_files":0,"os_bytes_in_sec":7374,"os_bytes_out_sec":890,"total_procs":495},"count":1}},"date":1636717140,"epoch_div":27278619},{"groups":{"main":{"totals":{"load_avg":2.29931640625,"cpu_usage":100,"mem_used":8504569856,"mem_free":6108360704,"tcp_conns":21,"disk_usage_root":6.12,"disk_read_sec":52173,"disk_write_sec":63185,"disk_iops_sec":13,"io_wait":0,"open_files":0,"os_bytes_in_sec":226,"os_bytes_out_sec":181,"total_procs":494},"count":1}},"date":1636717200,"epoch_div":27278620},{"groups":{"main":{"totals":{"load_avg":1.88037109375,"cpu_usage":100,"mem_used":8506806272,"mem_free":6084546560,"tcp_conns":21,"disk_usage_root":6.12,"disk_read_sec":138,"disk_write_sec":55469,"disk_iops_sec":10,"io_wait":0,"open_files":0,"os_bytes_in_sec":56,"os_bytes_out_sec":83,"total_procs":495},"count":1}},"date":1636717260,"epoch_div":27278621},{"groups":{"main":{"totals":{"load_avg":1.54052734375,"cpu_usage":100,"mem_used":8512348160,"mem_free":6086504448,"tcp_conns":21,"disk_usage_root":6.12,"disk_read_sec":8123,"disk_write_sec":56797,"disk_iops_sec":11,"io_wait":0,"open_files":0,"os_bytes_in_sec":317,"os_bytes_out_sec":205,"total_procs":496},"count":1}},"date":1636717320,"epoch_div":27278622},{"groups":{"main":{"totals":{"load_avg":1.90966796875,"cpu_usage":100,"mem_used":8514031616,"mem_free":6081327104,"tcp_conns":21,"disk_usage_root":6.12,"disk_read_sec":3140,"disk_write_sec":66286,"disk_iops_sec":12,"io_wait":0,"open_files":0,"os_bytes_in_sec":1355,"os_bytes_out_sec":2637,"total_procs":496},"count":1}},"date":1636717380,"epoch_div":27278623},{"groups":{"main":{"totals":{"load_avg":3.880859375,"cpu_usage":100,"mem_used":8509743104,"mem_free":6085935104,"tcp_conns":20,"disk_usage_root":6.12,"disk_read_sec":1110,"disk_write_sec":55747,"disk_iops_sec":10,"io_wait":0,"open_files":0,"os_bytes_in_sec":322,"os_bytes_out_sec":131,"total_procs":494},"count":1}},"date":1636717440,"epoch_div":27278624},{"groups":{"main":{"totals":{"load_avg":2.89990234375,"cpu_usage":100,"mem_used":8512331776,"mem_free":6102536192,"tcp_conns":21,"disk_usage_root":6.12,"disk_read_sec":31357,"disk_write_sec":81449,"disk_iops_sec":13,"io_wait":0,"open_files":0,"os_bytes_in_sec":223,"os_bytes_out_sec":162,"total_procs":495},"count":1}},"date":1636717500,"epoch_div":27278625},{"groups":{"main":{"totals":{"load_avg":2.24609375,"cpu_usage":100,"mem_used":8508538880,"mem_free":6098546688,"tcp_conns":21,"disk_usage_root":6.12,"disk_read_sec":91818,"disk_write_sec":61030,"disk_iops_sec":16,"io_wait":0,"open_files":0,"os_bytes_in_sec":138,"os_bytes_out_sec":116,"total_procs":494},"count":1}},"date":1636717560,"epoch_div":27278626},{"groups":{"main":{"totals":{"load_avg":2.1943359375,"cpu_usage":100,"mem_used":8509960192,"mem_free":6091776000,"tcp_conns":21,"disk_usage_root":6.12,"disk_read_sec":42188,"disk_write_sec":58777,"disk_iops_sec":14,"io_wait":0,"open_files":0,"os_bytes_in_sec":205,"os_bytes_out_sec":284,"total_procs":494},"count":1}},"date":1636717620,"epoch_div":27278627},{"groups":{"main":{"totals":{"load_avg":2.22119140625,"cpu_usage":100,"mem_used":8513048576,"mem_free":6091874304,"tcp_conns":22,"disk_usage_root":6.12,"disk_read_sec":37956,"disk_write_sec":342357,"disk_iops_sec":14,"io_wait":0,"open_files":0,"os_bytes_in_sec":413,"os_bytes_out_sec":234,"total_procs":494},"count":1}},"date":1636717680,"epoch_div":27278628},{"groups":{"main":{"totals":{"load_avg":2.07666015625,"cpu_usage":100,"mem_used":8517619712,"mem_free":6086127616,"tcp_conns":20,"disk_usage_root":6.12,"disk_read_sec":55364,"disk_write_sec":73659,"disk_iops_sec":19,"io_wait":0,"open_files":0,"os_bytes_in_sec":352,"os_bytes_out_sec":289,"total_procs":494},"count":1}},"date":1636717740,"epoch_div":27278629},{"groups":{"main":{"totals":{"load_avg":1.646484375,"cpu_usage":100,"mem_used":8519737344,"mem_free":6109294592,"tcp_conns":21,"disk_usage_root":6.12,"disk_read_sec":55773,"disk_write_sec":82124,"disk_iops_sec":16,"io_wait":0,"open_files":0,"os_bytes_in_sec":239,"os_bytes_out_sec":189,"total_procs":494},"count":1}},"date":1636717800,"epoch_div":27278630},{"groups":{"main":{"totals":{"load_avg":1.85791015625,"cpu_usage":100,"mem_used":8519942144,"mem_free":6068019200,"tcp_conns":21,"disk_usage_root":6.12,"disk_read_sec":273,"disk_write_sec":56729,"disk_iops_sec":9,"io_wait":0,"open_files":0,"os_bytes_in_sec":84,"os_bytes_out_sec":81,"total_procs":494},"count":1}},"date":1636717860,"epoch_div":27278631},{"groups":{"main":{"totals":{"load_avg":2.28173828125,"cpu_usage":100,"mem_used":8518283264,"mem_free":6083506176,"tcp_conns":21,"disk_usage_root":6.12,"disk_read_sec":0,"disk_write_sec":51200,"disk_iops_sec":9,"io_wait":0,"open_files":0,"os_bytes_in_sec":124,"os_bytes_out_sec":118,"total_procs":493},"count":1}},"date":1636717920,"epoch_div":27278632},{"groups":{"main":{"totals":{"load_avg":1.85302734375,"cpu_usage":100,"mem_used":8520126464,"mem_free":6084378624,"tcp_conns":21,"disk_usage_root":6.12,"disk_read_sec":614,"disk_write_sec":58777,"disk_iops_sec":10,"io_wait":0,"open_files":0,"os_bytes_in_sec":95,"os_bytes_out_sec":95,"total_procs":494},"count":1}},"date":1636717980,"epoch_div":27278633},{"groups":{"main":{"totals":{"load_avg":1.8203125,"cpu_usage":100,"mem_used":8518369280,"mem_free":6081310720,"tcp_conns":19,"disk_usage_root":6.12,"disk_read_sec":6553,"disk_write_sec":62259,"disk_iops_sec":12,"io_wait":0,"open_files":0,"os_bytes_in_sec":293,"os_bytes_out_sec":129,"total_procs":493},"count":1}},"date":1636718040,"epoch_div":27278634},{"groups":{"main":{"totals":{"load_avg":2.2314453125,"cpu_usage":100,"mem_used":8521318400,"mem_free":6103543808,"tcp_conns":20,"disk_usage_root":6.12,"disk_read_sec":1041,"disk_write_sec":61925,"disk_iops_sec":10,"io_wait":0,"open_files":0,"os_bytes_in_sec":200,"os_bytes_out_sec":137,"total_procs":494},"count":1}},"date":1636718100,"epoch_div":27278635},{"groups":{"main":{"totals":{"load_avg":1.814453125,"cpu_usage":100,"mem_used":8558682112,"mem_free":6065541120,"tcp_conns":20,"disk_usage_root":6.12,"disk_read_sec":252340,"disk_write_sec":71109,"disk_iops_sec":32,"io_wait":0,"open_files":0,"os_bytes_in_sec":186,"os_bytes_out_sec":119,"total_procs":494},"count":1}},"date":1636718160,"epoch_div":27278636},{"groups":{"main":{"totals":{"load_avg":1.99365234375,"cpu_usage":100,"mem_used":8495955968,"mem_free":6094102528,"tcp_conns":20,"disk_usage_root":6.12,"disk_read_sec":61917,"disk_write_sec":61986,"disk_iops_sec":16,"io_wait":0,"open_files":0,"os_bytes_in_sec":44,"os_bytes_out_sec":77,"total_procs":494},"count":1}},"date":1636718220,"epoch_div":27278637},{"groups":{"main":{"totals":{"load_avg":1.7666015625,"cpu_usage":100,"mem_used":8497238016,"mem_free":6092603392,"tcp_conns":21,"disk_usage_root":6.12,"disk_read_sec":2867,"disk_write_sec":72226,"disk_iops_sec":13,"io_wait":0,"open_files":0,"os_bytes_in_sec":284,"os_bytes_out_sec":192,"total_procs":494},"count":1}},"date":1636718280,"epoch_div":27278638},{"groups":{"main":{"totals":{"load_avg":1.40625,"cpu_usage":100,"mem_used":8494690304,"mem_free":6095290368,"tcp_conns":20,"disk_usage_root":6.12,"disk_read_sec":1527,"disk_write_sec":69146,"disk_iops_sec":13,"io_wait":0,"open_files":0,"os_bytes_in_sec":346,"os_bytes_out_sec":267,"total_procs":494},"count":1}},"date":1636718340,"epoch_div":27278639},{"groups":{"main":{"totals":{"load_avg":1.78515625,"cpu_usage":100,"mem_used":8494104576,"mem_free":6119288832,"tcp_conns":21,"disk_usage_root":6.12,"disk_read_sec":671,"disk_write_sec":58284,"disk_iops_sec":10,"io_wait":0,"open_files":0,"os_bytes_in_sec":246,"os_bytes_out_sec":183,"total_procs":493},"count":1}},"date":1636718400,"epoch_div":27278640},{"groups":{"main":{"totals":{"load_avg":1.36669921875,"cpu_usage":100,"mem_used":8495443968,"mem_free":6076563456,"tcp_conns":21,"disk_usage_root":6.12,"disk_read_sec":409,"disk_write_sec":69905,"disk_iops_sec":13,"io_wait":0,"open_files":0,"os_bytes_in_sec":43,"os_bytes_out_sec":81,"total_procs":494},"count":1}},"date":1636718460,"epoch_div":27278641},{"groups":{"main":{"totals":{"load_avg":1.4580078125,"cpu_usage":100,"mem_used":8495091712,"mem_free":6092820480,"tcp_conns":21,"disk_usage_root":6.12,"disk_read_sec":20002,"disk_write_sec":71680,"disk_iops_sec":12,"io_wait":0,"open_files":0,"os_bytes_in_sec":137,"os_bytes_out_sec":120,"total_procs":493},"count":1}},"date":1636718520,"epoch_div":27278642},{"groups":{"main":{"totals":{"load_avg":1.6689453125,"cpu_usage":100,"mem_used":8497303552,"mem_free":6095298560,"tcp_conns":22,"disk_usage_root":6.12,"disk_read_sec":1160,"disk_write_sec":65536,"disk_iops_sec":12,"io_wait":0,"open_files":0,"os_bytes_in_sec":113,"os_bytes_out_sec":139,"total_procs":494},"count":1}},"date":1636718580,"epoch_div":27278643},{"groups":{"main":{"totals":{"load_avg":1.60009765625,"cpu_usage":100,"mem_used":8503578624,"mem_free":6077988864,"tcp_conns":21,"disk_usage_root":6.12,"disk_read_sec":8874,"disk_write_sec":361813,"disk_iops_sec":12,"io_wait":0,"open_files":0,"os_bytes_in_sec":384,"os_bytes_out_sec":225,"total_procs":497},"count":1}},"date":1636718640,"epoch_div":27278644},{"groups":{"main":{"totals":{"load_avg":1.88525390625,"cpu_usage":100,"mem_used":8499003392,"mem_free":6098509824,"tcp_conns":22,"disk_usage_root":6.12,"disk_read_sec":1706,"disk_write_sec":68608,"disk_iops_sec":11,"io_wait":0,"open_files":0,"os_bytes_in_sec":233,"os_bytes_out_sec":158,"total_procs":494},"count":1}},"date":1636718700,"epoch_div":27278645},{"groups":{"main":{"totals":{"load_avg":2.0458984375,"cpu_usage":100,"mem_used":8537464832,"mem_free":6065098752,"tcp_conns":22,"disk_usage_root":6.12,"disk_read_sec":1160,"disk_write_sec":55978,"disk_iops_sec":10,"io_wait":0,"open_files":0,"os_bytes_in_sec":125,"os_bytes_out_sec":113,"total_procs":493},"count":1}},"date":1636718760,"epoch_div":27278646},{"groups":{"main":{"totals":{"load_avg":2.548828125,"cpu_usage":100,"mem_used":8475525120,"mem_free":6093398016,"tcp_conns":21,"disk_usage_root":6.12,"disk_read_sec":5939,"disk_write_sec":56183,"disk_iops_sec":11,"io_wait":0,"open_files":0,"os_bytes_in_sec":115,"os_bytes_out_sec":85,"total_procs":494},"count":1}},"date":1636718820,"epoch_div":27278647},{"groups":{"main":{"totals":{"load_avg":1.5791015625,"cpu_usage":100,"mem_used":8475959296,"mem_free":6096379904,"tcp_conns":21,"disk_usage_root":6.12,"disk_read_sec":11400,"disk_write_sec":72840,"disk_iops_sec":13,"io_wait":0,"open_files":0,"os_bytes_in_sec":281,"os_bytes_out_sec":214,"total_procs":494},"count":1}},"date":1636718880,"epoch_div":27278648},{"groups":{"main":{"totals":{"load_avg":1.40673828125,"cpu_usage":100,"mem_used":8473182208,"mem_free":6096228352,"tcp_conns":20,"disk_usage_root":6.12,"disk_read_sec":2867,"disk_write_sec":65126,"disk_iops_sec":12,"io_wait":0,"open_files":0,"os_bytes_in_sec":358,"os_bytes_out_sec":353,"total_procs":494},"count":1}},"date":1636718940,"epoch_div":27278649},{"groups":{"main":{"totals":{"load_avg":1.62548828125,"cpu_usage":100,"mem_used":8471519232,"mem_free":6118727680,"tcp_conns":21,"disk_usage_root":6.12,"disk_read_sec":54886,"disk_write_sec":57685,"disk_iops_sec":12,"io_wait":0,"open_files":0,"os_bytes_in_sec":201,"os_bytes_out_sec":183,"total_procs":493},"count":1}},"date":1636719000,"epoch_div":27278650},{"groups":{"main":{"totals":{"load_avg":1.56689453125,"cpu_usage":100,"mem_used":8571154432,"mem_free":6054481920,"tcp_conns":21,"disk_usage_root":6.12,"disk_read_sec":285354,"disk_write_sec":57753,"disk_iops_sec":18,"io_wait":0,"open_files":0,"os_bytes_in_sec":78,"os_bytes_out_sec":85,"total_procs":494},"count":1}},"date":1636719060,"epoch_div":27278651},{"groups":{"main":{"totals":{"load_avg":1.76708984375,"cpu_usage":100,"mem_used":8566685696,"mem_free":6058930176,"tcp_conns":21,"disk_usage_root":6.12,"disk_read_sec":5120,"disk_write_sec":54203,"disk_iops_sec":10,"io_wait":0,"open_files":0,"os_bytes_in_sec":88,"os_bytes_out_sec":131,"total_procs":493},"count":1}},"date":1636719120,"epoch_div":27278652},{"groups":{"main":{"totals":{"load_avg":1.81005859375,"cpu_usage":100,"mem_used":8567164928,"mem_free":6059388928,"tcp_conns":21,"disk_usage_root":6.12,"disk_read_sec":5137,"disk_write_sec":61231,"disk_iops_sec":12,"io_wait":0,"open_files":0,"os_bytes_in_sec":1206,"os_bytes_out_sec":2399,"total_procs":494},"count":1}},"date":1636719180,"epoch_div":27278653},{"groups":{"main":{"totals":{"load_avg":1.685546875,"cpu_usage":100,"mem_used":8567980032,"mem_free":6058504192,"tcp_conns":20,"disk_usage_root":6.12,"disk_read_sec":38811,"disk_write_sec":92126,"disk_iops_sec":16,"io_wait":0,"open_files":0,"os_bytes_in_sec":5692,"os_bytes_out_sec":614,"total_procs":494},"count":1}},"date":1636719240,"epoch_div":27278654},{"groups":{"main":{"totals":{"load_avg":2.5615234375,"cpu_usage":100,"mem_used":8566784000,"mem_free":6082486272,"tcp_conns":21,"disk_usage_root":6.12,"disk_read_sec":17066,"disk_write_sec":62395,"disk_iops_sec":14,"io_wait":0,"open_files":0,"os_bytes_in_sec":383,"os_bytes_out_sec":237,"total_procs":494},"count":1}},"date":1636719300,"epoch_div":27278655},{"groups":{"main":{"totals":{"load_avg":1.9541015625,"cpu_usage":100,"mem_used":8505872384,"mem_free":6095806464,"tcp_conns":21,"disk_usage_root":6.12,"disk_read_sec":280676,"disk_write_sec":52710,"disk_iops_sec":34,"io_wait":0,"open_files":0,"os_bytes_in_sec":170,"os_bytes_out_sec":126,"total_procs":493},"count":1}},"date":1636719360,"epoch_div":27278656},{"groups":{"main":{"totals":{"load_avg":1.74951171875,"cpu_usage":100,"mem_used":8496955392,"mem_free":6095691776,"tcp_conns":21,"disk_usage_root":6.12,"disk_read_sec":7844,"disk_write_sec":58871,"disk_iops_sec":12,"io_wait":0,"open_files":0,"os_bytes_in_sec":83,"os_bytes_out_sec":75,"total_procs":494},"count":1}},"date":1636719420,"epoch_div":27278657},{"groups":{"main":{"totals":{"load_avg":1.685546875,"cpu_usage":100,"mem_used":8498069504,"mem_free":6093910016,"tcp_conns":23,"disk_usage_root":6.12,"disk_read_sec":3003,"disk_write_sec":345019,"disk_iops_sec":12,"io_wait":0,"open_files":0,"os_bytes_in_sec":530,"os_bytes_out_sec":381,"total_procs":494},"count":1}},"date":1636719480,"epoch_div":27278658},{"groups":{"main":{"totals":{"load_avg":2.23486328125,"cpu_usage":100,"mem_used":8497590272,"mem_free":6093254656,"tcp_conns":20,"disk_usage_root":6.12,"disk_read_sec":34884,"disk_write_sec":85606,"disk_iops_sec":16,"io_wait":0,"open_files":0,"os_bytes_in_sec":351,"os_bytes_out_sec":287,"total_procs":494},"count":1}},"date":1636719540,"epoch_div":27278659},{"groups":{"main":{"totals":{"load_avg":2.06494140625,"cpu_usage":100,"mem_used":8410091520,"mem_free":6160076800,"tcp_conns":21,"disk_usage_root":6.12,"disk_read_sec":403220,"disk_write_sec":1219399,"disk_iops_sec":28,"io_wait":0,"open_files":0,"os_bytes_in_sec":961,"os_bytes_out_sec":295,"total_procs":496},"count":1}},"date":1636719600,"epoch_div":27278660},{"groups":{"main":{"totals":{"load_avg":2.64208984375,"cpu_usage":100,"mem_used":8408645632,"mem_free":6125162496,"tcp_conns":21,"disk_usage_root":6.12,"disk_read_sec":1388,"disk_write_sec":66924,"disk_iops_sec":12,"io_wait":0,"open_files":0,"os_bytes_in_sec":1297,"os_bytes_out_sec":2387,"total_procs":494},"count":1}},"date":1636719660,"epoch_div":27278661},{"groups":{"main":{"totals":{"load_avg":1.978515625,"cpu_usage":100,"mem_used":8406331392,"mem_free":6134120448,"tcp_conns":21,"disk_usage_root":6.12,"disk_read_sec":0,"disk_write_sec":54926,"disk_iops_sec":9,"io_wait":0,"open_files":0,"os_bytes_in_sec":88,"os_bytes_out_sec":111,"total_procs":493},"count":1}},"date":1636719720,"epoch_div":27278662},{"groups":{"main":{"totals":{"load_avg":1.58837890625,"cpu_usage":100,"mem_used":8408453120,"mem_free":6137663488,"tcp_conns":21,"disk_usage_root":6.12,"disk_read_sec":1110,"disk_write_sec":62967,"disk_iops_sec":11,"io_wait":0,"open_files":0,"os_bytes_in_sec":128,"os_bytes_out_sec":98,"total_procs":494},"count":1}},"date":1636719780,"epoch_div":27278663},{"groups":{"main":{"totals":{"load_avg":1.8203125,"cpu_usage":100,"mem_used":8407056384,"mem_free":6139150336,"tcp_conns":20,"disk_usage_root":6.12,"disk_read_sec":0,"disk_write_sec":57207,"disk_iops_sec":10,"io_wait":0,"open_files":0,"os_bytes_in_sec":249,"os_bytes_out_sec":120,"total_procs":493},"count":1}},"date":1636719840,"epoch_div":27278664},{"groups":{"main":{"totals":{"load_avg":1.48974609375,"cpu_usage":100,"mem_used":8412254208,"mem_free":6154059776,"tcp_conns":21,"disk_usage_root":6.12,"disk_read_sec":19729,"disk_write_sec":77960,"disk_iops_sec":12,"io_wait":0,"open_files":0,"os_bytes_in_sec":229,"os_bytes_out_sec":149,"total_procs":494},"count":1}},"date":1636719900,"epoch_div":27278665},{"groups":{"main":{"totals":{"load_avg":1.9462890625,"cpu_usage":100,"mem_used":8472080384,"mem_free":6084476928,"tcp_conns":21,"disk_usage_root":6.12,"disk_read_sec":241595,"disk_write_sec":55569,"disk_iops_sec":28,"io_wait":0,"open_files":0,"os_bytes_in_sec":120,"os_bytes_out_sec":121,"total_procs":493},"count":1}},"date":1636719960,"epoch_div":27278666},{"groups":{"main":{"totals":{"load_avg":1.8916015625,"cpu_usage":100,"mem_used":8415485952,"mem_free":6127153152,"tcp_conns":21,"disk_usage_root":6.12,"disk_read_sec":1365,"disk_write_sec":58026,"disk_iops_sec":10,"io_wait":0,"open_files":0,"os_bytes_in_sec":101,"os_bytes_out_sec":78,"total_procs":494},"count":1}},"date":1636720020,"epoch_div":27278667}]}