{"type":"list_page","items":[{"date":1637192760,"epoch_div":13643273,"totals":{"load_avg":11.439453125,"cpu_usage":200,"mem_used":16990810112,"mem_free":13209751552,"tcp_conns":109,"disk_usage_root":12.24,"disk_read_sec":4809268,"disk_write_sec":2013357,"disk_iops_sec":295,"io_wait":0,"open_files":0,"os_bytes_in_sec":270963,"os_bytes_out_sec":14140,"total_procs":816},"count":2,"alerts":{"load_avg_high":true}},{"date":1637192880,"epoch_div":13643274,"totals":{"load_avg":9.20947265625,"cpu_usage":200,"mem_used":17137102848,"mem_free":13411995648,"tcp_conns":121,"disk_usage_root":12.24,"disk_read_sec":861457,"disk_write_sec":2117836,"disk_iops_sec":166,"io_wait":0,"open_files":0,"os_bytes_in_sec":290941,"os_bytes_out_sec":6448,"total_procs":819},"count":2},{"date":1637193000,"epoch_div":13643275,"totals":{"load_avg":6.3720703125,"cpu_usage":200,"mem_used":17131802624,"mem_free":13359915008,"tcp_conns":117,"disk_usage_root":12.24,"disk_read_sec":611396,"disk_write_sec":889718,"disk_iops_sec":55,"io_wait":0,"open_files":0,"os_bytes_in_sec":50521,"os_bytes_out_sec":2096,"total_procs":815},"count":2},{"date":1637193120,"epoch_div":13643276,"totals":{"load_avg":6.27001953125,"cpu_usage":200,"mem_used":16959143936,"mem_free":13305597952,"tcp_conns":111,"disk_usage_root":12.24,"disk_read_sec":294092,"disk_write_sec":887329,"disk_iops_sec":65,"io_wait":0,"open_files":0,"os_bytes_in_sec":74631,"os_bytes_out_sec":2032,"total_procs":816},"count":2},{"date":1637193240,"epoch_div":13643277,"totals":{"load_avg":5.76025390625,"cpu_usage":200,"mem_used":17024024576,"mem_free":13227061248,"tcp_conns":92,"disk_usage_root":12.24,"disk_read_sec":2043903,"disk_write_sec":3141358,"disk_iops_sec":196,"io_wait":0,"open_files":0,"os_bytes_in_sec":204365,"os_bytes_out_sec":4865,"total_procs":818},"count":2},{"date":1637193360,"epoch_div":13643278,"totals":{"load_avg":4.5927734375,"cpu_usage":200,"mem_used":17094119424,"mem_free":13228904448,"tcp_conns":91,"disk_usage_root":12.24,"disk_read_sec":314272,"disk_write_sec":2817672,"disk_iops_sec":81,"io_wait":0,"open_files":0,"os_bytes_in_sec":111108,"os_bytes_out_sec":2635,"total_procs":818},"count":2},{"date":1637193480,"epoch_div":13643279,"totals":{"load_avg":5.7158203125,"cpu_usage":200,"mem_used":17127178240,"mem_free":13280256000,"tcp_conns":92,"disk_usage_root":12.24,"disk_read_sec":569432,"disk_write_sec":1447631,"disk_iops_sec":151,"io_wait":0,"open_files":0,"os_bytes_in_sec":171482,"os_bytes_out_sec":3982,"total_procs":817},"count":2},{"date":1637193600,"epoch_div":13643280,"totals":{"load_avg":6.791015625,"cpu_usage":200,"mem_used":17121206272,"mem_free":13304164352,"tcp_conns":90,"disk_usage_root":12.24,"disk_read_sec":182476,"disk_write_sec":990207,"disk_iops_sec":105,"io_wait":0,"open_files":0,"os_bytes_in_sec":242647,"os_bytes_out_sec":4888,"total_procs":817},"count":2},{"date":1637193720,"epoch_div":13643281,"totals":{"load_avg":6.6904296875,"cpu_usage":200,"mem_used":17072463872,"mem_free":13344051200,"tcp_conns":88,"disk_usage_root":12.24,"disk_read_sec":286237,"disk_write_sec":405979,"disk_iops_sec":64,"io_wait":0,"open_files":0,"os_bytes_in_sec":189115,"os_bytes_out_sec":3995,"total_procs":814},"count":2},{"date":1637193840,"epoch_div":13643282,"totals":{"load_avg":5.46875,"cpu_usage":200,"mem_used":17108684800,"mem_free":13327200256,"tcp_conns":90,"disk_usage_root":12.24,"disk_read_sec":167935,"disk_write_sec":1437763,"disk_iops_sec":107,"io_wait":0,"open_files":0,"os_bytes_in_sec":102925,"os_bytes_out_sec":2384,"total_procs":816},"count":2},{"date":1637193960,"epoch_div":13643283,"totals":{"load_avg":5.54052734375,"cpu_usage":200,"mem_used":17127251968,"mem_free":13327134720,"tcp_conns":89,"disk_usage_root":12.24,"disk_read_sec":103792,"disk_write_sec":361490,"disk_iops_sec":45,"io_wait":0,"open_files":0,"os_bytes_in_sec":125319,"os_bytes_out_sec":3073,"total_procs":815},"count":2},{"date":1637194080,"epoch_div":13643284,"totals":{"load_avg":6.59228515625,"cpu_usage":200,"mem_used":17085829120,"mem_free":13310746624,"tcp_conns":89,"disk_usage_root":12.24,"disk_read_sec":569002,"disk_write_sec":1125375,"disk_iops_sec":75,"io_wait":0,"open_files":0,"os_bytes_in_sec":144964,"os_bytes_out_sec":3069,"total_procs":814},"count":2},{"date":1637194200,"epoch_div":13643285,"totals":{"load_avg":7.615234375,"cpu_usage":200,"mem_used":17137057792,"mem_free":13319163904,"tcp_conns":88,"disk_usage_root":12.24,"disk_read_sec":231749,"disk_write_sec":692429,"disk_iops_sec":111,"io_wait":0,"open_files":0,"os_bytes_in_sec":217788,"os_bytes_out_sec":4709,"total_procs":814},"count":2},{"date":1637194320,"epoch_div":13643286,"totals":{"load_avg":8.16259765625,"cpu_usage":200,"mem_used":17121427456,"mem_free":13350981632,"tcp_conns":86,"disk_usage_root":12.24,"disk_read_sec":497526,"disk_write_sec":655973,"disk_iops_sec":126,"io_wait":0,"open_files":0,"os_bytes_in_sec":188830,"os_bytes_out_sec":4020,"total_procs":816},"count":2},{"date":1637194440,"epoch_div":13643287,"totals":{"load_avg":6.1650390625,"cpu_usage":200,"mem_used":17135386624,"mem_free":13353828352,"tcp_conns":88,"disk_usage_root":12.24,"disk_read_sec":261187,"disk_write_sec":1929625,"disk_iops_sec":116,"io_wait":0,"open_files":0,"os_bytes_in_sec":247043,"os_bytes_out_sec":4633,"total_procs":817},"count":2},{"date":1637194560,"epoch_div":13643288,"totals":{"load_avg":6.09619140625,"cpu_usage":200,"mem_used":17120387072,"mem_free":13375180800,"tcp_conns":88,"disk_usage_root":12.24,"disk_read_sec":307145,"disk_write_sec":1085374,"disk_iops_sec":68,"io_wait":0,"open_files":0,"os_bytes_in_sec":185932,"os_bytes_out_sec":3954,"total_procs":817},"count":2},{"date":1637194680,"epoch_div":13643289,"totals":{"load_avg":7.32470703125,"cpu_usage":200,"mem_used":17099239424,"mem_free":13366124544,"tcp_conns":89,"disk_usage_root":12.24,"disk_read_sec":145530,"disk_write_sec":1640479,"disk_iops_sec":70,"io_wait":0,"open_files":0,"os_bytes_in_sec":158057,"os_bytes_out_sec":3728,"total_procs":820},"count":2},{"date":1637194800,"epoch_div":13643290,"totals":{"load_avg":4.66259765625,"cpu_usage":200,"mem_used":17122611200,"mem_free":13362020352,"tcp_conns":88,"disk_usage_root":12.24,"disk_read_sec":41984,"disk_write_sec":423775,"disk_iops_sec":47,"io_wait":0,"open_files":0,"os_bytes_in_sec":176856,"os_bytes_out_sec":3562,"total_procs":815},"count":2},{"date":1637194920,"epoch_div":13643291,"totals":{"load_avg":4.494140625,"cpu_usage":200,"mem_used":17095761920,"mem_free":13395300352,"tcp_conns":86,"disk_usage_root":12.24,"disk_read_sec":324686,"disk_write_sec":413340,"disk_iops_sec":67,"io_wait":0,"open_files":0,"os_bytes_in_sec":170788,"os_bytes_out_sec":3733,"total_procs":814},"count":2},{"date":1637195040,"epoch_div":13643292,"totals":{"load_avg":5.1904296875,"cpu_usage":200,"mem_used":17139224576,"mem_free":13388558336,"tcp_conns":86,"disk_usage_root":12.24,"disk_read_sec":182275,"disk_write_sec":368053,"disk_iops_sec":50,"io_wait":0,"open_files":0,"os_bytes_in_sec":133964,"os_bytes_out_sec":3275,"total_procs":814},"count":2},{"date":1637195160,"epoch_div":13643293,"totals":{"load_avg":6.15576171875,"cpu_usage":200,"mem_used":17100951552,"mem_free":13406720000,"tcp_conns":87,"disk_usage_root":12.24,"disk_read_sec":161381,"disk_write_sec":430625,"disk_iops_sec":56,"io_wait":0,"open_files":0,"os_bytes_in_sec":180042,"os_bytes_out_sec":3906,"total_procs":814},"count":2},{"date":1637195280,"epoch_div":13643294,"totals":{"load_avg":6.0068359375,"cpu_usage":200,"mem_used":17053642752,"mem_free":13309812736,"tcp_conns":83,"disk_usage_root":12.24,"disk_read_sec":458699,"disk_write_sec":6339655,"disk_iops_sec":94,"io_wait":0,"open_files":0,"os_bytes_in_sec":47141,"os_bytes_out_sec":1526,"total_procs":817},"count":2},{"date":1637195400,"epoch_div":13643295,"totals":{"load_avg":6.1650390625,"cpu_usage":200,"mem_used":16671371264,"mem_free":13129744384,"tcp_conns":90,"disk_usage_root":12.24,"disk_read_sec":2278740,"disk_write_sec":6043101,"disk_iops_sec":146,"io_wait":0,"open_files":0,"os_bytes_in_sec":0,"os_bytes_out_sec":0,"total_procs":827},"count":2},{"date":1637195520,"epoch_div":13643296,"totals":{"load_avg":4.640625,"cpu_usage":200,"mem_used":16806592512,"mem_free":13049004032,"tcp_conns":94,"disk_usage_root":12.24,"disk_read_sec":690312,"disk_write_sec":4568950,"disk_iops_sec":138,"io_wait":0,"open_files":0,"os_bytes_in_sec":254,"os_bytes_out_sec":383,"total_procs":822},"count":2},{"date":1637195640,"epoch_div":13643297,"totals":{"load_avg":5.521484375,"cpu_usage":200,"mem_used":16822292480,"mem_free":13040513024,"tcp_conns":94,"disk_usage_root":12.24,"disk_read_sec":1884501,"disk_write_sec":2694826,"disk_iops_sec":115,"io_wait":0,"open_files":0,"os_bytes_in_sec":1085,"os_bytes_out_sec":1374,"total_procs":819},"count":2},{"date":1637195760,"epoch_div":13643298,"totals":{"load_avg":5.8828125,"cpu_usage":200,"mem_used":16834572288,"mem_free":13026680832,"tcp_conns":89,"disk_usage_root":12.24,"disk_read_sec":152234,"disk_write_sec":6571280,"disk_iops_sec":85,"io_wait":0,"open_files":0,"os_bytes_in_sec":445,"os_bytes_out_sec":594,"total_procs":818},"count":2},{"date":1637195880,"epoch_div":13643299,"totals":{"load_avg":3.05712890625,"cpu_usage":100,"mem_used":8503320576,"mem_free":6402973696,"tcp_conns":45,"disk_usage_root":6.12,"disk_read_sec":406528,"disk_write_sec":4234171,"disk_iops_sec":59,"io_wait":0,"open_files":0,"os_bytes_in_sec":2722,"os_bytes_out_sec":3684,"total_procs":411},"count":1},{"date":1637196600,"epoch_div":13643305,"totals":{"load_avg":3.3330078125,"cpu_usage":100,"mem_used":8557658112,"mem_free":6354001920,"tcp_conns":42,"disk_usage_root":6.12,"disk_read_sec":56003,"disk_write_sec":610186,"disk_iops_sec":4,"io_wait":0,"open_files":0,"os_bytes_in_sec":61,"os_bytes_out_sec":121,"total_procs":411},"count":1},{"date":1637196720,"epoch_div":13643306,"totals":{"load_avg":2.97412109375,"cpu_usage":100,"mem_used":8430886912,"mem_free":6254284800,"tcp_conns":55,"disk_usage_root":6.12,"disk_read_sec":54435840,"disk_write_sec":54766933,"disk_iops_sec":2086,"io_wait":0,"open_files":0,"os_bytes_in_sec":89024,"os_bytes_out_sec":34556,"total_procs":416},"count":1},{"date":1637197800,"epoch_div":13643315,"totals":{"load_avg":1.97021484375,"cpu_usage":100,"mem_used":8531120128,"mem_free":6279221248,"tcp_conns":48,"disk_usage_root":6.12,"disk_read_sec":274154,"disk_write_sec":155344,"disk_iops_sec":6,"io_wait":0,"open_files":0,"os_bytes_in_sec":161,"os_bytes_out_sec":132,"total_procs":416},"count":1},{"date":1637199120,"epoch_div":13643326,"totals":{"load_avg":2.6025390625,"cpu_usage":100,"mem_used":8545316864,"mem_free":6280097792,"tcp_conns":52,"disk_usage_root":6.12,"disk_read_sec":145295,"disk_write_sec":145315,"disk_iops_sec":4,"io_wait":0,"open_files":0,"os_bytes_in_sec":371,"os_bytes_out_sec":263,"total_procs":416},"count":1},{"date":1637199240,"epoch_div":13643327,"totals":{"load_avg":2.9033203125,"cpu_usage":100,"mem_used":8570105856,"mem_free":6280273920,"tcp_conns":49,"disk_usage_root":6.12,"disk_read_sec":701056,"disk_write_sec":482688,"disk_iops_sec":68,"io_wait":0,"open_files":0,"os_bytes_in_sec":2389,"os_bytes_out_sec":5472,"total_procs":416},"count":1},{"date":1637202360,"epoch_div":13643353,"totals":{"load_avg":2.49853515625,"cpu_usage":100,"mem_used":8563118080,"mem_free":6304002048,"tcp_conns":50,"disk_usage_root":6.12,"disk_read_sec":49992,"disk_write_sec":41271,"disk_iops_sec":1,"io_wait":0,"open_files":0,"os_bytes_in_sec":149,"os_bytes_out_sec":98,"total_procs":416},"count":1},{"date":1637202480,"epoch_div":13643354,"totals":{"load_avg":2.759765625,"cpu_usage":100,"mem_used":8569384960,"mem_free":6306971648,"tcp_conns":49,"disk_usage_root":6.12,"disk_read_sec":4332855,"disk_write_sec":3751936,"disk_iops_sec":126,"io_wait":0,"open_files":0,"os_bytes_in_sec":1404,"os_bytes_out_sec":6946,"total_procs":415},"count":1},{"date":1637205600,"epoch_div":13643380,"totals":{"load_avg":2.484375,"cpu_usage":100,"mem_used":8522424320,"mem_free":6309318656,"tcp_conns":55,"disk_usage_root":6.12,"disk_read_sec":31593,"disk_write_sec":8390,"disk_iops_sec":1,"io_wait":0,"open_files":0,"os_bytes_in_sec":185,"os_bytes_out_sec":111,"total_procs":418},"count":1},{"date":1637205720,"epoch_div":13643381,"totals":{"load_avg":2.3359375,"cpu_usage":100,"mem_used":8521383936,"mem_free":6309421056,"tcp_conns":51,"disk_usage_root":6.12,"disk_read_sec":487739,"disk_write_sec":330515,"disk_iops_sec":69,"io_wait":0,"open_files":0,"os_bytes_in_sec":91,"os_bytes_out_sec":1382,"total_procs":418},"count":1},{"date":1637207520,"epoch_div":13643396,"totals":{"load_avg":5.84521484375,"cpu_usage":200,"mem_used":16882413568,"mem_free":13314793472,"tcp_conns":113,"disk_usage_root":12.24,"disk_read_sec":8593644,"disk_write_sec":1082734,"disk_iops_sec":301,"io_wait":0,"open_files":0,"os_bytes_in_sec":11310,"os_bytes_out_sec":11613,"total_procs":842},"count":2},{"date":1637207640,"epoch_div":13643397,"totals":{"load_avg":5.6357421875,"cpu_usage":200,"mem_used":17138663424,"mem_free":13392969728,"tcp_conns":116,"disk_usage_root":12.24,"disk_read_sec":6843527,"disk_write_sec":1742505,"disk_iops_sec":228,"io_wait":0,"open_files":0,"os_bytes_in_sec":28525,"os_bytes_out_sec":17459,"total_procs":843},"count":2},{"date":1637207760,"epoch_div":13643398,"totals":{"load_avg":5.63134765625,"cpu_usage":200,"mem_used":17009356800,"mem_free":13761806336,"tcp_conns":120,"disk_usage_root":12.24,"disk_read_sec":13677021,"disk_write_sec":9667378,"disk_iops_sec":223,"io_wait":0,"open_files":0,"os_bytes_in_sec":5791,"os_bytes_out_sec":4921,"total_procs":842},"count":2},{"date":1637207880,"epoch_div":13643399,"totals":{"load_avg":6.31884765625,"cpu_usage":200,"mem_used":17085784064,"mem_free":13698334720,"tcp_conns":112,"disk_usage_root":12.24,"disk_read_sec":3397168,"disk_write_sec":412904,"disk_iops_sec":122,"io_wait":0,"open_files":0,"os_bytes_in_sec":5388,"os_bytes_out_sec":3478,"total_procs":845},"count":2},{"date":1637208000,"epoch_div":13643400,"totals":{"load_avg":5.5361328125,"cpu_usage":200,"mem_used":17030438912,"mem_free":14019805184,"tcp_conns":105,"disk_usage_root":12.24,"disk_read_sec":1421175,"disk_write_sec":340991,"disk_iops_sec":107,"io_wait":0,"open_files":0,"os_bytes_in_sec":11804,"os_bytes_out_sec":3259,"total_procs":840},"count":2},{"date":1637208120,"epoch_div":13643401,"totals":{"load_avg":5.62890625,"cpu_usage":200,"mem_used":16201822208,"mem_free":14069104640,"tcp_conns":103,"disk_usage_root":12.24,"disk_read_sec":6307156,"disk_write_sec":10052129,"disk_iops_sec":212,"io_wait":0,"open_files":0,"os_bytes_in_sec":65599,"os_bytes_out_sec":4186,"total_procs":707},"count":2},{"date":1637208240,"epoch_div":13643402,"totals":{"load_avg":5.87939453125,"cpu_usage":200,"mem_used":16940072960,"mem_free":13651841024,"tcp_conns":102,"disk_usage_root":12.24,"disk_read_sec":2229862,"disk_write_sec":750932,"disk_iops_sec":108,"io_wait":0,"open_files":0,"os_bytes_in_sec":30694,"os_bytes_out_sec":3303,"total_procs":693},"count":2},{"date":1637208360,"epoch_div":13643403,"totals":{"load_avg":5.7568359375,"cpu_usage":200,"mem_used":17098067968,"mem_free":13703798784,"tcp_conns":99,"disk_usage_root":12.24,"disk_read_sec":838028,"disk_write_sec":335202,"disk_iops_sec":76,"io_wait":0,"open_files":0,"os_bytes_in_sec":19783,"os_bytes_out_sec":2646,"total_procs":691},"count":2},{"date":1637208480,"epoch_div":13643404,"totals":{"load_avg":4.5517578125,"cpu_usage":200,"mem_used":17045196800,"mem_free":13813084160,"tcp_conns":102,"disk_usage_root":12.24,"disk_read_sec":4988381,"disk_write_sec":550501,"disk_iops_sec":244,"io_wait":0,"open_files":0,"os_bytes_in_sec":104990,"os_bytes_out_sec":6866,"total_procs":710},"count":2},{"date":1637208600,"epoch_div":13643405,"totals":{"load_avg":4.64599609375,"cpu_usage":200,"mem_used":16798552064,"mem_free":13926457344,"tcp_conns":99,"disk_usage_root":12.24,"disk_read_sec":4140814,"disk_write_sec":5258207,"disk_iops_sec":188,"io_wait":0,"open_files":0,"os_bytes_in_sec":4158,"os_bytes_out_sec":2671,"total_procs":704},"count":2},{"date":1637208720,"epoch_div":13643406,"totals":{"load_avg":5.2705078125,"cpu_usage":200,"mem_used":16892301312,"mem_free":13965701120,"tcp_conns":101,"disk_usage_root":12.24,"disk_read_sec":3803818,"disk_write_sec":1786879,"disk_iops_sec":169,"io_wait":0,"open_files":0,"os_bytes_in_sec":45748,"os_bytes_out_sec":6780,"total_procs":704},"count":2},{"date":1637208840,"epoch_div":13643407,"totals":{"load_avg":4.1376953125,"cpu_usage":200,"mem_used":17080356864,"mem_free":13472391168,"tcp_conns":94,"disk_usage_root":12.24,"disk_read_sec":1816214,"disk_write_sec":2477258,"disk_iops_sec":116,"io_wait":0,"open_files":0,"os_bytes_in_sec":1194,"os_bytes_out_sec":1486,"total_procs":700},"count":2},{"date":1637208960,"epoch_div":13643408,"totals":{"load_avg":5.03564453125,"cpu_usage":200,"mem_used":17099153408,"mem_free":13566267392,"tcp_conns":95,"disk_usage_root":12.24,"disk_read_sec":2311824,"disk_write_sec":2462632,"disk_iops_sec":249,"io_wait":0,"open_files":0,"os_bytes_in_sec":13258,"os_bytes_out_sec":11669,"total_procs":715},"count":2},{"date":1637209080,"epoch_div":13643409,"totals":{"load_avg":4.3662109375,"cpu_usage":200,"mem_used":16823349248,"mem_free":13429436416,"tcp_conns":97,"disk_usage_root":12.24,"disk_read_sec":2770260,"disk_write_sec":3910451,"disk_iops_sec":290,"io_wait":0,"open_files":0,"os_bytes_in_sec":13180,"os_bytes_out_sec":11585,"total_procs":725},"count":2},{"date":1637209200,"epoch_div":13643410,"totals":{"load_avg":3.87255859375,"cpu_usage":200,"mem_used":17000738816,"mem_free":13437493248,"tcp_conns":95,"disk_usage_root":12.24,"disk_read_sec":582586,"disk_write_sec":483532,"disk_iops_sec":112,"io_wait":0,"open_files":0,"os_bytes_in_sec":7177,"os_bytes_out_sec":8140,"total_procs":720},"count":2},{"date":1637209320,"epoch_div":13643411,"totals":{"load_avg":5.318359375,"cpu_usage":200,"mem_used":17011990528,"mem_free":13199052800,"tcp_conns":98,"disk_usage_root":12.24,"disk_read_sec":3340970,"disk_write_sec":2493848,"disk_iops_sec":227,"io_wait":0,"open_files":0,"os_bytes_in_sec":8933,"os_bytes_out_sec":10546,"total_procs":728},"count":2},{"date":1637209440,"epoch_div":13643412,"totals":{"load_avg":5.11279296875,"cpu_usage":200,"mem_used":17016045568,"mem_free":13389361152,"tcp_conns":92,"disk_usage_root":12.24,"disk_read_sec":350617,"disk_write_sec":856473,"disk_iops_sec":64,"io_wait":0,"open_files":0,"os_bytes_in_sec":5731,"os_bytes_out_sec":8720,"total_procs":726},"count":2},{"date":1637209560,"epoch_div":13643413,"totals":{"load_avg":4.234375,"cpu_usage":200,"mem_used":16886304768,"mem_free":13263065088,"tcp_conns":92,"disk_usage_root":12.24,"disk_read_sec":2174088,"disk_write_sec":3394286,"disk_iops_sec":190,"io_wait":0,"open_files":0,"os_bytes_in_sec":10483,"os_bytes_out_sec":10770,"total_procs":733},"count":2},{"date":1637209680,"epoch_div":13643414,"totals":{"load_avg":4.86767578125,"cpu_usage":200,"mem_used":17063682048,"mem_free":13220401152,"tcp_conns":94,"disk_usage_root":12.24,"disk_read_sec":1846016,"disk_write_sec":561431,"disk_iops_sec":178,"io_wait":0,"open_files":0,"os_bytes_in_sec":19540,"os_bytes_out_sec":6588,"total_procs":738},"count":2},{"date":1637209800,"epoch_div":13643415,"totals":{"load_avg":6.21728515625,"cpu_usage":200,"mem_used":17047351296,"mem_free":13057581056,"tcp_conns":95,"disk_usage_root":12.24,"disk_read_sec":1581981,"disk_write_sec":1721015,"disk_iops_sec":128,"io_wait":0,"open_files":0,"os_bytes_in_sec":44687,"os_bytes_out_sec":4912,"total_procs":753},"count":2},{"date":1637209920,"epoch_div":13643416,"totals":{"load_avg":4.876953125,"cpu_usage":200,"mem_used":16886882304,"mem_free":13106548736,"tcp_conns":90,"disk_usage_root":12.24,"disk_read_sec":1775888,"disk_write_sec":213811,"disk_iops_sec":92,"io_wait":0,"open_files":0,"os_bytes_in_sec":1869,"os_bytes_out_sec":1409,"total_procs":753},"count":2},{"date":1637210040,"epoch_div":13643417,"totals":{"load_avg":4.05712890625,"cpu_usage":200,"mem_used":17055846400,"mem_free":13148356608,"tcp_conns":91,"disk_usage_root":12.24,"disk_read_sec":635747,"disk_write_sec":492856,"disk_iops_sec":100,"io_wait":0,"open_files":0,"os_bytes_in_sec":4849,"os_bytes_out_sec":5505,"total_procs":754},"count":2},{"date":1637210160,"epoch_div":13643418,"totals":{"load_avg":4.48583984375,"cpu_usage":200,"mem_used":17048170496,"mem_free":13342064640,"tcp_conns":90,"disk_usage_root":12.24,"disk_read_sec":196868,"disk_write_sec":249298,"disk_iops_sec":45,"io_wait":0,"open_files":0,"os_bytes_in_sec":3289,"os_bytes_out_sec":5664,"total_procs":752},"count":2},{"date":1637210280,"epoch_div":13643419,"totals":{"load_avg":4.25537109375,"cpu_usage":200,"mem_used":17115832320,"mem_free":13226934272,"tcp_conns":92,"disk_usage_root":12.24,"disk_read_sec":316619,"disk_write_sec":1304643,"disk_iops_sec":88,"io_wait":0,"open_files":0,"os_bytes_in_sec":6545,"os_bytes_out_sec":9981,"total_procs":752},"count":2},{"date":1637210400,"epoch_div":13643420,"totals":{"load_avg":4.81689453125,"cpu_usage":200,"mem_used":17060425728,"mem_free":13278863360,"tcp_conns":92,"disk_usage_root":12.24,"disk_read_sec":516396,"disk_write_sec":1255742,"disk_iops_sec":122,"io_wait":0,"open_files":0,"os_bytes_in_sec":6525,"os_bytes_out_sec":6202,"total_procs":753},"count":2},{"date":1637210520,"epoch_div":13643421,"totals":{"load_avg":4.48583984375,"cpu_usage":200,"mem_used":17097306112,"mem_free":13211213824,"tcp_conns":90,"disk_usage_root":12.24,"disk_read_sec":179694,"disk_write_sec":154838,"disk_iops_sec":29,"io_wait":0,"open_files":0,"os_bytes_in_sec":773,"os_bytes_out_sec":851,"total_procs":747},"count":2},{"date":1637210640,"epoch_div":13643422,"totals":{"load_avg":5.2587890625,"cpu_usage":200,"mem_used":17131704320,"mem_free":13091954688,"tcp_conns":91,"disk_usage_root":12.24,"disk_read_sec":3490746,"disk_write_sec":204322,"disk_iops_sec":492,"io_wait":0,"open_files":0,"os_bytes_in_sec":950,"os_bytes_out_sec":968,"total_procs":752},"count":2},{"date":1637210760,"epoch_div":13643423,"totals":{"load_avg":4.65234375,"cpu_usage":200,"mem_used":17137315840,"mem_free":13303754752,"tcp_conns":89,"disk_usage_root":12.24,"disk_read_sec":126565,"disk_write_sec":155852,"disk_iops_sec":32,"io_wait":0,"open_files":0,"os_bytes_in_sec":507,"os_bytes_out_sec":749,"total_procs":756},"count":2},{"date":1637210880,"epoch_div":13643424,"totals":{"load_avg":5.27587890625,"cpu_usage":200,"mem_used":17124892672,"mem_free":13150912512,"tcp_conns":90,"disk_usage_root":12.24,"disk_read_sec":270063,"disk_write_sec":160813,"disk_iops_sec":38,"io_wait":0,"open_files":0,"os_bytes_in_sec":648,"os_bytes_out_sec":828,"total_procs":755},"count":2},{"date":1637211000,"epoch_div":13643425,"totals":{"load_avg":5.666015625,"cpu_usage":200,"mem_used":17008418816,"mem_free":13192986624,"tcp_conns":91,"disk_usage_root":12.24,"disk_read_sec":365499,"disk_write_sec":1364854,"disk_iops_sec":67,"io_wait":0,"open_files":0,"os_bytes_in_sec":2749,"os_bytes_out_sec":3955,"total_procs":756},"count":2},{"date":1637211120,"epoch_div":13643426,"totals":{"load_avg":5.21630859375,"cpu_usage":200,"mem_used":17045557248,"mem_free":13192089600,"tcp_conns":92,"disk_usage_root":12.24,"disk_read_sec":180155,"disk_write_sec":602588,"disk_iops_sec":62,"io_wait":0,"open_files":0,"os_bytes_in_sec":3557,"os_bytes_out_sec":3226,"total_procs":755},"count":2},{"date":1637211240,"epoch_div":13643427,"totals":{"load_avg":4.9462890625,"cpu_usage":200,"mem_used":17062830080,"mem_free":13131010048,"tcp_conns":92,"disk_usage_root":12.24,"disk_read_sec":1062613,"disk_write_sec":1875742,"disk_iops_sec":105,"io_wait":0,"open_files":0,"os_bytes_in_sec":7015,"os_bytes_out_sec":8589,"total_procs":758},"count":2},{"date":1637211360,"epoch_div":13643428,"totals":{"load_avg":5.2919921875,"cpu_usage":200,"mem_used":17115320320,"mem_free":13222490112,"tcp_conns":109,"disk_usage_root":12.24,"disk_read_sec":11602602,"disk_write_sec":9654134,"disk_iops_sec":401,"io_wait":0,"open_files":0,"os_bytes_in_sec":9202,"os_bytes_out_sec":11410,"total_procs":778},"count":2},{"date":1637211480,"epoch_div":13643429,"totals":{"load_avg":5.15283203125,"cpu_usage":200,"mem_used":17140486144,"mem_free":13125189632,"tcp_conns":109,"disk_usage_root":12.24,"disk_read_sec":3247239,"disk_write_sec":4044185,"disk_iops_sec":136,"io_wait":0,"open_files":0,"os_bytes_in_sec":20596,"os_bytes_out_sec":6276,"total_procs":800},"count":2}]}