{"type":"list_page","items":[{"date":1637848260,"epoch_div":27297471,"totals":{"load_avg":5.19873046875,"cpu_usage":100,"mem_used":8554057728,"mem_free":6227902464,"tcp_conns":100,"disk_usage_root":6.12,"disk_read_sec":45727,"disk_write_sec":30696,"disk_iops_sec":3,"io_wait":0,"open_files":0,"os_bytes_in_sec":212,"os_bytes_out_sec":175,"total_procs":470},"count":1},{"date":1637848320,"epoch_div":27297472,"totals":{"load_avg":3.53759765625,"cpu_usage":100,"mem_used":8532398080,"mem_free":6244003840,"tcp_conns":97,"disk_usage_root":6.12,"disk_read_sec":1128686,"disk_write_sec":542100,"disk_iops_sec":69,"io_wait":0,"open_files":0,"os_bytes_in_sec":4768,"os_bytes_out_sec":9643,"total_procs":468},"count":1}]}