{"type":"list_page","items":[{"date":1636676880,"epoch_div":27277948,"totals":{"load_avg":1.78955078125,"cpu_usage":100,"mem_used":8542691328,"mem_free":6225367040,"tcp_conns":28,"disk_usage_root":6.12,"disk_read_sec":7825,"disk_write_sec":7113,"disk_iops_sec":1,"io_wait":0,"open_files":0,"os_bytes_in_sec":339,"os_bytes_out_sec":97,"total_procs":493},"count":1},{"date":1636678380,"epoch_div":27277973,"totals":{"load_avg":2.8955078125,"cpu_usage":100,"mem_used":8421961728,"mem_free":6217584640,"tcp_conns":19,"disk_usage_root":6.12,"disk_read_sec":67630,"disk_write_sec":61930,"disk_iops_sec":4,"io_wait":0,"open_files":0,"os_bytes_in_sec":510,"os_bytes_out_sec":198,"total_procs":495},"count":1},{"date":1636678440,"epoch_div":27277974,"totals":{"load_avg":2.3505859375,"cpu_usage":100,"mem_used":8489652224,"mem_free":6151770112,"tcp_conns":22,"disk_usage_root":6.12,"disk_read_sec":343974,"disk_write_sec":179956,"disk_iops_sec":53,"io_wait":0,"open_files":0,"os_bytes_in_sec":2550,"os_bytes_out_sec":4774,"total_procs":494},"count":1}]}