{"type":"list_page","items":[{"date":1637020080,"epoch_div":13641834,"totals":{"load_avg":6.21875,"cpu_usage":200,"mem_used":17109458944,"mem_free":13462827008,"tcp_conns":76,"disk_usage_root":12.24,"disk_read_sec":322627,"disk_write_sec":447965,"disk_iops_sec":91,"io_wait":0,"open_files":0,"os_bytes_in_sec":6599,"os_bytes_out_sec":79608,"total_procs":998},"count":2},{"date":1637020200,"epoch_div":13641835,"totals":{"load_avg":5.24853515625,"cpu_usage":200,"mem_used":17086164992,"mem_free":13271752704,"tcp_conns":76,"disk_usage_root":12.24,"disk_read_sec":340240,"disk_write_sec":310407,"disk_iops_sec":59,"io_wait":0,"open_files":0,"os_bytes_in_sec":1549,"os_bytes_out_sec":5293,"total_procs":993},"count":2},{"date":1637020320,"epoch_div":13641836,"totals":{"load_avg":4.62646484375,"cpu_usage":200,"mem_used":16983597056,"mem_free":13571387392,"tcp_conns":83,"disk_usage_root":12.24,"disk_read_sec":287538,"disk_write_sec":2604304,"disk_iops_sec":132,"io_wait":0,"open_files":0,"os_bytes_in_sec":7007,"os_bytes_out_sec":49644,"total_procs":997},"count":2},{"date":1637020440,"epoch_div":13641837,"totals":{"load_avg":4.681640625,"cpu_usage":200,"mem_used":17048621056,"mem_free":13717991424,"tcp_conns":84,"disk_usage_root":12.24,"disk_read_sec":382634,"disk_write_sec":2044381,"disk_iops_sec":95,"io_wait":0,"open_files":0,"os_bytes_in_sec":4309,"os_bytes_out_sec":16270,"total_procs":993},"count":2},{"date":1637020560,"epoch_div":13641838,"totals":{"load_avg":4.3125,"cpu_usage":200,"mem_used":16959524864,"mem_free":13651107840,"tcp_conns":82,"disk_usage_root":12.24,"disk_read_sec":180670,"disk_write_sec":1704356,"disk_iops_sec":61,"io_wait":0,"open_files":0,"os_bytes_in_sec":10662,"os_bytes_out_sec":7457,"total_procs":994},"count":2},{"date":1637020680,"epoch_div":13641839,"totals":{"load_avg":4.48779296875,"cpu_usage":200,"mem_used":17083445248,"mem_free":13735653376,"tcp_conns":72,"disk_usage_root":12.24,"disk_read_sec":354030,"disk_write_sec":2225833,"disk_iops_sec":75,"io_wait":0,"open_files":0,"os_bytes_in_sec":3686,"os_bytes_out_sec":11357,"total_procs":993},"count":2},{"date":1637020800,"epoch_div":13641840,"totals":{"load_avg":5.59814453125,"cpu_usage":200,"mem_used":16943034368,"mem_free":13509902336,"tcp_conns":77,"disk_usage_root":12.24,"disk_read_sec":1903683,"disk_write_sec":380790,"disk_iops_sec":94,"io_wait":0,"open_files":0,"os_bytes_in_sec":6157,"os_bytes_out_sec":47399,"total_procs":992},"count":2},{"date":1637020920,"epoch_div":13641841,"totals":{"load_avg":4.701171875,"cpu_usage":200,"mem_used":17006432256,"mem_free":13106020352,"tcp_conns":79,"disk_usage_root":12.24,"disk_read_sec":2887065,"disk_write_sec":2891912,"disk_iops_sec":153,"io_wait":0,"open_files":0,"os_bytes_in_sec":148022,"os_bytes_out_sec":12664,"total_procs":1006},"count":2},{"date":1637021040,"epoch_div":13641842,"totals":{"load_avg":5.68603515625,"cpu_usage":200,"mem_used":17127231488,"mem_free":13445140480,"tcp_conns":76,"disk_usage_root":12.24,"disk_read_sec":1615461,"disk_write_sec":2996769,"disk_iops_sec":180,"io_wait":0,"open_files":0,"os_bytes_in_sec":39251,"os_bytes_out_sec":17680,"total_procs":994},"count":2},{"date":1637021160,"epoch_div":13641843,"totals":{"load_avg":6.21923828125,"cpu_usage":200,"mem_used":16763805696,"mem_free":13551087616,"tcp_conns":83,"disk_usage_root":12.24,"disk_read_sec":2713121,"disk_write_sec":9581021,"disk_iops_sec":223,"io_wait":0,"open_files":0,"os_bytes_in_sec":17709,"os_bytes_out_sec":22620,"total_procs":990},"count":2},{"date":1637021280,"epoch_div":13641844,"totals":{"load_avg":4.9482421875,"cpu_usage":200,"mem_used":16850898944,"mem_free":12954271744,"tcp_conns":80,"disk_usage_root":12.24,"disk_read_sec":417177,"disk_write_sec":1165448,"disk_iops_sec":55,"io_wait":0,"open_files":0,"os_bytes_in_sec":3468,"os_bytes_out_sec":14074,"total_procs":990},"count":2},{"date":1637021400,"epoch_div":13641845,"totals":{"load_avg":7.14892578125,"cpu_usage":200,"mem_used":17098690560,"mem_free":12829032448,"tcp_conns":75,"disk_usage_root":12.24,"disk_read_sec":746630,"disk_write_sec":641095,"disk_iops_sec":117,"io_wait":0,"open_files":0,"os_bytes_in_sec":340998,"os_bytes_out_sec":125637,"total_procs":990},"count":2},{"date":1637021520,"epoch_div":13641846,"totals":{"load_avg":8.091796875,"cpu_usage":200,"mem_used":17138085888,"mem_free":12727214080,"tcp_conns":69,"disk_usage_root":12.24,"disk_read_sec":390762,"disk_write_sec":342601,"disk_iops_sec":64,"io_wait":0,"open_files":0,"os_bytes_in_sec":2244,"os_bytes_out_sec":12724,"total_procs":991},"count":2},{"date":1637021640,"epoch_div":13641847,"totals":{"load_avg":8.31201171875,"cpu_usage":200,"mem_used":16875786240,"mem_free":13112676352,"tcp_conns":74,"disk_usage_root":12.24,"disk_read_sec":4540757,"disk_write_sec":1388816,"disk_iops_sec":329,"io_wait":0,"open_files":0,"os_bytes_in_sec":386229,"os_bytes_out_sec":61656,"total_procs":993},"count":2},{"date":1637021760,"epoch_div":13641848,"totals":{"load_avg":7.33642578125,"cpu_usage":200,"mem_used":17118220288,"mem_free":13080018944,"tcp_conns":86,"disk_usage_root":12.24,"disk_read_sec":313138,"disk_write_sec":779059,"disk_iops_sec":89,"io_wait":0,"open_files":0,"os_bytes_in_sec":39394,"os_bytes_out_sec":96826,"total_procs":996},"count":2},{"date":1637021880,"epoch_div":13641849,"totals":{"load_avg":5.439453125,"cpu_usage":200,"mem_used":16798343168,"mem_free":13150437376,"tcp_conns":79,"disk_usage_root":12.24,"disk_read_sec":1784871,"disk_write_sec":455131,"disk_iops_sec":135,"io_wait":0,"open_files":0,"os_bytes_in_sec":33403,"os_bytes_out_sec":71769,"total_procs":995},"count":2},{"date":1637022000,"epoch_div":13641850,"totals":{"load_avg":5.57080078125,"cpu_usage":200,"mem_used":16969461760,"mem_free":12984631296,"tcp_conns":71,"disk_usage_root":12.24,"disk_read_sec":486604,"disk_write_sec":1017309,"disk_iops_sec":82,"io_wait":0,"open_files":0,"os_bytes_in_sec":3820,"os_bytes_out_sec":43185,"total_procs":997},"count":2},{"date":1637022120,"epoch_div":13641851,"totals":{"load_avg":6.890625,"cpu_usage":200,"mem_used":16717029376,"mem_free":13275615232,"tcp_conns":74,"disk_usage_root":12.24,"disk_read_sec":4762918,"disk_write_sec":13060235,"disk_iops_sec":447,"io_wait":0,"open_files":0,"os_bytes_in_sec":1031570,"os_bytes_out_sec":109615,"total_procs":999},"count":2},{"date":1637022240,"epoch_div":13641852,"totals":{"load_avg":4.99853515625,"cpu_usage":200,"mem_used":17113513984,"mem_free":12952506368,"tcp_conns":73,"disk_usage_root":12.24,"disk_read_sec":927606,"disk_write_sec":388436,"disk_iops_sec":84,"io_wait":0,"open_files":0,"os_bytes_in_sec":8417,"os_bytes_out_sec":8689,"total_procs":996},"count":2},{"date":1637022360,"epoch_div":13641853,"totals":{"load_avg":6.75,"cpu_usage":200,"mem_used":17140547584,"mem_free":12782936064,"tcp_conns":69,"disk_usage_root":12.24,"disk_read_sec":410319,"disk_write_sec":487716,"disk_iops_sec":75,"io_wait":0,"open_files":0,"os_bytes_in_sec":186967,"os_bytes_out_sec":8575,"total_procs":994},"count":2},{"date":1637022480,"epoch_div":13641854,"totals":{"load_avg":5.97021484375,"cpu_usage":200,"mem_used":17129185280,"mem_free":12970729472,"tcp_conns":90,"disk_usage_root":12.24,"disk_read_sec":4014813,"disk_write_sec":2957266,"disk_iops_sec":161,"io_wait":0,"open_files":0,"os_bytes_in_sec":82082,"os_bytes_out_sec":14906,"total_procs":1001},"count":2},{"date":1637022600,"epoch_div":13641855,"totals":{"load_avg":5.1005859375,"cpu_usage":200,"mem_used":16951586816,"mem_free":12848164864,"tcp_conns":93,"disk_usage_root":12.24,"disk_read_sec":5180278,"disk_write_sec":3266149,"disk_iops_sec":227,"io_wait":0,"open_files":0,"os_bytes_in_sec":109839,"os_bytes_out_sec":16351,"total_procs":1001},"count":2},{"date":1637022720,"epoch_div":13641856,"totals":{"load_avg":3.6953125,"cpu_usage":200,"mem_used":16856895488,"mem_free":12741529600,"tcp_conns":85,"disk_usage_root":12.24,"disk_read_sec":19796,"disk_write_sec":206165,"disk_iops_sec":35,"io_wait":0,"open_files":0,"os_bytes_in_sec":1021,"os_bytes_out_sec":1837,"total_procs":987},"count":2},{"date":1637022840,"epoch_div":13641857,"totals":{"load_avg":4.470703125,"cpu_usage":200,"mem_used":17036627968,"mem_free":12716163072,"tcp_conns":74,"disk_usage_root":12.24,"disk_read_sec":1361666,"disk_write_sec":1231236,"disk_iops_sec":74,"io_wait":0,"open_files":0,"os_bytes_in_sec":9193,"os_bytes_out_sec":27299,"total_procs":991},"count":2},{"date":1637022960,"epoch_div":13641858,"totals":{"load_avg":6.8203125,"cpu_usage":200,"mem_used":16593829888,"mem_free":13159555072,"tcp_conns":140,"disk_usage_root":12.24,"disk_read_sec":11779208,"disk_write_sec":9137424,"disk_iops_sec":586,"io_wait":0,"open_files":0,"os_bytes_in_sec":145109,"os_bytes_out_sec":76732,"total_procs":996},"count":2},{"date":1637023080,"epoch_div":13641859,"totals":{"load_avg":5.2529296875,"cpu_usage":200,"mem_used":16445562880,"mem_free":12482691072,"tcp_conns":188,"disk_usage_root":12.24,"disk_read_sec":4632507,"disk_write_sec":775440,"disk_iops_sec":166,"io_wait":0,"open_files":0,"os_bytes_in_sec":124881,"os_bytes_out_sec":45114,"total_procs":985},"count":2},{"date":1637023200,"epoch_div":13641860,"totals":{"load_avg":4.94482421875,"cpu_usage":200,"mem_used":16938819584,"mem_free":12341772288,"tcp_conns":168,"disk_usage_root":12.24,"disk_read_sec":3571779,"disk_write_sec":1159099,"disk_iops_sec":109,"io_wait":0,"open_files":0,"os_bytes_in_sec":9111,"os_bytes_out_sec":15020,"total_procs":984},"count":2},{"date":1637023320,"epoch_div":13641861,"totals":{"load_avg":4.19091796875,"cpu_usage":200,"mem_used":17096888320,"mem_free":12245282816,"tcp_conns":136,"disk_usage_root":12.24,"disk_read_sec":104823,"disk_write_sec":255162,"disk_iops_sec":44,"io_wait":0,"open_files":0,"os_bytes_in_sec":5603,"os_bytes_out_sec":10821,"total_procs":982},"count":2},{"date":1637023440,"epoch_div":13641862,"totals":{"load_avg":4.19384765625,"cpu_usage":200,"mem_used":17133703168,"mem_free":12247805952,"tcp_conns":110,"disk_usage_root":12.24,"disk_read_sec":253063,"disk_write_sec":1724210,"disk_iops_sec":79,"io_wait":0,"open_files":0,"os_bytes_in_sec":8864,"os_bytes_out_sec":19832,"total_procs":981},"count":2},{"date":1637023560,"epoch_div":13641863,"totals":{"load_avg":4.21630859375,"cpu_usage":200,"mem_used":17139576832,"mem_free":12517199872,"tcp_conns":116,"disk_usage_root":12.24,"disk_read_sec":3756577,"disk_write_sec":1432507,"disk_iops_sec":211,"io_wait":0,"open_files":0,"os_bytes_in_sec":25409,"os_bytes_out_sec":22127,"total_procs":986},"count":2},{"date":1637023680,"epoch_div":13641864,"totals":{"load_avg":4.04150390625,"cpu_usage":200,"mem_used":16380899328,"mem_free":13361504256,"tcp_conns":125,"disk_usage_root":12.24,"disk_read_sec":9567026,"disk_write_sec":10216652,"disk_iops_sec":515,"io_wait":0,"open_files":0,"os_bytes_in_sec":315950,"os_bytes_out_sec":29740,"total_procs":1010},"count":2},{"date":1637023800,"epoch_div":13641865,"totals":{"load_avg":4.63427734375,"cpu_usage":200,"mem_used":16257884160,"mem_free":12993777664,"tcp_conns":116,"disk_usage_root":12.24,"disk_read_sec":1012234,"disk_write_sec":412970,"disk_iops_sec":96,"io_wait":0,"open_files":0,"os_bytes_in_sec":7572,"os_bytes_out_sec":18605,"total_procs":1012},"count":2},{"date":1637023920,"epoch_div":13641866,"totals":{"load_avg":4.8896484375,"cpu_usage":200,"mem_used":16641495040,"mem_free":12672622592,"tcp_conns":112,"disk_usage_root":12.24,"disk_read_sec":1722468,"disk_write_sec":528545,"disk_iops_sec":139,"io_wait":0,"open_files":0,"os_bytes_in_sec":17178,"os_bytes_out_sec":21673,"total_procs":1010},"count":2},{"date":1637024040,"epoch_div":13641867,"totals":{"load_avg":7.69775390625,"cpu_usage":200,"mem_used":16516497408,"mem_free":12807643136,"tcp_conns":111,"disk_usage_root":12.24,"disk_read_sec":3622706,"disk_write_sec":1281979,"disk_iops_sec":223,"io_wait":0,"open_files":0,"os_bytes_in_sec":90932,"os_bytes_out_sec":25265,"total_procs":1015},"count":2},{"date":1637024160,"epoch_div":13641868,"totals":{"load_avg":5.72998046875,"cpu_usage":200,"mem_used":16858292224,"mem_free":12514734080,"tcp_conns":123,"disk_usage_root":12.24,"disk_read_sec":2812996,"disk_write_sec":910881,"disk_iops_sec":184,"io_wait":0,"open_files":0,"os_bytes_in_sec":22605,"os_bytes_out_sec":25322,"total_procs":1011},"count":2},{"date":1637024280,"epoch_div":13641869,"totals":{"load_avg":5.60107421875,"cpu_usage":200,"mem_used":17094660096,"mem_free":12659433472,"tcp_conns":155,"disk_usage_root":12.24,"disk_read_sec":7929036,"disk_write_sec":743901,"disk_iops_sec":425,"io_wait":0,"open_files":0,"os_bytes_in_sec":7595,"os_bytes_out_sec":12479,"total_procs":1018},"count":2},{"date":1637024400,"epoch_div":13641870,"totals":{"load_avg":5.4140625,"cpu_usage":200,"mem_used":16988876800,"mem_free":12789317632,"tcp_conns":184,"disk_usage_root":12.24,"disk_read_sec":6179020,"disk_write_sec":1188932,"disk_iops_sec":248,"io_wait":0,"open_files":0,"os_bytes_in_sec":7377,"os_bytes_out_sec":13206,"total_procs":1014},"count":2},{"date":1637024520,"epoch_div":13641871,"totals":{"load_avg":5.14794921875,"cpu_usage":200,"mem_used":17127432192,"mem_free":12730191872,"tcp_conns":172,"disk_usage_root":12.24,"disk_read_sec":267332,"disk_write_sec":327884,"disk_iops_sec":60,"io_wait":0,"open_files":0,"os_bytes_in_sec":4691,"os_bytes_out_sec":10815,"total_procs":1017},"count":2},{"date":1637024640,"epoch_div":13641872,"totals":{"load_avg":5.830078125,"cpu_usage":200,"mem_used":17129115648,"mem_free":12959977472,"tcp_conns":150,"disk_usage_root":12.24,"disk_read_sec":3153236,"disk_write_sec":507152,"disk_iops_sec":200,"io_wait":0,"open_files":0,"os_bytes_in_sec":24099,"os_bytes_out_sec":12590,"total_procs":1019},"count":2},{"date":1637024760,"epoch_div":13641873,"totals":{"load_avg":4.1826171875,"cpu_usage":200,"mem_used":17114378240,"mem_free":13080555520,"tcp_conns":169,"disk_usage_root":12.24,"disk_read_sec":2074760,"disk_write_sec":1237947,"disk_iops_sec":179,"io_wait":0,"open_files":0,"os_bytes_in_sec":53485,"os_bytes_out_sec":37980,"total_procs":1029},"count":2},{"date":1637024880,"epoch_div":13641874,"totals":{"load_avg":4.892578125,"cpu_usage":200,"mem_used":17124933632,"mem_free":13213831168,"tcp_conns":176,"disk_usage_root":12.24,"disk_read_sec":1712195,"disk_write_sec":2496921,"disk_iops_sec":173,"io_wait":0,"open_files":0,"os_bytes_in_sec":11879,"os_bytes_out_sec":10079,"total_procs":1025},"count":2},{"date":1637025000,"epoch_div":13641875,"totals":{"load_avg":5.96826171875,"cpu_usage":200,"mem_used":16951304192,"mem_free":13197713408,"tcp_conns":197,"disk_usage_root":12.24,"disk_read_sec":3478254,"disk_write_sec":5745595,"disk_iops_sec":360,"io_wait":0,"open_files":0,"os_bytes_in_sec":323848,"os_bytes_out_sec":23309,"total_procs":1028},"count":2},{"date":1637025120,"epoch_div":13641876,"totals":{"load_avg":5.6640625,"cpu_usage":200,"mem_used":16923815936,"mem_free":13131681792,"tcp_conns":210,"disk_usage_root":12.24,"disk_read_sec":6537249,"disk_write_sec":1342863,"disk_iops_sec":348,"io_wait":0,"open_files":0,"os_bytes_in_sec":66859,"os_bytes_out_sec":15925,"total_procs":1026},"count":2},{"date":1637025240,"epoch_div":13641877,"totals":{"load_avg":5.04931640625,"cpu_usage":200,"mem_used":16774893568,"mem_free":12996952064,"tcp_conns":202,"disk_usage_root":12.24,"disk_read_sec":2120636,"disk_write_sec":4482959,"disk_iops_sec":159,"io_wait":0,"open_files":0,"os_bytes_in_sec":9706,"os_bytes_out_sec":3566,"total_procs":1025},"count":2},{"date":1637025360,"epoch_div":13641878,"totals":{"load_avg":4.9072265625,"cpu_usage":200,"mem_used":16981893120,"mem_free":13143896064,"tcp_conns":226,"disk_usage_root":12.24,"disk_read_sec":6700577,"disk_write_sec":875314,"disk_iops_sec":373,"io_wait":0,"open_files":0,"os_bytes_in_sec":103156,"os_bytes_out_sec":65116,"total_procs":1046},"count":2},{"date":1637025480,"epoch_div":13641879,"totals":{"load_avg":3.7685546875,"cpu_usage":200,"mem_used":17141686272,"mem_free":13452898304,"tcp_conns":217,"disk_usage_root":12.24,"disk_read_sec":1194530,"disk_write_sec":265762,"disk_iops_sec":138,"io_wait":0,"open_files":0,"os_bytes_in_sec":200872,"os_bytes_out_sec":6518,"total_procs":1040},"count":2},{"date":1637025600,"epoch_div":13641880,"totals":{"load_avg":5.640625,"cpu_usage":200,"mem_used":17081630720,"mem_free":13471776768,"tcp_conns":175,"disk_usage_root":12.24,"disk_read_sec":738307,"disk_write_sec":203347,"disk_iops_sec":117,"io_wait":0,"open_files":0,"os_bytes_in_sec":101178,"os_bytes_out_sec":5753,"total_procs":1033},"count":2},{"date":1637025720,"epoch_div":13641881,"totals":{"load_avg":5.84765625,"cpu_usage":200,"mem_used":17135312896,"mem_free":13443555328,"tcp_conns":152,"disk_usage_root":12.24,"disk_read_sec":622882,"disk_write_sec":237977,"disk_iops_sec":161,"io_wait":0,"open_files":0,"os_bytes_in_sec":44738,"os_bytes_out_sec":6519,"total_procs":1034},"count":2},{"date":1637025840,"epoch_div":13641882,"totals":{"load_avg":5.47216796875,"cpu_usage":200,"mem_used":17060552704,"mem_free":13570748416,"tcp_conns":141,"disk_usage_root":12.24,"disk_read_sec":534664,"disk_write_sec":200772,"disk_iops_sec":134,"io_wait":0,"open_files":0,"os_bytes_in_sec":104872,"os_bytes_out_sec":6656,"total_procs":1031},"count":2},{"date":1637025960,"epoch_div":13641883,"totals":{"load_avg":5.173828125,"cpu_usage":200,"mem_used":17115807744,"mem_free":13506994176,"tcp_conns":140,"disk_usage_root":12.24,"disk_read_sec":541012,"disk_write_sec":153121,"disk_iops_sec":104,"io_wait":0,"open_files":0,"os_bytes_in_sec":147235,"os_bytes_out_sec":5547,"total_procs":1032},"count":2},{"date":1637026080,"epoch_div":13641884,"totals":{"load_avg":4.3115234375,"cpu_usage":200,"mem_used":17115836416,"mem_free":13502468096,"tcp_conns":139,"disk_usage_root":12.24,"disk_read_sec":520806,"disk_write_sec":171621,"disk_iops_sec":118,"io_wait":0,"open_files":0,"os_bytes_in_sec":163642,"os_bytes_out_sec":5792,"total_procs":1032},"count":2},{"date":1637026200,"epoch_div":13641885,"totals":{"load_avg":4.46240234375,"cpu_usage":200,"mem_used":17096527872,"mem_free":13522432000,"tcp_conns":130,"disk_usage_root":12.24,"disk_read_sec":459434,"disk_write_sec":319623,"disk_iops_sec":106,"io_wait":0,"open_files":0,"os_bytes_in_sec":111717,"os_bytes_out_sec":5348,"total_procs":1030},"count":2},{"date":1637026320,"epoch_div":13641886,"totals":{"load_avg":4.6435546875,"cpu_usage":200,"mem_used":17109716992,"mem_free":13546881024,"tcp_conns":131,"disk_usage_root":12.24,"disk_read_sec":307189,"disk_write_sec":154780,"disk_iops_sec":66,"io_wait":0,"open_files":0,"os_bytes_in_sec":141337,"os_bytes_out_sec":5622,"total_procs":1030},"count":2},{"date":1637026440,"epoch_div":13641887,"totals":{"load_avg":6.0458984375,"cpu_usage":200,"mem_used":17117487104,"mem_free":13474914304,"tcp_conns":130,"disk_usage_root":12.24,"disk_read_sec":468440,"disk_write_sec":874692,"disk_iops_sec":79,"io_wait":0,"open_files":0,"os_bytes_in_sec":111227,"os_bytes_out_sec":5962,"total_procs":1032},"count":2},{"date":1637026560,"epoch_div":13641888,"totals":{"load_avg":5.32177734375,"cpu_usage":200,"mem_used":17141493760,"mem_free":13465165824,"tcp_conns":128,"disk_usage_root":12.24,"disk_read_sec":210943,"disk_write_sec":144997,"disk_iops_sec":61,"io_wait":0,"open_files":0,"os_bytes_in_sec":137006,"os_bytes_out_sec":5497,"total_procs":1024},"count":2},{"date":1637026680,"epoch_div":13641889,"totals":{"load_avg":6.30615234375,"cpu_usage":200,"mem_used":17098006528,"mem_free":13270126592,"tcp_conns":273,"disk_usage_root":12.24,"disk_read_sec":6693750,"disk_write_sec":4167679,"disk_iops_sec":436,"io_wait":0,"open_files":0,"os_bytes_in_sec":320626,"os_bytes_out_sec":23065,"total_procs":1048},"count":2},{"date":1637026800,"epoch_div":13641890,"totals":{"load_avg":5.28662109375,"cpu_usage":200,"mem_used":17011093504,"mem_free":13615931392,"tcp_conns":241,"disk_usage_root":12.24,"disk_read_sec":2046361,"disk_write_sec":602958,"disk_iops_sec":216,"io_wait":0,"open_files":0,"os_bytes_in_sec":154949,"os_bytes_out_sec":12381,"total_procs":1050},"count":2},{"date":1637026920,"epoch_div":13641891,"totals":{"load_avg":5.27734375,"cpu_usage":200,"mem_used":17078906880,"mem_free":13667553280,"tcp_conns":219,"disk_usage_root":12.24,"disk_read_sec":1697758,"disk_write_sec":1181194,"disk_iops_sec":209,"io_wait":0,"open_files":0,"os_bytes_in_sec":220959,"os_bytes_out_sec":12098,"total_procs":1060},"count":2},{"date":1637027040,"epoch_div":13641892,"totals":{"load_avg":4.57421875,"cpu_usage":200,"mem_used":17128148992,"mem_free":13601841152,"tcp_conns":177,"disk_usage_root":12.24,"disk_read_sec":1392912,"disk_write_sec":1812275,"disk_iops_sec":126,"io_wait":0,"open_files":0,"os_bytes_in_sec":126408,"os_bytes_out_sec":7523,"total_procs":1045},"count":2},{"date":1637027160,"epoch_div":13641893,"totals":{"load_avg":5.58447265625,"cpu_usage":200,"mem_used":17026936832,"mem_free":13610082304,"tcp_conns":160,"disk_usage_root":12.24,"disk_read_sec":4099754,"disk_write_sec":3836722,"disk_iops_sec":181,"io_wait":0,"open_files":0,"os_bytes_in_sec":242144,"os_bytes_out_sec":10956,"total_procs":1059},"count":2},{"date":1637027280,"epoch_div":13641894,"totals":{"load_avg":4.490234375,"cpu_usage":200,"mem_used":17045999616,"mem_free":13574385664,"tcp_conns":142,"disk_usage_root":12.24,"disk_read_sec":2234671,"disk_write_sec":1792065,"disk_iops_sec":233,"io_wait":0,"open_files":0,"os_bytes_in_sec":331430,"os_bytes_out_sec":46342,"total_procs":1052},"count":2},{"date":1637027400,"epoch_div":13641895,"totals":{"load_avg":5.62060546875,"cpu_usage":200,"mem_used":17137606656,"mem_free":13508915200,"tcp_conns":143,"disk_usage_root":12.24,"disk_read_sec":1292181,"disk_write_sec":341518,"disk_iops_sec":179,"io_wait":0,"open_files":0,"os_bytes_in_sec":125686,"os_bytes_out_sec":6539,"total_procs":1048},"count":2},{"date":1637027520,"epoch_div":13641896,"totals":{"load_avg":4.9072265625,"cpu_usage":200,"mem_used":17087172608,"mem_free":13482790912,"tcp_conns":144,"disk_usage_root":12.24,"disk_read_sec":991641,"disk_write_sec":1515519,"disk_iops_sec":166,"io_wait":0,"open_files":0,"os_bytes_in_sec":132472,"os_bytes_out_sec":7269,"total_procs":1047},"count":2},{"date":1637027640,"epoch_div":13641897,"totals":{"load_avg":6.77490234375,"cpu_usage":200,"mem_used":17132331008,"mem_free":13450084352,"tcp_conns":141,"disk_usage_root":12.24,"disk_read_sec":857224,"disk_write_sec":314572,"disk_iops_sec":182,"io_wait":0,"open_files":0,"os_bytes_in_sec":150256,"os_bytes_out_sec":8380,"total_procs":1050},"count":2},{"date":1637027760,"epoch_div":13641898,"totals":{"load_avg":5.50732421875,"cpu_usage":200,"mem_used":17040596992,"mem_free":13464412160,"tcp_conns":138,"disk_usage_root":12.24,"disk_read_sec":657748,"disk_write_sec":1323075,"disk_iops_sec":98,"io_wait":0,"open_files":0,"os_bytes_in_sec":132347,"os_bytes_out_sec":6411,"total_procs":1044},"count":2},{"date":1637027880,"epoch_div":13641899,"totals":{"load_avg":5.728515625,"cpu_usage":200,"mem_used":17130364928,"mem_free":13455015936,"tcp_conns":138,"disk_usage_root":12.24,"disk_read_sec":1211350,"disk_write_sec":309921,"disk_iops_sec":220,"io_wait":0,"open_files":0,"os_bytes_in_sec":146875,"os_bytes_out_sec":8566,"total_procs":1048},"count":2},{"date":1637028000,"epoch_div":13641900,"totals":{"load_avg":4.6474609375,"cpu_usage":200,"mem_used":17082032128,"mem_free":13450870784,"tcp_conns":137,"disk_usage_root":12.24,"disk_read_sec":837836,"disk_write_sec":282828,"disk_iops_sec":151,"io_wait":0,"open_files":0,"os_bytes_in_sec":55399,"os_bytes_out_sec":5496,"total_procs":1043},"count":2},{"date":1637028120,"epoch_div":13641901,"totals":{"load_avg":4.31640625,"cpu_usage":200,"mem_used":17104998400,"mem_free":13442715648,"tcp_conns":134,"disk_usage_root":12.24,"disk_read_sec":301056,"disk_write_sec":265011,"disk_iops_sec":77,"io_wait":0,"open_files":0,"os_bytes_in_sec":1441,"os_bytes_out_sec":2231,"total_procs":1042},"count":2},{"date":1637028240,"epoch_div":13641902,"totals":{"load_avg":5.57568359375,"cpu_usage":200,"mem_used":16897867776,"mem_free":13455343616,"tcp_conns":151,"disk_usage_root":12.24,"disk_read_sec":2463932,"disk_write_sec":1505515,"disk_iops_sec":175,"io_wait":0,"open_files":0,"os_bytes_in_sec":24320,"os_bytes_out_sec":6442,"total_procs":1045},"count":2},{"date":1637028360,"epoch_div":13641903,"totals":{"load_avg":4.46630859375,"cpu_usage":200,"mem_used":16950419456,"mem_free":13445513216,"tcp_conns":137,"disk_usage_root":12.24,"disk_read_sec":74198,"disk_write_sec":218391,"disk_iops_sec":35,"io_wait":0,"open_files":0,"os_bytes_in_sec":993,"os_bytes_out_sec":2226,"total_procs":1043},"count":2},{"date":1637028480,"epoch_div":13641904,"totals":{"load_avg":5.34619140625,"cpu_usage":200,"mem_used":17073741824,"mem_free":13405442048,"tcp_conns":135,"disk_usage_root":12.24,"disk_read_sec":1444931,"disk_write_sec":906922,"disk_iops_sec":87,"io_wait":0,"open_files":0,"os_bytes_in_sec":1350,"os_bytes_out_sec":1991,"total_procs":1045},"count":2},{"date":1637028600,"epoch_div":13641905,"totals":{"load_avg":6.71435546875,"cpu_usage":200,"mem_used":17136504832,"mem_free":13384273920,"tcp_conns":135,"disk_usage_root":12.24,"disk_read_sec":1000038,"disk_write_sec":272042,"disk_iops_sec":108,"io_wait":0,"open_files":0,"os_bytes_in_sec":1152,"os_bytes_out_sec":2274,"total_procs":1048},"count":2},{"date":1637028720,"epoch_div":13641906,"totals":{"load_avg":5.7509765625,"cpu_usage":200,"mem_used":17017794560,"mem_free":13425324032,"tcp_conns":141,"disk_usage_root":12.24,"disk_read_sec":1377006,"disk_write_sec":3567137,"disk_iops_sec":112,"io_wait":0,"open_files":0,"os_bytes_in_sec":24961,"os_bytes_out_sec":9275,"total_procs":1045},"count":2},{"date":1637028840,"epoch_div":13641907,"totals":{"load_avg":5.68896484375,"cpu_usage":200,"mem_used":16716922880,"mem_free":13279735808,"tcp_conns":164,"disk_usage_root":12.24,"disk_read_sec":4185806,"disk_write_sec":1514452,"disk_iops_sec":286,"io_wait":0,"open_files":0,"os_bytes_in_sec":55189,"os_bytes_out_sec":18188,"total_procs":1035},"count":2},{"date":1637028960,"epoch_div":13641908,"totals":{"load_avg":5.36474609375,"cpu_usage":200,"mem_used":16751706112,"mem_free":12985073664,"tcp_conns":159,"disk_usage_root":12.24,"disk_read_sec":68501,"disk_write_sec":501712,"disk_iops_sec":34,"io_wait":0,"open_files":0,"os_bytes_in_sec":1460,"os_bytes_out_sec":2160,"total_procs":1027},"count":2},{"date":1637029080,"epoch_div":13641909,"totals":{"load_avg":4.06396484375,"cpu_usage":200,"mem_used":17128693760,"mem_free":12862894080,"tcp_conns":146,"disk_usage_root":12.24,"disk_read_sec":1445751,"disk_write_sec":280370,"disk_iops_sec":64,"io_wait":0,"open_files":0,"os_bytes_in_sec":1397,"os_bytes_out_sec":1420,"total_procs":1025},"count":2},{"date":1637029200,"epoch_div":13641910,"totals":{"load_avg":3.796875,"cpu_usage":200,"mem_used":17098772480,"mem_free":12849020928,"tcp_conns":139,"disk_usage_root":12.24,"disk_read_sec":378333,"disk_write_sec":162474,"disk_iops_sec":55,"io_wait":0,"open_files":0,"os_bytes_in_sec":807,"os_bytes_out_sec":1283,"total_procs":1022},"count":2},{"date":1637029320,"epoch_div":13641911,"totals":{"load_avg":6.43603515625,"cpu_usage":200,"mem_used":17099636736,"mem_free":12875374592,"tcp_conns":141,"disk_usage_root":12.24,"disk_read_sec":339285,"disk_write_sec":181247,"disk_iops_sec":64,"io_wait":0,"open_files":0,"os_bytes_in_sec":1265,"os_bytes_out_sec":1683,"total_procs":1025},"count":2},{"date":1637029440,"epoch_div":13641912,"totals":{"load_avg":6.25390625,"cpu_usage":200,"mem_used":17134731264,"mem_free":12903366656,"tcp_conns":129,"disk_usage_root":12.24,"disk_read_sec":480460,"disk_write_sec":223914,"disk_iops_sec":67,"io_wait":0,"open_files":0,"os_bytes_in_sec":2045,"os_bytes_out_sec":2570,"total_procs":1026},"count":2},{"date":1637029560,"epoch_div":13641913,"totals":{"load_avg":5.3681640625,"cpu_usage":200,"mem_used":17129517056,"mem_free":12884877312,"tcp_conns":128,"disk_usage_root":12.24,"disk_read_sec":289317,"disk_write_sec":178728,"disk_iops_sec":53,"io_wait":0,"open_files":0,"os_bytes_in_sec":9904,"os_bytes_out_sec":2049,"total_procs":1026},"count":2},{"date":1637029680,"epoch_div":13641914,"totals":{"load_avg":4.46435546875,"cpu_usage":200,"mem_used":17069969408,"mem_free":12910460928,"tcp_conns":132,"disk_usage_root":12.24,"disk_read_sec":1652464,"disk_write_sec":1089152,"disk_iops_sec":122,"io_wait":0,"open_files":0,"os_bytes_in_sec":1536,"os_bytes_out_sec":2080,"total_procs":1030},"count":2},{"date":1637029800,"epoch_div":13641915,"totals":{"load_avg":4.86474609375,"cpu_usage":200,"mem_used":16998686720,"mem_free":12953862144,"tcp_conns":130,"disk_usage_root":12.24,"disk_read_sec":325836,"disk_write_sec":193672,"disk_iops_sec":55,"io_wait":0,"open_files":0,"os_bytes_in_sec":606,"os_bytes_out_sec":1080,"total_procs":1022},"count":2},{"date":1637029920,"epoch_div":13641916,"totals":{"load_avg":5.91162109375,"cpu_usage":200,"mem_used":17032196096,"mem_free":12953378816,"tcp_conns":131,"disk_usage_root":12.24,"disk_read_sec":82466,"disk_write_sec":158377,"disk_iops_sec":30,"io_wait":0,"open_files":0,"os_bytes_in_sec":1040,"os_bytes_out_sec":1216,"total_procs":1022},"count":2},{"date":1637030040,"epoch_div":13641917,"totals":{"load_avg":5.48779296875,"cpu_usage":200,"mem_used":16901062656,"mem_free":13039935488,"tcp_conns":136,"disk_usage_root":12.24,"disk_read_sec":1116705,"disk_write_sec":787592,"disk_iops_sec":61,"io_wait":0,"open_files":0,"os_bytes_in_sec":7004,"os_bytes_out_sec":5937,"total_procs":1024},"count":2},{"date":1637030160,"epoch_div":13641918,"totals":{"load_avg":2.3017578125,"cpu_usage":100,"mem_used":8468873216,"mem_free":6510039040,"tcp_conns":69,"disk_usage_root":6.12,"disk_read_sec":42530,"disk_write_sec":71338,"disk_iops_sec":15,"io_wait":0,"open_files":0,"os_bytes_in_sec":279,"os_bytes_out_sec":370,"total_procs":511},"count":1},{"date":1637030520,"epoch_div":13641921,"totals":{"load_avg":2.6669921875,"cpu_usage":100,"mem_used":8517431296,"mem_free":6847840256,"tcp_conns":71,"disk_usage_root":6.12,"disk_read_sec":1201417,"disk_write_sec":929223,"disk_iops_sec":30,"io_wait":0,"open_files":0,"os_bytes_in_sec":662,"os_bytes_out_sec":947,"total_procs":519},"count":1},{"date":1637030640,"epoch_div":13641922,"totals":{"load_avg":5.15966796875,"cpu_usage":200,"mem_used":17042857984,"mem_free":13479608320,"tcp_conns":137,"disk_usage_root":12.24,"disk_read_sec":5630924,"disk_write_sec":485137,"disk_iops_sec":252,"io_wait":0,"open_files":0,"os_bytes_in_sec":17406,"os_bytes_out_sec":34310,"total_procs":1026},"count":2},{"date":1637030760,"epoch_div":13641923,"totals":{"load_avg":4.69482421875,"cpu_usage":200,"mem_used":17089900544,"mem_free":13465063424,"tcp_conns":135,"disk_usage_root":12.24,"disk_read_sec":325755,"disk_write_sec":177252,"disk_iops_sec":55,"io_wait":0,"open_files":0,"os_bytes_in_sec":10191,"os_bytes_out_sec":25507,"total_procs":1020},"count":2},{"date":1637030880,"epoch_div":13641924,"totals":{"load_avg":5.607421875,"cpu_usage":200,"mem_used":17048776704,"mem_free":13435187200,"tcp_conns":134,"disk_usage_root":12.24,"disk_read_sec":423936,"disk_write_sec":211626,"disk_iops_sec":61,"io_wait":0,"open_files":0,"os_bytes_in_sec":7082,"os_bytes_out_sec":1898,"total_procs":1022},"count":2},{"date":1637031000,"epoch_div":13641925,"totals":{"load_avg":6.31396484375,"cpu_usage":200,"mem_used":17054228480,"mem_free":13360914432,"tcp_conns":126,"disk_usage_root":12.24,"disk_read_sec":306407,"disk_write_sec":777878,"disk_iops_sec":72,"io_wait":0,"open_files":0,"os_bytes_in_sec":825,"os_bytes_out_sec":1292,"total_procs":1024},"count":2},{"date":1637031120,"epoch_div":13641926,"totals":{"load_avg":5.482421875,"cpu_usage":200,"mem_used":17093795840,"mem_free":13341241344,"tcp_conns":126,"disk_usage_root":12.24,"disk_read_sec":82192,"disk_write_sec":166434,"disk_iops_sec":28,"io_wait":0,"open_files":0,"os_bytes_in_sec":1090,"os_bytes_out_sec":1250,"total_procs":1025},"count":2},{"date":1637031960,"epoch_div":13641933,"totals":{"load_avg":2.62255859375,"cpu_usage":100,"mem_used":8536309760,"mem_free":6662787072,"tcp_conns":56,"disk_usage_root":6.12,"disk_read_sec":94883,"disk_write_sec":59744,"disk_iops_sec":6,"io_wait":0,"open_files":0,"os_bytes_in_sec":0,"os_bytes_out_sec":0,"total_procs":516},"count":1},{"date":1637032440,"epoch_div":13641937,"totals":{"load_avg":4.0927734375,"cpu_usage":100,"mem_used":8507101184,"mem_free":6803664896,"tcp_conns":77,"disk_usage_root":6.12,"disk_read_sec":471124,"disk_write_sec":421938,"disk_iops_sec":23,"io_wait":0,"open_files":0,"os_bytes_in_sec":0,"os_bytes_out_sec":0,"total_procs":515},"count":1},{"date":1637032560,"epoch_div":13641938,"totals":{"load_avg":4.8896484375,"cpu_usage":200,"mem_used":16934809600,"mem_free":13210468352,"tcp_conns":137,"disk_usage_root":12.24,"disk_read_sec":3199237,"disk_write_sec":6808589,"disk_iops_sec":138,"io_wait":0,"open_files":0,"os_bytes_in_sec":27814,"os_bytes_out_sec":37718,"total_procs":1022},"count":2},{"date":1637032680,"epoch_div":13641939,"totals":{"load_avg":4.2060546875,"cpu_usage":200,"mem_used":17021734912,"mem_free":13094678528,"tcp_conns":132,"disk_usage_root":12.24,"disk_read_sec":247911,"disk_write_sec":168307,"disk_iops_sec":45,"io_wait":0,"open_files":0,"os_bytes_in_sec":1442,"os_bytes_out_sec":4181,"total_procs":1022},"count":2},{"date":1637032800,"epoch_div":13641940,"totals":{"load_avg":4.35986328125,"cpu_usage":200,"mem_used":17088909312,"mem_free":13058400256,"tcp_conns":129,"disk_usage_root":12.24,"disk_read_sec":47307,"disk_write_sec":247603,"disk_iops_sec":37,"io_wait":0,"open_files":0,"os_bytes_in_sec":6455,"os_bytes_out_sec":1905,"total_procs":1022},"count":2},{"date":1637032920,"epoch_div":13641941,"totals":{"load_avg":4.40234375,"cpu_usage":200,"mem_used":17122873344,"mem_free":13049683968,"tcp_conns":124,"disk_usage_root":12.24,"disk_read_sec":215431,"disk_write_sec":188469,"disk_iops_sec":35,"io_wait":0,"open_files":0,"os_bytes_in_sec":8286,"os_bytes_out_sec":1968,"total_procs":1026},"count":2},{"date":1637033040,"epoch_div":13641942,"totals":{"load_avg":5.142578125,"cpu_usage":200,"mem_used":17133973504,"mem_free":13036781568,"tcp_conns":122,"disk_usage_root":12.24,"disk_read_sec":153156,"disk_write_sec":161806,"disk_iops_sec":33,"io_wait":0,"open_files":0,"os_bytes_in_sec":765,"os_bytes_out_sec":1078,"total_procs":1022},"count":2},{"date":1637033160,"epoch_div":13641943,"totals":{"load_avg":4.0205078125,"cpu_usage":200,"mem_used":17122635776,"mem_free":13037862912,"tcp_conns":121,"disk_usage_root":12.24,"disk_read_sec":334301,"disk_write_sec":818653,"disk_iops_sec":57,"io_wait":0,"open_files":0,"os_bytes_in_sec":1001,"os_bytes_out_sec":1602,"total_procs":1021},"count":2},{"date":1637033280,"epoch_div":13641944,"totals":{"load_avg":4.7607421875,"cpu_usage":200,"mem_used":17073143808,"mem_free":13074006016,"tcp_conns":120,"disk_usage_root":12.24,"disk_read_sec":388361,"disk_write_sec":184513,"disk_iops_sec":62,"io_wait":0,"open_files":0,"os_bytes_in_sec":1061,"os_bytes_out_sec":1132,"total_procs":1024},"count":2}]}