{"type":"list_page","items":[{"date":1638195120,"epoch_div":27303252,"totals":{"load_avg":1.75341796875,"cpu_usage":100,"mem_used":8533291008,"mem_free":6069415936,"tcp_conns":103,"disk_usage_root":6.12,"disk_read_sec":53491,"disk_write_sec":58984,"disk_iops_sec":1,"io_wait":0,"open_files":0,"os_bytes_in_sec":293,"os_bytes_out_sec":235,"total_procs":504},"count":1},{"date":1638195960,"epoch_div":27303266,"totals":{"load_avg":2.400390625,"cpu_usage":100,"mem_used":8554643456,"mem_free":6146912256,"tcp_conns":108,"disk_usage_root":6.12,"disk_read_sec":320295,"disk_write_sec":129930,"disk_iops_sec":10,"io_wait":0,"open_files":0,"os_bytes_in_sec":353,"os_bytes_out_sec":740,"total_procs":511},"count":1},{"date":1638196020,"epoch_div":27303267,"totals":{"load_avg":1.892578125,"cpu_usage":100,"mem_used":8481476608,"mem_free":6115672064,"tcp_conns":109,"disk_usage_root":6.12,"disk_read_sec":14080864,"disk_write_sec":15483517,"disk_iops_sec":339,"io_wait":0,"open_files":0,"os_bytes_in_sec":13140,"os_bytes_out_sec":19557,"total_procs":515},"count":1},{"date":1638196080,"epoch_div":27303268,"totals":{"load_avg":1.65673828125,"cpu_usage":100,"mem_used":8543059968,"mem_free":6096031744,"tcp_conns":109,"disk_usage_root":6.12,"disk_read_sec":9524087,"disk_write_sec":6763110,"disk_iops_sec":288,"io_wait":0,"open_files":0,"os_bytes_in_sec":14675,"os_bytes_out_sec":6344,"total_procs":511},"count":1},{"date":1638196140,"epoch_div":27303269,"totals":{"load_avg":2.66259765625,"cpu_usage":100,"mem_used":8459083776,"mem_free":6120656896,"tcp_conns":94,"disk_usage_root":6.12,"disk_read_sec":7142400,"disk_write_sec":6686856,"disk_iops_sec":296,"io_wait":0,"open_files":0,"os_bytes_in_sec":957,"os_bytes_out_sec":1899,"total_procs":518},"count":1},{"date":1638196200,"epoch_div":27303270,"totals":{"load_avg":2.533203125,"cpu_usage":100,"mem_used":8475410432,"mem_free":6100299776,"tcp_conns":91,"disk_usage_root":6.12,"disk_read_sec":2192452,"disk_write_sec":2774562,"disk_iops_sec":84,"io_wait":0,"open_files":0,"os_bytes_in_sec":863,"os_bytes_out_sec":1126,"total_procs":517},"count":1},{"date":1638196260,"epoch_div":27303271,"totals":{"load_avg":2.140625,"cpu_usage":100,"mem_used":8559419392,"mem_free":6054219776,"tcp_conns":89,"disk_usage_root":6.12,"disk_read_sec":2441216,"disk_write_sec":2096605,"disk_iops_sec":100,"io_wait":0,"open_files":0,"os_bytes_in_sec":1160,"os_bytes_out_sec":924,"total_procs":525},"count":1},{"date":1638196320,"epoch_div":27303272,"totals":{"load_avg":1.83154296875,"cpu_usage":100,"mem_used":8518090752,"mem_free":6041473024,"tcp_conns":90,"disk_usage_root":6.12,"disk_read_sec":1886890,"disk_write_sec":1966830,"disk_iops_sec":72,"io_wait":0,"open_files":0,"os_bytes_in_sec":935,"os_bytes_out_sec":3213,"total_procs":517},"count":1},{"date":1638196380,"epoch_div":27303273,"totals":{"load_avg":1.689453125,"cpu_usage":100,"mem_used":8525664256,"mem_free":6061031424,"tcp_conns":91,"disk_usage_root":6.12,"disk_read_sec":2134224,"disk_write_sec":1602230,"disk_iops_sec":64,"io_wait":0,"open_files":0,"os_bytes_in_sec":1736,"os_bytes_out_sec":1426,"total_procs":519},"count":1},{"date":1638196440,"epoch_div":27303274,"totals":{"load_avg":2.5947265625,"cpu_usage":100,"mem_used":8473026560,"mem_free":6029422592,"tcp_conns":88,"disk_usage_root":6.12,"disk_read_sec":2028594,"disk_write_sec":1057305,"disk_iops_sec":89,"io_wait":0,"open_files":0,"os_bytes_in_sec":957,"os_bytes_out_sec":887,"total_procs":519},"count":1},{"date":1638196500,"epoch_div":27303275,"totals":{"load_avg":2.822265625,"cpu_usage":100,"mem_used":8476454912,"mem_free":6041989120,"tcp_conns":89,"disk_usage_root":6.12,"disk_read_sec":348433,"disk_write_sec":93252,"disk_iops_sec":18,"io_wait":0,"open_files":0,"os_bytes_in_sec":2844,"os_bytes_out_sec":1308,"total_procs":517},"count":1},{"date":1638196560,"epoch_div":27303276,"totals":{"load_avg":2.5654296875,"cpu_usage":100,"mem_used":8474218496,"mem_free":6047760384,"tcp_conns":89,"disk_usage_root":6.12,"disk_read_sec":343108,"disk_write_sec":77960,"disk_iops_sec":14,"io_wait":0,"open_files":0,"os_bytes_in_sec":749,"os_bytes_out_sec":730,"total_procs":517},"count":1},{"date":1638196620,"epoch_div":27303277,"totals":{"load_avg":2.12158203125,"cpu_usage":100,"mem_used":8486891520,"mem_free":6344695808,"tcp_conns":143,"disk_usage_root":6.12,"disk_read_sec":15859370,"disk_write_sec":6886877,"disk_iops_sec":430,"io_wait":0,"open_files":0,"os_bytes_in_sec":127794,"os_bytes_out_sec":17013,"total_procs":523},"count":1},{"date":1638196680,"epoch_div":27303278,"totals":{"load_avg":2.7939453125,"cpu_usage":100,"mem_used":8517320704,"mem_free":6310109184,"tcp_conns":123,"disk_usage_root":6.12,"disk_read_sec":2903040,"disk_write_sec":1182720,"disk_iops_sec":69,"io_wait":0,"open_files":0,"os_bytes_in_sec":7045,"os_bytes_out_sec":2503,"total_procs":520},"count":1},{"date":1638196740,"epoch_div":27303279,"totals":{"load_avg":2.2998046875,"cpu_usage":100,"mem_used":8319279104,"mem_free":6268948480,"tcp_conns":124,"disk_usage_root":6.12,"disk_read_sec":2267750,"disk_write_sec":4328448,"disk_iops_sec":110,"io_wait":0,"open_files":0,"os_bytes_in_sec":53737,"os_bytes_out_sec":5001,"total_procs":524},"count":1},{"date":1638196800,"epoch_div":27303280,"totals":{"load_avg":2.2119140625,"cpu_usage":100,"mem_used":8447975424,"mem_free":6206881792,"tcp_conns":119,"disk_usage_root":6.12,"disk_read_sec":1242754,"disk_write_sec":164603,"disk_iops_sec":63,"io_wait":0,"open_files":0,"os_bytes_in_sec":4714,"os_bytes_out_sec":2927,"total_procs":521},"count":1},{"date":1638196860,"epoch_div":27303281,"totals":{"load_avg":2.36572265625,"cpu_usage":100,"mem_used":8476377088,"mem_free":6236921856,"tcp_conns":119,"disk_usage_root":6.12,"disk_read_sec":890510,"disk_write_sec":193049,"disk_iops_sec":43,"io_wait":0,"open_files":0,"os_bytes_in_sec":9609,"os_bytes_out_sec":3080,"total_procs":523},"count":1},{"date":1638196920,"epoch_div":27303282,"totals":{"load_avg":1.97998046875,"cpu_usage":100,"mem_used":8533389312,"mem_free":6240706560,"tcp_conns":112,"disk_usage_root":6.12,"disk_read_sec":960238,"disk_write_sec":182203,"disk_iops_sec":79,"io_wait":0,"open_files":0,"os_bytes_in_sec":18072,"os_bytes_out_sec":2930,"total_procs":521},"count":1},{"date":1638196980,"epoch_div":27303283,"totals":{"load_avg":1.9169921875,"cpu_usage":100,"mem_used":8495181824,"mem_free":6204600320,"tcp_conns":98,"disk_usage_root":6.12,"disk_read_sec":683485,"disk_write_sec":1902182,"disk_iops_sec":55,"io_wait":0,"open_files":0,"os_bytes_in_sec":2550,"os_bytes_out_sec":1008,"total_procs":521},"count":1},{"date":1638197040,"epoch_div":27303284,"totals":{"load_avg":3.3525390625,"cpu_usage":100,"mem_used":8512245760,"mem_free":6163300352,"tcp_conns":106,"disk_usage_root":6.12,"disk_read_sec":3545497,"disk_write_sec":2867882,"disk_iops_sec":136,"io_wait":0,"open_files":0,"os_bytes_in_sec":54034,"os_bytes_out_sec":6883,"total_procs":521},"count":1},{"date":1638197100,"epoch_div":27303285,"totals":{"load_avg":2.2822265625,"cpu_usage":100,"mem_used":8415895552,"mem_free":6191992832,"tcp_conns":107,"disk_usage_root":6.12,"disk_read_sec":2980113,"disk_write_sec":2263790,"disk_iops_sec":108,"io_wait":0,"open_files":0,"os_bytes_in_sec":21991,"os_bytes_out_sec":6291,"total_procs":520},"count":1},{"date":1638197160,"epoch_div":27303286,"totals":{"load_avg":2.4091796875,"cpu_usage":100,"mem_used":8480522240,"mem_free":6220820480,"tcp_conns":110,"disk_usage_root":6.12,"disk_read_sec":5170517,"disk_write_sec":3352098,"disk_iops_sec":138,"io_wait":0,"open_files":0,"os_bytes_in_sec":107685,"os_bytes_out_sec":8192,"total_procs":521},"count":1},{"date":1638197220,"epoch_div":27303287,"totals":{"load_avg":2.3974609375,"cpu_usage":100,"mem_used":8497278976,"mem_free":6220959744,"tcp_conns":108,"disk_usage_root":6.12,"disk_read_sec":623820,"disk_write_sec":221525,"disk_iops_sec":50,"io_wait":0,"open_files":0,"os_bytes_in_sec":10001,"os_bytes_out_sec":6307,"total_procs":517},"count":1},{"date":1638197280,"epoch_div":27303288,"totals":{"load_avg":3.05224609375,"cpu_usage":100,"mem_used":8525037568,"mem_free":6199967744,"tcp_conns":111,"disk_usage_root":6.12,"disk_read_sec":4814711,"disk_write_sec":2365713,"disk_iops_sec":200,"io_wait":0,"open_files":0,"os_bytes_in_sec":13017,"os_bytes_out_sec":11697,"total_procs":522},"count":1},{"date":1638197340,"epoch_div":27303289,"totals":{"load_avg":3.767578125,"cpu_usage":100,"mem_used":8462950400,"mem_free":6374965248,"tcp_conns":108,"disk_usage_root":6.12,"disk_read_sec":8966553,"disk_write_sec":3008716,"disk_iops_sec":162,"io_wait":0,"open_files":0,"os_bytes_in_sec":22139,"os_bytes_out_sec":10298,"total_procs":522},"count":1},{"date":1638197400,"epoch_div":27303290,"totals":{"load_avg":3.5537109375,"cpu_usage":100,"mem_used":8412884992,"mem_free":6320996352,"tcp_conns":113,"disk_usage_root":6.12,"disk_read_sec":4174848,"disk_write_sec":4281685,"disk_iops_sec":235,"io_wait":0,"open_files":0,"os_bytes_in_sec":57273,"os_bytes_out_sec":7691,"total_procs":521},"count":1},{"date":1638197460,"epoch_div":27303291,"totals":{"load_avg":3.140625,"cpu_usage":100,"mem_used":8506617856,"mem_free":6350630912,"tcp_conns":109,"disk_usage_root":6.12,"disk_read_sec":1183880,"disk_write_sec":205482,"disk_iops_sec":60,"io_wait":0,"open_files":0,"os_bytes_in_sec":25906,"os_bytes_out_sec":4542,"total_procs":519},"count":1},{"date":1638197520,"epoch_div":27303292,"totals":{"load_avg":3.8408203125,"cpu_usage":100,"mem_used":8477990912,"mem_free":6262808576,"tcp_conns":116,"disk_usage_root":6.12,"disk_read_sec":4391389,"disk_write_sec":3149687,"disk_iops_sec":229,"io_wait":0,"open_files":0,"os_bytes_in_sec":13912,"os_bytes_out_sec":13444,"total_procs":522},"count":1},{"date":1638197580,"epoch_div":27303293,"totals":{"load_avg":3.43408203125,"cpu_usage":100,"mem_used":8407613440,"mem_free":6287462400,"tcp_conns":107,"disk_usage_root":6.12,"disk_read_sec":901870,"disk_write_sec":163840,"disk_iops_sec":54,"io_wait":0,"open_files":0,"os_bytes_in_sec":5499,"os_bytes_out_sec":2805,"total_procs":522},"count":1},{"date":1638197640,"epoch_div":27303294,"totals":{"load_avg":3.08935546875,"cpu_usage":100,"mem_used":8317128704,"mem_free":6295425024,"tcp_conns":102,"disk_usage_root":6.12,"disk_read_sec":3090841,"disk_write_sec":3808119,"disk_iops_sec":157,"io_wait":0,"open_files":0,"os_bytes_in_sec":16942,"os_bytes_out_sec":5541,"total_procs":523},"count":1},{"date":1638197700,"epoch_div":27303295,"totals":{"load_avg":2.2392578125,"cpu_usage":100,"mem_used":8365645824,"mem_free":6279475200,"tcp_conns":101,"disk_usage_root":6.12,"disk_read_sec":743319,"disk_write_sec":207924,"disk_iops_sec":41,"io_wait":0,"open_files":0,"os_bytes_in_sec":7845,"os_bytes_out_sec":3626,"total_procs":519},"count":1},{"date":1638197760,"epoch_div":27303296,"totals":{"load_avg":2.57861328125,"cpu_usage":100,"mem_used":8472522752,"mem_free":6281617408,"tcp_conns":107,"disk_usage_root":6.12,"disk_read_sec":870673,"disk_write_sec":206370,"disk_iops_sec":66,"io_wait":0,"open_files":0,"os_bytes_in_sec":35244,"os_bytes_out_sec":3712,"total_procs":518},"count":1},{"date":1638197820,"epoch_div":27303297,"totals":{"load_avg":2.43310546875,"cpu_usage":100,"mem_used":8448049152,"mem_free":6215258112,"tcp_conns":112,"disk_usage_root":6.12,"disk_read_sec":3747907,"disk_write_sec":2467202,"disk_iops_sec":207,"io_wait":0,"open_files":0,"os_bytes_in_sec":11174,"os_bytes_out_sec":11451,"total_procs":524},"count":1},{"date":1638197880,"epoch_div":27303298,"totals":{"load_avg":2.4794921875,"cpu_usage":100,"mem_used":8476446720,"mem_free":6216708096,"tcp_conns":108,"disk_usage_root":6.12,"disk_read_sec":775441,"disk_write_sec":277230,"disk_iops_sec":71,"io_wait":0,"open_files":0,"os_bytes_in_sec":7033,"os_bytes_out_sec":8331,"total_procs":521},"count":1},{"date":1638197940,"epoch_div":27303299,"totals":{"load_avg":2.96875,"cpu_usage":100,"mem_used":8486780928,"mem_free":6235774976,"tcp_conns":109,"disk_usage_root":6.12,"disk_read_sec":2974924,"disk_write_sec":336008,"disk_iops_sec":148,"io_wait":0,"open_files":0,"os_bytes_in_sec":18369,"os_bytes_out_sec":6905,"total_procs":524},"count":1}]}