{"type":"list_page","items":[{"date":1637856300,"epoch_div":27297605,"totals":{"load_avg":2.625,"cpu_usage":100,"mem_used":8555642880,"mem_free":6536986624,"tcp_conns":84,"disk_usage_root":6.12,"disk_read_sec":27285,"disk_write_sec":13369,"disk_iops_sec":3,"io_wait":0,"open_files":0,"os_bytes_in_sec":371,"os_bytes_out_sec":267,"total_procs":483},"count":1},{"date":1637856360,"epoch_div":27297606,"totals":{"load_avg":2.2900390625,"cpu_usage":100,"mem_used":8543555584,"mem_free":6527991808,"tcp_conns":80,"disk_usage_root":6.12,"disk_read_sec":1567665,"disk_write_sec":1227539,"disk_iops_sec":152,"io_wait":0,"open_files":0,"os_bytes_in_sec":1613,"os_bytes_out_sec":3187,"total_procs":482},"count":1},{"date":1637857380,"epoch_div":27297623,"totals":{"load_avg":2.32275390625,"cpu_usage":100,"mem_used":8554893312,"mem_free":6563889152,"tcp_conns":83,"disk_usage_root":6.12,"disk_read_sec":78984,"disk_write_sec":53962,"disk_iops_sec":3,"io_wait":0,"open_files":0,"os_bytes_in_sec":190,"os_bytes_out_sec":363,"total_procs":474},"count":1},{"date":1637857440,"epoch_div":27297624,"totals":{"load_avg":1.95654296875,"cpu_usage":100,"mem_used":8567259136,"mem_free":6481207296,"tcp_conns":83,"disk_usage_root":6.12,"disk_read_sec":847172,"disk_write_sec":529582,"disk_iops_sec":62,"io_wait":0,"open_files":0,"os_bytes_in_sec":3758,"os_bytes_out_sec":8805,"total_procs":472},"count":1},{"date":1637857860,"epoch_div":27297631,"totals":{"load_avg":2.69287109375,"cpu_usage":100,"mem_used":8536084480,"mem_free":6497603584,"tcp_conns":86,"disk_usage_root":6.12,"disk_read_sec":199630,"disk_write_sec":173293,"disk_iops_sec":7,"io_wait":0,"open_files":0,"os_bytes_in_sec":67,"os_bytes_out_sec":95,"total_procs":475},"count":1},{"date":1637857920,"epoch_div":27297632,"totals":{"load_avg":2.50634765625,"cpu_usage":100,"mem_used":8569307136,"mem_free":6480121856,"tcp_conns":84,"disk_usage_root":6.12,"disk_read_sec":1955374,"disk_write_sec":1026420,"disk_iops_sec":114,"io_wait":0,"open_files":0,"os_bytes_in_sec":5343,"os_bytes_out_sec":11906,"total_procs":482},"count":1},{"date":1637858820,"epoch_div":27297647,"totals":{"load_avg":2.27392578125,"cpu_usage":100,"mem_used":8551845888,"mem_free":6526308352,"tcp_conns":92,"disk_usage_root":6.12,"disk_read_sec":261307,"disk_write_sec":261321,"disk_iops_sec":6,"io_wait":0,"open_files":0,"os_bytes_in_sec":499,"os_bytes_out_sec":91,"total_procs":487},"count":1}]}