{"type":"list_page","items":[{"groups":{"main":{"totals":{"load_avg":3.15771484375,"cpu_usage":100,"mem_used":8485670912,"mem_free":6308016128,"tcp_conns":77,"disk_usage_root":6.12,"disk_read_sec":15846,"disk_write_sec":225481,"disk_iops_sec":26,"io_wait":0,"open_files":0,"os_bytes_in_sec":105058,"os_bytes_out_sec":1955,"total_procs":474},"count":1}},"date":1637892840,"epoch_div":27298214},{"groups":{"main":{"totals":{"load_avg":2.8837890625,"cpu_usage":100,"mem_used":8495489024,"mem_free":6295904256,"tcp_conns":77,"disk_usage_root":6.12,"disk_read_sec":16657,"disk_write_sec":217292,"disk_iops_sec":27,"io_wait":0,"open_files":0,"os_bytes_in_sec":86090,"os_bytes_out_sec":1938,"total_procs":474},"count":1}},"date":1637892900,"epoch_div":27298215},{"groups":{"main":{"totals":{"load_avg":2.06298828125,"cpu_usage":100,"mem_used":8532160512,"mem_free":6271328256,"tcp_conns":77,"disk_usage_root":6.12,"disk_read_sec":2321,"disk_write_sec":517870,"disk_iops_sec":23,"io_wait":0,"open_files":0,"os_bytes_in_sec":85139,"os_bytes_out_sec":1735,"total_procs":478},"count":1}},"date":1637892960,"epoch_div":27298216},{"groups":{"main":{"totals":{"load_avg":2.78955078125,"cpu_usage":100,"mem_used":8538034176,"mem_free":6270558208,"tcp_conns":77,"disk_usage_root":6.12,"disk_read_sec":29019,"disk_write_sec":224724,"disk_iops_sec":25,"io_wait":0,"open_files":0,"os_bytes_in_sec":95614,"os_bytes_out_sec":1999,"total_procs":476},"count":1}},"date":1637893020,"epoch_div":27298217},{"groups":{"main":{"totals":{"load_avg":2.4619140625,"cpu_usage":100,"mem_used":8551403520,"mem_free":6272229376,"tcp_conns":77,"disk_usage_root":6.12,"disk_read_sec":151619,"disk_write_sec":279736,"disk_iops_sec":57,"io_wait":0,"open_files":0,"os_bytes_in_sec":120676,"os_bytes_out_sec":2653,"total_procs":474},"count":1}},"date":1637893080,"epoch_div":27298218},{"groups":{"main":{"totals":{"load_avg":2.53955078125,"cpu_usage":100,"mem_used":8556306432,"mem_free":6272065536,"tcp_conns":76,"disk_usage_root":6.12,"disk_read_sec":15428,"disk_write_sec":229307,"disk_iops_sec":26,"io_wait":0,"open_files":0,"os_bytes_in_sec":111025,"os_bytes_out_sec":3032,"total_procs":474},"count":1}},"date":1637893140,"epoch_div":27298219},{"groups":{"main":{"totals":{"load_avg":2.775390625,"cpu_usage":100,"mem_used":8570576896,"mem_free":6272389120,"tcp_conns":77,"disk_usage_root":6.12,"disk_read_sec":78779,"disk_write_sec":215244,"disk_iops_sec":27,"io_wait":0,"open_files":0,"os_bytes_in_sec":95680,"os_bytes_out_sec":2477,"total_procs":475},"count":1}},"date":1637893200,"epoch_div":27298220},{"groups":{"main":{"totals":{"load_avg":2.7470703125,"cpu_usage":100,"mem_used":8532115456,"mem_free":6290653184,"tcp_conns":78,"disk_usage_root":6.12,"disk_read_sec":41710,"disk_write_sec":213742,"disk_iops_sec":33,"io_wait":0,"open_files":0,"os_bytes_in_sec":64869,"os_bytes_out_sec":1747,"total_procs":475},"count":1}},"date":1637893260,"epoch_div":27298221},{"groups":{"main":{"totals":{"load_avg":2.62548828125,"cpu_usage":100,"mem_used":8540897280,"mem_free":6283939840,"tcp_conns":78,"disk_usage_root":6.12,"disk_read_sec":73450,"disk_write_sec":194802,"disk_iops_sec":35,"io_wait":0,"open_files":0,"os_bytes_in_sec":58116,"os_bytes_out_sec":1477,"total_procs":475},"count":1}},"date":1637893320,"epoch_div":27298222},{"groups":{"main":{"totals":{"load_avg":2.427734375,"cpu_usage":100,"mem_used":8559001600,"mem_free":6273507328,"tcp_conns":78,"disk_usage_root":6.12,"disk_read_sec":233203,"disk_write_sec":178478,"disk_iops_sec":43,"io_wait":0,"open_files":0,"os_bytes_in_sec":67798,"os_bytes_out_sec":1399,"total_procs":474},"count":1}},"date":1637893380,"epoch_div":27298223},{"groups":{"main":{"totals":{"load_avg":2.59521484375,"cpu_usage":100,"mem_used":8474525696,"mem_free":6314504192,"tcp_conns":77,"disk_usage_root":6.12,"disk_read_sec":94003,"disk_write_sec":210466,"disk_iops_sec":34,"io_wait":0,"open_files":0,"os_bytes_in_sec":68435,"os_bytes_out_sec":1673,"total_procs":475},"count":1}},"date":1637893440,"epoch_div":27298224},{"groups":{"main":{"totals":{"load_avg":2.8623046875,"cpu_usage":100,"mem_used":8451158016,"mem_free":6328377344,"tcp_conns":78,"disk_usage_root":6.12,"disk_read_sec":85060,"disk_write_sec":181384,"disk_iops_sec":22,"io_wait":0,"open_files":0,"os_bytes_in_sec":69567,"os_bytes_out_sec":1627,"total_procs":474},"count":1}},"date":1637893500,"epoch_div":27298225},{"groups":{"main":{"totals":{"load_avg":2.80615234375,"cpu_usage":100,"mem_used":8459812864,"mem_free":6317125632,"tcp_conns":78,"disk_usage_root":6.12,"disk_read_sec":13398,"disk_write_sec":243885,"disk_iops_sec":30,"io_wait":0,"open_files":0,"os_bytes_in_sec":107551,"os_bytes_out_sec":2092,"total_procs":474},"count":1}},"date":1637893560,"epoch_div":27298226},{"groups":{"main":{"totals":{"load_avg":3.1552734375,"cpu_usage":100,"mem_used":8452825088,"mem_free":6325067776,"tcp_conns":79,"disk_usage_root":6.12,"disk_read_sec":441629,"disk_write_sec":1036019,"disk_iops_sec":39,"io_wait":0,"open_files":0,"os_bytes_in_sec":61019,"os_bytes_out_sec":2148,"total_procs":478},"count":1}},"date":1637893620,"epoch_div":27298227},{"groups":{"main":{"totals":{"load_avg":2.82470703125,"cpu_usage":100,"mem_used":8457433088,"mem_free":6322282496,"tcp_conns":76,"disk_usage_root":6.12,"disk_read_sec":94685,"disk_write_sec":196881,"disk_iops_sec":39,"io_wait":0,"open_files":0,"os_bytes_in_sec":81841,"os_bytes_out_sec":1722,"total_procs":475},"count":1}},"date":1637893680,"epoch_div":27298228},{"groups":{"main":{"totals":{"load_avg":2.53271484375,"cpu_usage":100,"mem_used":8460689408,"mem_free":6317551616,"tcp_conns":75,"disk_usage_root":6.12,"disk_read_sec":13107,"disk_write_sec":205004,"disk_iops_sec":24,"io_wait":0,"open_files":0,"os_bytes_in_sec":71337,"os_bytes_out_sec":1655,"total_procs":476},"count":1}},"date":1637893740,"epoch_div":27298229},{"groups":{"main":{"totals":{"load_avg":2.48095703125,"cpu_usage":100,"mem_used":8463319040,"mem_free":6315163648,"tcp_conns":76,"disk_usage_root":6.12,"disk_read_sec":39458,"disk_write_sec":212172,"disk_iops_sec":30,"io_wait":0,"open_files":0,"os_bytes_in_sec":69340,"os_bytes_out_sec":1570,"total_procs":475},"count":1}},"date":1637893800,"epoch_div":27298230},{"groups":{"main":{"totals":{"load_avg":2.9296875,"cpu_usage":100,"mem_used":8473288704,"mem_free":6306906112,"tcp_conns":77,"disk_usage_root":6.12,"disk_read_sec":16314,"disk_write_sec":250411,"disk_iops_sec":28,"io_wait":0,"open_files":0,"os_bytes_in_sec":116871,"os_bytes_out_sec":2559,"total_procs":474},"count":1}},"date":1637893860,"epoch_div":27298231},{"groups":{"main":{"totals":{"load_avg":2.9716796875,"cpu_usage":100,"mem_used":8477462528,"mem_free":6300811264,"tcp_conns":77,"disk_usage_root":6.12,"disk_read_sec":10041,"disk_write_sec":215700,"disk_iops_sec":26,"io_wait":0,"open_files":0,"os_bytes_in_sec":94171,"os_bytes_out_sec":1812,"total_procs":474},"count":1}},"date":1637893920,"epoch_div":27298232},{"groups":{"main":{"totals":{"load_avg":2.96240234375,"cpu_usage":100,"mem_used":8535302144,"mem_free":6283608064,"tcp_conns":77,"disk_usage_root":6.12,"disk_read_sec":288941,"disk_write_sec":293940,"disk_iops_sec":64,"io_wait":0,"open_files":0,"os_bytes_in_sec":125711,"os_bytes_out_sec":2663,"total_procs":474},"count":1}},"date":1637893980,"epoch_div":27298233},{"groups":{"main":{"totals":{"load_avg":3.26220703125,"cpu_usage":100,"mem_used":8470142976,"mem_free":6315970560,"tcp_conns":75,"disk_usage_root":6.12,"disk_read_sec":55773,"disk_write_sec":173124,"disk_iops_sec":25,"io_wait":0,"open_files":0,"os_bytes_in_sec":66767,"os_bytes_out_sec":1476,"total_procs":475},"count":1}},"date":1637894040,"epoch_div":27298234},{"groups":{"main":{"totals":{"load_avg":2.55712890625,"cpu_usage":100,"mem_used":8470974464,"mem_free":6314070016,"tcp_conns":77,"disk_usage_root":6.12,"disk_read_sec":29422,"disk_write_sec":177902,"disk_iops_sec":22,"io_wait":0,"open_files":0,"os_bytes_in_sec":66720,"os_bytes_out_sec":1644,"total_procs":474},"count":1}},"date":1637894100,"epoch_div":27298235},{"groups":{"main":{"totals":{"load_avg":3.47314453125,"cpu_usage":100,"mem_used":8518160384,"mem_free":6283792384,"tcp_conns":83,"disk_usage_root":6.12,"disk_read_sec":754551,"disk_write_sec":2256008,"disk_iops_sec":71,"io_wait":0,"open_files":0,"os_bytes_in_sec":57821,"os_bytes_out_sec":7731,"total_procs":474},"count":1}},"date":1637894160,"epoch_div":27298236},{"groups":{"main":{"totals":{"load_avg":3.30419921875,"cpu_usage":100,"mem_used":8569430016,"mem_free":6274633728,"tcp_conns":80,"disk_usage_root":6.12,"disk_read_sec":429806,"disk_write_sec":314504,"disk_iops_sec":65,"io_wait":0,"open_files":0,"os_bytes_in_sec":25195,"os_bytes_out_sec":4251,"total_procs":477},"count":1}},"date":1637894220,"epoch_div":27298237},{"groups":{"main":{"totals":{"load_avg":3.52978515625,"cpu_usage":100,"mem_used":8569139200,"mem_free":6270746624,"tcp_conns":80,"disk_usage_root":6.12,"disk_read_sec":403797,"disk_write_sec":678912,"disk_iops_sec":75,"io_wait":0,"open_files":0,"os_bytes_in_sec":30695,"os_bytes_out_sec":4222,"total_procs":476},"count":1}},"date":1637894280,"epoch_div":27298238},{"groups":{"main":{"totals":{"load_avg":2.953125,"cpu_usage":100,"mem_used":8555495424,"mem_free":6265667584,"tcp_conns":79,"disk_usage_root":6.12,"disk_read_sec":197563,"disk_write_sec":144725,"disk_iops_sec":30,"io_wait":0,"open_files":0,"os_bytes_in_sec":10163,"os_bytes_out_sec":1771,"total_procs":477},"count":1}},"date":1637894340,"epoch_div":27298239},{"groups":{"main":{"totals":{"load_avg":4.10009765625,"cpu_usage":100,"mem_used":8568418304,"mem_free":6316060672,"tcp_conns":79,"disk_usage_root":6.12,"disk_read_sec":223232,"disk_write_sec":899276,"disk_iops_sec":32,"io_wait":0,"open_files":0,"os_bytes_in_sec":9483,"os_bytes_out_sec":3336,"total_procs":475},"count":1}},"date":1637894400,"epoch_div":27298240},{"groups":{"main":{"totals":{"load_avg":2.9736328125,"cpu_usage":100,"mem_used":8527986688,"mem_free":6272552960,"tcp_conns":80,"disk_usage_root":6.12,"disk_read_sec":200089,"disk_write_sec":163976,"disk_iops_sec":30,"io_wait":0,"open_files":0,"os_bytes_in_sec":11407,"os_bytes_out_sec":1540,"total_procs":475},"count":1}},"date":1637894460,"epoch_div":27298241},{"groups":{"main":{"totals":{"load_avg":3.216796875,"cpu_usage":100,"mem_used":8548126720,"mem_free":6267281408,"tcp_conns":80,"disk_usage_root":6.12,"disk_read_sec":85606,"disk_write_sec":128546,"disk_iops_sec":23,"io_wait":0,"open_files":0,"os_bytes_in_sec":708,"os_bytes_out_sec":994,"total_procs":476},"count":1}},"date":1637894520,"epoch_div":27298242},{"groups":{"main":{"totals":{"load_avg":3.22509765625,"cpu_usage":100,"mem_used":8531505152,"mem_free":6235971584,"tcp_conns":80,"disk_usage_root":6.12,"disk_read_sec":508859,"disk_write_sec":1250508,"disk_iops_sec":51,"io_wait":0,"open_files":0,"os_bytes_in_sec":535,"os_bytes_out_sec":692,"total_procs":474},"count":1}},"date":1637894580,"epoch_div":27298243},{"groups":{"main":{"totals":{"load_avg":2.7255859375,"cpu_usage":100,"mem_used":8461062144,"mem_free":6266814464,"tcp_conns":79,"disk_usage_root":6.12,"disk_read_sec":41931,"disk_write_sec":76296,"disk_iops_sec":14,"io_wait":0,"open_files":0,"os_bytes_in_sec":152,"os_bytes_out_sec":238,"total_procs":474},"count":1}},"date":1637894640,"epoch_div":27298244},{"groups":{"main":{"totals":{"load_avg":2.15380859375,"cpu_usage":100,"mem_used":8498769920,"mem_free":6252032000,"tcp_conns":79,"disk_usage_root":6.12,"disk_read_sec":313480,"disk_write_sec":119603,"disk_iops_sec":29,"io_wait":0,"open_files":0,"os_bytes_in_sec":929,"os_bytes_out_sec":744,"total_procs":475},"count":1}},"date":1637894700,"epoch_div":27298245},{"groups":{"main":{"totals":{"load_avg":2.1884765625,"cpu_usage":100,"mem_used":8558903296,"mem_free":6223597568,"tcp_conns":78,"disk_usage_root":6.12,"disk_read_sec":154372,"disk_write_sec":440689,"disk_iops_sec":35,"io_wait":0,"open_files":0,"os_bytes_in_sec":672,"os_bytes_out_sec":705,"total_procs":476},"count":1}},"date":1637894760,"epoch_div":27298246},{"groups":{"main":{"totals":{"load_avg":2.6767578125,"cpu_usage":100,"mem_used":8555782144,"mem_free":6228463616,"tcp_conns":81,"disk_usage_root":6.12,"disk_read_sec":59938,"disk_write_sec":76936,"disk_iops_sec":20,"io_wait":0,"open_files":0,"os_bytes_in_sec":850,"os_bytes_out_sec":909,"total_procs":474},"count":1}},"date":1637894820,"epoch_div":27298247},{"groups":{"main":{"totals":{"load_avg":2.640625,"cpu_usage":100,"mem_used":8562294784,"mem_free":6218952704,"tcp_conns":77,"disk_usage_root":6.12,"disk_read_sec":126839,"disk_write_sec":90589,"disk_iops_sec":19,"io_wait":0,"open_files":0,"os_bytes_in_sec":304,"os_bytes_out_sec":350,"total_procs":475},"count":1}},"date":1637894880,"epoch_div":27298248},{"groups":{"main":{"totals":{"load_avg":3.55810546875,"cpu_usage":100,"mem_used":8558346240,"mem_free":6226006016,"tcp_conns":79,"disk_usage_root":6.12,"disk_read_sec":35892,"disk_write_sec":73450,"disk_iops_sec":14,"io_wait":0,"open_files":0,"os_bytes_in_sec":731,"os_bytes_out_sec":1501,"total_procs":473},"count":1}},"date":1637894940,"epoch_div":27298249},{"groups":{"main":{"totals":{"load_avg":2.71337890625,"cpu_usage":100,"mem_used":8556638208,"mem_free":6221770752,"tcp_conns":79,"disk_usage_root":6.12,"disk_read_sec":171494,"disk_write_sec":80644,"disk_iops_sec":22,"io_wait":0,"open_files":0,"os_bytes_in_sec":293,"os_bytes_out_sec":360,"total_procs":474},"count":1}},"date":1637895000,"epoch_div":27298250},{"groups":{"main":{"totals":{"load_avg":3.17236328125,"cpu_usage":100,"mem_used":8474456064,"mem_free":5947273216,"tcp_conns":80,"disk_usage_root":6.12,"disk_read_sec":25535,"disk_write_sec":105410,"disk_iops_sec":3,"io_wait":0,"open_files":0,"os_bytes_in_sec":159,"os_bytes_out_sec":282,"total_procs":484},"count":1}},"date":1637896800,"epoch_div":27298280},{"groups":{"main":{"totals":{"load_avg":2.998046875,"cpu_usage":100,"mem_used":8561909760,"mem_free":6089170944,"tcp_conns":85,"disk_usage_root":6.12,"disk_read_sec":21045248,"disk_write_sec":17965056,"disk_iops_sec":2012,"io_wait":0,"open_files":0,"os_bytes_in_sec":422421,"os_bytes_out_sec":55720,"total_procs":484},"count":1}},"date":1637897700,"epoch_div":27298295},{"groups":{"main":{"totals":{"load_avg":2.83837890625,"cpu_usage":100,"mem_used":8548331520,"mem_free":6210048000,"tcp_conns":82,"disk_usage_root":6.12,"disk_read_sec":90474,"disk_write_sec":59595,"disk_iops_sec":4,"io_wait":0,"open_files":0,"os_bytes_in_sec":245,"os_bytes_out_sec":526,"total_procs":476},"count":1}},"date":1637897760,"epoch_div":27298296},{"groups":{"main":{"totals":{"load_avg":2.74462890625,"cpu_usage":100,"mem_used":8487534592,"mem_free":6190362624,"tcp_conns":94,"disk_usage_root":6.12,"disk_read_sec":10529474,"disk_write_sec":3961538,"disk_iops_sec":377,"io_wait":0,"open_files":0,"os_bytes_in_sec":55670,"os_bytes_out_sec":16462,"total_procs":473},"count":1}},"date":1637897820,"epoch_div":27298297},{"groups":{"main":{"totals":{"load_avg":4.08544921875,"cpu_usage":100,"mem_used":8405594112,"mem_free":6388981760,"tcp_conns":165,"disk_usage_root":6.12,"disk_read_sec":5562299,"disk_write_sec":1206681,"disk_iops_sec":331,"io_wait":0,"open_files":0,"os_bytes_in_sec":421891,"os_bytes_out_sec":40808,"total_procs":472},"count":1}},"date":1637897880,"epoch_div":27298298},{"groups":{"main":{"totals":{"load_avg":3.31640625,"cpu_usage":100,"mem_used":8123207680,"mem_free":6523813888,"tcp_conns":141,"disk_usage_root":6.12,"disk_read_sec":1837056,"disk_write_sec":1699157,"disk_iops_sec":135,"io_wait":0,"open_files":0,"os_bytes_in_sec":251368,"os_bytes_out_sec":17585,"total_procs":473},"count":1}},"date":1637897940,"epoch_div":27298299},{"groups":{"main":{"totals":{"load_avg":3.26513671875,"cpu_usage":100,"mem_used":8509341696,"mem_free":6327934976,"tcp_conns":128,"disk_usage_root":6.12,"disk_read_sec":293546,"disk_write_sec":814762,"disk_iops_sec":81,"io_wait":0,"open_files":0,"os_bytes_in_sec":403729,"os_bytes_out_sec":23069,"total_procs":473},"count":1}},"date":1637898000,"epoch_div":27298300},{"groups":{"main":{"totals":{"load_avg":2.591796875,"cpu_usage":100,"mem_used":8285118464,"mem_free":6407155712,"tcp_conns":136,"disk_usage_root":6.12,"disk_read_sec":2356360,"disk_write_sec":2047453,"disk_iops_sec":153,"io_wait":0,"open_files":0,"os_bytes_in_sec":461679,"os_bytes_out_sec":29878,"total_procs":472},"count":1}},"date":1637898060,"epoch_div":27298301},{"groups":{"main":{"totals":{"load_avg":3.06982421875,"cpu_usage":100,"mem_used":8273694720,"mem_free":6413516800,"tcp_conns":124,"disk_usage_root":6.12,"disk_read_sec":1550199,"disk_write_sec":1879859,"disk_iops_sec":105,"io_wait":0,"open_files":0,"os_bytes_in_sec":117121,"os_bytes_out_sec":11298,"total_procs":473},"count":1}},"date":1637898120,"epoch_div":27298302},{"groups":{"main":{"totals":{"load_avg":3.3740234375,"cpu_usage":100,"mem_used":8442458112,"mem_free":6329999360,"tcp_conns":213,"disk_usage_root":6.12,"disk_read_sec":1743598,"disk_write_sec":906376,"disk_iops_sec":157,"io_wait":0,"open_files":0,"os_bytes_in_sec":178437,"os_bytes_out_sec":158922,"total_procs":488},"count":1}},"date":1637898180,"epoch_div":27298303},{"groups":{"main":{"totals":{"load_avg":6.73193359375,"cpu_usage":100,"mem_used":8268304384,"mem_free":6432952320,"tcp_conns":202,"disk_usage_root":6.12,"disk_read_sec":305288,"disk_write_sec":587161,"disk_iops_sec":96,"io_wait":0,"open_files":0,"os_bytes_in_sec":89042,"os_bytes_out_sec":87509,"total_procs":475},"count":1}},"date":1637898240,"epoch_div":27298304},{"groups":{"main":{"totals":{"load_avg":4.76806640625,"cpu_usage":100,"mem_used":8533241856,"mem_free":6302777344,"tcp_conns":191,"disk_usage_root":6.12,"disk_read_sec":3543040,"disk_write_sec":2822352,"disk_iops_sec":217,"io_wait":0,"open_files":0,"os_bytes_in_sec":70864,"os_bytes_out_sec":128636,"total_procs":482},"count":1}},"date":1637898300,"epoch_div":27298305},{"groups":{"main":{"totals":{"load_avg":4.39501953125,"cpu_usage":100,"mem_used":8497491968,"mem_free":6304014336,"tcp_conns":191,"disk_usage_root":6.12,"disk_read_sec":3286939,"disk_write_sec":3870518,"disk_iops_sec":198,"io_wait":0,"open_files":0,"os_bytes_in_sec":226263,"os_bytes_out_sec":134004,"total_procs":480},"count":1}},"date":1637898360,"epoch_div":27298306},{"groups":{"main":{"totals":{"load_avg":4.75732421875,"cpu_usage":100,"mem_used":8456368128,"mem_free":6250758144,"tcp_conns":174,"disk_usage_root":6.12,"disk_read_sec":6733209,"disk_write_sec":2344686,"disk_iops_sec":365,"io_wait":0,"open_files":0,"os_bytes_in_sec":83216,"os_bytes_out_sec":93371,"total_procs":485},"count":1}},"date":1637898420,"epoch_div":27298307},{"groups":{"main":{"totals":{"load_avg":5.65869140625,"cpu_usage":100,"mem_used":8234545152,"mem_free":6328893440,"tcp_conns":161,"disk_usage_root":6.12,"disk_read_sec":2734806,"disk_write_sec":972601,"disk_iops_sec":172,"io_wait":0,"open_files":0,"os_bytes_in_sec":47376,"os_bytes_out_sec":86146,"total_procs":481},"count":1}},"date":1637898480,"epoch_div":27298308},{"groups":{"main":{"totals":{"load_avg":3.77783203125,"cpu_usage":100,"mem_used":8238522368,"mem_free":6350479360,"tcp_conns":146,"disk_usage_root":6.12,"disk_read_sec":565742,"disk_write_sec":570473,"disk_iops_sec":106,"io_wait":0,"open_files":0,"os_bytes_in_sec":25218,"os_bytes_out_sec":73262,"total_procs":482},"count":1}},"date":1637898540,"epoch_div":27298309},{"groups":{"main":{"totals":{"load_avg":3.0380859375,"cpu_usage":100,"mem_used":8098721792,"mem_free":6422835200,"tcp_conns":136,"disk_usage_root":6.12,"disk_read_sec":2753740,"disk_write_sec":2812381,"disk_iops_sec":176,"io_wait":0,"open_files":0,"os_bytes_in_sec":54764,"os_bytes_out_sec":111239,"total_procs":479},"count":1}},"date":1637898600,"epoch_div":27298310},{"groups":{"main":{"totals":{"load_avg":5.23876953125,"cpu_usage":100,"mem_used":7795027968,"mem_free":6588612608,"tcp_conns":151,"disk_usage_root":6.12,"disk_read_sec":687104,"disk_write_sec":473634,"disk_iops_sec":98,"io_wait":0,"open_files":0,"os_bytes_in_sec":43457,"os_bytes_out_sec":137664,"total_procs":472},"count":1}},"date":1637898660,"epoch_div":27298311},{"groups":{"main":{"totals":{"load_avg":3.607421875,"cpu_usage":100,"mem_used":8184475648,"mem_free":6407794688,"tcp_conns":139,"disk_usage_root":6.12,"disk_read_sec":1406293,"disk_write_sec":715776,"disk_iops_sec":76,"io_wait":0,"open_files":0,"os_bytes_in_sec":71291,"os_bytes_out_sec":136538,"total_procs":477},"count":1}},"date":1637898720,"epoch_div":27298312},{"groups":{"main":{"totals":{"load_avg":3.1181640625,"cpu_usage":100,"mem_used":8396902400,"mem_free":6299918336,"tcp_conns":126,"disk_usage_root":6.12,"disk_read_sec":391372,"disk_write_sec":349115,"disk_iops_sec":57,"io_wait":0,"open_files":0,"os_bytes_in_sec":63457,"os_bytes_out_sec":99650,"total_procs":478},"count":1}},"date":1637898780,"epoch_div":27298313},{"groups":{"main":{"totals":{"load_avg":3.75390625,"cpu_usage":100,"mem_used":8423518208,"mem_free":6388072448,"tcp_conns":128,"disk_usage_root":6.12,"disk_read_sec":4671661,"disk_write_sec":567955,"disk_iops_sec":228,"io_wait":0,"open_files":0,"os_bytes_in_sec":59045,"os_bytes_out_sec":93650,"total_procs":485},"count":1}},"date":1637898840,"epoch_div":27298314},{"groups":{"main":{"totals":{"load_avg":3.01904296875,"cpu_usage":100,"mem_used":8303644672,"mem_free":6314713088,"tcp_conns":120,"disk_usage_root":6.12,"disk_read_sec":2904668,"disk_write_sec":3709230,"disk_iops_sec":158,"io_wait":0,"open_files":0,"os_bytes_in_sec":31279,"os_bytes_out_sec":8463,"total_procs":478},"count":1}},"date":1637898900,"epoch_div":27298315},{"groups":{"main":{"totals":{"load_avg":2.8193359375,"cpu_usage":100,"mem_used":8469204992,"mem_free":6253957120,"tcp_conns":127,"disk_usage_root":6.12,"disk_read_sec":4274858,"disk_write_sec":1802922,"disk_iops_sec":280,"io_wait":0,"open_files":0,"os_bytes_in_sec":73538,"os_bytes_out_sec":102899,"total_procs":482},"count":1}},"date":1637898960,"epoch_div":27298316},{"groups":{"main":{"totals":{"load_avg":5.580078125,"cpu_usage":100,"mem_used":8536502272,"mem_free":6295904256,"tcp_conns":132,"disk_usage_root":6.12,"disk_read_sec":2771421,"disk_write_sec":1185109,"disk_iops_sec":151,"io_wait":0,"open_files":0,"os_bytes_in_sec":43121,"os_bytes_out_sec":36663,"total_procs":484},"count":1}},"date":1637899020,"epoch_div":27298317},{"groups":{"main":{"totals":{"load_avg":3.8408203125,"cpu_usage":100,"mem_used":8149209088,"mem_free":6391947264,"tcp_conns":122,"disk_usage_root":6.12,"disk_read_sec":5331968,"disk_write_sec":1034990,"disk_iops_sec":309,"io_wait":0,"open_files":0,"os_bytes_in_sec":49758,"os_bytes_out_sec":144329,"total_procs":481},"count":1}},"date":1637899080,"epoch_div":27298318},{"groups":{"main":{"totals":{"load_avg":4.23779296875,"cpu_usage":100,"mem_used":8441077760,"mem_free":6265585664,"tcp_conns":119,"disk_usage_root":6.12,"disk_read_sec":109021,"disk_write_sec":331161,"disk_iops_sec":52,"io_wait":0,"open_files":0,"os_bytes_in_sec":66288,"os_bytes_out_sec":56106,"total_procs":482},"count":1}},"date":1637899140,"epoch_div":27298319},{"groups":{"main":{"totals":{"load_avg":3.66552734375,"cpu_usage":100,"mem_used":8052965376,"mem_free":6523052032,"tcp_conns":119,"disk_usage_root":6.12,"disk_read_sec":2940108,"disk_write_sec":1541256,"disk_iops_sec":158,"io_wait":0,"open_files":0,"os_bytes_in_sec":88846,"os_bytes_out_sec":48557,"total_procs":479},"count":1}},"date":1637899200,"epoch_div":27298320},{"groups":{"main":{"totals":{"load_avg":3.76513671875,"cpu_usage":100,"mem_used":8231845888,"mem_free":6339289088,"tcp_conns":115,"disk_usage_root":6.12,"disk_read_sec":1921228,"disk_write_sec":402227,"disk_iops_sec":122,"io_wait":0,"open_files":0,"os_bytes_in_sec":70547,"os_bytes_out_sec":98400,"total_procs":478},"count":1}},"date":1637899260,"epoch_div":27298321},{"groups":{"main":{"totals":{"load_avg":3.40966796875,"cpu_usage":100,"mem_used":8410869760,"mem_free":6255808512,"tcp_conns":129,"disk_usage_root":6.12,"disk_read_sec":627029,"disk_write_sec":490973,"disk_iops_sec":110,"io_wait":0,"open_files":0,"os_bytes_in_sec":62669,"os_bytes_out_sec":104325,"total_procs":478},"count":1}},"date":1637899320,"epoch_div":27298322},{"groups":{"main":{"totals":{"load_avg":3.49658203125,"cpu_usage":100,"mem_used":8324968448,"mem_free":6350417920,"tcp_conns":184,"disk_usage_root":6.12,"disk_read_sec":12187960,"disk_write_sec":4162299,"disk_iops_sec":622,"io_wait":0,"open_files":0,"os_bytes_in_sec":297066,"os_bytes_out_sec":45961,"total_procs":481},"count":1}},"date":1637899380,"epoch_div":27298323},{"groups":{"main":{"totals":{"load_avg":2.86767578125,"cpu_usage":100,"mem_used":8214290432,"mem_free":6361075712,"tcp_conns":163,"disk_usage_root":6.12,"disk_read_sec":1419468,"disk_write_sec":377173,"disk_iops_sec":96,"io_wait":0,"open_files":0,"os_bytes_in_sec":15536,"os_bytes_out_sec":70781,"total_procs":477},"count":1}},"date":1637899440,"epoch_div":27298324},{"groups":{"main":{"totals":{"load_avg":3.77197265625,"cpu_usage":100,"mem_used":8436363264,"mem_free":6307110912,"tcp_conns":186,"disk_usage_root":6.12,"disk_read_sec":4684346,"disk_write_sec":2936764,"disk_iops_sec":298,"io_wait":0,"open_files":0,"os_bytes_in_sec":149266,"os_bytes_out_sec":19856,"total_procs":480},"count":1}},"date":1637899500,"epoch_div":27298325},{"groups":{"main":{"totals":{"load_avg":4.9658203125,"cpu_usage":100,"mem_used":8475262976,"mem_free":6224011264,"tcp_conns":180,"disk_usage_root":6.12,"disk_read_sec":1801079,"disk_write_sec":308428,"disk_iops_sec":99,"io_wait":0,"open_files":0,"os_bytes_in_sec":90058,"os_bytes_out_sec":5584,"total_procs":475},"count":1}},"date":1637899560,"epoch_div":27298326},{"groups":{"main":{"totals":{"load_avg":4.01904296875,"cpu_usage":100,"mem_used":8361189376,"mem_free":6221582336,"tcp_conns":155,"disk_usage_root":6.12,"disk_read_sec":775031,"disk_write_sec":194901,"disk_iops_sec":66,"io_wait":0,"open_files":0,"os_bytes_in_sec":3272,"os_bytes_out_sec":1637,"total_procs":476},"count":1}},"date":1637899620,"epoch_div":27298327},{"groups":{"main":{"totals":{"load_avg":3.31005859375,"cpu_usage":100,"mem_used":8470712320,"mem_free":6232776704,"tcp_conns":158,"disk_usage_root":6.12,"disk_read_sec":2905292,"disk_write_sec":219818,"disk_iops_sec":161,"io_wait":0,"open_files":0,"os_bytes_in_sec":28164,"os_bytes_out_sec":13328,"total_procs":479},"count":1}},"date":1637899680,"epoch_div":27298328},{"groups":{"main":{"totals":{"load_avg":3.2353515625,"cpu_usage":100,"mem_used":8489226240,"mem_free":6307983360,"tcp_conns":133,"disk_usage_root":6.12,"disk_read_sec":2257305,"disk_write_sec":190737,"disk_iops_sec":55,"io_wait":0,"open_files":0,"os_bytes_in_sec":8807,"os_bytes_out_sec":3536,"total_procs":478},"count":1}},"date":1637899740,"epoch_div":27298329},{"groups":{"main":{"totals":{"load_avg":2.75,"cpu_usage":100,"mem_used":8529997824,"mem_free":6282747904,"tcp_conns":110,"disk_usage_root":6.12,"disk_read_sec":87751,"disk_write_sec":96776,"disk_iops_sec":17,"io_wait":0,"open_files":0,"os_bytes_in_sec":818,"os_bytes_out_sec":999,"total_procs":477},"count":1}},"date":1637899800,"epoch_div":27298330},{"groups":{"main":{"totals":{"load_avg":3.04736328125,"cpu_usage":100,"mem_used":8491048960,"mem_free":6299394048,"tcp_conns":103,"disk_usage_root":6.12,"disk_read_sec":576998,"disk_write_sec":1506387,"disk_iops_sec":27,"io_wait":0,"open_files":0,"os_bytes_in_sec":59674,"os_bytes_out_sec":588,"total_procs":478},"count":1}},"date":1637899860,"epoch_div":27298331},{"groups":{"main":{"totals":{"load_avg":2.7802734375,"cpu_usage":100,"mem_used":8493047808,"mem_free":6303248384,"tcp_conns":87,"disk_usage_root":6.12,"disk_read_sec":57207,"disk_write_sec":69632,"disk_iops_sec":14,"io_wait":0,"open_files":0,"os_bytes_in_sec":287,"os_bytes_out_sec":421,"total_procs":476},"count":1}},"date":1637899920,"epoch_div":27298332},{"groups":{"main":{"totals":{"load_avg":1.9140625,"cpu_usage":100,"mem_used":8502788096,"mem_free":6291709952,"tcp_conns":85,"disk_usage_root":6.12,"disk_read_sec":127044,"disk_write_sec":229990,"disk_iops_sec":47,"io_wait":0,"open_files":0,"os_bytes_in_sec":304,"os_bytes_out_sec":621,"total_procs":476},"count":1}},"date":1637899980,"epoch_div":27298333},{"groups":{"main":{"totals":{"load_avg":2.33740234375,"cpu_usage":100,"mem_used":8545308672,"mem_free":6279753728,"tcp_conns":84,"disk_usage_root":6.12,"disk_read_sec":418542,"disk_write_sec":108475,"disk_iops_sec":37,"io_wait":0,"open_files":0,"os_bytes_in_sec":1034,"os_bytes_out_sec":1013,"total_procs":478},"count":1}},"date":1637900040,"epoch_div":27298334},{"groups":{"main":{"totals":{"load_avg":3.7197265625,"cpu_usage":100,"mem_used":8568520704,"mem_free":6296535040,"tcp_conns":100,"disk_usage_root":6.12,"disk_read_sec":701235,"disk_write_sec":218862,"disk_iops_sec":86,"io_wait":0,"open_files":0,"os_bytes_in_sec":13422,"os_bytes_out_sec":6382,"total_procs":479},"count":1}},"date":1637900100,"epoch_div":27298335},{"groups":{"main":{"totals":{"load_avg":2.49169921875,"cpu_usage":100,"mem_used":8540622848,"mem_free":6307471360,"tcp_conns":89,"disk_usage_root":6.12,"disk_read_sec":111957,"disk_write_sec":114961,"disk_iops_sec":21,"io_wait":0,"open_files":0,"os_bytes_in_sec":551,"os_bytes_out_sec":611,"total_procs":474},"count":1}},"date":1637900160,"epoch_div":27298336},{"groups":{"main":{"totals":{"load_avg":2.91650390625,"cpu_usage":100,"mem_used":8446009344,"mem_free":6190243840,"tcp_conns":103,"disk_usage_root":6.12,"disk_read_sec":2562662,"disk_write_sec":4920797,"disk_iops_sec":151,"io_wait":0,"open_files":0,"os_bytes_in_sec":8504,"os_bytes_out_sec":8513,"total_procs":478},"count":1}},"date":1637900220,"epoch_div":27298337},{"groups":{"main":{"totals":{"load_avg":2.99365234375,"cpu_usage":100,"mem_used":8301559808,"mem_free":6262669312,"tcp_conns":101,"disk_usage_root":6.12,"disk_read_sec":2003490,"disk_write_sec":319078,"disk_iops_sec":126,"io_wait":0,"open_files":0,"os_bytes_in_sec":18722,"os_bytes_out_sec":8514,"total_procs":477},"count":1}},"date":1637900280,"epoch_div":27298338},{"groups":{"main":{"totals":{"load_avg":2.92138671875,"cpu_usage":100,"mem_used":8517701632,"mem_free":6142943232,"tcp_conns":133,"disk_usage_root":6.12,"disk_read_sec":1129267,"disk_write_sec":1268531,"disk_iops_sec":122,"io_wait":0,"open_files":0,"os_bytes_in_sec":124277,"os_bytes_out_sec":17555,"total_procs":475},"count":1}},"date":1637900340,"epoch_div":27298339},{"groups":{"main":{"totals":{"load_avg":3.169921875,"cpu_usage":100,"mem_used":8011825152,"mem_free":6410555392,"tcp_conns":122,"disk_usage_root":6.12,"disk_read_sec":2750122,"disk_write_sec":1583240,"disk_iops_sec":275,"io_wait":0,"open_files":0,"os_bytes_in_sec":706640,"os_bytes_out_sec":35566,"total_procs":473},"count":1}},"date":1637900400,"epoch_div":27298340},{"groups":{"main":{"totals":{"load_avg":3.064453125,"cpu_usage":100,"mem_used":8364183552,"mem_free":6262181888,"tcp_conns":131,"disk_usage_root":6.12,"disk_read_sec":401134,"disk_write_sec":787046,"disk_iops_sec":103,"io_wait":0,"open_files":0,"os_bytes_in_sec":302288,"os_bytes_out_sec":21036,"total_procs":474},"count":1}},"date":1637900460,"epoch_div":27298341},{"groups":{"main":{"totals":{"load_avg":3.90234375,"cpu_usage":100,"mem_used":8242569216,"mem_free":6305226752,"tcp_conns":133,"disk_usage_root":6.12,"disk_read_sec":520260,"disk_write_sec":1039906,"disk_iops_sec":116,"io_wait":0,"open_files":0,"os_bytes_in_sec":174458,"os_bytes_out_sec":27801,"total_procs":476},"count":1}},"date":1637900520,"epoch_div":27298342},{"groups":{"main":{"totals":{"load_avg":2.63037109375,"cpu_usage":100,"mem_used":8003411968,"mem_free":6411370496,"tcp_conns":114,"disk_usage_root":6.12,"disk_read_sec":729838,"disk_write_sec":279961,"disk_iops_sec":63,"io_wait":0,"open_files":0,"os_bytes_in_sec":19594,"os_bytes_out_sec":6102,"total_procs":473},"count":1}},"date":1637900580,"epoch_div":27298343},{"groups":{"main":{"totals":{"load_avg":2.34521484375,"cpu_usage":100,"mem_used":8097832960,"mem_free":6354628608,"tcp_conns":124,"disk_usage_root":6.12,"disk_read_sec":199202,"disk_write_sec":296482,"disk_iops_sec":43,"io_wait":0,"open_files":0,"os_bytes_in_sec":29576,"os_bytes_out_sec":5395,"total_procs":474},"count":1}},"date":1637900640,"epoch_div":27298344},{"groups":{"main":{"totals":{"load_avg":2.3330078125,"cpu_usage":100,"mem_used":8475901952,"mem_free":6239424512,"tcp_conns":137,"disk_usage_root":6.12,"disk_read_sec":2539034,"disk_write_sec":315322,"disk_iops_sec":118,"io_wait":0,"open_files":0,"os_bytes_in_sec":26340,"os_bytes_out_sec":9004,"total_procs":477},"count":1}},"date":1637900700,"epoch_div":27298345},{"groups":{"main":{"totals":{"load_avg":3.2431640625,"cpu_usage":100,"mem_used":8512372736,"mem_free":6242541568,"tcp_conns":128,"disk_usage_root":6.12,"disk_read_sec":351315,"disk_write_sec":241261,"disk_iops_sec":44,"io_wait":0,"open_files":0,"os_bytes_in_sec":6122,"os_bytes_out_sec":5749,"total_procs":476},"count":1}},"date":1637900760,"epoch_div":27298346},{"groups":{"main":{"totals":{"load_avg":4.54443359375,"cpu_usage":100,"mem_used":8565460992,"mem_free":6315778048,"tcp_conns":111,"disk_usage_root":6.12,"disk_read_sec":2653934,"disk_write_sec":320307,"disk_iops_sec":169,"io_wait":0,"open_files":0,"os_bytes_in_sec":41226,"os_bytes_out_sec":7908,"total_procs":481},"count":1}},"date":1637900820,"epoch_div":27298347},{"groups":{"main":{"totals":{"load_avg":6.8701171875,"cpu_usage":100,"mem_used":8553623552,"mem_free":6242881536,"tcp_conns":119,"disk_usage_root":6.12,"disk_read_sec":4865228,"disk_write_sec":5353472,"disk_iops_sec":277,"io_wait":0,"open_files":0,"os_bytes_in_sec":49365,"os_bytes_out_sec":22689,"total_procs":479},"count":1}},"date":1637900880,"epoch_div":27298348},{"groups":{"main":{"totals":{"load_avg":4.5341796875,"cpu_usage":100,"mem_used":8524926976,"mem_free":6241124352,"tcp_conns":108,"disk_usage_root":6.12,"disk_read_sec":3359948,"disk_write_sec":1001130,"disk_iops_sec":203,"io_wait":0,"open_files":0,"os_bytes_in_sec":38198,"os_bytes_out_sec":6387,"total_procs":480},"count":1}},"date":1637900940,"epoch_div":27298349},{"groups":{"main":{"totals":{"load_avg":4.57275390625,"cpu_usage":100,"mem_used":8497434624,"mem_free":6275678208,"tcp_conns":155,"disk_usage_root":6.12,"disk_read_sec":4744123,"disk_write_sec":2833408,"disk_iops_sec":259,"io_wait":0,"open_files":0,"os_bytes_in_sec":49555,"os_bytes_out_sec":24432,"total_procs":481},"count":1}},"date":1637901000,"epoch_div":27298350},{"groups":{"main":{"totals":{"load_avg":7.02099609375,"cpu_usage":100,"mem_used":8522964992,"mem_free":6379442176,"tcp_conns":210,"disk_usage_root":6.12,"disk_read_sec":8129262,"disk_write_sec":3926220,"disk_iops_sec":359,"io_wait":0,"open_files":0,"os_bytes_in_sec":107345,"os_bytes_out_sec":37128,"total_procs":483},"count":1}},"date":1637901060,"epoch_div":27298351},{"groups":{"main":{"totals":{"load_avg":4.05908203125,"cpu_usage":100,"mem_used":8256077824,"mem_free":6498476032,"tcp_conns":182,"disk_usage_root":6.12,"disk_read_sec":1169134,"disk_write_sec":1087488,"disk_iops_sec":83,"io_wait":0,"open_files":0,"os_bytes_in_sec":17402,"os_bytes_out_sec":8916,"total_procs":480},"count":1}},"date":1637901120,"epoch_div":27298352},{"groups":{"main":{"totals":{"load_avg":4.42919921875,"cpu_usage":100,"mem_used":8169521152,"mem_free":6281863168,"tcp_conns":195,"disk_usage_root":6.12,"disk_read_sec":3946973,"disk_write_sec":7545992,"disk_iops_sec":274,"io_wait":0,"open_files":0,"os_bytes_in_sec":53680,"os_bytes_out_sec":22980,"total_procs":481},"count":1}},"date":1637901180,"epoch_div":27298353},{"groups":{"main":{"totals":{"load_avg":4.29248046875,"cpu_usage":100,"mem_used":8538214400,"mem_free":6194204672,"tcp_conns":200,"disk_usage_root":6.12,"disk_read_sec":2582830,"disk_write_sec":772465,"disk_iops_sec":163,"io_wait":0,"open_files":0,"os_bytes_in_sec":330092,"os_bytes_out_sec":33075,"total_procs":484},"count":1}},"date":1637901240,"epoch_div":27298354},{"groups":{"main":{"totals":{"load_avg":3.640625,"cpu_usage":100,"mem_used":8568774656,"mem_free":6195507200,"tcp_conns":185,"disk_usage_root":6.12,"disk_read_sec":3724583,"disk_write_sec":483397,"disk_iops_sec":210,"io_wait":0,"open_files":0,"os_bytes_in_sec":61227,"os_bytes_out_sec":17270,"total_procs":485},"count":1}},"date":1637901300,"epoch_div":27298355},{"groups":{"main":{"totals":{"load_avg":3.404296875,"cpu_usage":100,"mem_used":8567582720,"mem_free":6242365440,"tcp_conns":155,"disk_usage_root":6.12,"disk_read_sec":761446,"disk_write_sec":413764,"disk_iops_sec":88,"io_wait":0,"open_files":0,"os_bytes_in_sec":53700,"os_bytes_out_sec":5073,"total_procs":482},"count":1}},"date":1637901360,"epoch_div":27298356}]}