{"type":"list_page","items":[{"groups":{"main":{"totals":{"load_avg":3.41748046875,"cpu_usage":100,"mem_used":8499134464,"mem_free":6227062784,"tcp_conns":22,"disk_usage_root":6.12,"disk_read_sec":39936,"disk_write_sec":76868,"disk_iops_sec":15,"io_wait":0,"open_files":0,"os_bytes_in_sec":268,"os_bytes_out_sec":210,"total_procs":494},"count":1}},"date":1636732080,"epoch_div":27278868},{"groups":{"main":{"totals":{"load_avg":2.78662109375,"cpu_usage":100,"mem_used":8519200768,"mem_free":6249099264,"tcp_conns":21,"disk_usage_root":6.12,"disk_read_sec":17203,"disk_write_sec":356283,"disk_iops_sec":15,"io_wait":0,"open_files":0,"os_bytes_in_sec":500,"os_bytes_out_sec":388,"total_procs":494},"count":1}},"date":1636732140,"epoch_div":27278869},{"groups":{"main":{"totals":{"load_avg":3.4033203125,"cpu_usage":100,"mem_used":8540594176,"mem_free":6224515072,"tcp_conns":22,"disk_usage_root":6.12,"disk_read_sec":73591,"disk_write_sec":57890,"disk_iops_sec":14,"io_wait":0,"open_files":0,"os_bytes_in_sec":390,"os_bytes_out_sec":236,"total_procs":493},"count":1}},"date":1636732200,"epoch_div":27278870},{"groups":{"main":{"totals":{"load_avg":2.6171875,"cpu_usage":100,"mem_used":8542515200,"mem_free":6181732352,"tcp_conns":22,"disk_usage_root":6.12,"disk_read_sec":3549,"disk_write_sec":63010,"disk_iops_sec":10,"io_wait":0,"open_files":0,"os_bytes_in_sec":99,"os_bytes_out_sec":78,"total_procs":494},"count":1}},"date":1636732260,"epoch_div":27278871},{"groups":{"main":{"totals":{"load_avg":1.92333984375,"cpu_usage":100,"mem_used":8541569024,"mem_free":6203781120,"tcp_conns":22,"disk_usage_root":6.12,"disk_read_sec":0,"disk_write_sec":49629,"disk_iops_sec":9,"io_wait":0,"open_files":0,"os_bytes_in_sec":109,"os_bytes_out_sec":127,"total_procs":493},"count":1}},"date":1636732320,"epoch_div":27278872},{"groups":{"main":{"totals":{"load_avg":1.90673828125,"cpu_usage":100,"mem_used":8545456128,"mem_free":6200279040,"tcp_conns":22,"disk_usage_root":6.12,"disk_read_sec":10035,"disk_write_sec":82056,"disk_iops_sec":13,"io_wait":0,"open_files":0,"os_bytes_in_sec":234,"os_bytes_out_sec":159,"total_procs":494},"count":1}},"date":1636732380,"epoch_div":27278873},{"groups":{"main":{"totals":{"load_avg":1.9111328125,"cpu_usage":100,"mem_used":8544534528,"mem_free":6202978304,"tcp_conns":19,"disk_usage_root":6.12,"disk_read_sec":11673,"disk_write_sec":60552,"disk_iops_sec":12,"io_wait":0,"open_files":0,"os_bytes_in_sec":404,"os_bytes_out_sec":143,"total_procs":493},"count":1}},"date":1636732440,"epoch_div":27278874},{"groups":{"main":{"totals":{"load_avg":1.82568359375,"cpu_usage":100,"mem_used":8546205696,"mem_free":6226640896,"tcp_conns":20,"disk_usage_root":6.12,"disk_read_sec":546,"disk_write_sec":53930,"disk_iops_sec":10,"io_wait":0,"open_files":0,"os_bytes_in_sec":189,"os_bytes_out_sec":142,"total_procs":494},"count":1}},"date":1636732500,"epoch_div":27278875},{"groups":{"main":{"totals":{"load_avg":2.07421875,"cpu_usage":100,"mem_used":8540192768,"mem_free":6214492160,"tcp_conns":20,"disk_usage_root":6.12,"disk_read_sec":185480,"disk_write_sec":57753,"disk_iops_sec":28,"io_wait":0,"open_files":0,"os_bytes_in_sec":136,"os_bytes_out_sec":107,"total_procs":493},"count":1}},"date":1636732560,"epoch_div":27278876},{"groups":{"main":{"totals":{"load_avg":2.158203125,"cpu_usage":100,"mem_used":8514719744,"mem_free":6212653056,"tcp_conns":20,"disk_usage_root":6.12,"disk_read_sec":29296,"disk_write_sec":60190,"disk_iops_sec":15,"io_wait":0,"open_files":0,"os_bytes_in_sec":74,"os_bytes_out_sec":90,"total_procs":494},"count":1}},"date":1636732620,"epoch_div":27278877},{"groups":{"main":{"totals":{"load_avg":2.0595703125,"cpu_usage":100,"mem_used":8517513216,"mem_free":6225461248,"tcp_conns":21,"disk_usage_root":6.12,"disk_read_sec":1947,"disk_write_sec":71847,"disk_iops_sec":13,"io_wait":0,"open_files":0,"os_bytes_in_sec":287,"os_bytes_out_sec":187,"total_procs":494},"count":1}},"date":1636732680,"epoch_div":27278878},{"groups":{"main":{"totals":{"load_avg":1.6279296875,"cpu_usage":100,"mem_used":8517722112,"mem_free":6221099008,"tcp_conns":20,"disk_usage_root":6.12,"disk_read_sec":48537,"disk_write_sec":102536,"disk_iops_sec":19,"io_wait":0,"open_files":0,"os_bytes_in_sec":6118,"os_bytes_out_sec":857,"total_procs":494},"count":1}},"date":1636732740,"epoch_div":27278879},{"groups":{"main":{"totals":{"load_avg":1.869140625,"cpu_usage":100,"mem_used":8516599808,"mem_free":6243348480,"tcp_conns":21,"disk_usage_root":6.12,"disk_read_sec":55227,"disk_write_sec":55500,"disk_iops_sec":12,"io_wait":0,"open_files":0,"os_bytes_in_sec":265,"os_bytes_out_sec":189,"total_procs":493},"count":1}},"date":1636732800,"epoch_div":27278880},{"groups":{"main":{"totals":{"load_avg":1.7119140625,"cpu_usage":100,"mem_used":8520466432,"mem_free":6195544064,"tcp_conns":21,"disk_usage_root":6.12,"disk_read_sec":23534,"disk_write_sec":89556,"disk_iops_sec":19,"io_wait":0,"open_files":0,"os_bytes_in_sec":95,"os_bytes_out_sec":78,"total_procs":494},"count":1}},"date":1636732860,"epoch_div":27278881},{"groups":{"main":{"totals":{"load_avg":1.83837890625,"cpu_usage":100,"mem_used":8524140544,"mem_free":6210732032,"tcp_conns":21,"disk_usage_root":6.12,"disk_read_sec":134,"disk_write_sec":53516,"disk_iops_sec":10,"io_wait":0,"open_files":0,"os_bytes_in_sec":88,"os_bytes_out_sec":117,"total_procs":493},"count":1}},"date":1636732920,"epoch_div":27278882},{"groups":{"main":{"totals":{"load_avg":2.81689453125,"cpu_usage":100,"mem_used":8527654912,"mem_free":6213312512,"tcp_conns":22,"disk_usage_root":6.12,"disk_read_sec":2457,"disk_write_sec":68130,"disk_iops_sec":12,"io_wait":0,"open_files":0,"os_bytes_in_sec":180,"os_bytes_out_sec":154,"total_procs":494},"count":1}},"date":1636732980,"epoch_div":27278883},{"groups":{"main":{"totals":{"load_avg":1.85205078125,"cpu_usage":100,"mem_used":8547602432,"mem_free":6204723200,"tcp_conns":21,"disk_usage_root":6.12,"disk_read_sec":2867,"disk_write_sec":367206,"disk_iops_sec":12,"io_wait":0,"open_files":0,"os_bytes_in_sec":466,"os_bytes_out_sec":219,"total_procs":498},"count":1}},"date":1636733040,"epoch_div":27278884},{"groups":{"main":{"totals":{"load_avg":1.82177734375,"cpu_usage":100,"mem_used":8541839360,"mem_free":6228221952,"tcp_conns":22,"disk_usage_root":6.12,"disk_read_sec":44851,"disk_write_sec":77073,"disk_iops_sec":15,"io_wait":0,"open_files":0,"os_bytes_in_sec":451,"os_bytes_out_sec":316,"total_procs":494},"count":1}},"date":1636733100,"epoch_div":27278885},{"groups":{"main":{"totals":{"load_avg":1.92529296875,"cpu_usage":100,"mem_used":8509964288,"mem_free":6213443584,"tcp_conns":22,"disk_usage_root":6.12,"disk_read_sec":292522,"disk_write_sec":62464,"disk_iops_sec":34,"io_wait":0,"open_files":0,"os_bytes_in_sec":143,"os_bytes_out_sec":123,"total_procs":493},"count":1}},"date":1636733160,"epoch_div":27278886},{"groups":{"main":{"totals":{"load_avg":1.94580078125,"cpu_usage":100,"mem_used":8513671168,"mem_free":6224662528,"tcp_conns":21,"disk_usage_root":6.12,"disk_read_sec":5120,"disk_write_sec":51268,"disk_iops_sec":10,"io_wait":0,"open_files":0,"os_bytes_in_sec":88,"os_bytes_out_sec":88,"total_procs":494},"count":1}},"date":1636733220,"epoch_div":27278887},{"groups":{"main":{"totals":{"load_avg":1.6220703125,"cpu_usage":100,"mem_used":8535093248,"mem_free":6225227776,"tcp_conns":21,"disk_usage_root":6.12,"disk_read_sec":44100,"disk_write_sec":114005,"disk_iops_sec":20,"io_wait":0,"open_files":0,"os_bytes_in_sec":590,"os_bytes_out_sec":375,"total_procs":498},"count":1}},"date":1636733280,"epoch_div":27278888},{"groups":{"main":{"totals":{"load_avg":2.05126953125,"cpu_usage":100,"mem_used":8525344768,"mem_free":6204719104,"tcp_conns":20,"disk_usage_root":6.12,"disk_read_sec":1706,"disk_write_sec":64716,"disk_iops_sec":12,"io_wait":0,"open_files":0,"os_bytes_in_sec":425,"os_bytes_out_sec":263,"total_procs":494},"count":1}},"date":1636733340,"epoch_div":27278889},{"groups":{"main":{"totals":{"load_avg":1.96484375,"cpu_usage":100,"mem_used":8524361728,"mem_free":6239940608,"tcp_conns":21,"disk_usage_root":6.12,"disk_read_sec":2935,"disk_write_sec":57821,"disk_iops_sec":11,"io_wait":0,"open_files":0,"os_bytes_in_sec":268,"os_bytes_out_sec":208,"total_procs":493},"count":1}},"date":1636733400,"epoch_div":27278890},{"groups":{"main":{"totals":{"load_avg":1.90283203125,"cpu_usage":100,"mem_used":8526548992,"mem_free":6195892224,"tcp_conns":21,"disk_usage_root":6.12,"disk_read_sec":0,"disk_write_sec":59323,"disk_iops_sec":10,"io_wait":0,"open_files":0,"os_bytes_in_sec":49,"os_bytes_out_sec":78,"total_procs":494},"count":1}},"date":1636733460,"epoch_div":27278891},{"groups":{"main":{"totals":{"load_avg":2.95556640625,"cpu_usage":100,"mem_used":8526114816,"mem_free":6215241728,"tcp_conns":22,"disk_usage_root":6.12,"disk_read_sec":750,"disk_write_sec":51677,"disk_iops_sec":9,"io_wait":0,"open_files":0,"os_bytes_in_sec":250,"os_bytes_out_sec":242,"total_procs":493},"count":1}},"date":1636733520,"epoch_div":27278892},{"groups":{"main":{"totals":{"load_avg":2.34619140625,"cpu_usage":100,"mem_used":8528994304,"mem_free":6214815744,"tcp_conns":21,"disk_usage_root":6.12,"disk_read_sec":5939,"disk_write_sec":76731,"disk_iops_sec":12,"io_wait":0,"open_files":0,"os_bytes_in_sec":52,"os_bytes_out_sec":103,"total_procs":494},"count":1}},"date":1636733580,"epoch_div":27278893},{"groups":{"main":{"totals":{"load_avg":2.06640625,"cpu_usage":100,"mem_used":8525819904,"mem_free":6214230016,"tcp_conns":19,"disk_usage_root":6.12,"disk_read_sec":273,"disk_write_sec":58436,"disk_iops_sec":10,"io_wait":0,"open_files":0,"os_bytes_in_sec":391,"os_bytes_out_sec":127,"total_procs":493},"count":1}},"date":1636733640,"epoch_div":27278894},{"groups":{"main":{"totals":{"load_avg":2.35107421875,"cpu_usage":100,"mem_used":8530092032,"mem_free":6237732864,"tcp_conns":20,"disk_usage_root":6.12,"disk_read_sec":8806,"disk_write_sec":56661,"disk_iops_sec":12,"io_wait":0,"open_files":0,"os_bytes_in_sec":184,"os_bytes_out_sec":174,"total_procs":494},"count":1}},"date":1636733700,"epoch_div":27278895},{"groups":{"main":{"totals":{"load_avg":1.9375,"cpu_usage":100,"mem_used":8572219392,"mem_free":6207770624,"tcp_conns":20,"disk_usage_root":6.12,"disk_read_sec":2730,"disk_write_sec":57617,"disk_iops_sec":10,"io_wait":0,"open_files":0,"os_bytes_in_sec":128,"os_bytes_out_sec":113,"total_procs":493},"count":1}},"date":1636733760,"epoch_div":27278896},{"groups":{"main":{"totals":{"load_avg":2.37890625,"cpu_usage":100,"mem_used":8499056640,"mem_free":6243905536,"tcp_conns":20,"disk_usage_root":6.12,"disk_read_sec":22801,"disk_write_sec":56524,"disk_iops_sec":11,"io_wait":0,"open_files":0,"os_bytes_in_sec":74,"os_bytes_out_sec":78,"total_procs":494},"count":1}},"date":1636733820,"epoch_div":27278897},{"groups":{"main":{"totals":{"load_avg":1.91943359375,"cpu_usage":100,"mem_used":8501456896,"mem_free":6237999104,"tcp_conns":21,"disk_usage_root":6.12,"disk_read_sec":39253,"disk_write_sec":77414,"disk_iops_sec":14,"io_wait":0,"open_files":0,"os_bytes_in_sec":370,"os_bytes_out_sec":281,"total_procs":494},"count":1}},"date":1636733880,"epoch_div":27278898},{"groups":{"main":{"totals":{"load_avg":1.6162109375,"cpu_usage":100,"mem_used":8510582784,"mem_free":6233821184,"tcp_conns":20,"disk_usage_root":6.12,"disk_read_sec":109620,"disk_write_sec":225141,"disk_iops_sec":54,"io_wait":0,"open_files":0,"os_bytes_in_sec":541,"os_bytes_out_sec":392,"total_procs":496},"count":1}},"date":1636733940,"epoch_div":27278899},{"groups":{"main":{"totals":{"load_avg":2.3505859375,"cpu_usage":100,"mem_used":8412106752,"mem_free":6359040000,"tcp_conns":23,"disk_usage_root":6.12,"disk_read_sec":338087,"disk_write_sec":1494569,"disk_iops_sec":31,"io_wait":0,"open_files":0,"os_bytes_in_sec":12186,"os_bytes_out_sec":1488,"total_procs":497},"count":1}},"date":1636734000,"epoch_div":27278900},{"groups":{"main":{"totals":{"load_avg":2.31005859375,"cpu_usage":100,"mem_used":8408911872,"mem_free":6333497344,"tcp_conns":21,"disk_usage_root":6.12,"disk_read_sec":1297,"disk_write_sec":61644,"disk_iops_sec":11,"io_wait":0,"open_files":0,"os_bytes_in_sec":137,"os_bytes_out_sec":102,"total_procs":494},"count":1}},"date":1636734060,"epoch_div":27278901},{"groups":{"main":{"totals":{"load_avg":2.81884765625,"cpu_usage":100,"mem_used":8405745664,"mem_free":6339584000,"tcp_conns":21,"disk_usage_root":6.12,"disk_read_sec":409,"disk_write_sec":52906,"disk_iops_sec":9,"io_wait":0,"open_files":0,"os_bytes_in_sec":84,"os_bytes_out_sec":114,"total_procs":493},"count":1}},"date":1636734120,"epoch_div":27278902},{"groups":{"main":{"totals":{"load_avg":1.83642578125,"cpu_usage":100,"mem_used":8409300992,"mem_free":6338805760,"tcp_conns":21,"disk_usage_root":6.12,"disk_read_sec":9094,"disk_write_sec":61162,"disk_iops_sec":12,"io_wait":0,"open_files":0,"os_bytes_in_sec":105,"os_bytes_out_sec":72,"total_procs":494},"count":1}},"date":1636734180,"epoch_div":27278903},{"groups":{"main":{"totals":{"load_avg":1.81884765625,"cpu_usage":100,"mem_used":8408399872,"mem_free":6338162688,"tcp_conns":19,"disk_usage_root":6.12,"disk_read_sec":1544,"disk_write_sec":64125,"disk_iops_sec":12,"io_wait":0,"open_files":0,"os_bytes_in_sec":394,"os_bytes_out_sec":142,"total_procs":493},"count":1}},"date":1636734240,"epoch_div":27278904},{"groups":{"main":{"totals":{"load_avg":2.154296875,"cpu_usage":100,"mem_used":8412622848,"mem_free":6351724544,"tcp_conns":20,"disk_usage_root":6.12,"disk_read_sec":23005,"disk_write_sec":76936,"disk_iops_sec":13,"io_wait":0,"open_files":0,"os_bytes_in_sec":433,"os_bytes_out_sec":230,"total_procs":494},"count":1}},"date":1636734300,"epoch_div":27278905},{"groups":{"main":{"totals":{"load_avg":3.08203125,"cpu_usage":100,"mem_used":8488132608,"mem_free":6272864256,"tcp_conns":20,"disk_usage_root":6.12,"disk_read_sec":273544,"disk_write_sec":64512,"disk_iops_sec":32,"io_wait":0,"open_files":0,"os_bytes_in_sec":312,"os_bytes_out_sec":195,"total_procs":494},"count":1}},"date":1636734360,"epoch_div":27278906},{"groups":{"main":{"totals":{"load_avg":1.990234375,"cpu_usage":100,"mem_used":8421826560,"mem_free":6324817920,"tcp_conns":20,"disk_usage_root":6.12,"disk_read_sec":955,"disk_write_sec":59801,"disk_iops_sec":11,"io_wait":0,"open_files":0,"os_bytes_in_sec":51,"os_bytes_out_sec":72,"total_procs":494},"count":1}},"date":1636734420,"epoch_div":27278907},{"groups":{"main":{"totals":{"load_avg":1.8388671875,"cpu_usage":100,"mem_used":8422920192,"mem_free":6320279552,"tcp_conns":21,"disk_usage_root":6.12,"disk_read_sec":18568,"disk_write_sec":58982,"disk_iops_sec":12,"io_wait":0,"open_files":0,"os_bytes_in_sec":289,"os_bytes_out_sec":209,"total_procs":494},"count":1}},"date":1636734480,"epoch_div":27278908},{"groups":{"main":{"totals":{"load_avg":2.58203125,"cpu_usage":100,"mem_used":8422424576,"mem_free":6315220992,"tcp_conns":20,"disk_usage_root":6.12,"disk_read_sec":1024,"disk_write_sec":66833,"disk_iops_sec":12,"io_wait":0,"open_files":0,"os_bytes_in_sec":324,"os_bytes_out_sec":254,"total_procs":494},"count":1}},"date":1636734540,"epoch_div":27278909},{"groups":{"main":{"totals":{"load_avg":2.48974609375,"cpu_usage":100,"mem_used":8425803776,"mem_free":6352232448,"tcp_conns":24,"disk_usage_root":6.12,"disk_read_sec":44236,"disk_write_sec":349593,"disk_iops_sec":33,"io_wait":0,"open_files":0,"os_bytes_in_sec":7834,"os_bytes_out_sec":1292,"total_procs":494},"count":1}},"date":1636734600,"epoch_div":27278910},{"groups":{"main":{"totals":{"load_avg":2.423828125,"cpu_usage":100,"mem_used":8425385984,"mem_free":6316969984,"tcp_conns":21,"disk_usage_root":6.12,"disk_read_sec":5666,"disk_write_sec":79052,"disk_iops_sec":14,"io_wait":0,"open_files":0,"os_bytes_in_sec":407,"os_bytes_out_sec":278,"total_procs":494},"count":1}},"date":1636734660,"epoch_div":27278911},{"groups":{"main":{"totals":{"load_avg":2.1572265625,"cpu_usage":100,"mem_used":8423178240,"mem_free":6322507776,"tcp_conns":21,"disk_usage_root":6.12,"disk_read_sec":1638,"disk_write_sec":52974,"disk_iops_sec":10,"io_wait":0,"open_files":0,"os_bytes_in_sec":94,"os_bytes_out_sec":109,"total_procs":493},"count":1}},"date":1636734720,"epoch_div":27278912},{"groups":{"main":{"totals":{"load_avg":2.1416015625,"cpu_usage":100,"mem_used":8426270720,"mem_free":6320959488,"tcp_conns":22,"disk_usage_root":6.12,"disk_read_sec":8260,"disk_write_sec":71133,"disk_iops_sec":14,"io_wait":0,"open_files":0,"os_bytes_in_sec":187,"os_bytes_out_sec":233,"total_procs":494},"count":1}},"date":1636734780,"epoch_div":27278913},{"groups":{"main":{"totals":{"load_avg":1.8623046875,"cpu_usage":100,"mem_used":8407117824,"mem_free":6326292480,"tcp_conns":21,"disk_usage_root":6.12,"disk_read_sec":2082,"disk_write_sec":89417,"disk_iops_sec":11,"io_wait":0,"open_files":0,"os_bytes_in_sec":405,"os_bytes_out_sec":221,"total_procs":497},"count":1}},"date":1636734840,"epoch_div":27278914},{"groups":{"main":{"totals":{"load_avg":2.6337890625,"cpu_usage":100,"mem_used":8401125376,"mem_free":6356189184,"tcp_conns":22,"disk_usage_root":6.12,"disk_read_sec":2215,"disk_write_sec":62514,"disk_iops_sec":11,"io_wait":0,"open_files":0,"os_bytes_in_sec":218,"os_bytes_out_sec":159,"total_procs":494},"count":1}},"date":1636734900,"epoch_div":27278915},{"groups":{"main":{"totals":{"load_avg":1.869140625,"cpu_usage":100,"mem_used":8474742784,"mem_free":6275686400,"tcp_conns":22,"disk_usage_root":6.12,"disk_read_sec":7099,"disk_write_sec":76322,"disk_iops_sec":12,"io_wait":0,"open_files":0,"os_bytes_in_sec":151,"os_bytes_out_sec":120,"total_procs":494},"count":1}},"date":1636734960,"epoch_div":27278916},{"groups":{"main":{"totals":{"load_avg":2.01904296875,"cpu_usage":100,"mem_used":8410796032,"mem_free":6326034432,"tcp_conns":21,"disk_usage_root":6.12,"disk_read_sec":136,"disk_write_sec":58709,"disk_iops_sec":10,"io_wait":0,"open_files":0,"os_bytes_in_sec":97,"os_bytes_out_sec":93,"total_procs":494},"count":1}},"date":1636735020,"epoch_div":27278917},{"groups":{"main":{"totals":{"load_avg":1.8681640625,"cpu_usage":100,"mem_used":8413962240,"mem_free":6322417664,"tcp_conns":21,"disk_usage_root":6.12,"disk_read_sec":3754,"disk_write_sec":70314,"disk_iops_sec":13,"io_wait":0,"open_files":0,"os_bytes_in_sec":261,"os_bytes_out_sec":200,"total_procs":495},"count":1}},"date":1636735080,"epoch_div":27278918},{"groups":{"main":{"totals":{"load_avg":1.28857421875,"cpu_usage":100,"mem_used":8403767296,"mem_free":6329643008,"tcp_conns":20,"disk_usage_root":6.12,"disk_read_sec":16247,"disk_write_sec":77277,"disk_iops_sec":16,"io_wait":0,"open_files":0,"os_bytes_in_sec":365,"os_bytes_out_sec":275,"total_procs":494},"count":1}},"date":1636735140,"epoch_div":27278919},{"groups":{"main":{"totals":{"load_avg":1.50439453125,"cpu_usage":100,"mem_used":8403611648,"mem_free":6351908864,"tcp_conns":21,"disk_usage_root":6.12,"disk_read_sec":52087,"disk_write_sec":56797,"disk_iops_sec":12,"io_wait":0,"open_files":0,"os_bytes_in_sec":251,"os_bytes_out_sec":193,"total_procs":493},"count":1}},"date":1636735200,"epoch_div":27278920},{"groups":{"main":{"totals":{"load_avg":1.32958984375,"cpu_usage":100,"mem_used":8406151168,"mem_free":6313746432,"tcp_conns":21,"disk_usage_root":6.12,"disk_read_sec":204,"disk_write_sec":64102,"disk_iops_sec":10,"io_wait":0,"open_files":0,"os_bytes_in_sec":237,"os_bytes_out_sec":158,"total_procs":494},"count":1}},"date":1636735260,"epoch_div":27278921},{"groups":{"main":{"totals":{"load_avg":1.46728515625,"cpu_usage":100,"mem_used":8405442560,"mem_free":6328385536,"tcp_conns":21,"disk_usage_root":6.12,"disk_read_sec":6758,"disk_write_sec":72089,"disk_iops_sec":11,"io_wait":0,"open_files":0,"os_bytes_in_sec":321,"os_bytes_out_sec":200,"total_procs":494},"count":1}},"date":1636735320,"epoch_div":27278922},{"groups":{"main":{"totals":{"load_avg":1.76806640625,"cpu_usage":100,"mem_used":8406437888,"mem_free":6326595584,"tcp_conns":21,"disk_usage_root":6.12,"disk_read_sec":4232,"disk_write_sec":61440,"disk_iops_sec":12,"io_wait":0,"open_files":0,"os_bytes_in_sec":67,"os_bytes_out_sec":78,"total_procs":494},"count":1}},"date":1636735380,"epoch_div":27278923},{"groups":{"main":{"totals":{"load_avg":1.896484375,"cpu_usage":100,"mem_used":8405962752,"mem_free":6311424000,"tcp_conns":20,"disk_usage_root":6.12,"disk_read_sec":25873,"disk_write_sec":57207,"disk_iops_sec":11,"io_wait":0,"open_files":0,"os_bytes_in_sec":495,"os_bytes_out_sec":214,"total_procs":493},"count":1}},"date":1636735440,"epoch_div":27278924},{"groups":{"main":{"totals":{"load_avg":1.99072265625,"cpu_usage":100,"mem_used":8416690176,"mem_free":6345101312,"tcp_conns":21,"disk_usage_root":6.12,"disk_read_sec":2389,"disk_write_sec":60484,"disk_iops_sec":11,"io_wait":0,"open_files":0,"os_bytes_in_sec":235,"os_bytes_out_sec":276,"total_procs":494},"count":1}},"date":1636735500,"epoch_div":27278925},{"groups":{"main":{"totals":{"load_avg":1.921875,"cpu_usage":100,"mem_used":8462323712,"mem_free":6289661952,"tcp_conns":21,"disk_usage_root":6.12,"disk_read_sec":14745,"disk_write_sec":61849,"disk_iops_sec":12,"io_wait":0,"open_files":0,"os_bytes_in_sec":131,"os_bytes_out_sec":115,"total_procs":493},"count":1}},"date":1636735560,"epoch_div":27278926},{"groups":{"main":{"totals":{"load_avg":2.35693359375,"cpu_usage":100,"mem_used":8427728896,"mem_free":6287605760,"tcp_conns":21,"disk_usage_root":6.12,"disk_read_sec":204,"disk_write_sec":58231,"disk_iops_sec":10,"io_wait":0,"open_files":0,"os_bytes_in_sec":54,"os_bytes_out_sec":71,"total_procs":494},"count":1}},"date":1636735620,"epoch_div":27278927},{"groups":{"main":{"totals":{"load_avg":2.02197265625,"cpu_usage":100,"mem_used":8428118016,"mem_free":6309126144,"tcp_conns":22,"disk_usage_root":6.12,"disk_read_sec":9420,"disk_write_sec":73318,"disk_iops_sec":12,"io_wait":0,"open_files":0,"os_bytes_in_sec":274,"os_bytes_out_sec":204,"total_procs":494},"count":1}},"date":1636735680,"epoch_div":27278928},{"groups":{"main":{"totals":{"load_avg":2.8798828125,"cpu_usage":100,"mem_used":8424857600,"mem_free":6309765120,"tcp_conns":21,"disk_usage_root":6.12,"disk_read_sec":24020,"disk_write_sec":72617,"disk_iops_sec":14,"io_wait":0,"open_files":0,"os_bytes_in_sec":357,"os_bytes_out_sec":289,"total_procs":494},"count":1}},"date":1636735740,"epoch_div":27278929},{"groups":{"main":{"totals":{"load_avg":2.62646484375,"cpu_usage":100,"mem_used":8441430016,"mem_free":6326849536,"tcp_conns":23,"disk_usage_root":6.12,"disk_read_sec":64461,"disk_write_sec":343325,"disk_iops_sec":14,"io_wait":0,"open_files":0,"os_bytes_in_sec":381,"os_bytes_out_sec":297,"total_procs":493},"count":1}},"date":1636735800,"epoch_div":27278930},{"groups":{"main":{"totals":{"load_avg":2.6328125,"cpu_usage":100,"mem_used":8458076160,"mem_free":6277423104,"tcp_conns":22,"disk_usage_root":6.12,"disk_read_sec":887,"disk_write_sec":61644,"disk_iops_sec":10,"io_wait":0,"open_files":0,"os_bytes_in_sec":128,"os_bytes_out_sec":95,"total_procs":494},"count":1}},"date":1636735860,"epoch_div":27278931},{"groups":{"main":{"totals":{"load_avg":2.14404296875,"cpu_usage":100,"mem_used":8470544384,"mem_free":6313844736,"tcp_conns":22,"disk_usage_root":6.12,"disk_read_sec":1501,"disk_write_sec":58368,"disk_iops_sec":10,"io_wait":0,"open_files":0,"os_bytes_in_sec":342,"os_bytes_out_sec":273,"total_procs":494},"count":1}},"date":1636735920,"epoch_div":27278932},{"groups":{"main":{"totals":{"load_avg":1.751953125,"cpu_usage":100,"mem_used":8475086848,"mem_free":6283603968,"tcp_conns":22,"disk_usage_root":6.12,"disk_read_sec":8328,"disk_write_sec":81442,"disk_iops_sec":13,"io_wait":0,"open_files":0,"os_bytes_in_sec":82,"os_bytes_out_sec":85,"total_procs":496},"count":1}},"date":1636735980,"epoch_div":27278933},{"groups":{"main":{"totals":{"load_avg":1.6669921875,"cpu_usage":100,"mem_used":8477216768,"mem_free":6255718400,"tcp_conns":19,"disk_usage_root":6.12,"disk_read_sec":682,"disk_write_sec":65604,"disk_iops_sec":11,"io_wait":0,"open_files":0,"os_bytes_in_sec":432,"os_bytes_out_sec":144,"total_procs":493},"count":1}},"date":1636736040,"epoch_div":27278934},{"groups":{"main":{"totals":{"load_avg":1.74462890625,"cpu_usage":100,"mem_used":8489168896,"mem_free":6331248640,"tcp_conns":20,"disk_usage_root":6.12,"disk_read_sec":4778,"disk_write_sec":56866,"disk_iops_sec":11,"io_wait":0,"open_files":0,"os_bytes_in_sec":243,"os_bytes_out_sec":169,"total_procs":494},"count":1}},"date":1636736100,"epoch_div":27278935},{"groups":{"main":{"totals":{"load_avg":2.296875,"cpu_usage":100,"mem_used":8493654016,"mem_free":6314643456,"tcp_conns":20,"disk_usage_root":6.12,"disk_read_sec":11079,"disk_write_sec":64528,"disk_iops_sec":13,"io_wait":0,"open_files":0,"os_bytes_in_sec":190,"os_bytes_out_sec":110,"total_procs":493},"count":1}},"date":1636736160,"epoch_div":27278936},{"groups":{"main":{"totals":{"load_avg":1.89697265625,"cpu_usage":100,"mem_used":8498606080,"mem_free":6312386560,"tcp_conns":20,"disk_usage_root":6.12,"disk_read_sec":3124,"disk_write_sec":58107,"disk_iops_sec":10,"io_wait":0,"open_files":0,"os_bytes_in_sec":78,"os_bytes_out_sec":79,"total_procs":494},"count":1}},"date":1636736220,"epoch_div":27278937},{"groups":{"main":{"totals":{"load_avg":2.21435546875,"cpu_usage":100,"mem_used":8499314688,"mem_free":6278172672,"tcp_conns":21,"disk_usage_root":6.12,"disk_read_sec":1911,"disk_write_sec":60620,"disk_iops_sec":11,"io_wait":0,"open_files":0,"os_bytes_in_sec":301,"os_bytes_out_sec":194,"total_procs":494},"count":1}},"date":1636736280,"epoch_div":27278938},{"groups":{"main":{"totals":{"load_avg":1.84716796875,"cpu_usage":100,"mem_used":8495185920,"mem_free":6278979584,"tcp_conns":20,"disk_usage_root":6.12,"disk_read_sec":10035,"disk_write_sec":82875,"disk_iops_sec":14,"io_wait":0,"open_files":0,"os_bytes_in_sec":334,"os_bytes_out_sec":268,"total_procs":494},"count":1}},"date":1636736340,"epoch_div":27278939},{"groups":{"main":{"totals":{"load_avg":1.99072265625,"cpu_usage":100,"mem_used":8498585600,"mem_free":6304382976,"tcp_conns":21,"disk_usage_root":6.12,"disk_read_sec":1228,"disk_write_sec":58368,"disk_iops_sec":11,"io_wait":0,"open_files":0,"os_bytes_in_sec":284,"os_bytes_out_sec":208,"total_procs":493},"count":1}},"date":1636736400,"epoch_div":27278940},{"groups":{"main":{"totals":{"load_avg":2.05029296875,"cpu_usage":100,"mem_used":8510795776,"mem_free":6280818688,"tcp_conns":21,"disk_usage_root":6.12,"disk_read_sec":3140,"disk_write_sec":76731,"disk_iops_sec":14,"io_wait":0,"open_files":0,"os_bytes_in_sec":48,"os_bytes_out_sec":76,"total_procs":494},"count":1}},"date":1636736460,"epoch_div":27278941},{"groups":{"main":{"totals":{"load_avg":1.88623046875,"cpu_usage":100,"mem_used":8513855488,"mem_free":6303985664,"tcp_conns":21,"disk_usage_root":6.12,"disk_read_sec":136,"disk_write_sec":52770,"disk_iops_sec":10,"io_wait":0,"open_files":0,"os_bytes_in_sec":135,"os_bytes_out_sec":115,"total_procs":493},"count":1}},"date":1636736520,"epoch_div":27278942},{"groups":{"main":{"totals":{"load_avg":2.37890625,"cpu_usage":100,"mem_used":8537382912,"mem_free":6250672128,"tcp_conns":22,"disk_usage_root":6.12,"disk_read_sec":8806,"disk_write_sec":70451,"disk_iops_sec":13,"io_wait":0,"open_files":0,"os_bytes_in_sec":137,"os_bytes_out_sec":156,"total_procs":494},"count":1}},"date":1636736580,"epoch_div":27278943},{"groups":{"main":{"totals":{"load_avg":1.83203125,"cpu_usage":100,"mem_used":8569782272,"mem_free":6292803584,"tcp_conns":21,"disk_usage_root":6.12,"disk_read_sec":66901,"disk_write_sec":366045,"disk_iops_sec":20,"io_wait":0,"open_files":0,"os_bytes_in_sec":571,"os_bytes_out_sec":312,"total_procs":497},"count":1}},"date":1636736640,"epoch_div":27278944},{"groups":{"main":{"totals":{"load_avg":2.05908203125,"cpu_usage":100,"mem_used":8572489728,"mem_free":6276923392,"tcp_conns":22,"disk_usage_root":6.12,"disk_read_sec":36727,"disk_write_sec":90112,"disk_iops_sec":17,"io_wait":0,"open_files":0,"os_bytes_in_sec":5326,"os_bytes_out_sec":671,"total_procs":494},"count":1}},"date":1636736700,"epoch_div":27278945},{"groups":{"main":{"totals":{"load_avg":1.95849609375,"cpu_usage":100,"mem_used":8552431616,"mem_free":6277660672,"tcp_conns":22,"disk_usage_root":6.12,"disk_read_sec":314299,"disk_write_sec":62941,"disk_iops_sec":37,"io_wait":0,"open_files":0,"os_bytes_in_sec":265,"os_bytes_out_sec":130,"total_procs":493},"count":1}},"date":1636736760,"epoch_div":27278946},{"groups":{"main":{"totals":{"load_avg":2.5771484375,"cpu_usage":100,"mem_used":8491909120,"mem_free":6312128512,"tcp_conns":21,"disk_usage_root":6.12,"disk_read_sec":13038,"disk_write_sec":56320,"disk_iops_sec":12,"io_wait":0,"open_files":0,"os_bytes_in_sec":100,"os_bytes_out_sec":88,"total_procs":494},"count":1}},"date":1636736820,"epoch_div":27278947},{"groups":{"main":{"totals":{"load_avg":1.98974609375,"cpu_usage":100,"mem_used":8497557504,"mem_free":6308917248,"tcp_conns":21,"disk_usage_root":6.12,"disk_read_sec":15633,"disk_write_sec":57139,"disk_iops_sec":13,"io_wait":0,"open_files":0,"os_bytes_in_sec":309,"os_bytes_out_sec":205,"total_procs":495},"count":1}},"date":1636736880,"epoch_div":27278948},{"groups":{"main":{"totals":{"load_avg":1.6884765625,"cpu_usage":100,"mem_used":8495661056,"mem_free":6309371904,"tcp_conns":20,"disk_usage_root":6.12,"disk_read_sec":12219,"disk_write_sec":68608,"disk_iops_sec":13,"io_wait":0,"open_files":0,"os_bytes_in_sec":857,"os_bytes_out_sec":410,"total_procs":494},"count":1}},"date":1636736940,"epoch_div":27278949},{"groups":{"main":{"totals":{"load_avg":1.68359375,"cpu_usage":100,"mem_used":8495280128,"mem_free":6334976000,"tcp_conns":21,"disk_usage_root":6.12,"disk_read_sec":10444,"disk_write_sec":52497,"disk_iops_sec":10,"io_wait":0,"open_files":0,"os_bytes_in_sec":257,"os_bytes_out_sec":180,"total_procs":493},"count":1}},"date":1636737000,"epoch_div":27278950},{"groups":{"main":{"totals":{"load_avg":1.3095703125,"cpu_usage":100,"mem_used":8499019776,"mem_free":6303105024,"tcp_conns":21,"disk_usage_root":6.12,"disk_read_sec":23620,"disk_write_sec":74820,"disk_iops_sec":13,"io_wait":0,"open_files":0,"os_bytes_in_sec":107,"os_bytes_out_sec":81,"total_procs":494},"count":1}},"date":1636737060,"epoch_div":27278951},{"groups":{"main":{"totals":{"load_avg":1.42919921875,"cpu_usage":100,"mem_used":8500178944,"mem_free":6277578752,"tcp_conns":21,"disk_usage_root":6.12,"disk_read_sec":955,"disk_write_sec":57617,"disk_iops_sec":10,"io_wait":0,"open_files":0,"os_bytes_in_sec":150,"os_bytes_out_sec":114,"total_procs":493},"count":1}},"date":1636737120,"epoch_div":27278952},{"groups":{"main":{"totals":{"load_avg":1.6162109375,"cpu_usage":100,"mem_used":8514412544,"mem_free":6282137600,"tcp_conns":21,"disk_usage_root":6.12,"disk_read_sec":273,"disk_write_sec":56115,"disk_iops_sec":10,"io_wait":0,"open_files":0,"os_bytes_in_sec":69,"os_bytes_out_sec":107,"total_procs":494},"count":1}},"date":1636737180,"epoch_div":27278953},{"groups":{"main":{"totals":{"load_avg":3.30908203125,"cpu_usage":100,"mem_used":8546775040,"mem_free":6311825408,"tcp_conns":19,"disk_usage_root":6.12,"disk_read_sec":887,"disk_write_sec":60620,"disk_iops_sec":11,"io_wait":0,"open_files":0,"os_bytes_in_sec":452,"os_bytes_out_sec":129,"total_procs":493},"count":1}},"date":1636737240,"epoch_div":27278954},{"groups":{"main":{"totals":{"load_avg":2.8154296875,"cpu_usage":100,"mem_used":8440881152,"mem_free":6323605504,"tcp_conns":22,"disk_usage_root":6.12,"disk_read_sec":1750357,"disk_write_sec":129092,"disk_iops_sec":87,"io_wait":0,"open_files":0,"os_bytes_in_sec":5675,"os_bytes_out_sec":965,"total_procs":497},"count":1}},"date":1636737300,"epoch_div":27278955},{"groups":{"main":{"totals":{"load_avg":1.9091796875,"cpu_usage":100,"mem_used":8439029760,"mem_free":6317199360,"tcp_conns":22,"disk_usage_root":6.12,"disk_read_sec":250675,"disk_write_sec":72840,"disk_iops_sec":31,"io_wait":0,"open_files":0,"os_bytes_in_sec":160,"os_bytes_out_sec":116,"total_procs":494},"count":1}},"date":1636737360,"epoch_div":27278956},{"groups":{"main":{"totals":{"load_avg":2.4091796875,"cpu_usage":100,"mem_used":8440729600,"mem_free":6320959488,"tcp_conns":22,"disk_usage_root":6.12,"disk_read_sec":20889,"disk_write_sec":73591,"disk_iops_sec":12,"io_wait":0,"open_files":0,"os_bytes_in_sec":141,"os_bytes_out_sec":71,"total_procs":494},"count":1}},"date":1636737420,"epoch_div":27278957},{"groups":{"main":{"totals":{"load_avg":2.0048828125,"cpu_usage":100,"mem_used":8440147968,"mem_free":6319161344,"tcp_conns":23,"disk_usage_root":6.12,"disk_read_sec":8260,"disk_write_sec":73113,"disk_iops_sec":15,"io_wait":0,"open_files":0,"os_bytes_in_sec":319,"os_bytes_out_sec":214,"total_procs":494},"count":1}},"date":1636737480,"epoch_div":27278958},{"groups":{"main":{"totals":{"load_avg":1.89990234375,"cpu_usage":100,"mem_used":8447639552,"mem_free":6312742912,"tcp_conns":20,"disk_usage_root":6.12,"disk_read_sec":115780,"disk_write_sec":75912,"disk_iops_sec":25,"io_wait":0,"open_files":0,"os_bytes_in_sec":359,"os_bytes_out_sec":299,"total_procs":495},"count":1}},"date":1636737540,"epoch_div":27278959},{"groups":{"main":{"totals":{"load_avg":1.7646484375,"cpu_usage":100,"mem_used":8478728192,"mem_free":6319865856,"tcp_conns":22,"disk_usage_root":6.12,"disk_read_sec":188347,"disk_write_sec":1864499,"disk_iops_sec":28,"io_wait":0,"open_files":0,"os_bytes_in_sec":61383,"os_bytes_out_sec":1093,"total_procs":496},"count":1}},"date":1636737600,"epoch_div":27278960},{"groups":{"main":{"totals":{"load_avg":1.912109375,"cpu_usage":100,"mem_used":8475938816,"mem_free":6334369792,"tcp_conns":21,"disk_usage_root":6.12,"disk_read_sec":887,"disk_write_sec":59118,"disk_iops_sec":10,"io_wait":0,"open_files":0,"os_bytes_in_sec":119,"os_bytes_out_sec":83,"total_procs":494},"count":1}},"date":1636737660,"epoch_div":27278961},{"groups":{"main":{"totals":{"load_avg":1.77685546875,"cpu_usage":100,"mem_used":8474980352,"mem_free":6339944448,"tcp_conns":21,"disk_usage_root":6.12,"disk_read_sec":2662,"disk_write_sec":47718,"disk_iops_sec":9,"io_wait":0,"open_files":0,"os_bytes_in_sec":96,"os_bytes_out_sec":125,"total_procs":493},"count":1}},"date":1636737720,"epoch_div":27278962},{"groups":{"main":{"totals":{"load_avg":1.666015625,"cpu_usage":100,"mem_used":8480231424,"mem_free":6334459904,"tcp_conns":21,"disk_usage_root":6.12,"disk_read_sec":33928,"disk_write_sec":77550,"disk_iops_sec":16,"io_wait":0,"open_files":0,"os_bytes_in_sec":100,"os_bytes_out_sec":77,"total_procs":494},"count":1}},"date":1636737780,"epoch_div":27278963},{"groups":{"main":{"totals":{"load_avg":1.404296875,"cpu_usage":100,"mem_used":8477155328,"mem_free":6337138688,"tcp_conns":19,"disk_usage_root":6.12,"disk_read_sec":0,"disk_write_sec":55910,"disk_iops_sec":10,"io_wait":0,"open_files":0,"os_bytes_in_sec":375,"os_bytes_out_sec":143,"total_procs":493},"count":1}},"date":1636737840,"epoch_div":27278964},{"groups":{"main":{"totals":{"load_avg":1.8896484375,"cpu_usage":100,"mem_used":8488865792,"mem_free":6354489344,"tcp_conns":21,"disk_usage_root":6.12,"disk_read_sec":1297,"disk_write_sec":82261,"disk_iops_sec":14,"io_wait":0,"open_files":0,"os_bytes_in_sec":424,"os_bytes_out_sec":316,"total_procs":498},"count":1}},"date":1636737900,"epoch_div":27278965},{"groups":{"main":{"totals":{"load_avg":2.7314453125,"cpu_usage":100,"mem_used":8549879808,"mem_free":6296846336,"tcp_conns":21,"disk_usage_root":6.12,"disk_read_sec":249992,"disk_write_sec":58641,"disk_iops_sec":30,"io_wait":0,"open_files":0,"os_bytes_in_sec":138,"os_bytes_out_sec":109,"total_procs":493},"count":1}},"date":1636737960,"epoch_div":27278966},{"groups":{"main":{"totals":{"load_avg":2.998046875,"cpu_usage":100,"mem_used":8485355520,"mem_free":6335062016,"tcp_conns":21,"disk_usage_root":6.12,"disk_read_sec":8465,"disk_write_sec":61781,"disk_iops_sec":12,"io_wait":0,"open_files":0,"os_bytes_in_sec":236,"os_bytes_out_sec":177,"total_procs":494},"count":1}},"date":1636738020,"epoch_div":27278967}]}