{"type":"list_page","items":[{"date":1637917320,"epoch_div":27298622,"totals":{"load_avg":2.583984375,"cpu_usage":100,"mem_used":8529940480,"mem_free":6029340672,"tcp_conns":90,"disk_usage_root":6.12,"disk_read_sec":4939,"disk_write_sec":2540,"disk_iops_sec":0,"io_wait":0,"open_files":0,"os_bytes_in_sec":172,"os_bytes_out_sec":142,"total_procs":470},"count":1},{"date":1637917380,"epoch_div":27298623,"totals":{"load_avg":2.44140625,"cpu_usage":100,"mem_used":8536989696,"mem_free":6038786048,"tcp_conns":86,"disk_usage_root":6.12,"disk_read_sec":534937,"disk_write_sec":252518,"disk_iops_sec":48,"io_wait":0,"open_files":0,"os_bytes_in_sec":3993,"os_bytes_out_sec":7670,"total_procs":469},"count":1},{"date":1637920560,"epoch_div":27298676,"totals":{"load_avg":1.95166015625,"cpu_usage":100,"mem_used":8486346752,"mem_free":6033903616,"tcp_conns":91,"disk_usage_root":6.12,"disk_read_sec":70638,"disk_write_sec":36685,"disk_iops_sec":2,"io_wait":0,"open_files":0,"os_bytes_in_sec":189,"os_bytes_out_sec":160,"total_procs":470},"count":1},{"date":1637920620,"epoch_div":27298677,"totals":{"load_avg":1.875,"cpu_usage":100,"mem_used":8464048128,"mem_free":6036762624,"tcp_conns":91,"disk_usage_root":6.12,"disk_read_sec":656896,"disk_write_sec":805888,"disk_iops_sec":176,"io_wait":0,"open_files":0,"os_bytes_in_sec":3975,"os_bytes_out_sec":3067,"total_procs":471},"count":1}]}