{"type":"list_page","items":[{"date":1639134240,"epoch_div":27318904,"totals":{"load_avg":2.3408203125,"cpu_usage":100,"mem_used":8553545728,"mem_free":6316138496,"tcp_conns":107,"disk_usage_root":8.83,"disk_read_sec":290418,"disk_write_sec":68269,"disk_iops_sec":14,"io_wait":0,"open_files":0,"os_bytes_in_sec":53,"os_bytes_out_sec":110,"total_procs":492},"count":1},{"date":1639137480,"epoch_div":27318958,"totals":{"load_avg":7.48974609375,"cpu_usage":100,"mem_used":8550936576,"mem_free":6317686784,"tcp_conns":115,"disk_usage_root":8.83,"disk_read_sec":47278,"disk_write_sec":37640,"disk_iops_sec":3,"io_wait":0,"open_files":0,"os_bytes_in_sec":343,"os_bytes_out_sec":195,"total_procs":491},"count":1},{"date":1639137540,"epoch_div":27318959,"totals":{"load_avg":4.126953125,"cpu_usage":100,"mem_used":8426192896,"mem_free":6285561856,"tcp_conns":110,"disk_usage_root":8.83,"disk_read_sec":910967,"disk_write_sec":240531,"disk_iops_sec":46,"io_wait":0,"open_files":0,"os_bytes_in_sec":1183,"os_bytes_out_sec":2481,"total_procs":485},"count":1}]}