{"type":"list_page","items":[{"date":1639180980,"epoch_div":27319683,"totals":{"load_avg":3.5625,"cpu_usage":100,"mem_used":8559546368,"mem_free":6334287872,"tcp_conns":108,"disk_usage_root":8.83,"disk_read_sec":45586,"disk_write_sec":45305,"disk_iops_sec":1,"io_wait":0,"open_files":0,"os_bytes_in_sec":106,"os_bytes_out_sec":73,"total_procs":487},"count":1},{"date":1639181040,"epoch_div":27319684,"totals":{"load_avg":3.34521484375,"cpu_usage":100,"mem_used":8539521024,"mem_free":6286053376,"tcp_conns":107,"disk_usage_root":8.83,"disk_read_sec":2453985,"disk_write_sec":3628574,"disk_iops_sec":153,"io_wait":0,"open_files":0,"os_bytes_in_sec":1484,"os_bytes_out_sec":1244,"total_procs":490},"count":1},{"date":1639184220,"epoch_div":27319737,"totals":{"load_avg":2.677734375,"cpu_usage":100,"mem_used":8560660480,"mem_free":6291701760,"tcp_conns":107,"disk_usage_root":8.83,"disk_read_sec":54409,"disk_write_sec":41510,"disk_iops_sec":2,"io_wait":0,"open_files":0,"os_bytes_in_sec":89,"os_bytes_out_sec":113,"total_procs":492},"count":1},{"date":1639184280,"epoch_div":27319738,"totals":{"load_avg":2.623046875,"cpu_usage":100,"mem_used":8538955776,"mem_free":6298681344,"tcp_conns":106,"disk_usage_root":8.83,"disk_read_sec":1235968,"disk_write_sec":1422848,"disk_iops_sec":114,"io_wait":0,"open_files":0,"os_bytes_in_sec":600,"os_bytes_out_sec":1380,"total_procs":487},"count":1}]}