{"type":"list_page","items":[{"groups":{"main":{"totals":{"load_avg":4.373046875,"cpu_usage":100,"mem_used":8512176128,"mem_free":6289166336,"tcp_conns":79,"disk_usage_root":6.12,"disk_read_sec":10205,"disk_write_sec":70326,"disk_iops_sec":12,"io_wait":0,"open_files":0,"os_bytes_in_sec":154,"os_bytes_out_sec":151,"total_procs":441},"count":1}},"date":1637621880,"epoch_div":27293698},{"groups":{"main":{"totals":{"load_avg":3.3427734375,"cpu_usage":100,"mem_used":8512180224,"mem_free":6290087936,"tcp_conns":78,"disk_usage_root":6.12,"disk_read_sec":44720,"disk_write_sec":212589,"disk_iops_sec":41,"io_wait":0,"open_files":0,"os_bytes_in_sec":328,"os_bytes_out_sec":270,"total_procs":443},"count":1}},"date":1637621940,"epoch_div":27293699},{"groups":{"main":{"totals":{"load_avg":3.09912109375,"cpu_usage":100,"mem_used":8519442432,"mem_free":6249979904,"tcp_conns":74,"disk_usage_root":6.12,"disk_read_sec":9625,"disk_write_sec":1006592,"disk_iops_sec":19,"io_wait":0,"open_files":0,"os_bytes_in_sec":319,"os_bytes_out_sec":332,"total_procs":443},"count":1}},"date":1637622000,"epoch_div":27293700},{"groups":{"main":{"totals":{"load_avg":3.78857421875,"cpu_usage":100,"mem_used":8515903488,"mem_free":6293172224,"tcp_conns":73,"disk_usage_root":6.12,"disk_read_sec":3957,"disk_write_sec":86710,"disk_iops_sec":17,"io_wait":0,"open_files":0,"os_bytes_in_sec":358,"os_bytes_out_sec":430,"total_procs":441},"count":1}},"date":1637622060,"epoch_div":27293701},{"groups":{"main":{"totals":{"load_avg":3.123046875,"cpu_usage":100,"mem_used":8512684032,"mem_free":6246084608,"tcp_conns":72,"disk_usage_root":6.12,"disk_read_sec":11750,"disk_write_sec":99915,"disk_iops_sec":20,"io_wait":0,"open_files":0,"os_bytes_in_sec":208,"os_bytes_out_sec":236,"total_procs":443},"count":1}},"date":1637622120,"epoch_div":27293702},{"groups":{"main":{"totals":{"load_avg":2.39453125,"cpu_usage":100,"mem_used":8512274432,"mem_free":6274080768,"tcp_conns":72,"disk_usage_root":6.12,"disk_read_sec":2184,"disk_write_sec":58914,"disk_iops_sec":12,"io_wait":0,"open_files":0,"os_bytes_in_sec":171,"os_bytes_out_sec":291,"total_procs":441},"count":1}},"date":1637622180,"epoch_div":27293703},{"groups":{"main":{"totals":{"load_avg":3.01318359375,"cpu_usage":100,"mem_used":8515313664,"mem_free":6293012480,"tcp_conns":72,"disk_usage_root":6.12,"disk_read_sec":6280,"disk_write_sec":87244,"disk_iops_sec":16,"io_wait":0,"open_files":0,"os_bytes_in_sec":432,"os_bytes_out_sec":474,"total_procs":441},"count":1}},"date":1637622240,"epoch_div":27293704},{"groups":{"main":{"totals":{"load_avg":2.64794921875,"cpu_usage":100,"mem_used":8518332416,"mem_free":6288203776,"tcp_conns":74,"disk_usage_root":6.12,"disk_read_sec":135577,"disk_write_sec":404616,"disk_iops_sec":32,"io_wait":0,"open_files":0,"os_bytes_in_sec":624,"os_bytes_out_sec":358,"total_procs":442},"count":1}},"date":1637622300,"epoch_div":27293705},{"groups":{"main":{"totals":{"load_avg":2.3583984375,"cpu_usage":100,"mem_used":8513081344,"mem_free":6294630400,"tcp_conns":73,"disk_usage_root":6.12,"disk_read_sec":2776,"disk_write_sec":60815,"disk_iops_sec":12,"io_wait":0,"open_files":0,"os_bytes_in_sec":124,"os_bytes_out_sec":101,"total_procs":441},"count":1}},"date":1637622360,"epoch_div":27293706},{"groups":{"main":{"totals":{"load_avg":2.53955078125,"cpu_usage":100,"mem_used":8469901312,"mem_free":6328193024,"tcp_conns":73,"disk_usage_root":6.12,"disk_read_sec":13093,"disk_write_sec":72049,"disk_iops_sec":13,"io_wait":0,"open_files":0,"os_bytes_in_sec":228,"os_bytes_out_sec":146,"total_procs":440},"count":1}},"date":1637622420,"epoch_div":27293707},{"groups":{"main":{"totals":{"load_avg":3.3125,"cpu_usage":100,"mem_used":8478404608,"mem_free":6307213312,"tcp_conns":73,"disk_usage_root":6.12,"disk_read_sec":4915,"disk_write_sec":71680,"disk_iops_sec":13,"io_wait":0,"open_files":0,"os_bytes_in_sec":207,"os_bytes_out_sec":286,"total_procs":441},"count":1}},"date":1637622480,"epoch_div":27293708},{"groups":{"main":{"totals":{"load_avg":1.8701171875,"cpu_usage":100,"mem_used":8476704768,"mem_free":6284369920,"tcp_conns":72,"disk_usage_root":6.12,"disk_read_sec":2638,"disk_write_sec":55469,"disk_iops_sec":10,"io_wait":0,"open_files":0,"os_bytes_in_sec":239,"os_bytes_out_sec":139,"total_procs":441},"count":1}},"date":1637622540,"epoch_div":27293709},{"groups":{"main":{"totals":{"load_avg":3.09130859375,"cpu_usage":100,"mem_used":8478416896,"mem_free":6243840000,"tcp_conns":74,"disk_usage_root":6.12,"disk_read_sec":0,"disk_write_sec":69229,"disk_iops_sec":12,"io_wait":0,"open_files":0,"os_bytes_in_sec":325,"os_bytes_out_sec":406,"total_procs":441},"count":1}},"date":1637622600,"epoch_div":27293710},{"groups":{"main":{"totals":{"load_avg":3.0009765625,"cpu_usage":100,"mem_used":8510701568,"mem_free":6287716352,"tcp_conns":72,"disk_usage_root":6.12,"disk_read_sec":8328,"disk_write_sec":80213,"disk_iops_sec":13,"io_wait":0,"open_files":0,"os_bytes_in_sec":448,"os_bytes_out_sec":600,"total_procs":443},"count":1}},"date":1637622660,"epoch_div":27293711},{"groups":{"main":{"totals":{"load_avg":2.6708984375,"cpu_usage":100,"mem_used":8517152768,"mem_free":6284288000,"tcp_conns":72,"disk_usage_root":6.12,"disk_read_sec":6621,"disk_write_sec":72635,"disk_iops_sec":12,"io_wait":0,"open_files":0,"os_bytes_in_sec":737,"os_bytes_out_sec":92,"total_procs":441},"count":1}},"date":1637622720,"epoch_div":27293712},{"groups":{"main":{"totals":{"load_avg":2.33154296875,"cpu_usage":100,"mem_used":8516444160,"mem_free":6280728576,"tcp_conns":72,"disk_usage_root":6.12,"disk_read_sec":6212,"disk_write_sec":62464,"disk_iops_sec":12,"io_wait":0,"open_files":0,"os_bytes_in_sec":107,"os_bytes_out_sec":121,"total_procs":441},"count":1}},"date":1637622780,"epoch_div":27293713},{"groups":{"main":{"totals":{"load_avg":2.56494140625,"cpu_usage":100,"mem_used":8517947392,"mem_free":6281375744,"tcp_conns":72,"disk_usage_root":6.12,"disk_read_sec":24784,"disk_write_sec":84072,"disk_iops_sec":17,"io_wait":0,"open_files":0,"os_bytes_in_sec":344,"os_bytes_out_sec":264,"total_procs":442},"count":1}},"date":1637622840,"epoch_div":27293714},{"groups":{"main":{"totals":{"load_avg":2.9169921875,"cpu_usage":100,"mem_used":8516308992,"mem_free":6231846912,"tcp_conns":73,"disk_usage_root":6.12,"disk_read_sec":1745,"disk_write_sec":76078,"disk_iops_sec":14,"io_wait":0,"open_files":0,"os_bytes_in_sec":386,"os_bytes_out_sec":238,"total_procs":441},"count":1}},"date":1637622900,"epoch_div":27293715},{"groups":{"main":{"totals":{"load_avg":2.78076171875,"cpu_usage":100,"mem_used":8524197888,"mem_free":6278434816,"tcp_conns":74,"disk_usage_root":6.12,"disk_read_sec":55364,"disk_write_sec":61166,"disk_iops_sec":13,"io_wait":0,"open_files":0,"os_bytes_in_sec":293,"os_bytes_out_sec":254,"total_procs":442},"count":1}},"date":1637622960,"epoch_div":27293716},{"groups":{"main":{"totals":{"load_avg":2.98779296875,"cpu_usage":100,"mem_used":8511676416,"mem_free":6303068160,"tcp_conns":73,"disk_usage_root":6.12,"disk_read_sec":282487,"disk_write_sec":91409,"disk_iops_sec":43,"io_wait":0,"open_files":0,"os_bytes_in_sec":274,"os_bytes_out_sec":281,"total_procs":441},"count":1}},"date":1637623020,"epoch_div":27293717},{"groups":{"main":{"totals":{"load_avg":3.2529296875,"cpu_usage":100,"mem_used":8550293504,"mem_free":6265270272,"tcp_conns":73,"disk_usage_root":6.12,"disk_read_sec":11107,"disk_write_sec":393007,"disk_iops_sec":15,"io_wait":0,"open_files":0,"os_bytes_in_sec":258,"os_bytes_out_sec":382,"total_procs":441},"count":1}},"date":1637623080,"epoch_div":27293718},{"groups":{"main":{"totals":{"load_avg":3.41650390625,"cpu_usage":100,"mem_used":8546443264,"mem_free":6284578816,"tcp_conns":72,"disk_usage_root":6.12,"disk_read_sec":120126,"disk_write_sec":72317,"disk_iops_sec":20,"io_wait":0,"open_files":0,"os_bytes_in_sec":175,"os_bytes_out_sec":125,"total_procs":440},"count":1}},"date":1637623140,"epoch_div":27293719},{"groups":{"main":{"totals":{"load_avg":3.77685546875,"cpu_usage":100,"mem_used":8528531456,"mem_free":6330880000,"tcp_conns":73,"disk_usage_root":6.12,"disk_read_sec":254907,"disk_write_sec":212514,"disk_iops_sec":19,"io_wait":0,"open_files":0,"os_bytes_in_sec":233,"os_bytes_out_sec":168,"total_procs":440},"count":1}},"date":1637623200,"epoch_div":27293720},{"groups":{"main":{"totals":{"load_avg":3.49755859375,"cpu_usage":100,"mem_used":8528461824,"mem_free":6327218176,"tcp_conns":72,"disk_usage_root":6.12,"disk_read_sec":1457,"disk_write_sec":56927,"disk_iops_sec":11,"io_wait":0,"open_files":0,"os_bytes_in_sec":300,"os_bytes_out_sec":291,"total_procs":440},"count":1}},"date":1637623260,"epoch_div":27293721},{"groups":{"main":{"totals":{"load_avg":3.02197265625,"cpu_usage":100,"mem_used":8572420096,"mem_free":6258257920,"tcp_conns":72,"disk_usage_root":6.12,"disk_read_sec":40960,"disk_write_sec":74802,"disk_iops_sec":19,"io_wait":0,"open_files":0,"os_bytes_in_sec":224,"os_bytes_out_sec":111,"total_procs":441},"count":1}},"date":1637623320,"epoch_div":27293722},{"groups":{"main":{"totals":{"load_avg":3.30419921875,"cpu_usage":100,"mem_used":8568496128,"mem_free":6278266880,"tcp_conns":74,"disk_usage_root":6.12,"disk_read_sec":58572,"disk_write_sec":89361,"disk_iops_sec":19,"io_wait":0,"open_files":0,"os_bytes_in_sec":361,"os_bytes_out_sec":484,"total_procs":441},"count":1}},"date":1637623380,"epoch_div":27293723},{"groups":{"main":{"totals":{"load_avg":3.05419921875,"cpu_usage":100,"mem_used":8565227520,"mem_free":6293655552,"tcp_conns":74,"disk_usage_root":6.12,"disk_read_sec":13789,"disk_write_sec":67925,"disk_iops_sec":15,"io_wait":0,"open_files":0,"os_bytes_in_sec":267,"os_bytes_out_sec":185,"total_procs":441},"count":1}},"date":1637623440,"epoch_div":27293724},{"groups":{"main":{"totals":{"load_avg":3.2880859375,"cpu_usage":100,"mem_used":8569982976,"mem_free":6225600512,"tcp_conns":74,"disk_usage_root":6.12,"disk_read_sec":13380,"disk_write_sec":84923,"disk_iops_sec":16,"io_wait":0,"open_files":0,"os_bytes_in_sec":537,"os_bytes_out_sec":425,"total_procs":442},"count":1}},"date":1637623500,"epoch_div":27293725},{"groups":{"main":{"totals":{"load_avg":2.69482421875,"cpu_usage":100,"mem_used":8550776832,"mem_free":6300299264,"tcp_conns":74,"disk_usage_root":6.12,"disk_read_sec":99553,"disk_write_sec":76852,"disk_iops_sec":18,"io_wait":0,"open_files":0,"os_bytes_in_sec":201,"os_bytes_out_sec":232,"total_procs":443},"count":1}},"date":1637623560,"epoch_div":27293726},{"groups":{"main":{"totals":{"load_avg":2.73876953125,"cpu_usage":100,"mem_used":8528572416,"mem_free":6291369984,"tcp_conns":74,"disk_usage_root":6.12,"disk_read_sec":254422,"disk_write_sec":78361,"disk_iops_sec":40,"io_wait":0,"open_files":0,"os_bytes_in_sec":218,"os_bytes_out_sec":130,"total_procs":440},"count":1}},"date":1637623620,"epoch_div":27293727},{"groups":{"main":{"totals":{"load_avg":2.78369140625,"cpu_usage":100,"mem_used":8538165248,"mem_free":6285590528,"tcp_conns":74,"disk_usage_root":6.12,"disk_read_sec":37751,"disk_write_sec":107929,"disk_iops_sec":18,"io_wait":0,"open_files":0,"os_bytes_in_sec":6190,"os_bytes_out_sec":647,"total_procs":441},"count":1}},"date":1637623680,"epoch_div":27293728},{"groups":{"main":{"totals":{"load_avg":4.2421875,"cpu_usage":100,"mem_used":8536444928,"mem_free":6306263040,"tcp_conns":73,"disk_usage_root":6.12,"disk_read_sec":1092,"disk_write_sec":56866,"disk_iops_sec":11,"io_wait":0,"open_files":0,"os_bytes_in_sec":212,"os_bytes_out_sec":143,"total_procs":440},"count":1}},"date":1637623740,"epoch_div":27293729},{"groups":{"main":{"totals":{"load_avg":3.11669921875,"cpu_usage":100,"mem_used":8547336192,"mem_free":6300372992,"tcp_conns":73,"disk_usage_root":6.12,"disk_read_sec":14199,"disk_write_sec":65194,"disk_iops_sec":12,"io_wait":0,"open_files":0,"os_bytes_in_sec":318,"os_bytes_out_sec":349,"total_procs":441},"count":1}},"date":1637623800,"epoch_div":27293730},{"groups":{"main":{"totals":{"load_avg":3.43896484375,"cpu_usage":100,"mem_used":8545873920,"mem_free":6332801024,"tcp_conns":72,"disk_usage_root":6.12,"disk_read_sec":335530,"disk_write_sec":638907,"disk_iops_sec":22,"io_wait":0,"open_files":0,"os_bytes_in_sec":1043,"os_bytes_out_sec":402,"total_procs":440},"count":1}},"date":1637625660,"epoch_div":27293761},{"groups":{"main":{"totals":{"load_avg":2.6318359375,"cpu_usage":100,"mem_used":8505024512,"mem_free":6531477504,"tcp_conns":80,"disk_usage_root":6.12,"disk_read_sec":25702,"disk_write_sec":46287,"disk_iops_sec":5,"io_wait":0,"open_files":0,"os_bytes_in_sec":328,"os_bytes_out_sec":239,"total_procs":449},"count":1}},"date":1637625660,"epoch_div":27293761},{"groups":{"main":{"totals":{"load_avg":2.138671875,"cpu_usage":100,"mem_used":8534204416,"mem_free":6497320960,"tcp_conns":76,"disk_usage_root":6.12,"disk_read_sec":646553,"disk_write_sec":361472,"disk_iops_sec":93,"io_wait":0,"open_files":0,"os_bytes_in_sec":362,"os_bytes_out_sec":892,"total_procs":444},"count":1}},"date":1637626620,"epoch_div":27293777},{"groups":{"main":{"totals":{"load_avg":1.99609375,"cpu_usage":100,"mem_used":8553164800,"mem_free":6471716864,"tcp_conns":73,"disk_usage_root":6.12,"disk_read_sec":83381,"disk_write_sec":48714,"disk_iops_sec":3,"io_wait":0,"open_files":0,"os_bytes_in_sec":172,"os_bytes_out_sec":406,"total_procs":445},"count":1}},"date":1637626680,"epoch_div":27293778},{"groups":{"main":{"totals":{"load_avg":2.02880859375,"cpu_usage":100,"mem_used":8539533312,"mem_free":6487609344,"tcp_conns":75,"disk_usage_root":6.12,"disk_read_sec":2006558,"disk_write_sec":1503232,"disk_iops_sec":85,"io_wait":0,"open_files":0,"os_bytes_in_sec":1908,"os_bytes_out_sec":2395,"total_procs":443},"count":1}},"date":1637628060,"epoch_div":27293801},{"groups":{"main":{"totals":{"load_avg":1.94580078125,"cpu_usage":100,"mem_used":8544841728,"mem_free":6517432320,"tcp_conns":82,"disk_usage_root":6.12,"disk_read_sec":99230,"disk_write_sec":108602,"disk_iops_sec":4,"io_wait":0,"open_files":0,"os_bytes_in_sec":385,"os_bytes_out_sec":276,"total_procs":444},"count":1}},"date":1637628060,"epoch_div":27293801},{"groups":{"main":{"totals":{"load_avg":1.947265625,"cpu_usage":100,"mem_used":8508039168,"mem_free":6486831104,"tcp_conns":80,"disk_usage_root":6.12,"disk_read_sec":13801062,"disk_write_sec":10034790,"disk_iops_sec":514,"io_wait":0,"open_files":0,"os_bytes_in_sec":4651,"os_bytes_out_sec":5377,"total_procs":456},"count":1}},"date":1637629140,"epoch_div":27293819},{"groups":{"main":{"totals":{"load_avg":1.6298828125,"cpu_usage":100,"mem_used":8461832192,"mem_free":6507323392,"tcp_conns":76,"disk_usage_root":6.12,"disk_read_sec":57174,"disk_write_sec":20912,"disk_iops_sec":2,"io_wait":0,"open_files":0,"os_bytes_in_sec":2484,"os_bytes_out_sec":430,"total_procs":450},"count":1}},"date":1637629620,"epoch_div":27293827},{"groups":{"main":{"totals":{"load_avg":2.1875,"cpu_usage":100,"mem_used":8518955008,"mem_free":6635401216,"tcp_conns":77,"disk_usage_root":6.12,"disk_read_sec":75024,"disk_write_sec":56940,"disk_iops_sec":6,"io_wait":0,"open_files":0,"os_bytes_in_sec":395,"os_bytes_out_sec":844,"total_procs":444},"count":1}},"date":1637629680,"epoch_div":27293828},{"groups":{"main":{"totals":{"load_avg":3.41943359375,"cpu_usage":100,"mem_used":8554848256,"mem_free":6488645632,"tcp_conns":77,"disk_usage_root":6.12,"disk_read_sec":938524,"disk_write_sec":344682,"disk_iops_sec":94,"io_wait":0,"open_files":0,"os_bytes_in_sec":3978,"os_bytes_out_sec":8133,"total_procs":444},"count":1}},"date":1637629740,"epoch_div":27293829},{"groups":{"main":{"totals":{"load_avg":3.46337890625,"cpu_usage":100,"mem_used":8563843072,"mem_free":6653046784,"tcp_conns":72,"disk_usage_root":6.12,"disk_read_sec":434801,"disk_write_sec":117816,"disk_iops_sec":54,"io_wait":0,"open_files":0,"os_bytes_in_sec":2514,"os_bytes_out_sec":5443,"total_procs":443},"count":1}},"date":1637629800,"epoch_div":27293830},{"groups":{"main":{"totals":{"load_avg":2.63623046875,"cpu_usage":100,"mem_used":8448643072,"mem_free":6638587904,"tcp_conns":78,"disk_usage_root":6.12,"disk_read_sec":311466,"disk_write_sec":280576,"disk_iops_sec":48,"io_wait":0,"open_files":0,"os_bytes_in_sec":89610,"os_bytes_out_sec":4289,"total_procs":444},"count":1}},"date":1637629860,"epoch_div":27293831},{"groups":{"main":{"totals":{"load_avg":2.39892578125,"cpu_usage":100,"mem_used":8466333696,"mem_free":6627893248,"tcp_conns":77,"disk_usage_root":6.12,"disk_read_sec":94003,"disk_write_sec":174421,"disk_iops_sec":22,"io_wait":0,"open_files":0,"os_bytes_in_sec":87596,"os_bytes_out_sec":2888,"total_procs":441},"count":1}},"date":1637629920,"epoch_div":27293832},{"groups":{"main":{"totals":{"load_avg":2.8671875,"cpu_usage":100,"mem_used":8475774976,"mem_free":6626099200,"tcp_conns":78,"disk_usage_root":6.12,"disk_read_sec":92637,"disk_write_sec":472814,"disk_iops_sec":40,"io_wait":0,"open_files":0,"os_bytes_in_sec":51943,"os_bytes_out_sec":2006,"total_procs":442},"count":1}},"date":1637629980,"epoch_div":27293833},{"groups":{"main":{"totals":{"load_avg":2.0732421875,"cpu_usage":100,"mem_used":8530186240,"mem_free":6616174592,"tcp_conns":81,"disk_usage_root":6.12,"disk_read_sec":42939,"disk_write_sec":126020,"disk_iops_sec":20,"io_wait":0,"open_files":0,"os_bytes_in_sec":1468,"os_bytes_out_sec":1213,"total_procs":440},"count":1}},"date":1637630040,"epoch_div":27293834},{"groups":{"main":{"totals":{"load_avg":2.341796875,"cpu_usage":100,"mem_used":8185356288,"mem_free":6518870016,"tcp_conns":79,"disk_usage_root":6.12,"disk_read_sec":72226,"disk_write_sec":258867,"disk_iops_sec":25,"io_wait":0,"open_files":0,"os_bytes_in_sec":8070,"os_bytes_out_sec":2612,"total_procs":440},"count":1}},"date":1637630100,"epoch_div":27293835},{"groups":{"main":{"totals":{"load_avg":3.298828125,"cpu_usage":100,"mem_used":8179957760,"mem_free":6659850240,"tcp_conns":79,"disk_usage_root":6.12,"disk_read_sec":17749,"disk_write_sec":67515,"disk_iops_sec":13,"io_wait":0,"open_files":0,"os_bytes_in_sec":223,"os_bytes_out_sec":240,"total_procs":438},"count":1}},"date":1637630160,"epoch_div":27293836},{"groups":{"main":{"totals":{"load_avg":2.96923828125,"cpu_usage":100,"mem_used":8213368832,"mem_free":6551343104,"tcp_conns":76,"disk_usage_root":6.12,"disk_read_sec":12765,"disk_write_sec":129297,"disk_iops_sec":21,"io_wait":0,"open_files":0,"os_bytes_in_sec":629,"os_bytes_out_sec":1035,"total_procs":440},"count":1}},"date":1637630220,"epoch_div":27293837},{"groups":{"main":{"totals":{"load_avg":2.51318359375,"cpu_usage":100,"mem_used":8210370560,"mem_free":6495457280,"tcp_conns":76,"disk_usage_root":6.12,"disk_read_sec":1820,"disk_write_sec":70087,"disk_iops_sec":11,"io_wait":0,"open_files":0,"os_bytes_in_sec":291,"os_bytes_out_sec":341,"total_procs":438},"count":1}},"date":1637630280,"epoch_div":27293838},{"groups":{"main":{"totals":{"load_avg":2.70361328125,"cpu_usage":100,"mem_used":8200302592,"mem_free":6563872768,"tcp_conns":75,"disk_usage_root":6.12,"disk_read_sec":1536,"disk_write_sec":66779,"disk_iops_sec":12,"io_wait":0,"open_files":0,"os_bytes_in_sec":97,"os_bytes_out_sec":121,"total_procs":438},"count":1}},"date":1637630340,"epoch_div":27293839},{"groups":{"main":{"totals":{"load_avg":2.40380859375,"cpu_usage":100,"mem_used":8231112704,"mem_free":6506024960,"tcp_conns":76,"disk_usage_root":6.12,"disk_read_sec":156856,"disk_write_sec":757155,"disk_iops_sec":33,"io_wait":0,"open_files":0,"os_bytes_in_sec":223,"os_bytes_out_sec":254,"total_procs":439},"count":1}},"date":1637630400,"epoch_div":27293840},{"groups":{"main":{"totals":{"load_avg":2.41796875,"cpu_usage":100,"mem_used":8236818432,"mem_free":6526955520,"tcp_conns":76,"disk_usage_root":6.12,"disk_read_sec":16520,"disk_write_sec":95163,"disk_iops_sec":16,"io_wait":0,"open_files":0,"os_bytes_in_sec":263,"os_bytes_out_sec":186,"total_procs":439},"count":1}},"date":1637630460,"epoch_div":27293841},{"groups":{"main":{"totals":{"load_avg":2.83642578125,"cpu_usage":100,"mem_used":8253292544,"mem_free":6503514112,"tcp_conns":71,"disk_usage_root":6.12,"disk_read_sec":14926,"disk_write_sec":375096,"disk_iops_sec":13,"io_wait":0,"open_files":0,"os_bytes_in_sec":436,"os_bytes_out_sec":254,"total_procs":442},"count":1}},"date":1637630520,"epoch_div":27293842},{"groups":{"main":{"totals":{"load_avg":3.45703125,"cpu_usage":100,"mem_used":8245006336,"mem_free":6455492608,"tcp_conns":72,"disk_usage_root":6.12,"disk_read_sec":0,"disk_write_sec":63521,"disk_iops_sec":10,"io_wait":0,"open_files":0,"os_bytes_in_sec":307,"os_bytes_out_sec":165,"total_procs":438},"count":1}},"date":1637630580,"epoch_div":27293843},{"groups":{"main":{"totals":{"load_avg":2.55908203125,"cpu_usage":100,"mem_used":8253968384,"mem_free":6473920512,"tcp_conns":72,"disk_usage_root":6.12,"disk_read_sec":4983,"disk_write_sec":678161,"disk_iops_sec":13,"io_wait":0,"open_files":0,"os_bytes_in_sec":135,"os_bytes_out_sec":287,"total_procs":438},"count":1}},"date":1637630640,"epoch_div":27293844},{"groups":{"main":{"totals":{"load_avg":2.8876953125,"cpu_usage":100,"mem_used":8316907520,"mem_free":6590021632,"tcp_conns":71,"disk_usage_root":6.12,"disk_read_sec":26519,"disk_write_sec":1536069,"disk_iops_sec":25,"io_wait":0,"open_files":0,"os_bytes_in_sec":787,"os_bytes_out_sec":1010,"total_procs":439},"count":1}},"date":1637632440,"epoch_div":27293874},{"groups":{"main":{"totals":{"load_avg":2.54296875,"cpu_usage":100,"mem_used":8374513664,"mem_free":6298750976,"tcp_conns":75,"disk_usage_root":6.12,"disk_read_sec":2838,"disk_write_sec":12800,"disk_iops_sec":0,"io_wait":0,"open_files":0,"os_bytes_in_sec":89,"os_bytes_out_sec":175,"total_procs":440},"count":1}},"date":1637632500,"epoch_div":27293875},{"groups":{},"date":1637633460,"epoch_div":27293891},{"groups":{"main":{"totals":{"load_avg":13.1240234375,"cpu_usage":200,"mem_used":16780967936,"mem_free":12566659072,"tcp_conns":160,"disk_usage_root":12.24,"disk_read_sec":460373,"disk_write_sec":161962,"disk_iops_sec":39,"io_wait":0,"open_files":0,"os_bytes_in_sec":24601,"os_bytes_out_sec":10355,"total_procs":878},"count":2}},"date":1637633460,"epoch_div":27293891},{"groups":{"main":{"totals":{"load_avg":5.86376953125,"cpu_usage":100,"mem_used":8381595648,"mem_free":6378876928,"tcp_conns":75,"disk_usage_root":6.12,"disk_read_sec":185765,"disk_write_sec":673189,"disk_iops_sec":133,"io_wait":0,"open_files":0,"os_bytes_in_sec":2691,"os_bytes_out_sec":3497,"total_procs":439},"count":1}},"date":1637635800,"epoch_div":27293930},{"groups":{"main":{"totals":{"load_avg":4.0791015625,"cpu_usage":100,"mem_used":8457084928,"mem_free":6364889088,"tcp_conns":81,"disk_usage_root":6.12,"disk_read_sec":5152,"disk_write_sec":3436,"disk_iops_sec":0,"io_wait":0,"open_files":0,"os_bytes_in_sec":270,"os_bytes_out_sec":206,"total_procs":442},"count":1}},"date":1637635980,"epoch_div":27293933},{"groups":{"main":{"totals":{"load_avg":3.208984375,"cpu_usage":100,"mem_used":8450850816,"mem_free":6557376512,"tcp_conns":80,"disk_usage_root":6.12,"disk_read_sec":54406,"disk_write_sec":62598,"disk_iops_sec":13,"io_wait":0,"open_files":0,"os_bytes_in_sec":1536,"os_bytes_out_sec":3084,"total_procs":440},"count":1}},"date":1637635980,"epoch_div":27293933},{"groups":{"main":{"totals":{"load_avg":3.55712890625,"cpu_usage":100,"mem_used":8449474560,"mem_free":6526201856,"tcp_conns":111,"disk_usage_root":6.12,"disk_read_sec":748982,"disk_write_sec":1318765,"disk_iops_sec":152,"io_wait":0,"open_files":0,"os_bytes_in_sec":91468,"os_bytes_out_sec":36383,"total_procs":442},"count":1}},"date":1637636040,"epoch_div":27293934},{"groups":{"main":{"totals":{"load_avg":2.39208984375,"cpu_usage":100,"mem_used":8425074688,"mem_free":6482116608,"tcp_conns":111,"disk_usage_root":6.12,"disk_read_sec":425779,"disk_write_sec":497664,"disk_iops_sec":110,"io_wait":0,"open_files":0,"os_bytes_in_sec":67405,"os_bytes_out_sec":11003,"total_procs":445},"count":1}},"date":1637636100,"epoch_div":27293935},{"groups":{"main":{"totals":{"load_avg":2.5556640625,"cpu_usage":100,"mem_used":8566534144,"mem_free":6548590592,"tcp_conns":110,"disk_usage_root":6.12,"disk_read_sec":243507,"disk_write_sec":119057,"disk_iops_sec":38,"io_wait":0,"open_files":0,"os_bytes_in_sec":1303,"os_bytes_out_sec":2652,"total_procs":442},"count":1}},"date":1637636160,"epoch_div":27293936},{"groups":{"main":{"totals":{"load_avg":2.560546875,"cpu_usage":100,"mem_used":8473776128,"mem_free":6462861312,"tcp_conns":109,"disk_usage_root":6.12,"disk_read_sec":308838,"disk_write_sec":166912,"disk_iops_sec":42,"io_wait":0,"open_files":0,"os_bytes_in_sec":8466,"os_bytes_out_sec":11185,"total_procs":443},"count":1}},"date":1637636220,"epoch_div":27293937},{"groups":{"main":{"totals":{"load_avg":2.2294921875,"cpu_usage":100,"mem_used":8496648192,"mem_free":6453223424,"tcp_conns":100,"disk_usage_root":6.12,"disk_read_sec":19182,"disk_write_sec":60347,"disk_iops_sec":11,"io_wait":0,"open_files":0,"os_bytes_in_sec":330,"os_bytes_out_sec":874,"total_procs":441},"count":1}},"date":1637636280,"epoch_div":27293938},{"groups":{"main":{"totals":{"load_avg":2.4130859375,"cpu_usage":100,"mem_used":8500801536,"mem_free":6451220480,"tcp_conns":91,"disk_usage_root":6.12,"disk_read_sec":1228,"disk_write_sec":70382,"disk_iops_sec":12,"io_wait":0,"open_files":0,"os_bytes_in_sec":1092,"os_bytes_out_sec":2679,"total_procs":441},"count":1}},"date":1637636340,"epoch_div":27293939},{"groups":{"main":{"totals":{"load_avg":1.74169921875,"cpu_usage":100,"mem_used":8515190784,"mem_free":6436663296,"tcp_conns":90,"disk_usage_root":6.12,"disk_read_sec":60190,"disk_write_sec":75324,"disk_iops_sec":14,"io_wait":0,"open_files":0,"os_bytes_in_sec":302,"os_bytes_out_sec":612,"total_procs":442},"count":1}},"date":1637636400,"epoch_div":27293940},{"groups":{"main":{"totals":{"load_avg":2.2333984375,"cpu_usage":100,"mem_used":8525168640,"mem_free":6430797824,"tcp_conns":79,"disk_usage_root":6.12,"disk_read_sec":3303,"disk_write_sec":71151,"disk_iops_sec":14,"io_wait":0,"open_files":0,"os_bytes_in_sec":415,"os_bytes_out_sec":606,"total_procs":441},"count":1}},"date":1637636460,"epoch_div":27293941},{"groups":{"main":{"totals":{"load_avg":2.724609375,"cpu_usage":100,"mem_used":8514977792,"mem_free":6436102144,"tcp_conns":79,"disk_usage_root":6.12,"disk_read_sec":0,"disk_write_sec":61509,"disk_iops_sec":10,"io_wait":0,"open_files":0,"os_bytes_in_sec":271,"os_bytes_out_sec":363,"total_procs":441},"count":1}},"date":1637636520,"epoch_div":27293942},{"groups":{"main":{"totals":{"load_avg":2.10009765625,"cpu_usage":100,"mem_used":8517836800,"mem_free":6434680832,"tcp_conns":77,"disk_usage_root":6.12,"disk_read_sec":7168,"disk_write_sec":94139,"disk_iops_sec":15,"io_wait":0,"open_files":0,"os_bytes_in_sec":295,"os_bytes_out_sec":423,"total_procs":441},"count":1}},"date":1637636580,"epoch_div":27293943},{"groups":{"main":{"totals":{"load_avg":1.74365234375,"cpu_usage":100,"mem_used":8530153472,"mem_free":6431293440,"tcp_conns":77,"disk_usage_root":6.12,"disk_read_sec":4846,"disk_write_sec":74274,"disk_iops_sec":13,"io_wait":0,"open_files":0,"os_bytes_in_sec":289,"os_bytes_out_sec":446,"total_procs":442},"count":1}},"date":1637636640,"epoch_div":27293944},{"groups":{"main":{"totals":{"load_avg":1.734375,"cpu_usage":100,"mem_used":8534740992,"mem_free":6428651520,"tcp_conns":75,"disk_usage_root":6.12,"disk_read_sec":2443264,"disk_write_sec":2391654,"disk_iops_sec":40,"io_wait":0,"open_files":0,"os_bytes_in_sec":161,"os_bytes_out_sec":578,"total_procs":441},"count":1}},"date":1637636700,"epoch_div":27293945},{"groups":{"main":{"totals":{"load_avg":2.11376953125,"cpu_usage":100,"mem_used":8551989248,"mem_free":6430511104,"tcp_conns":75,"disk_usage_root":6.12,"disk_read_sec":200704,"disk_write_sec":70860,"disk_iops_sec":31,"io_wait":0,"open_files":0,"os_bytes_in_sec":227,"os_bytes_out_sec":380,"total_procs":441},"count":1}},"date":1637636760,"epoch_div":27293946},{"groups":{"main":{"totals":{"load_avg":2.4833984375,"cpu_usage":100,"mem_used":8554668032,"mem_free":6415314944,"tcp_conns":74,"disk_usage_root":6.12,"disk_read_sec":14787,"disk_write_sec":69979,"disk_iops_sec":15,"io_wait":0,"open_files":0,"os_bytes_in_sec":243,"os_bytes_out_sec":355,"total_procs":441},"count":1}},"date":1637636820,"epoch_div":27293947},{"groups":{"main":{"totals":{"load_avg":2.79736328125,"cpu_usage":100,"mem_used":8557121536,"mem_free":6415441920,"tcp_conns":73,"disk_usage_root":6.12,"disk_read_sec":8796,"disk_write_sec":56605,"disk_iops_sec":10,"io_wait":0,"open_files":0,"os_bytes_in_sec":227,"os_bytes_out_sec":497,"total_procs":441},"count":1}},"date":1637636880,"epoch_div":27293948},{"groups":{"main":{"totals":{"load_avg":1.9052734375,"cpu_usage":100,"mem_used":8556351488,"mem_free":6413238272,"tcp_conns":74,"disk_usage_root":6.12,"disk_read_sec":185125,"disk_write_sec":1159100,"disk_iops_sec":63,"io_wait":0,"open_files":0,"os_bytes_in_sec":212,"os_bytes_out_sec":412,"total_procs":443},"count":1}},"date":1637637600,"epoch_div":27293960},{"groups":{"main":{"totals":{"load_avg":2.671875,"cpu_usage":100,"mem_used":8340717568,"mem_free":6542422016,"tcp_conns":78,"disk_usage_root":6.12,"disk_read_sec":26654,"disk_write_sec":343455,"disk_iops_sec":5,"io_wait":0,"open_files":0,"os_bytes_in_sec":664,"os_bytes_out_sec":461,"total_procs":443},"count":1}},"date":1637637660,"epoch_div":27293961},{"groups":{"main":{"totals":{"load_avg":2.900390625,"cpu_usage":100,"mem_used":8424484864,"mem_free":6433058816,"tcp_conns":82,"disk_usage_root":6.12,"disk_read_sec":926558,"disk_write_sec":1559605,"disk_iops_sec":71,"io_wait":0,"open_files":0,"os_bytes_in_sec":10238,"os_bytes_out_sec":16347,"total_procs":446},"count":1}},"date":1637637720,"epoch_div":27293962},{"groups":{"main":{"totals":{"load_avg":2.779296875,"cpu_usage":100,"mem_used":8462102528,"mem_free":6482108416,"tcp_conns":79,"disk_usage_root":6.12,"disk_read_sec":4176896,"disk_write_sec":97075,"disk_iops_sec":126,"io_wait":0,"open_files":0,"os_bytes_in_sec":14427,"os_bytes_out_sec":2282,"total_procs":443},"count":1}},"date":1637637780,"epoch_div":27293963},{"groups":{"main":{"totals":{"load_avg":2.70361328125,"cpu_usage":100,"mem_used":8542752768,"mem_free":6476947456,"tcp_conns":91,"disk_usage_root":6.12,"disk_read_sec":420454,"disk_write_sec":564019,"disk_iops_sec":85,"io_wait":0,"open_files":0,"os_bytes_in_sec":20469,"os_bytes_out_sec":8139,"total_procs":450},"count":1}},"date":1637637840,"epoch_div":27293964},{"groups":{"main":{"totals":{"load_avg":2.22900390625,"cpu_usage":100,"mem_used":8558407680,"mem_free":6334124032,"tcp_conns":89,"disk_usage_root":6.12,"disk_read_sec":26828,"disk_write_sec":95368,"disk_iops_sec":18,"io_wait":0,"open_files":0,"os_bytes_in_sec":388,"os_bytes_out_sec":354,"total_procs":445},"count":1}},"date":1637637900,"epoch_div":27293965},{"groups":{"main":{"totals":{"load_avg":2.18212890625,"cpu_usage":100,"mem_used":8535695360,"mem_free":6436421632,"tcp_conns":87,"disk_usage_root":6.12,"disk_read_sec":1084074,"disk_write_sec":249378,"disk_iops_sec":70,"io_wait":0,"open_files":0,"os_bytes_in_sec":6453,"os_bytes_out_sec":31602,"total_procs":446},"count":1}},"date":1637637960,"epoch_div":27293966},{"groups":{"main":{"totals":{"load_avg":2.50537109375,"cpu_usage":100,"mem_used":8503689216,"mem_free":6488125440,"tcp_conns":87,"disk_usage_root":6.12,"disk_read_sec":223778,"disk_write_sec":102536,"disk_iops_sec":36,"io_wait":0,"open_files":0,"os_bytes_in_sec":494,"os_bytes_out_sec":446,"total_procs":444},"count":1}},"date":1637638020,"epoch_div":27293967},{"groups":{"main":{"totals":{"load_avg":2.646484375,"cpu_usage":100,"mem_used":8510832640,"mem_free":6450159616,"tcp_conns":82,"disk_usage_root":6.12,"disk_read_sec":105540,"disk_write_sec":97962,"disk_iops_sec":23,"io_wait":0,"open_files":0,"os_bytes_in_sec":195,"os_bytes_out_sec":356,"total_procs":444},"count":1}},"date":1637638080,"epoch_div":27293968},{"groups":{"main":{"totals":{"load_avg":2.26708984375,"cpu_usage":100,"mem_used":8555147264,"mem_free":6442639360,"tcp_conns":79,"disk_usage_root":6.12,"disk_read_sec":55022,"disk_write_sec":399360,"disk_iops_sec":17,"io_wait":0,"open_files":0,"os_bytes_in_sec":390,"os_bytes_out_sec":267,"total_procs":450},"count":1}},"date":1637638140,"epoch_div":27293969},{"groups":{"main":{"totals":{"load_avg":2.98291015625,"cpu_usage":100,"mem_used":8509923328,"mem_free":6400679936,"tcp_conns":76,"disk_usage_root":6.12,"disk_read_sec":12629,"disk_write_sec":66218,"disk_iops_sec":13,"io_wait":0,"open_files":0,"os_bytes_in_sec":317,"os_bytes_out_sec":448,"total_procs":444},"count":1}},"date":1637638200,"epoch_div":27293970},{"groups":{"main":{"totals":{"load_avg":3.3408203125,"cpu_usage":100,"mem_used":8523395072,"mem_free":6460653568,"tcp_conns":77,"disk_usage_root":6.12,"disk_read_sec":114618,"disk_write_sec":70742,"disk_iops_sec":23,"io_wait":0,"open_files":0,"os_bytes_in_sec":448,"os_bytes_out_sec":345,"total_procs":444},"count":1}},"date":1637638260,"epoch_div":27293971},{"groups":{"main":{"totals":{"load_avg":3.3623046875,"cpu_usage":100,"mem_used":8540180480,"mem_free":6422728704,"tcp_conns":77,"disk_usage_root":6.12,"disk_read_sec":60499,"disk_write_sec":87963,"disk_iops_sec":19,"io_wait":0,"open_files":0,"os_bytes_in_sec":519,"os_bytes_out_sec":358,"total_procs":445},"count":1}},"date":1637638320,"epoch_div":27293972},{"groups":{"main":{"totals":{"load_avg":2.52294921875,"cpu_usage":100,"mem_used":8537763840,"mem_free":6416162816,"tcp_conns":75,"disk_usage_root":6.12,"disk_read_sec":72089,"disk_write_sec":82875,"disk_iops_sec":17,"io_wait":0,"open_files":0,"os_bytes_in_sec":198,"os_bytes_out_sec":308,"total_procs":443},"count":1}},"date":1637638380,"epoch_div":27293973},{"groups":{"main":{"totals":{"load_avg":3.892578125,"cpu_usage":100,"mem_used":8542781440,"mem_free":6441832448,"tcp_conns":73,"disk_usage_root":6.12,"disk_read_sec":5276,"disk_write_sec":72200,"disk_iops_sec":12,"io_wait":0,"open_files":0,"os_bytes_in_sec":167,"os_bytes_out_sec":253,"total_procs":444},"count":1}},"date":1637638440,"epoch_div":27293974},{"groups":{"main":{"totals":{"load_avg":3.9150390625,"cpu_usage":100,"mem_used":8545046528,"mem_free":6367645696,"tcp_conns":75,"disk_usage_root":6.12,"disk_read_sec":21151,"disk_write_sec":113747,"disk_iops_sec":20,"io_wait":0,"open_files":0,"os_bytes_in_sec":520,"os_bytes_out_sec":394,"total_procs":445},"count":1}},"date":1637638500,"epoch_div":27293975},{"groups":{"main":{"totals":{"load_avg":2.94677734375,"cpu_usage":100,"mem_used":8569856000,"mem_free":6421028864,"tcp_conns":75,"disk_usage_root":6.12,"disk_read_sec":250060,"disk_write_sec":735300,"disk_iops_sec":28,"io_wait":0,"open_files":0,"os_bytes_in_sec":119,"os_bytes_out_sec":150,"total_procs":445},"count":1}},"date":1637638560,"epoch_div":27293976},{"groups":{"main":{"totals":{"load_avg":2.8759765625,"cpu_usage":100,"mem_used":8518799360,"mem_free":6482759680,"tcp_conns":75,"disk_usage_root":6.12,"disk_read_sec":247125,"disk_write_sec":1044138,"disk_iops_sec":42,"io_wait":0,"open_files":0,"os_bytes_in_sec":191,"os_bytes_out_sec":287,"total_procs":445},"count":1}},"date":1637638620,"epoch_div":27293977},{"groups":{"main":{"totals":{"load_avg":2.4228515625,"cpu_usage":100,"mem_used":8533667840,"mem_free":6473420800,"tcp_conns":74,"disk_usage_root":6.12,"disk_read_sec":116667,"disk_write_sec":703146,"disk_iops_sec":23,"io_wait":0,"open_files":0,"os_bytes_in_sec":104,"os_bytes_out_sec":149,"total_procs":445},"count":1}},"date":1637638680,"epoch_div":27293978},{"groups":{"main":{"totals":{"load_avg":3.16064453125,"cpu_usage":100,"mem_used":8525656064,"mem_free":6399664128,"tcp_conns":73,"disk_usage_root":6.12,"disk_read_sec":28741,"disk_write_sec":58940,"disk_iops_sec":14,"io_wait":0,"open_files":0,"os_bytes_in_sec":299,"os_bytes_out_sec":219,"total_procs":444},"count":1}},"date":1637638740,"epoch_div":27293979}]}