{"type":"list_page","items":[{"groups":{"main":{"totals":{"load_avg":2.3759765625,"cpu_usage":100,"mem_used":8468508672,"mem_free":6603919360,"tcp_conns":100,"disk_usage_root":8.83,"disk_read_sec":111772,"disk_write_sec":116423,"disk_iops_sec":22,"io_wait":0,"open_files":0,"os_bytes_in_sec":3568,"os_bytes_out_sec":2139,"total_procs":488},"count":1}},"date":1639103880,"epoch_div":27318398},{"groups":{"main":{"totals":{"load_avg":2.1376953125,"cpu_usage":100,"mem_used":8418205696,"mem_free":6538915840,"tcp_conns":95,"disk_usage_root":8.83,"disk_read_sec":349730,"disk_write_sec":193262,"disk_iops_sec":32,"io_wait":0,"open_files":0,"os_bytes_in_sec":1543,"os_bytes_out_sec":1154,"total_procs":486},"count":1}},"date":1639103940,"epoch_div":27318399},{"groups":{"main":{"totals":{"load_avg":2.4697265625,"cpu_usage":100,"mem_used":8526462976,"mem_free":6519926784,"tcp_conns":102,"disk_usage_root":8.83,"disk_read_sec":2084931,"disk_write_sec":151283,"disk_iops_sec":38,"io_wait":0,"open_files":0,"os_bytes_in_sec":3764,"os_bytes_out_sec":2670,"total_procs":486},"count":1}},"date":1639104000,"epoch_div":27318400},{"groups":{"main":{"totals":{"load_avg":2.28759765625,"cpu_usage":100,"mem_used":8550612992,"mem_free":6472851456,"tcp_conns":100,"disk_usage_root":8.83,"disk_read_sec":249309,"disk_write_sec":91067,"disk_iops_sec":35,"io_wait":0,"open_files":0,"os_bytes_in_sec":3172,"os_bytes_out_sec":1826,"total_procs":484},"count":1}},"date":1639104060,"epoch_div":27318401},{"groups":{"main":{"totals":{"load_avg":2.66845703125,"cpu_usage":100,"mem_used":8522276864,"mem_free":6280486912,"tcp_conns":102,"disk_usage_root":8.83,"disk_read_sec":3808392,"disk_write_sec":10778419,"disk_iops_sec":145,"io_wait":0,"open_files":0,"os_bytes_in_sec":6322,"os_bytes_out_sec":1554,"total_procs":484},"count":1}},"date":1639104120,"epoch_div":27318402},{"groups":{"main":{"totals":{"load_avg":2.76953125,"cpu_usage":100,"mem_used":8569360384,"mem_free":6186360832,"tcp_conns":101,"disk_usage_root":8.83,"disk_read_sec":552550,"disk_write_sec":484010,"disk_iops_sec":136,"io_wait":0,"open_files":0,"os_bytes_in_sec":2295,"os_bytes_out_sec":1924,"total_procs":490},"count":1}},"date":1639104180,"epoch_div":27318403},{"groups":{"main":{"totals":{"load_avg":2.865234375,"cpu_usage":100,"mem_used":8569217024,"mem_free":6080073728,"tcp_conns":100,"disk_usage_root":8.83,"disk_read_sec":191829,"disk_write_sec":436360,"disk_iops_sec":32,"io_wait":0,"open_files":0,"os_bytes_in_sec":1819,"os_bytes_out_sec":1383,"total_procs":487},"count":1}},"date":1639104240,"epoch_div":27318404},{"groups":{"main":{"totals":{"load_avg":2.78369140625,"cpu_usage":100,"mem_used":8569827328,"mem_free":6028660736,"tcp_conns":97,"disk_usage_root":8.83,"disk_read_sec":120968,"disk_write_sec":105608,"disk_iops_sec":24,"io_wait":0,"open_files":0,"os_bytes_in_sec":322,"os_bytes_out_sec":172,"total_procs":483},"count":1}},"date":1639104300,"epoch_div":27318405},{"groups":{"main":{"totals":{"load_avg":3.1220703125,"cpu_usage":100,"mem_used":8569933824,"mem_free":6074011648,"tcp_conns":101,"disk_usage_root":8.83,"disk_read_sec":126293,"disk_write_sec":132710,"disk_iops_sec":29,"io_wait":0,"open_files":0,"os_bytes_in_sec":4309,"os_bytes_out_sec":2272,"total_procs":486},"count":1}},"date":1639104360,"epoch_div":27318406},{"groups":{"main":{"totals":{"load_avg":2.369140625,"cpu_usage":100,"mem_used":8569401344,"mem_free":6059032576,"tcp_conns":97,"disk_usage_root":8.83,"disk_read_sec":141653,"disk_write_sec":440388,"disk_iops_sec":31,"io_wait":0,"open_files":0,"os_bytes_in_sec":493,"os_bytes_out_sec":382,"total_procs":486},"count":1}},"date":1639104420,"epoch_div":27318407},{"groups":{"main":{"totals":{"load_avg":2.89013671875,"cpu_usage":100,"mem_used":8568336384,"mem_free":6093824000,"tcp_conns":100,"disk_usage_root":8.83,"disk_read_sec":696456,"disk_write_sec":290201,"disk_iops_sec":74,"io_wait":0,"open_files":0,"os_bytes_in_sec":3342,"os_bytes_out_sec":2032,"total_procs":486},"count":1}},"date":1639104480,"epoch_div":27318408},{"groups":{"main":{"totals":{"load_avg":2.99609375,"cpu_usage":100,"mem_used":8568434688,"mem_free":6092283904,"tcp_conns":100,"disk_usage_root":8.83,"disk_read_sec":374306,"disk_write_sec":150254,"disk_iops_sec":39,"io_wait":0,"open_files":0,"os_bytes_in_sec":3570,"os_bytes_out_sec":5671,"total_procs":486},"count":1}},"date":1639104540,"epoch_div":27318409},{"groups":{"main":{"totals":{"load_avg":2.990234375,"cpu_usage":100,"mem_used":8496873472,"mem_free":6121799680,"tcp_conns":96,"disk_usage_root":8.83,"disk_read_sec":111001,"disk_write_sec":86152,"disk_iops_sec":20,"io_wait":0,"open_files":0,"os_bytes_in_sec":336,"os_bytes_out_sec":297,"total_procs":484},"count":1}},"date":1639104600,"epoch_div":27318410},{"groups":{"main":{"totals":{"load_avg":2.8212890625,"cpu_usage":100,"mem_used":8545333248,"mem_free":6246965248,"tcp_conns":101,"disk_usage_root":8.83,"disk_read_sec":3200477,"disk_write_sec":161928,"disk_iops_sec":135,"io_wait":0,"open_files":0,"os_bytes_in_sec":3988,"os_bytes_out_sec":2281,"total_procs":489},"count":1}},"date":1639104660,"epoch_div":27318411},{"groups":{"main":{"totals":{"load_avg":2.77685546875,"cpu_usage":100,"mem_used":8568279040,"mem_free":6267478016,"tcp_conns":100,"disk_usage_root":8.83,"disk_read_sec":289109,"disk_write_sec":89088,"disk_iops_sec":20,"io_wait":0,"open_files":0,"os_bytes_in_sec":2827,"os_bytes_out_sec":1791,"total_procs":481},"count":1}},"date":1639104720,"epoch_div":27318412},{"groups":{"main":{"totals":{"load_avg":2.30859375,"cpu_usage":100,"mem_used":8569905152,"mem_free":6242803712,"tcp_conns":95,"disk_usage_root":8.83,"disk_read_sec":140970,"disk_write_sec":91818,"disk_iops_sec":29,"io_wait":0,"open_files":0,"os_bytes_in_sec":165,"os_bytes_out_sec":191,"total_procs":482},"count":1}},"date":1639104780,"epoch_div":27318413},{"groups":{"main":{"totals":{"load_avg":2.38134765625,"cpu_usage":100,"mem_used":8567762944,"mem_free":6372225024,"tcp_conns":98,"disk_usage_root":8.83,"disk_read_sec":2435686,"disk_write_sec":105881,"disk_iops_sec":44,"io_wait":0,"open_files":0,"os_bytes_in_sec":4147,"os_bytes_out_sec":2502,"total_procs":485},"count":1}},"date":1639104840,"epoch_div":27318414},{"groups":{"main":{"totals":{"load_avg":2.390625,"cpu_usage":100,"mem_used":8520200192,"mem_free":6386601984,"tcp_conns":95,"disk_usage_root":8.83,"disk_read_sec":56046,"disk_write_sec":100488,"disk_iops_sec":19,"io_wait":0,"open_files":0,"os_bytes_in_sec":305,"os_bytes_out_sec":212,"total_procs":483},"count":1}},"date":1639104900,"epoch_div":27318415},{"groups":{"main":{"totals":{"load_avg":2.82666015625,"cpu_usage":100,"mem_used":8542781440,"mem_free":6362107904,"tcp_conns":101,"disk_usage_root":8.83,"disk_read_sec":89838,"disk_write_sec":162747,"disk_iops_sec":29,"io_wait":0,"open_files":0,"os_bytes_in_sec":4200,"os_bytes_out_sec":2652,"total_procs":484},"count":1}},"date":1639104960,"epoch_div":27318416},{"groups":{"main":{"totals":{"load_avg":2.62890625,"cpu_usage":100,"mem_used":8546689024,"mem_free":6347755520,"tcp_conns":101,"disk_usage_root":8.83,"disk_read_sec":13653,"disk_write_sec":115575,"disk_iops_sec":18,"io_wait":0,"open_files":0,"os_bytes_in_sec":2803,"os_bytes_out_sec":1805,"total_procs":483},"count":1}},"date":1639105020,"epoch_div":27318417},{"groups":{"main":{"totals":{"load_avg":2.67236328125,"cpu_usage":100,"mem_used":8568008704,"mem_free":6366302208,"tcp_conns":99,"disk_usage_root":8.83,"disk_read_sec":168004,"disk_write_sec":120627,"disk_iops_sec":29,"io_wait":0,"open_files":0,"os_bytes_in_sec":1600,"os_bytes_out_sec":1336,"total_procs":486},"count":1}},"date":1639105080,"epoch_div":27318418},{"groups":{"main":{"totals":{"load_avg":2.2998046875,"cpu_usage":100,"mem_used":8504827904,"mem_free":6371557376,"tcp_conns":94,"disk_usage_root":8.83,"disk_read_sec":21572,"disk_write_sec":95846,"disk_iops_sec":17,"io_wait":0,"open_files":0,"os_bytes_in_sec":171,"os_bytes_out_sec":192,"total_procs":483},"count":1}},"date":1639105140,"epoch_div":27318419},{"groups":{"main":{"totals":{"load_avg":2.982421875,"cpu_usage":100,"mem_used":8523055104,"mem_free":6362583040,"tcp_conns":101,"disk_usage_root":8.83,"disk_read_sec":75602,"disk_write_sec":95041,"disk_iops_sec":16,"io_wait":0,"open_files":0,"os_bytes_in_sec":4692,"os_bytes_out_sec":2959,"total_procs":482},"count":1}},"date":1639105200,"epoch_div":27318420},{"groups":{"main":{"totals":{"load_avg":2.970703125,"cpu_usage":100,"mem_used":8525950976,"mem_free":6371414016,"tcp_conns":96,"disk_usage_root":8.83,"disk_read_sec":19271,"disk_write_sec":96155,"disk_iops_sec":16,"io_wait":0,"open_files":0,"os_bytes_in_sec":158,"os_bytes_out_sec":176,"total_procs":482},"count":1}},"date":1639105260,"epoch_div":27318421},{"groups":{"main":{"totals":{"load_avg":3.3515625,"cpu_usage":100,"mem_used":8552857600,"mem_free":6344785920,"tcp_conns":100,"disk_usage_root":8.83,"disk_read_sec":193467,"disk_write_sec":130798,"disk_iops_sec":36,"io_wait":0,"open_files":0,"os_bytes_in_sec":4184,"os_bytes_out_sec":2279,"total_procs":482},"count":1}},"date":1639105320,"epoch_div":27318422},{"groups":{"main":{"totals":{"load_avg":2.8173828125,"cpu_usage":100,"mem_used":8572080128,"mem_free":6360698880,"tcp_conns":100,"disk_usage_root":8.83,"disk_read_sec":34017,"disk_write_sec":97054,"disk_iops_sec":16,"io_wait":0,"open_files":0,"os_bytes_in_sec":3498,"os_bytes_out_sec":1921,"total_procs":482},"count":1}},"date":1639105380,"epoch_div":27318423},{"groups":{"main":{"totals":{"load_avg":2.7265625,"cpu_usage":100,"mem_used":8568016896,"mem_free":6352674816,"tcp_conns":98,"disk_usage_root":8.83,"disk_read_sec":272887,"disk_write_sec":167936,"disk_iops_sec":37,"io_wait":0,"open_files":0,"os_bytes_in_sec":2574,"os_bytes_out_sec":1527,"total_procs":486},"count":1}},"date":1639105440,"epoch_div":27318424},{"groups":{"main":{"totals":{"load_avg":2.81005859375,"cpu_usage":100,"mem_used":8483471360,"mem_free":6397517824,"tcp_conns":95,"disk_usage_root":8.83,"disk_read_sec":116189,"disk_write_sec":99805,"disk_iops_sec":31,"io_wait":0,"open_files":0,"os_bytes_in_sec":375,"os_bytes_out_sec":262,"total_procs":483},"count":1}},"date":1639105500,"epoch_div":27318425},{"groups":{"main":{"totals":{"load_avg":2.24560546875,"cpu_usage":100,"mem_used":8492040192,"mem_free":6399377408,"tcp_conns":99,"disk_usage_root":8.83,"disk_read_sec":19785,"disk_write_sec":92194,"disk_iops_sec":15,"io_wait":0,"open_files":0,"os_bytes_in_sec":4854,"os_bytes_out_sec":2229,"total_procs":483},"count":1}},"date":1639105560,"epoch_div":27318426},{"groups":{"main":{"totals":{"load_avg":2.9248046875,"cpu_usage":100,"mem_used":8524009472,"mem_free":6392885248,"tcp_conns":97,"disk_usage_root":8.83,"disk_read_sec":425245,"disk_write_sec":94610,"disk_iops_sec":19,"io_wait":0,"open_files":0,"os_bytes_in_sec":1194,"os_bytes_out_sec":680,"total_procs":482},"count":1}},"date":1639105620,"epoch_div":27318427},{"groups":{"main":{"totals":{"load_avg":2.97607421875,"cpu_usage":100,"mem_used":8561664000,"mem_free":6372417536,"tcp_conns":99,"disk_usage_root":8.83,"disk_read_sec":96324,"disk_write_sec":166229,"disk_iops_sec":27,"io_wait":0,"open_files":0,"os_bytes_in_sec":3655,"os_bytes_out_sec":2266,"total_procs":486},"count":1}},"date":1639105680,"epoch_div":27318428},{"groups":{"main":{"totals":{"load_avg":2.64501953125,"cpu_usage":100,"mem_used":8506146816,"mem_free":6370533376,"tcp_conns":94,"disk_usage_root":8.83,"disk_read_sec":149162,"disk_write_sec":172100,"disk_iops_sec":20,"io_wait":0,"open_files":0,"os_bytes_in_sec":309,"os_bytes_out_sec":261,"total_procs":483},"count":1}},"date":1639105740,"epoch_div":27318429},{"groups":{"main":{"totals":{"load_avg":2.7109375,"cpu_usage":100,"mem_used":8514940928,"mem_free":6336737280,"tcp_conns":100,"disk_usage_root":8.83,"disk_read_sec":80554,"disk_write_sec":232311,"disk_iops_sec":51,"io_wait":0,"open_files":0,"os_bytes_in_sec":4129,"os_bytes_out_sec":2355,"total_procs":482},"count":1}},"date":1639105800,"epoch_div":27318430},{"groups":{"main":{"totals":{"load_avg":2.50439453125,"cpu_usage":100,"mem_used":8571588608,"mem_free":6345363456,"tcp_conns":101,"disk_usage_root":8.83,"disk_read_sec":184456,"disk_write_sec":95300,"disk_iops_sec":17,"io_wait":0,"open_files":0,"os_bytes_in_sec":2742,"os_bytes_out_sec":1803,"total_procs":482},"count":1}},"date":1639105860,"epoch_div":27318431},{"groups":{"main":{"totals":{"load_avg":2.66943359375,"cpu_usage":100,"mem_used":8570970112,"mem_free":6342414336,"tcp_conns":98,"disk_usage_root":8.83,"disk_read_sec":216473,"disk_write_sec":120285,"disk_iops_sec":40,"io_wait":0,"open_files":0,"os_bytes_in_sec":313,"os_bytes_out_sec":363,"total_procs":483},"count":1}},"date":1639105920,"epoch_div":27318432},{"groups":{"main":{"totals":{"load_avg":2.47802734375,"cpu_usage":100,"mem_used":8563396608,"mem_free":6345043968,"tcp_conns":106,"disk_usage_root":8.83,"disk_read_sec":223027,"disk_write_sec":129024,"disk_iops_sec":34,"io_wait":0,"open_files":0,"os_bytes_in_sec":5129,"os_bytes_out_sec":2679,"total_procs":485},"count":1}},"date":1639105980,"epoch_div":27318433},{"groups":{"main":{"totals":{"load_avg":2.6865234375,"cpu_usage":100,"mem_used":8505413632,"mem_free":6294179840,"tcp_conns":102,"disk_usage_root":8.83,"disk_read_sec":294980,"disk_write_sec":1366016,"disk_iops_sec":31,"io_wait":0,"open_files":0,"os_bytes_in_sec":1414,"os_bytes_out_sec":765,"total_procs":484},"count":1}},"date":1639106040,"epoch_div":27318434},{"groups":{"main":{"totals":{"load_avg":2.62890625,"cpu_usage":100,"mem_used":8565788672,"mem_free":6340435968,"tcp_conns":106,"disk_usage_root":8.83,"disk_read_sec":81988,"disk_write_sec":249173,"disk_iops_sec":28,"io_wait":0,"open_files":0,"os_bytes_in_sec":4214,"os_bytes_out_sec":2122,"total_procs":482},"count":1}},"date":1639106100,"epoch_div":27318435},{"groups":{"main":{"totals":{"load_avg":2.24560546875,"cpu_usage":100,"mem_used":8570937344,"mem_free":6339514368,"tcp_conns":105,"disk_usage_root":8.83,"disk_read_sec":49425,"disk_write_sec":90385,"disk_iops_sec":18,"io_wait":0,"open_files":0,"os_bytes_in_sec":2516,"os_bytes_out_sec":1421,"total_procs":482},"count":1}},"date":1639106160,"epoch_div":27318436},{"groups":{"main":{"totals":{"load_avg":2.63330078125,"cpu_usage":100,"mem_used":8572149760,"mem_free":6344482816,"tcp_conns":105,"disk_usage_root":8.83,"disk_read_sec":69284,"disk_write_sec":104690,"disk_iops_sec":24,"io_wait":0,"open_files":0,"os_bytes_in_sec":2795,"os_bytes_out_sec":1506,"total_procs":482},"count":1}},"date":1639106220,"epoch_div":27318437},{"groups":{"main":{"totals":{"load_avg":3.7216796875,"cpu_usage":100,"mem_used":8566960128,"mem_free":6345531392,"tcp_conns":107,"disk_usage_root":8.83,"disk_read_sec":220311,"disk_write_sec":430281,"disk_iops_sec":35,"io_wait":0,"open_files":0,"os_bytes_in_sec":3464,"os_bytes_out_sec":2096,"total_procs":486},"count":1}},"date":1639106280,"epoch_div":27318438},{"groups":{"main":{"totals":{"load_avg":3.8564453125,"cpu_usage":100,"mem_used":8507351040,"mem_free":6396653568,"tcp_conns":101,"disk_usage_root":8.83,"disk_read_sec":96119,"disk_write_sec":88064,"disk_iops_sec":21,"io_wait":0,"open_files":0,"os_bytes_in_sec":3699,"os_bytes_out_sec":2093,"total_procs":483},"count":1}},"date":1639106340,"epoch_div":27318439},{"groups":{"main":{"totals":{"load_avg":2.7607421875,"cpu_usage":100,"mem_used":8534441984,"mem_free":6338826240,"tcp_conns":101,"disk_usage_root":8.83,"disk_read_sec":69493,"disk_write_sec":114132,"disk_iops_sec":20,"io_wait":0,"open_files":0,"os_bytes_in_sec":1839,"os_bytes_out_sec":1164,"total_procs":483},"count":1}},"date":1639106400,"epoch_div":27318440},{"groups":{"main":{"totals":{"load_avg":2.68115234375,"cpu_usage":100,"mem_used":8546435072,"mem_free":6378192896,"tcp_conns":100,"disk_usage_root":8.83,"disk_read_sec":1751946,"disk_write_sec":239851,"disk_iops_sec":103,"io_wait":0,"open_files":0,"os_bytes_in_sec":3343,"os_bytes_out_sec":2801,"total_procs":484},"count":1}},"date":1639108200,"epoch_div":27318470},{"groups":{"main":{"totals":{"load_avg":2.54833984375,"cpu_usage":100,"mem_used":8255025152,"mem_free":6452813824,"tcp_conns":105,"disk_usage_root":8.83,"disk_read_sec":87702,"disk_write_sec":353109,"disk_iops_sec":3,"io_wait":0,"open_files":0,"os_bytes_in_sec":81,"os_bytes_out_sec":37,"total_procs":495},"count":1}},"date":1639111440,"epoch_div":27318524},{"groups":{"main":{"totals":{"load_avg":2.37353515625,"cpu_usage":100,"mem_used":8534163456,"mem_free":6295625728,"tcp_conns":104,"disk_usage_root":8.83,"disk_read_sec":39986,"disk_write_sec":4283,"disk_iops_sec":1,"io_wait":0,"open_files":0,"os_bytes_in_sec":103,"os_bytes_out_sec":120,"total_procs":484},"count":1}},"date":1639111500,"epoch_div":27318525},{"groups":{"main":{"totals":{"load_avg":3.501953125,"cpu_usage":100,"mem_used":8568033280,"mem_free":6298157056,"tcp_conns":103,"disk_usage_root":8.83,"disk_read_sec":3352576,"disk_write_sec":2497313,"disk_iops_sec":96,"io_wait":0,"open_files":0,"os_bytes_in_sec":4136,"os_bytes_out_sec":3102,"total_procs":491},"count":1}},"date":1639114680,"epoch_div":27318578},{"groups":{"main":{"totals":{"load_avg":3.71875,"cpu_usage":100,"mem_used":8524541952,"mem_free":6303436800,"tcp_conns":103,"disk_usage_root":8.83,"disk_read_sec":148073,"disk_write_sec":115269,"disk_iops_sec":3,"io_wait":0,"open_files":0,"os_bytes_in_sec":46,"os_bytes_out_sec":39,"total_procs":493},"count":1}},"date":1639114740,"epoch_div":27318579},{"groups":{"main":{"totals":{"load_avg":3.21826171875,"cpu_usage":100,"mem_used":8566325248,"mem_free":6290657280,"tcp_conns":100,"disk_usage_root":8.83,"disk_read_sec":3680794,"disk_write_sec":5648276,"disk_iops_sec":341,"io_wait":0,"open_files":0,"os_bytes_in_sec":1769,"os_bytes_out_sec":7346,"total_procs":500},"count":1}},"date":1639117920,"epoch_div":27318632},{"groups":{"main":{"totals":{"load_avg":3.02783203125,"cpu_usage":100,"mem_used":8539144192,"mem_free":6298710016,"tcp_conns":105,"disk_usage_root":8.83,"disk_read_sec":21209,"disk_write_sec":22266,"disk_iops_sec":1,"io_wait":0,"open_files":0,"os_bytes_in_sec":42,"os_bytes_out_sec":51,"total_procs":489},"count":1}},"date":1639117980,"epoch_div":27318633},{"groups":{"main":{"totals":{"load_avg":2.4931640625,"cpu_usage":100,"mem_used":8545755136,"mem_free":6318440448,"tcp_conns":98,"disk_usage_root":8.83,"disk_read_sec":911794,"disk_write_sec":306951,"disk_iops_sec":91,"io_wait":0,"open_files":0,"os_bytes_in_sec":1317,"os_bytes_out_sec":4446,"total_procs":488},"count":1}},"date":1639121220,"epoch_div":27318687},{"groups":{"main":{"totals":{"load_avg":2.71875,"cpu_usage":100,"mem_used":8559947776,"mem_free":6301360128,"tcp_conns":103,"disk_usage_root":8.83,"disk_read_sec":30981,"disk_write_sec":19889,"disk_iops_sec":1,"io_wait":0,"open_files":0,"os_bytes_in_sec":213,"os_bytes_out_sec":54,"total_procs":486},"count":1}},"date":1639121220,"epoch_div":27318687},{"groups":{"main":{"totals":{"load_avg":3.0439453125,"cpu_usage":100,"mem_used":8536055808,"mem_free":6237204480,"tcp_conns":106,"disk_usage_root":8.83,"disk_read_sec":4415488,"disk_write_sec":1429346,"disk_iops_sec":163,"io_wait":0,"open_files":0,"os_bytes_in_sec":9244,"os_bytes_out_sec":7937,"total_procs":486},"count":1}},"date":1639124460,"epoch_div":27318741},{"groups":{"main":{"totals":{"load_avg":2.798828125,"cpu_usage":100,"mem_used":8523096064,"mem_free":6233972736,"tcp_conns":109,"disk_usage_root":8.83,"disk_read_sec":4266,"disk_write_sec":2498,"disk_iops_sec":0,"io_wait":0,"open_files":0,"os_bytes_in_sec":242,"os_bytes_out_sec":41,"total_procs":487},"count":1}},"date":1639124460,"epoch_div":27318741},{"groups":{"main":{"totals":{"load_avg":2.46728515625,"cpu_usage":100,"mem_used":8541593600,"mem_free":6219898880,"tcp_conns":104,"disk_usage_root":8.83,"disk_read_sec":755388,"disk_write_sec":352256,"disk_iops_sec":65,"io_wait":0,"open_files":0,"os_bytes_in_sec":5493,"os_bytes_out_sec":9229,"total_procs":485},"count":1}},"date":1639127700,"epoch_div":27318795},{"groups":{"main":{"totals":{"load_avg":2.54052734375,"cpu_usage":100,"mem_used":8559861760,"mem_free":6231121920,"tcp_conns":105,"disk_usage_root":8.83,"disk_read_sec":8858,"disk_write_sec":9103,"disk_iops_sec":0,"io_wait":0,"open_files":0,"os_bytes_in_sec":46,"os_bytes_out_sec":51,"total_procs":486},"count":1}},"date":1639127700,"epoch_div":27318795},{"groups":{"main":{"totals":{"load_avg":2.5244140625,"cpu_usage":100,"mem_used":8566632448,"mem_free":6238760960,"tcp_conns":102,"disk_usage_root":8.83,"disk_read_sec":1778408,"disk_write_sec":1010222,"disk_iops_sec":112,"io_wait":0,"open_files":0,"os_bytes_in_sec":1956,"os_bytes_out_sec":1432,"total_procs":487},"count":1}},"date":1639130940,"epoch_div":27318849},{"groups":{},"date":1639130940,"epoch_div":27318849},{"groups":{"main":{"totals":{"load_avg":3.27587890625,"cpu_usage":100,"mem_used":8555302912,"mem_free":6252949504,"tcp_conns":108,"disk_usage_root":8.83,"disk_read_sec":26146,"disk_write_sec":11004,"disk_iops_sec":1,"io_wait":0,"open_files":0,"os_bytes_in_sec":119,"os_bytes_out_sec":83,"total_procs":489},"count":1}},"date":1639134180,"epoch_div":27318903},{"groups":{"main":{"totals":{"load_avg":2.3408203125,"cpu_usage":100,"mem_used":8553545728,"mem_free":6316138496,"tcp_conns":107,"disk_usage_root":8.83,"disk_read_sec":290418,"disk_write_sec":68269,"disk_iops_sec":14,"io_wait":0,"open_files":0,"os_bytes_in_sec":53,"os_bytes_out_sec":110,"total_procs":492},"count":1}},"date":1639137420,"epoch_div":27318957},{"groups":{"main":{"totals":{"load_avg":7.48974609375,"cpu_usage":100,"mem_used":8550936576,"mem_free":6317686784,"tcp_conns":115,"disk_usage_root":8.83,"disk_read_sec":47278,"disk_write_sec":37640,"disk_iops_sec":3,"io_wait":0,"open_files":0,"os_bytes_in_sec":343,"os_bytes_out_sec":195,"total_procs":491},"count":1}},"date":1639137480,"epoch_div":27318958},{"groups":{},"date":1639140660,"epoch_div":27319011},{"groups":{"main":{"totals":{"load_avg":8.25390625,"cpu_usage":200,"mem_used":16852385792,"mem_free":12571123712,"tcp_conns":220,"disk_usage_root":17.66,"disk_read_sec":910967,"disk_write_sec":240531,"disk_iops_sec":46,"io_wait":0,"open_files":0,"os_bytes_in_sec":1183,"os_bytes_out_sec":2481,"total_procs":970},"count":2}},"date":1639140720,"epoch_div":27319012},{"groups":{"main":{"totals":{"load_avg":3.490234375,"cpu_usage":100,"mem_used":8570122240,"mem_free":6305202176,"tcp_conns":106,"disk_usage_root":8.83,"disk_read_sec":1521711,"disk_write_sec":613923,"disk_iops_sec":115,"io_wait":0,"open_files":0,"os_bytes_in_sec":2572,"os_bytes_out_sec":5424,"total_procs":487},"count":1}},"date":1639143900,"epoch_div":27319065},{"groups":{"main":{"totals":{"load_avg":3.25439453125,"cpu_usage":100,"mem_used":8553000960,"mem_free":6283235328,"tcp_conns":114,"disk_usage_root":8.83,"disk_read_sec":7949,"disk_write_sec":2295,"disk_iops_sec":0,"io_wait":0,"open_files":0,"os_bytes_in_sec":37,"os_bytes_out_sec":29,"total_procs":488},"count":1}},"date":1639143960,"epoch_div":27319066},{"groups":{"main":{"totals":{"load_avg":3.142578125,"cpu_usage":100,"mem_used":8559063040,"mem_free":6302867456,"tcp_conns":114,"disk_usage_root":8.83,"disk_read_sec":1749473,"disk_write_sec":751736,"disk_iops_sec":126,"io_wait":0,"open_files":0,"os_bytes_in_sec":6489,"os_bytes_out_sec":10656,"total_procs":489},"count":1}},"date":1639147200,"epoch_div":27319120},{"groups":{"main":{"totals":{"load_avg":3.931640625,"cpu_usage":100,"mem_used":8553922560,"mem_free":6355800064,"tcp_conns":115,"disk_usage_root":8.83,"disk_read_sec":38378,"disk_write_sec":30294,"disk_iops_sec":1,"io_wait":0,"open_files":0,"os_bytes_in_sec":30,"os_bytes_out_sec":54,"total_procs":488},"count":1}},"date":1639147200,"epoch_div":27319120},{"groups":{"main":{"totals":{"load_avg":3.1943359375,"cpu_usage":100,"mem_used":8547229696,"mem_free":6404063232,"tcp_conns":113,"disk_usage_root":8.83,"disk_read_sec":6768710,"disk_write_sec":3275811,"disk_iops_sec":209,"io_wait":0,"open_files":0,"os_bytes_in_sec":30368,"os_bytes_out_sec":12595,"total_procs":491},"count":1}},"date":1639148340,"epoch_div":27319139},{"groups":{"main":{"totals":{"load_avg":2.53369140625,"cpu_usage":100,"mem_used":8557785088,"mem_free":6416322560,"tcp_conns":107,"disk_usage_root":8.83,"disk_read_sec":140739,"disk_write_sec":157555,"disk_iops_sec":5,"io_wait":0,"open_files":0,"os_bytes_in_sec":19159,"os_bytes_out_sec":342,"total_procs":491},"count":1}},"date":1639148400,"epoch_div":27319140},{"groups":{"main":{"totals":{"load_avg":2.2509765625,"cpu_usage":100,"mem_used":8500359168,"mem_free":6439903232,"tcp_conns":107,"disk_usage_root":8.83,"disk_read_sec":1019834,"disk_write_sec":475274,"disk_iops_sec":53,"io_wait":0,"open_files":0,"os_bytes_in_sec":2446,"os_bytes_out_sec":5288,"total_procs":487},"count":1}},"date":1639148460,"epoch_div":27319141},{"groups":{"main":{"totals":{"load_avg":2.8779296875,"cpu_usage":100,"mem_used":8567537664,"mem_free":6481051648,"tcp_conns":103,"disk_usage_root":8.83,"disk_read_sec":383522,"disk_write_sec":280439,"disk_iops_sec":36,"io_wait":0,"open_files":0,"os_bytes_in_sec":3492,"os_bytes_out_sec":2418,"total_procs":486},"count":1}},"date":1639148520,"epoch_div":27319142},{"groups":{"main":{"totals":{"load_avg":2.26611328125,"cpu_usage":100,"mem_used":8569552896,"mem_free":6421581824,"tcp_conns":105,"disk_usage_root":8.83,"disk_read_sec":9446195,"disk_write_sec":1718818,"disk_iops_sec":1524,"io_wait":0,"open_files":0,"os_bytes_in_sec":4356,"os_bytes_out_sec":2257,"total_procs":489},"count":1}},"date":1639148580,"epoch_div":27319143},{"groups":{"main":{"totals":{"load_avg":2.80712890625,"cpu_usage":100,"mem_used":8534929408,"mem_free":6461194240,"tcp_conns":104,"disk_usage_root":8.83,"disk_read_sec":189713,"disk_write_sec":86016,"disk_iops_sec":18,"io_wait":0,"open_files":0,"os_bytes_in_sec":2215,"os_bytes_out_sec":1333,"total_procs":487},"count":1}},"date":1639148640,"epoch_div":27319144},{"groups":{"main":{"totals":{"load_avg":2.30908203125,"cpu_usage":100,"mem_used":8569274368,"mem_free":6458732544,"tcp_conns":103,"disk_usage_root":8.83,"disk_read_sec":666077,"disk_write_sec":150459,"disk_iops_sec":23,"io_wait":0,"open_files":0,"os_bytes_in_sec":5039,"os_bytes_out_sec":2102,"total_procs":487},"count":1}},"date":1639148700,"epoch_div":27319145},{"groups":{"main":{"totals":{"load_avg":2.79296875,"cpu_usage":100,"mem_used":8565178368,"mem_free":6462861312,"tcp_conns":96,"disk_usage_root":8.83,"disk_read_sec":269585,"disk_write_sec":337237,"disk_iops_sec":56,"io_wait":0,"open_files":0,"os_bytes_in_sec":456,"os_bytes_out_sec":311,"total_procs":486},"count":1}},"date":1639148760,"epoch_div":27319146},{"groups":{"main":{"totals":{"load_avg":4.328125,"cpu_usage":100,"mem_used":8565424128,"mem_free":6500573184,"tcp_conns":102,"disk_usage_root":8.83,"disk_read_sec":103560,"disk_write_sec":87995,"disk_iops_sec":17,"io_wait":0,"open_files":0,"os_bytes_in_sec":4501,"os_bytes_out_sec":2207,"total_procs":486},"count":1}},"date":1639148820,"epoch_div":27319147},{"groups":{"main":{"totals":{"load_avg":3.52783203125,"cpu_usage":100,"mem_used":8570499072,"mem_free":6477897728,"tcp_conns":96,"disk_usage_root":8.83,"disk_read_sec":265557,"disk_write_sec":120149,"disk_iops_sec":21,"io_wait":0,"open_files":0,"os_bytes_in_sec":145,"os_bytes_out_sec":197,"total_procs":485},"count":1}},"date":1639148880,"epoch_div":27319148},{"groups":{"main":{"totals":{"load_avg":2.2275390625,"cpu_usage":100,"mem_used":8570437632,"mem_free":6501253120,"tcp_conns":100,"disk_usage_root":8.83,"disk_read_sec":3756851,"disk_write_sec":3872017,"disk_iops_sec":85,"io_wait":0,"open_files":0,"os_bytes_in_sec":4703,"os_bytes_out_sec":2298,"total_procs":488},"count":1}},"date":1639148940,"epoch_div":27319149},{"groups":{"main":{"totals":{"load_avg":2.8359375,"cpu_usage":100,"mem_used":8550457344,"mem_free":6467760128,"tcp_conns":99,"disk_usage_root":8.83,"disk_read_sec":391304,"disk_write_sec":236066,"disk_iops_sec":25,"io_wait":0,"open_files":0,"os_bytes_in_sec":1612,"os_bytes_out_sec":980,"total_procs":486},"count":1}},"date":1639149000,"epoch_div":27319150},{"groups":{"main":{"totals":{"load_avg":2.08544921875,"cpu_usage":100,"mem_used":8548212736,"mem_free":6471696384,"tcp_conns":100,"disk_usage_root":8.83,"disk_read_sec":1047300,"disk_write_sec":1479998,"disk_iops_sec":84,"io_wait":0,"open_files":0,"os_bytes_in_sec":5876,"os_bytes_out_sec":3044,"total_procs":492},"count":1}},"date":1639149060,"epoch_div":27319151},{"groups":{"main":{"totals":{"load_avg":2.06494140625,"cpu_usage":100,"mem_used":8564346880,"mem_free":6506053632,"tcp_conns":97,"disk_usage_root":8.83,"disk_read_sec":381830,"disk_write_sec":268808,"disk_iops_sec":47,"io_wait":0,"open_files":0,"os_bytes_in_sec":1965,"os_bytes_out_sec":1092,"total_procs":485},"count":1}},"date":1639149120,"epoch_div":27319152},{"groups":{"main":{"totals":{"load_avg":2.6572265625,"cpu_usage":100,"mem_used":8570212352,"mem_free":6493069312,"tcp_conns":100,"disk_usage_root":8.83,"disk_read_sec":191897,"disk_write_sec":125610,"disk_iops_sec":37,"io_wait":0,"open_files":0,"os_bytes_in_sec":4958,"os_bytes_out_sec":2473,"total_procs":487},"count":1}},"date":1639149180,"epoch_div":27319153},{"groups":{"main":{"totals":{"load_avg":3.01171875,"cpu_usage":100,"mem_used":8544464896,"mem_free":6513586176,"tcp_conns":98,"disk_usage_root":8.83,"disk_read_sec":852773,"disk_write_sec":961149,"disk_iops_sec":46,"io_wait":0,"open_files":0,"os_bytes_in_sec":1514,"os_bytes_out_sec":847,"total_procs":487},"count":1}},"date":1639149240,"epoch_div":27319154},{"groups":{"main":{"totals":{"load_avg":2.86328125,"cpu_usage":100,"mem_used":8531353600,"mem_free":6462169088,"tcp_conns":98,"disk_usage_root":8.83,"disk_read_sec":129235,"disk_write_sec":100493,"disk_iops_sec":25,"io_wait":0,"open_files":0,"os_bytes_in_sec":3249,"os_bytes_out_sec":1601,"total_procs":487},"count":1}},"date":1639149300,"epoch_div":27319155},{"groups":{"main":{"totals":{"load_avg":2.66943359375,"cpu_usage":100,"mem_used":8543207424,"mem_free":6475309056,"tcp_conns":100,"disk_usage_root":8.83,"disk_read_sec":76951,"disk_write_sec":99311,"disk_iops_sec":19,"io_wait":0,"open_files":0,"os_bytes_in_sec":4891,"os_bytes_out_sec":2277,"total_procs":485},"count":1}},"date":1639149360,"epoch_div":27319156},{"groups":{"main":{"totals":{"load_avg":2.3232421875,"cpu_usage":100,"mem_used":8552771584,"mem_free":6509342720,"tcp_conns":96,"disk_usage_root":8.83,"disk_read_sec":55705,"disk_write_sec":91886,"disk_iops_sec":16,"io_wait":0,"open_files":0,"os_bytes_in_sec":363,"os_bytes_out_sec":410,"total_procs":484},"count":1}},"date":1639149420,"epoch_div":27319157},{"groups":{"main":{"totals":{"load_avg":2.3603515625,"cpu_usage":100,"mem_used":8566661120,"mem_free":6488137728,"tcp_conns":101,"disk_usage_root":8.83,"disk_read_sec":140166,"disk_write_sec":136903,"disk_iops_sec":31,"io_wait":0,"open_files":0,"os_bytes_in_sec":5032,"os_bytes_out_sec":2311,"total_procs":486},"count":1}},"date":1639149480,"epoch_div":27319158},{"groups":{"main":{"totals":{"load_avg":3.060546875,"cpu_usage":100,"mem_used":8569946112,"mem_free":6499467264,"tcp_conns":98,"disk_usage_root":8.83,"disk_read_sec":1108941,"disk_write_sec":1023462,"disk_iops_sec":70,"io_wait":0,"open_files":0,"os_bytes_in_sec":734,"os_bytes_out_sec":852,"total_procs":488},"count":1}},"date":1639149540,"epoch_div":27319159},{"groups":{"main":{"totals":{"load_avg":2.47412109375,"cpu_usage":100,"mem_used":8511270912,"mem_free":6492475392,"tcp_conns":100,"disk_usage_root":8.83,"disk_read_sec":559308,"disk_write_sec":459844,"disk_iops_sec":24,"io_wait":0,"open_files":0,"os_bytes_in_sec":3919,"os_bytes_out_sec":1721,"total_procs":486},"count":1}},"date":1639149600,"epoch_div":27319160},{"groups":{"main":{"totals":{"load_avg":3.0361328125,"cpu_usage":100,"mem_used":8525860864,"mem_free":6484606976,"tcp_conns":101,"disk_usage_root":8.83,"disk_read_sec":184797,"disk_write_sec":114141,"disk_iops_sec":31,"io_wait":0,"open_files":0,"os_bytes_in_sec":4750,"os_bytes_out_sec":2361,"total_procs":486},"count":1}},"date":1639149660,"epoch_div":27319161},{"groups":{"main":{"totals":{"load_avg":2.60009765625,"cpu_usage":100,"mem_used":8530907136,"mem_free":6522732544,"tcp_conns":98,"disk_usage_root":8.83,"disk_read_sec":30515,"disk_write_sec":97143,"disk_iops_sec":18,"io_wait":0,"open_files":0,"os_bytes_in_sec":408,"os_bytes_out_sec":405,"total_procs":484},"count":1}},"date":1639149720,"epoch_div":27319162},{"groups":{"main":{"totals":{"load_avg":2.79541015625,"cpu_usage":100,"mem_used":8537141248,"mem_free":6506328064,"tcp_conns":102,"disk_usage_root":8.83,"disk_read_sec":64512,"disk_write_sec":126839,"disk_iops_sec":21,"io_wait":0,"open_files":0,"os_bytes_in_sec":4222,"os_bytes_out_sec":2134,"total_procs":484},"count":1}},"date":1639149780,"epoch_div":27319163},{"groups":{"main":{"totals":{"load_avg":3.39404296875,"cpu_usage":100,"mem_used":8549556224,"mem_free":6512570368,"tcp_conns":97,"disk_usage_root":8.83,"disk_read_sec":243208,"disk_write_sec":241395,"disk_iops_sec":23,"io_wait":0,"open_files":0,"os_bytes_in_sec":776,"os_bytes_out_sec":614,"total_procs":486},"count":1}},"date":1639149840,"epoch_div":27319164},{"groups":{"main":{"totals":{"load_avg":3.69580078125,"cpu_usage":100,"mem_used":8548077568,"mem_free":6467899392,"tcp_conns":99,"disk_usage_root":8.83,"disk_read_sec":154606,"disk_write_sec":103024,"disk_iops_sec":26,"io_wait":0,"open_files":0,"os_bytes_in_sec":3990,"os_bytes_out_sec":1855,"total_procs":486},"count":1}},"date":1639149900,"epoch_div":27319165},{"groups":{"main":{"totals":{"load_avg":2.81787109375,"cpu_usage":100,"mem_used":8559095808,"mem_free":6474272768,"tcp_conns":99,"disk_usage_root":8.83,"disk_read_sec":121173,"disk_write_sec":106905,"disk_iops_sec":23,"io_wait":0,"open_files":0,"os_bytes_in_sec":5032,"os_bytes_out_sec":2174,"total_procs":487},"count":1}},"date":1639149960,"epoch_div":27319166},{"groups":{"main":{"totals":{"load_avg":2.5654296875,"cpu_usage":100,"mem_used":8562765824,"mem_free":6516072448,"tcp_conns":95,"disk_usage_root":8.83,"disk_read_sec":107588,"disk_write_sec":369800,"disk_iops_sec":79,"io_wait":0,"open_files":0,"os_bytes_in_sec":283,"os_bytes_out_sec":290,"total_procs":484},"count":1}},"date":1639150020,"epoch_div":27319167},{"groups":{"main":{"totals":{"load_avg":2.18505859375,"cpu_usage":100,"mem_used":8443269120,"mem_free":6480392192,"tcp_conns":99,"disk_usage_root":8.83,"disk_read_sec":677819,"disk_write_sec":319283,"disk_iops_sec":31,"io_wait":0,"open_files":0,"os_bytes_in_sec":4472,"os_bytes_out_sec":2055,"total_procs":484},"count":1}},"date":1639150080,"epoch_div":27319168},{"groups":{"main":{"totals":{"load_avg":1.66552734375,"cpu_usage":100,"mem_used":8525963264,"mem_free":6437646336,"tcp_conns":100,"disk_usage_root":8.83,"disk_read_sec":278050,"disk_write_sec":132232,"disk_iops_sec":35,"io_wait":0,"open_files":0,"os_bytes_in_sec":4453,"os_bytes_out_sec":1972,"total_procs":487},"count":1}},"date":1639150140,"epoch_div":27319169},{"groups":{"main":{"totals":{"load_avg":1.751953125,"cpu_usage":100,"mem_used":8457424896,"mem_free":6451060736,"tcp_conns":96,"disk_usage_root":8.83,"disk_read_sec":14336,"disk_write_sec":100147,"disk_iops_sec":15,"io_wait":0,"open_files":0,"os_bytes_in_sec":940,"os_bytes_out_sec":485,"total_procs":485},"count":1}},"date":1639150200,"epoch_div":27319170},{"groups":{"main":{"totals":{"load_avg":1.8310546875,"cpu_usage":100,"mem_used":8570822656,"mem_free":6354161664,"tcp_conns":99,"disk_usage_root":8.83,"disk_read_sec":1725576,"disk_write_sec":1655398,"disk_iops_sec":48,"io_wait":0,"open_files":0,"os_bytes_in_sec":4192,"os_bytes_out_sec":2146,"total_procs":484},"count":1}},"date":1639150260,"epoch_div":27319171}]}