{"type":"list_page","items":[{"date":1638342000,"epoch_div":27305700,"totals":{"load_avg":2.9833984375,"cpu_usage":100,"mem_used":8369082368,"mem_free":6355030016,"tcp_conns":114,"disk_usage_root":6.12,"disk_read_sec":12137975,"disk_write_sec":227779,"disk_iops_sec":121,"io_wait":0,"open_files":0,"os_bytes_in_sec":9228,"os_bytes_out_sec":24968,"total_procs":414},"count":1},{"date":1638342060,"epoch_div":27305701,"totals":{"load_avg":3.27001953125,"cpu_usage":100,"mem_used":7251136512,"mem_free":6957391872,"tcp_conns":121,"disk_usage_root":6.12,"disk_read_sec":22134313,"disk_write_sec":25846230,"disk_iops_sec":304,"io_wait":0,"open_files":0,"os_bytes_in_sec":52082,"os_bytes_out_sec":7490,"total_procs":412},"count":1},{"date":1638342120,"epoch_div":27305702,"totals":{"load_avg":2.08154296875,"cpu_usage":100,"mem_used":8141799424,"mem_free":6731247616,"tcp_conns":116,"disk_usage_root":6.12,"disk_read_sec":39649280,"disk_write_sec":28368757,"disk_iops_sec":288,"io_wait":0,"open_files":0,"os_bytes_in_sec":722,"os_bytes_out_sec":1125,"total_procs":413},"count":1},{"date":1638342180,"epoch_div":27305703,"totals":{"load_avg":1.6572265625,"cpu_usage":100,"mem_used":8565809152,"mem_free":6687567872,"tcp_conns":115,"disk_usage_root":6.12,"disk_read_sec":5535470,"disk_write_sec":478276,"disk_iops_sec":51,"io_wait":0,"open_files":0,"os_bytes_in_sec":1107,"os_bytes_out_sec":1332,"total_procs":414},"count":1},{"date":1638342240,"epoch_div":27305704,"totals":{"load_avg":1.81005859375,"cpu_usage":100,"mem_used":8569475072,"mem_free":6712643584,"tcp_conns":109,"disk_usage_root":6.12,"disk_read_sec":927812,"disk_write_sec":93184,"disk_iops_sec":27,"io_wait":0,"open_files":0,"os_bytes_in_sec":448,"os_bytes_out_sec":821,"total_procs":411},"count":1},{"date":1638342300,"epoch_div":27305705,"totals":{"load_avg":1.80859375,"cpu_usage":100,"mem_used":8571469824,"mem_free":6744489984,"tcp_conns":108,"disk_usage_root":6.12,"disk_read_sec":740625,"disk_write_sec":93047,"disk_iops_sec":28,"io_wait":0,"open_files":0,"os_bytes_in_sec":484,"os_bytes_out_sec":1040,"total_procs":411},"count":1},{"date":1638342360,"epoch_div":27305706,"totals":{"load_avg":2.2890625,"cpu_usage":100,"mem_used":8498638848,"mem_free":6912843776,"tcp_conns":107,"disk_usage_root":6.12,"disk_read_sec":3120059,"disk_write_sec":107520,"disk_iops_sec":79,"io_wait":0,"open_files":0,"os_bytes_in_sec":980,"os_bytes_out_sec":1168,"total_procs":413},"count":1},{"date":1638342420,"epoch_div":27305707,"totals":{"load_avg":1.74658203125,"cpu_usage":100,"mem_used":8569147392,"mem_free":6989959168,"tcp_conns":100,"disk_usage_root":6.12,"disk_read_sec":2836379,"disk_write_sec":93469,"disk_iops_sec":93,"io_wait":0,"open_files":0,"os_bytes_in_sec":560,"os_bytes_out_sec":1241,"total_procs":414},"count":1},{"date":1638342480,"epoch_div":27305708,"totals":{"load_avg":1.626953125,"cpu_usage":100,"mem_used":8567787520,"mem_free":7013425152,"tcp_conns":100,"disk_usage_root":6.12,"disk_read_sec":551779,"disk_write_sec":109689,"disk_iops_sec":31,"io_wait":0,"open_files":0,"os_bytes_in_sec":717,"os_bytes_out_sec":890,"total_procs":415},"count":1},{"date":1638342540,"epoch_div":27305709,"totals":{"load_avg":1.8056640625,"cpu_usage":100,"mem_used":8566329344,"mem_free":7031693312,"tcp_conns":100,"disk_usage_root":6.12,"disk_read_sec":618086,"disk_write_sec":89838,"disk_iops_sec":23,"io_wait":0,"open_files":0,"os_bytes_in_sec":341,"os_bytes_out_sec":908,"total_procs":414},"count":1},{"date":1638342600,"epoch_div":27305710,"totals":{"load_avg":1.56494140625,"cpu_usage":100,"mem_used":8569024512,"mem_free":7067000832,"tcp_conns":100,"disk_usage_root":6.12,"disk_read_sec":819677,"disk_write_sec":377856,"disk_iops_sec":33,"io_wait":0,"open_files":0,"os_bytes_in_sec":669,"os_bytes_out_sec":1244,"total_procs":412},"count":1},{"date":1638342660,"epoch_div":27305711,"totals":{"load_avg":1.61669921875,"cpu_usage":100,"mem_used":6056288256,"mem_free":7004180480,"tcp_conns":101,"disk_usage_root":6.12,"disk_read_sec":8494557,"disk_write_sec":47723315,"disk_iops_sec":316,"io_wait":0,"open_files":0,"os_bytes_in_sec":833,"os_bytes_out_sec":1412,"total_procs":405},"count":1},{"date":1638342720,"epoch_div":27305712,"totals":{"load_avg":1.779296875,"cpu_usage":100,"mem_used":6607671296,"mem_free":6942547968,"tcp_conns":103,"disk_usage_root":6.12,"disk_read_sec":7818649,"disk_write_sec":94481,"disk_iops_sec":52,"io_wait":0,"open_files":0,"os_bytes_in_sec":1726,"os_bytes_out_sec":1139,"total_procs":405},"count":1},{"date":1638342780,"epoch_div":27305713,"totals":{"load_avg":2.328125,"cpu_usage":100,"mem_used":6770118656,"mem_free":6932738048,"tcp_conns":99,"disk_usage_root":6.12,"disk_read_sec":2743432,"disk_write_sec":379084,"disk_iops_sec":32,"io_wait":0,"open_files":0,"os_bytes_in_sec":532,"os_bytes_out_sec":955,"total_procs":407},"count":1},{"date":1638342840,"epoch_div":27305714,"totals":{"load_avg":2.60302734375,"cpu_usage":100,"mem_used":6872993792,"mem_free":6927474688,"tcp_conns":100,"disk_usage_root":6.12,"disk_read_sec":1634918,"disk_write_sec":78301,"disk_iops_sec":21,"io_wait":0,"open_files":0,"os_bytes_in_sec":595,"os_bytes_out_sec":943,"total_procs":406},"count":1},{"date":1638342900,"epoch_div":27305715,"totals":{"load_avg":2.0595703125,"cpu_usage":100,"mem_used":6951579648,"mem_free":6923493376,"tcp_conns":99,"disk_usage_root":6.12,"disk_read_sec":1138551,"disk_write_sec":88064,"disk_iops_sec":20,"io_wait":0,"open_files":0,"os_bytes_in_sec":265,"os_bytes_out_sec":568,"total_procs":407},"count":1},{"date":1638342960,"epoch_div":27305716,"totals":{"load_avg":2.7529296875,"cpu_usage":100,"mem_used":7189938176,"mem_free":6867918848,"tcp_conns":103,"disk_usage_root":6.12,"disk_read_sec":3234747,"disk_write_sec":780902,"disk_iops_sec":69,"io_wait":0,"open_files":0,"os_bytes_in_sec":775,"os_bytes_out_sec":1243,"total_procs":409},"count":1},{"date":1638343020,"epoch_div":27305717,"totals":{"load_avg":2.5546875,"cpu_usage":100,"mem_used":7357804544,"mem_free":6852554752,"tcp_conns":103,"disk_usage_root":6.12,"disk_read_sec":2451797,"disk_write_sec":102400,"disk_iops_sec":26,"io_wait":0,"open_files":0,"os_bytes_in_sec":967,"os_bytes_out_sec":2341,"total_procs":408},"count":1},{"date":1638343080,"epoch_div":27305718,"totals":{"load_avg":2.61474609375,"cpu_usage":100,"mem_used":7418507264,"mem_free":6850727936,"tcp_conns":102,"disk_usage_root":6.12,"disk_read_sec":1015738,"disk_write_sec":86016,"disk_iops_sec":24,"io_wait":0,"open_files":0,"os_bytes_in_sec":604,"os_bytes_out_sec":716,"total_procs":407},"count":1},{"date":1638343140,"epoch_div":27305719,"totals":{"load_avg":2.31884765625,"cpu_usage":100,"mem_used":8095428608,"mem_free":6769885184,"tcp_conns":104,"disk_usage_root":6.12,"disk_read_sec":15394849,"disk_write_sec":6735771,"disk_iops_sec":99,"io_wait":0,"open_files":0,"os_bytes_in_sec":672,"os_bytes_out_sec":958,"total_procs":408},"count":1},{"date":1638343200,"epoch_div":27305720,"totals":{"load_avg":2.6083984375,"cpu_usage":100,"mem_used":8564387840,"mem_free":6752632832,"tcp_conns":102,"disk_usage_root":6.12,"disk_read_sec":6399385,"disk_write_sec":807799,"disk_iops_sec":53,"io_wait":0,"open_files":0,"os_bytes_in_sec":1113,"os_bytes_out_sec":1099,"total_procs":410},"count":1},{"date":1638343260,"epoch_div":27305721,"totals":{"load_avg":2.57861328125,"cpu_usage":100,"mem_used":7105081344,"mem_free":6774317056,"tcp_conns":101,"disk_usage_root":6.12,"disk_read_sec":992392,"disk_write_sec":23746491,"disk_iops_sec":116,"io_wait":0,"open_files":0,"os_bytes_in_sec":687,"os_bytes_out_sec":873,"total_procs":407},"count":1},{"date":1638343320,"epoch_div":27305722,"totals":{"load_avg":2.35205078125,"cpu_usage":100,"mem_used":6472286208,"mem_free":6749876224,"tcp_conns":99,"disk_usage_root":6.12,"disk_read_sec":2065203,"disk_write_sec":11506005,"disk_iops_sec":82,"io_wait":0,"open_files":0,"os_bytes_in_sec":351,"os_bytes_out_sec":540,"total_procs":408},"count":1},{"date":1638343380,"epoch_div":27305723,"totals":{"load_avg":2.15380859375,"cpu_usage":100,"mem_used":6561333248,"mem_free":6745817088,"tcp_conns":99,"disk_usage_root":6.12,"disk_read_sec":1352294,"disk_write_sec":89088,"disk_iops_sec":20,"io_wait":0,"open_files":0,"os_bytes_in_sec":418,"os_bytes_out_sec":769,"total_procs":409},"count":1},{"date":1638343440,"epoch_div":27305724,"totals":{"load_avg":2.0322265625,"cpu_usage":100,"mem_used":6915039232,"mem_free":6736465920,"tcp_conns":101,"disk_usage_root":6.12,"disk_read_sec":5713920,"disk_write_sec":105130,"disk_iops_sec":40,"io_wait":0,"open_files":0,"os_bytes_in_sec":617,"os_bytes_out_sec":1157,"total_procs":407},"count":1},{"date":1638343500,"epoch_div":27305725,"totals":{"load_avg":1.66357421875,"cpu_usage":100,"mem_used":6981771264,"mem_free":6733545472,"tcp_conns":98,"disk_usage_root":6.12,"disk_read_sec":1072810,"disk_write_sec":86152,"disk_iops_sec":42,"io_wait":0,"open_files":0,"os_bytes_in_sec":362,"os_bytes_out_sec":892,"total_procs":407},"count":1},{"date":1638343560,"epoch_div":27305726,"totals":{"load_avg":1.5205078125,"cpu_usage":100,"mem_used":7136010240,"mem_free":6705958912,"tcp_conns":100,"disk_usage_root":6.12,"disk_read_sec":2273962,"disk_write_sec":109909,"disk_iops_sec":52,"io_wait":0,"open_files":0,"os_bytes_in_sec":652,"os_bytes_out_sec":830,"total_procs":408},"count":1},{"date":1638343620,"epoch_div":27305727,"totals":{"load_avg":2.181640625,"cpu_usage":100,"mem_used":7234748416,"mem_free":6692564992,"tcp_conns":101,"disk_usage_root":6.12,"disk_read_sec":1324032,"disk_write_sec":99328,"disk_iops_sec":23,"io_wait":0,"open_files":0,"os_bytes_in_sec":914,"os_bytes_out_sec":1322,"total_procs":409},"count":1},{"date":1638343680,"epoch_div":27305728,"totals":{"load_avg":2.1015625,"cpu_usage":100,"mem_used":7324819456,"mem_free":6693179392,"tcp_conns":100,"disk_usage_root":6.12,"disk_read_sec":1375778,"disk_write_sec":114414,"disk_iops_sec":23,"io_wait":0,"open_files":0,"os_bytes_in_sec":619,"os_bytes_out_sec":1087,"total_procs":408},"count":1},{"date":1638343740,"epoch_div":27305729,"totals":{"load_avg":1.29150390625,"cpu_usage":100,"mem_used":7376842752,"mem_free":6689869824,"tcp_conns":100,"disk_usage_root":6.12,"disk_read_sec":867054,"disk_write_sec":83012,"disk_iops_sec":17,"io_wait":0,"open_files":0,"os_bytes_in_sec":554,"os_bytes_out_sec":679,"total_procs":408},"count":1},{"date":1638343800,"epoch_div":27305730,"totals":{"load_avg":0.953125,"cpu_usage":100,"mem_used":7450284032,"mem_free":6688841728,"tcp_conns":99,"disk_usage_root":6.12,"disk_read_sec":1331473,"disk_write_sec":514321,"disk_iops_sec":49,"io_wait":0,"open_files":0,"os_bytes_in_sec":475,"os_bytes_out_sec":1406,"total_procs":406},"count":1},{"date":1638343860,"epoch_div":27305731,"totals":{"load_avg":2.2841796875,"cpu_usage":100,"mem_used":7544496128,"mem_free":6677286912,"tcp_conns":101,"disk_usage_root":6.12,"disk_read_sec":1301435,"disk_write_sec":125474,"disk_iops_sec":25,"io_wait":0,"open_files":0,"os_bytes_in_sec":6687,"os_bytes_out_sec":1497,"total_procs":408},"count":1}]}