{"type":"list_page","items":[{"date":1637202420,"epoch_div":27286707,"totals":{"load_avg":2.49853515625,"cpu_usage":100,"mem_used":8563118080,"mem_free":6304002048,"tcp_conns":50,"disk_usage_root":6.12,"disk_read_sec":49992,"disk_write_sec":41271,"disk_iops_sec":1,"io_wait":0,"open_files":0,"os_bytes_in_sec":149,"os_bytes_out_sec":98,"total_procs":416},"count":1},{"date":1637202480,"epoch_div":27286708,"totals":{"load_avg":2.759765625,"cpu_usage":100,"mem_used":8569384960,"mem_free":6306971648,"tcp_conns":49,"disk_usage_root":6.12,"disk_read_sec":4332855,"disk_write_sec":3751936,"disk_iops_sec":126,"io_wait":0,"open_files":0,"os_bytes_in_sec":1404,"os_bytes_out_sec":6946,"total_procs":415},"count":1}]}