{"type":"list_page","items":[{"date":1639124460,"epoch_div":27318741,"totals":{"load_avg":2.798828125,"cpu_usage":100,"mem_used":8523096064,"mem_free":6233972736,"tcp_conns":109,"disk_usage_root":8.83,"disk_read_sec":4266,"disk_write_sec":2498,"disk_iops_sec":0,"io_wait":0,"open_files":0,"os_bytes_in_sec":242,"os_bytes_out_sec":41,"total_procs":487},"count":1},{"date":1639124520,"epoch_div":27318742,"totals":{"load_avg":2.46728515625,"cpu_usage":100,"mem_used":8541593600,"mem_free":6219898880,"tcp_conns":104,"disk_usage_root":8.83,"disk_read_sec":755388,"disk_write_sec":352256,"disk_iops_sec":65,"io_wait":0,"open_files":0,"os_bytes_in_sec":5493,"os_bytes_out_sec":9229,"total_procs":485},"count":1}]}